data_pedido,tipo_produto,mes_do_ano,mes_do_ano_num,canal,regiao_destino,cliente_segmento,quantidade_kg,preco_unitario_brl_kg,nps_0a10,id_pedido
2025-07-06,Polpa congelada,Julho,7,Distribuidor,Sudeste,Atacadista,602.98,7.18,7.0,Polpa congelada_Julho_0
2025-07-29,Polpa congelada,Julho,7,Distribuidor,Norte,Operador logístico,151.44,10.59,7.0,Polpa congelada_Julho_1
2025-07-14,Polpa congelada,Julho,7,Distribuidor,Sul,Distribuidor regional,496.67,13.44,9.0,Polpa congelada_Julho_2
2025-07-13,Polpa congelada,Julho,7,Distribuidor,Sudeste,Atacadista,996.45,8.8,9.0,Polpa congelada_Julho_3
2025-07-20,Polpa congelada,Julho,7,Industria,Sudeste,Indústria de bebidas,910.61,8.34,8.0,Polpa congelada_Julho_4
2025-07-12,Polpa congelada,Julho,7,Exportacao,Exterior,Importador (EUA),535.03,8.01,7.0,Polpa congelada_Julho_5
2025-07-09,Polpa congelada,Julho,7,Distribuidor,Sudeste,Distribuidor food service,552.51,9.36,9.0,Polpa congelada_Julho_6
2025-07-15,Polpa congelada,Julho,7,Exportacao,Exterior,Importador (LATAM),1125.63,13.32,8.0,Polpa congelada_Julho_7
2025-07-12,Polpa congelada,Julho,7,Food Service,Centro-Oeste,Restaurantes,101.67,11.11,8.0,Polpa congelada_Julho_8
2025-07-26,Polpa congelada,Julho,7,Distribuidor,Sul,Distribuidor regional,374.21,12.86,8.0,Polpa congelada_Julho_9
2025-07-20,Polpa congelada,Julho,7,Industria,Nordeste,Indústria de bebidas,974.03,10.1,9.0,Polpa congelada_Julho_10
2025-07-22,Polpa congelada,Julho,7,Exportacao,Exterior,Importador (MENA),494.82,10.51,7.0,Polpa congelada_Julho_11
2025-07-27,Polpa congelada,Julho,7,Varejo,Sudeste,Supermercados,655.73,15.31,7.0,Polpa congelada_Julho_12
2025-07-16,Polpa congelada,Julho,7,Food Service,Nordeste,Cafeterias,707.78,10.13,7.0,Polpa congelada_Julho_13
2025-07-13,Polpa congelada,Julho,7,Food Service,Nordeste,Restaurantes,484.97,10.12,6.0,Polpa congelada_Julho_14
2025-07-26,Polpa congelada,Julho,7,Distribuidor,Norte,Central de compras,814.85,10.1,8.0,Polpa congelada_Julho_15
2025-07-05,Polpa congelada,Julho,7,Exportacao,Exterior,Importador (LATAM),544.01,14.78,8.0,Polpa congelada_Julho_16
2025-07-04,Polpa congelada,Julho,7,Distribuidor,Sul,Operador logístico,984.39,10.98,9.0,Polpa congelada_Julho_17
2025-07-27,Polpa congelada,Julho,7,Distribuidor,Centro-Oeste,Distribuidor food service,966.21,12.94,7.0,Polpa congelada_Julho_18
2025-07-21,Polpa congelada,Julho,7,Food Service,Centro-Oeste,Restaurantes,182.37,8.52,5.0,Polpa congelada_Julho_19
2025-07-10,Polpa congelada,Julho,7,Distribuidor,Sul,,93.18,11.88,8.0,Polpa congelada_Julho_20
2025-07-16,Polpa congelada,Julho,7,Industria,Sudeste,Indústria de sorvetes,829.0,10.61,8.0,Polpa congelada_Julho_21
2025-07-07,Polpa congelada,Julho,7,Food Service,Nordeste,Cafeterias,194.01,6.03,10.0,Polpa congelada_Julho_22
2025-07-03,Polpa congelada,Julho,7,Food Service,Sudeste,Açaíterias,305.98,8.04,9.0,Polpa congelada_Julho_23
2025-07-17,Polpa congelada,Julho,7,Industria,Sudeste,Indústria de alimentos,611.6,8.16,9.0,Polpa congelada_Julho_24
2025-07-03,Polpa congelada,Julho,7,Food Service,Centro-Oeste,Cafeterias,644.93,10.06,8.0,Polpa congelada_Julho_25
2025-07-19,Polpa congelada,Julho,7,Food Service,Sudeste,Açaíterias,530.47,8.46,9.0,Polpa congelada_Julho_26
2025-07-07,Polpa congelada,Julho,7,Distribuidor,Sudeste,Distribuidor food service,483.74,8.48,8.0,Polpa congelada_Julho_27
2025-07-30,Polpa congelada,Julho,7,Varejo,Centro-Oeste,Empórios,197.7,12.65,8.0,Polpa congelada_Julho_28
2025-07-09,Polpa congelada,Julho,7,Industria,Sul,Indústria de bebidas,579.28,7.92,8.0,Polpa congelada_Julho_29
2025-07-25,Polpa congelada,Julho,7,Food Service,Centro-Oeste,Restaurantes,362.52,6.39,8.0,Polpa congelada_Julho_30
2025-07-04,Polpa congelada,Julho,7,Industria,Nordeste,Indústria de laticínios,216.03,7.76,8.0,Polpa congelada_Julho_31
2025-07-25,Polpa congelada,Julho,7,Distribuidor,Norte,Atacadista,217.67,7.82,9.0,Polpa congelada_Julho_32
2025-07-06,Polpa congelada,Julho,7,Food Service,Nordeste,Restaurantes,873.68,7.77,8.0,Polpa congelada_Julho_33
2025-07-30,Polpa congelada,Julho,7,Industria,Centro-Oeste,Indústria de laticínios,1047.28,12.82,8.0,Polpa congelada_Julho_34
2025-07-08,Polpa congelada,Julho,7,Distribuidor,Nordeste,Distribuidor regional,215.17,12.1,7.0,Polpa congelada_Julho_35
2025-07-10,Polpa congelada,Julho,7,Varejo,Sudeste,Empórios,666.85,13.42,8.0,Polpa congelada_Julho_36
2025-07-20,Polpa congelada,Julho,7,Food Service,Nordeste,Cafeterias,461.4,12.9,10.0,Polpa congelada_Julho_37
2025-07-11,Polpa congelada,Julho,7,Industria,Centro-Oeste,,1122.1,10.19,9.0,Polpa congelada_Julho_38
2025-07-10,Polpa congelada,Julho,7,Food Service,Norte,Cafeterias,460.11,7.41,10.0,Polpa congelada_Julho_39
2025-07-09,Polpa congelada,Julho,7,Food Service,Sudeste,Cafeterias,384.43,11.9,8.0,Polpa congelada_Julho_40
2025-07-29,Polpa congelada,Julho,7,Industria,Norte,Indústria de laticínios,860.22,8.38,10.0,Polpa congelada_Julho_41
2025-07-04,Polpa congelada,Julho,7,Industria,Sudeste,Indústria de ingredientes,274.98,9.11,9.0,Polpa congelada_Julho_42
2025-07-17,Polpa congelada,Julho,7,Distribuidor,Centro-Oeste,Atacadista,874.06,7.23,7.0,Polpa congelada_Julho_43
2025-07-23,Polpa congelada,Julho,7,Food Service,Norte,Cafeterias,865.41,13.12,8.0,Polpa congelada_Julho_44
2025-07-30,Polpa congelada,Julho,7,Distribuidor,Nordeste,Atacadista,1106.84,8.02,9.0,Polpa congelada_Julho_45
2025-07-31,Polpa congelada,Julho,7,Food Service,Nordeste,Restaurantes,707.84,8.5,8.0,Polpa congelada_Julho_46
2025-07-24,Polpa congelada,Julho,7,Exportacao,Exterior,Trading,578.16,13.82,8.0,Polpa congelada_Julho_47
2025-07-18,Polpa congelada,Julho,7,Industria,Centro-Oeste,Indústria de sorvetes,277.48,10.49,7.0,Polpa congelada_Julho_48
2025-07-01,Polpa congelada,Julho,7,Food Service,Sul,Hotéis,391.8,7.93,9.0,Polpa congelada_Julho_49
2025-07-22,Polpa congelada,Julho,7,Industria,Centro-Oeste,Indústria de ingredientes,885.92,11.81,8.0,Polpa congelada_Julho_50
2025-07-27,Polpa congelada,Julho,7,Industria,Sudeste,Indústria de bebidas,798.95,13.0,8.0,Polpa congelada_Julho_51
2025-07-26,Polpa congelada,Julho,7,Exportacao,Exterior,Importador (EUA),224.14,8.17,9.0,Polpa congelada_Julho_52
2025-07-08,Polpa congelada,Julho,7,Food Service,Sudeste,Restaurantes,202.72,9.7,10.0,Polpa congelada_Julho_53
2025-07-23,Polpa congelada,Julho,7,Food Service,Sul,Açaíterias,95.31,8.66,7.0,Polpa congelada_Julho_54
2025-07-30,Polpa congelada,Julho,7,Food Service,Norte,Confeitarias,575.53,11.86,7.0,Polpa congelada_Julho_55
2025-07-31,Polpa congelada,Julho,7,Industria,Sul,Indústria de bebidas,771.12,8.91,5.0,Polpa congelada_Julho_56
2025-07-03,Polpa congelada,Julho,7,Food Service,Centro-Oeste,Açaíterias,428.93,7.52,7.0,Polpa congelada_Julho_57
2025-07-25,Polpa congelada,Julho,7,Industria,Norte,Indústria de ingredientes,378.25,12.83,10.0,Polpa congelada_Julho_58
2025-07-11,Polpa congelada,Julho,7,Exportacao,Exterior,Importador (UE),263.35,13.04,9.0,Polpa congelada_Julho_59
2025-07-01,Polpa congelada,Julho,7,Varejo,Sudeste,Supermercados,300.22,9.92,10.0,Polpa congelada_Julho_60
2025-07-15,Polpa congelada,Julho,7,Industria,Sudeste,Indústria de bebidas,654.95,7.21,8.0,Polpa congelada_Julho_61
2025-07-05,Polpa congelada,Julho,7,Food Service,Sudeste,Açaíterias,374.41,12.31,7.0,Polpa congelada_Julho_62
2025-07-25,Polpa congelada,Julho,7,Food Service,Sudeste,Açaíterias,371.52,8.32,9.0,Polpa congelada_Julho_63
2025-07-05,Polpa congelada,Julho,7,Distribuidor,Nordeste,Operador logístico,639.02,12.55,8.0,Polpa congelada_Julho_64
2025-07-22,Polpa congelada,Julho,7,Exportacao,Exterior,Importador (EUA),630.25,14.37,10.0,Polpa congelada_Julho_65
2025-07-27,Polpa congelada,Julho,7,Industria,Nordeste,Indústria de alimentos,358.9,10.18,9.0,Polpa congelada_Julho_66
2025-07-27,Polpa congelada,Julho,7,Industria,Sudeste,Indústria de bebidas,1129.88,9.33,8.0,Polpa congelada_Julho_67
2025-07-18,Polpa congelada,Julho,7,Industria,Sudeste,Indústria de laticínios,1001.37,7.12,,Polpa congelada_Julho_68
2025-07-17,Polpa congelada,Julho,7,Food Service,Nordeste,Confeitarias,569.07,7.83,9.0,Polpa congelada_Julho_69
2025-07-10,Polpa congelada,Julho,7,Distribuidor,Sudeste,Distribuidor food service,971.86,8.6,8.0,Polpa congelada_Julho_70
2025-07-13,Polpa congelada,Julho,7,Food Service,Sudeste,,359.42,12.53,7.0,Polpa congelada_Julho_71
2025-07-11,Polpa congelada,Julho,7,Industria,Sudeste,Indústria de ingredientes,941.92,7.64,7.0,Polpa congelada_Julho_72
2025-07-13,Polpa congelada,Julho,7,Food Service,Sudeste,Confeitarias,832.69,13.07,9.0,Polpa congelada_Julho_73
2025-07-25,Polpa congelada,Julho,7,Industria,Sul,Indústria de bebidas,267.37,9.68,8.0,Polpa congelada_Julho_74
2025-07-25,Polpa congelada,Julho,7,Distribuidor,Centro-Oeste,Distribuidor food service,494.01,7.51,8.0,Polpa congelada_Julho_75
2025-07-17,Polpa congelada,Julho,7,Industria,Nordeste,Indústria de sorvetes,704.56,10.53,8.0,Polpa congelada_Julho_76
2025-07-20,Polpa congelada,Julho,7,Industria,Norte,Indústria de sorvetes,179.26,6.8,10.0,Polpa congelada_Julho_77
2025-07-12,Polpa congelada,Julho,7,Industria,Nordeste,Indústria de bebidas,350.26,6.05,6.0,Polpa congelada_Julho_78
2025-07-15,Polpa congelada,Julho,7,Industria,Sudeste,Indústria de alimentos,413.46,10.23,6.0,Polpa congelada_Julho_79
2025-07-25,Polpa congelada,Julho,7,Food Service,Nordeste,Açaíterias,319.66,11.61,10.0,Polpa congelada_Julho_80
2025-07-15,Polpa congelada,Julho,7,Industria,Sudeste,Indústria de alimentos,677.97,13.06,8.0,Polpa congelada_Julho_81
2025-07-03,Polpa congelada,Julho,7,Industria,Sudeste,Indústria de alimentos,930.12,13.45,8.0,Polpa congelada_Julho_82
2025-07-29,Polpa congelada,Julho,7,Distribuidor,Sudeste,Distribuidor food service,198.62,7.97,7.0,Polpa congelada_Julho_83
2025-07-01,Polpa congelada,Julho,7,Varejo,Nordeste,E-commerce,693.98,10.75,8.0,Polpa congelada_Julho_84
2025-07-18,Polpa congelada,Julho,7,Distribuidor,Nordeste,Atacadista,402.11,9.8,9.0,Polpa congelada_Julho_85
2025-07-18,Polpa congelada,Julho,7,Food Service,Nordeste,Restaurantes,804.76,7.17,8.0,Polpa congelada_Julho_86
2025-07-12,Polpa congelada,Julho,7,Varejo,Norte,Supermercados,294.33,10.78,10.0,Polpa congelada_Julho_87
2025-07-16,Polpa congelada,Julho,7,Food Service,Sul,Confeitarias,213.89,13.62,8.0,Polpa congelada_Julho_88
2025-07-01,Polpa congelada,Julho,7,Food Service,Centro-Oeste,Hotéis,526.56,7.18,7.0,Polpa congelada_Julho_89
2025-07-16,Polpa congelada,Julho,7,Food Service,Norte,Restaurantes,586.69,7.63,9.0,Polpa congelada_Julho_90
2025-07-30,Polpa congelada,Julho,7,Industria,Sudeste,Indústria de laticínios,358.82,12.09,8.0,Polpa congelada_Julho_91
2025-07-02,Polpa congelada,Julho,7,Food Service,Sudeste,,504.32,12.84,8.0,Polpa congelada_Julho_92
2025-07-06,Polpa congelada,Julho,7,Industria,Nordeste,Indústria de sorvetes,655.33,9.4,7.0,Polpa congelada_Julho_93
2025-07-16,Polpa congelada,Julho,7,Industria,Nordeste,Indústria de alimentos,1033.21,10.56,8.0,Polpa congelada_Julho_94
2025-07-20,Polpa congelada,Julho,7,Exportacao,Exterior,Trading,677.7,12.22,8.0,Polpa congelada_Julho_95
2025-07-24,Polpa congelada,Julho,7,Exportacao,Exterior,Importador (MENA),209.09,9.95,9.0,Polpa congelada_Julho_96
2025-07-05,Polpa congelada,Julho,7,Food Service,Sul,Açaíterias,459.82,7.11,9.0,Polpa congelada_Julho_97
2025-07-02,Polpa congelada,Julho,7,Varejo,Nordeste,Atacarejo,544.4,8.31,8.0,Polpa congelada_Julho_98
2025-07-14,Polpa congelada,Julho,7,Distribuidor,Sul,Operador logístico,915.16,7.73,9.0,Polpa congelada_Julho_99
2025-07-13,Polpa congelada,Julho,7,Industria,Nordeste,Indústria de sorvetes,608.36,9.12,8.0,Polpa congelada_Julho_100
2025-07-01,Polpa congelada,Julho,7,Distribuidor,Centro-Oeste,Operador logístico,1178.86,9.91,9.0,Polpa congelada_Julho_101
2025-07-15,Polpa congelada,Julho,7,Industria,Nordeste,Indústria de alimentos,361.31,10.48,8.0,Polpa congelada_Julho_102
2025-07-13,Polpa congelada,Julho,7,Industria,Norte,Indústria de bebidas,926.61,8.47,9.0,Polpa congelada_Julho_103
2025-07-06,Polpa congelada,Julho,7,Food Service,Sul,Açaíterias,482.97,13.77,8.0,Polpa congelada_Julho_104
2025-07-26,Polpa congelada,Julho,7,Food Service,Sul,Hotéis,733.91,8.5,8.0,Polpa congelada_Julho_105
2025-07-18,Polpa congelada,Julho,7,Varejo,Sul,E-commerce,379.9,6.67,8.0,Polpa congelada_Julho_106
2025-07-23,Polpa congelada,Julho,7,Food Service,Sudeste,Hotéis,552.63,8.86,7.0,Polpa congelada_Julho_107
2025-07-09,Polpa congelada,Julho,7,Industria,Norte,Indústria de alimentos,626.93,10.22,8.0,Polpa congelada_Julho_108
2025-07-07,Polpa congelada,Julho,7,Food Service,Sul,Açaíterias,686.33,7.85,9.0,Polpa congelada_Julho_109
2025-07-05,Polpa congelada,Julho,7,Food Service,Sudeste,Confeitarias,407.64,6.99,9.0,Polpa congelada_Julho_110
2025-07-21,Polpa congelada,Julho,7,Industria,Sul,Indústria de sorvetes,848.43,8.71,8.0,Polpa congelada_Julho_111
2025-07-02,Polpa congelada,Julho,7,Industria,Sudeste,Indústria de sorvetes,647.84,11.87,8.0,Polpa congelada_Julho_112
2025-07-16,Polpa congelada,Julho,7,Industria,Sudeste,Indústria de alimentos,127.32,11.44,8.0,Polpa congelada_Julho_113
2025-07-30,Polpa congelada,Julho,7,Industria,Sudeste,Indústria de alimentos,573.57,8.13,8.0,Polpa congelada_Julho_114
2025-07-02,Polpa congelada,Julho,7,Distribuidor,Sul,Operador logístico,640.6,13.17,8.0,Polpa congelada_Julho_115
2025-07-09,Polpa congelada,Julho,7,Food Service,Sudeste,Restaurantes,693.14,11.36,6.0,Polpa congelada_Julho_116
2025-07-11,Polpa congelada,Julho,7,Varejo,Sudeste,Supermercados,365.45,11.19,6.0,Polpa congelada_Julho_117
2025-07-15,Polpa congelada,Julho,7,Industria,Sul,Indústria de bebidas,420.14,7.36,9.0,Polpa congelada_Julho_118
2025-07-09,Polpa congelada,Julho,7,Food Service,Nordeste,Confeitarias,233.91,7.29,10.0,Polpa congelada_Julho_119
2025-07-10,Polpa congelada,Julho,7,Food Service,Sudeste,Cafeterias,549.16,8.47,8.0,Polpa congelada_Julho_120
2025-07-08,Polpa congelada,Julho,7,Varejo,Sul,Supermercados,547.76,10.5,8.0,Polpa congelada_Julho_121
2025-07-09,Polpa congelada,Julho,7,Distribuidor,Sudeste,Distribuidor food service,527.3,12.71,7.0,Polpa congelada_Julho_122
2025-07-21,Polpa congelada,Julho,7,Industria,Sudeste,Indústria de bebidas,378.21,9.15,9.0,Polpa congelada_Julho_123
2025-07-14,Polpa congelada,Julho,7,Exportacao,Exterior,Importador (EUA),357.99,10.24,6.0,Polpa congelada_Julho_124
2025-07-18,Polpa congelada,Julho,7,Distribuidor,Sudeste,Distribuidor regional,278.69,13.14,9.0,Polpa congelada_Julho_125
2025-07-31,Polpa congelada,Julho,7,Industria,Nordeste,Indústria de alimentos,820.18,7.08,,Polpa congelada_Julho_126
2025-07-08,Polpa congelada,Julho,7,Industria,Sudeste,Indústria de ingredientes,607.74,11.83,9.0,Polpa congelada_Julho_127
2025-07-07,Polpa congelada,Julho,7,Industria,Sudeste,Indústria de ingredientes,663.88,10.39,9.0,Polpa congelada_Julho_128
2025-07-01,Polpa congelada,Julho,7,Food Service,Nordeste,Açaíterias,693.11,6.3,9.0,Polpa congelada_Julho_129
2025-07-12,Polpa congelada,Julho,7,Distribuidor,Sudeste,Atacadista,237.51,12.75,,Polpa congelada_Julho_130
2025-07-22,Polpa congelada,Julho,7,Distribuidor,Sudeste,Operador logístico,591.99,12.04,8.0,Polpa congelada_Julho_131
2025-07-06,Polpa congelada,Julho,7,Food Service,Sudeste,Restaurantes,764.19,11.51,8.0,Polpa congelada_Julho_132
2025-07-13,Polpa congelada,Julho,7,Exportacao,Exterior,Importador (EUA),595.88,10.99,10.0,Polpa congelada_Julho_133
2025-07-28,Polpa congelada,Julho,7,Food Service,Norte,Confeitarias,391.41,8.17,9.0,Polpa congelada_Julho_134
2025-07-15,Polpa congelada,Julho,7,Industria,Nordeste,Indústria de bebidas,153.24,6.64,7.0,Polpa congelada_Julho_135
2025-07-13,Polpa congelada,Julho,7,Distribuidor,Sudeste,Distribuidor food service,707.24,6.5,8.0,Polpa congelada_Julho_136
2025-07-16,Polpa congelada,Julho,7,Varejo,Centro-Oeste,Atacarejo,659.22,12.18,10.0,Polpa congelada_Julho_137
2025-07-23,Polpa congelada,Julho,7,Industria,Nordeste,Indústria de ingredientes,131.72,9.23,8.0,Polpa congelada_Julho_138
2025-07-10,Polpa congelada,Julho,7,Distribuidor,Norte,Central de compras,324.24,13.48,7.0,Polpa congelada_Julho_139
2025-07-07,Polpa congelada,Julho,7,Food Service,Nordeste,Cafeterias,505.34,6.96,9.0,Polpa congelada_Julho_140
2025-07-16,Polpa congelada,Julho,7,Distribuidor,Centro-Oeste,Distribuidor food service,391.84,10.66,8.0,Polpa congelada_Julho_141
2025-07-31,Polpa congelada,Julho,7,Exportacao,Exterior,Importador (EUA),785.96,10.18,6.0,Polpa congelada_Julho_142
2025-07-25,Polpa congelada,Julho,7,Exportacao,Exterior,,639.65,11.84,6.0,Polpa congelada_Julho_143
2025-07-23,Polpa congelada,Julho,7,Varejo,Nordeste,E-commerce,385.77,9.88,9.0,Polpa congelada_Julho_144
2025-07-31,Polpa congelada,Julho,7,Exportacao,Exterior,Importador (LATAM),852.53,7.9,9.0,Polpa congelada_Julho_145
2025-07-30,Polpa congelada,Julho,7,Industria,Sul,Indústria de laticínios,745.62,9.77,9.0,Polpa congelada_Julho_146
2025-07-11,Polpa congelada,Julho,7,Distribuidor,Sudeste,,147.37,10.73,9.0,Polpa congelada_Julho_147
2025-07-16,Polpa congelada,Julho,7,Industria,Nordeste,Indústria de alimentos,476.42,12.28,7.0,Polpa congelada_Julho_148
2025-07-12,Polpa congelada,Julho,7,Varejo,Sudeste,E-commerce,655.74,12.81,9.0,Polpa congelada_Julho_149
2025-07-25,Polpa congelada,Julho,7,Food Service,Norte,Açaíterias,286.11,13.13,9.0,Polpa congelada_Julho_150
2025-07-22,Polpa congelada,Julho,7,Food Service,Norte,Confeitarias,458.3,7.69,10.0,Polpa congelada_Julho_151
2025-07-23,Polpa congelada,Julho,7,Industria,Nordeste,Indústria de alimentos,434.52,8.34,8.0,Polpa congelada_Julho_152
2025-07-31,Polpa congelada,Julho,7,Distribuidor,Sudeste,Operador logístico,827.15,12.11,8.0,Polpa congelada_Julho_153
2025-07-09,Polpa congelada,Julho,7,Industria,Norte,Indústria de bebidas,745.4,9.83,7.0,Polpa congelada_Julho_154
2025-07-25,Polpa congelada,Julho,7,Food Service,Sul,Hotéis,120.59,12.9,9.0,Polpa congelada_Julho_155
2025-07-10,Polpa congelada,Julho,7,Distribuidor,Sudeste,Distribuidor regional,936.38,7.61,7.0,Polpa congelada_Julho_156
2025-07-12,Polpa congelada,Julho,7,Industria,Centro-Oeste,Indústria de alimentos,964.61,11.06,7.0,Polpa congelada_Julho_157
2025-07-08,Polpa congelada,Julho,7,Industria,Sul,Indústria de alimentos,195.87,6.43,10.0,Polpa congelada_Julho_158
2025-07-07,Polpa congelada,Julho,7,Industria,Nordeste,Indústria de alimentos,623.18,10.57,6.0,Polpa congelada_Julho_159
2025-07-10,Polpa congelada,Julho,7,Distribuidor,Sudeste,Distribuidor regional,236.35,12.52,7.0,Polpa congelada_Julho_160
2025-07-28,Polpa congelada,Julho,7,Industria,Nordeste,Indústria de alimentos,321.33,6.12,7.0,Polpa congelada_Julho_161
2025-07-21,Polpa congelada,Julho,7,Food Service,Nordeste,Açaíterias,783.41,11.55,8.0,Polpa congelada_Julho_162
2025-07-12,Polpa congelada,Julho,7,Distribuidor,Nordeste,Distribuidor food service,940.34,13.78,8.0,Polpa congelada_Julho_163
2025-07-18,Polpa congelada,Julho,7,Industria,Centro-Oeste,Indústria de bebidas,173.34,8.12,8.0,Polpa congelada_Julho_164
2025-07-05,Polpa congelada,Julho,7,Industria,Centro-Oeste,Indústria de laticínios,718.68,10.35,9.0,Polpa congelada_Julho_165
2025-07-29,Polpa congelada,Julho,7,Food Service,Centro-Oeste,Restaurantes,405.2,8.27,8.0,Polpa congelada_Julho_166
2025-07-07,Polpa congelada,Julho,7,Distribuidor,Sudeste,Distribuidor regional,280.72,9.57,7.0,Polpa congelada_Julho_167
2025-07-04,Polpa congelada,Julho,7,Distribuidor,Nordeste,Atacadista,352.73,9.32,7.0,Polpa congelada_Julho_168
2025-07-20,Polpa congelada,Julho,7,Distribuidor,Nordeste,Distribuidor food service,928.56,13.12,9.0,Polpa congelada_Julho_169
2025-07-22,Polpa congelada,Julho,7,Exportacao,Exterior,Importador (MENA),625.47,13.55,9.0,Polpa congelada_Julho_170
2025-07-05,Polpa congelada,Julho,7,Distribuidor,Centro-Oeste,Distribuidor regional,130.81,10.4,6.0,Polpa congelada_Julho_171
2025-07-06,Polpa congelada,Julho,7,Industria,Sudeste,Indústria de sorvetes,470.64,12.58,5.0,Polpa congelada_Julho_172
2025-07-08,Polpa congelada,Julho,7,Industria,Nordeste,Indústria de laticínios,814.76,10.96,9.0,Polpa congelada_Julho_173
2025-07-09,Polpa congelada,Julho,7,Varejo,Sudeste,E-commerce,503.5,11.59,9.0,Polpa congelada_Julho_174
2025-07-20,Polpa congelada,Julho,7,Distribuidor,Sul,Operador logístico,440.5,6.34,9.0,Polpa congelada_Julho_175
2025-07-30,Polpa congelada,Julho,7,Food Service,Sudeste,Restaurantes,847.7,9.74,10.0,Polpa congelada_Julho_176
2025-07-27,Polpa congelada,Julho,7,Exportacao,Exterior,Trading,487.8,14.56,,Polpa congelada_Julho_177
2025-07-12,Polpa congelada,Julho,7,Industria,Centro-Oeste,Indústria de alimentos,662.16,11.96,8.0,Polpa congelada_Julho_178
2025-07-16,Polpa congelada,Julho,7,Distribuidor,Centro-Oeste,Central de compras,658.68,11.9,8.0,Polpa congelada_Julho_179
2025-07-29,Polpa congelada,Julho,7,Varejo,Nordeste,Empórios,566.18,14.63,7.0,Polpa congelada_Julho_180
2025-07-23,Polpa congelada,Julho,7,Industria,Nordeste,Indústria de laticínios,245.27,11.95,9.0,Polpa congelada_Julho_181
2025-07-03,Polpa congelada,Julho,7,Industria,Sudeste,Indústria de ingredientes,220.74,10.43,7.0,Polpa congelada_Julho_182
2025-07-08,Polpa congelada,Julho,7,Varejo,Nordeste,E-commerce,626.83,11.32,7.0,Polpa congelada_Julho_183
2025-07-26,Polpa congelada,Julho,7,Industria,Sudeste,Indústria de sorvetes,1093.59,12.23,6.0,Polpa congelada_Julho_184
2025-07-11,Polpa congelada,Julho,7,Food Service,Nordeste,Açaíterias,684.62,12.41,9.0,Polpa congelada_Julho_185
2025-07-15,Polpa congelada,Julho,7,Food Service,Sudeste,Confeitarias,523.84,6.47,10.0,Polpa congelada_Julho_186
2025-07-12,Polpa congelada,Julho,7,Distribuidor,Sudeste,Atacadista,744.55,12.7,8.0,Polpa congelada_Julho_187
2025-07-31,Polpa congelada,Julho,7,Food Service,Sudeste,Açaíterias,574.39,8.74,8.0,Polpa congelada_Julho_188
2025-07-08,Polpa congelada,Julho,7,Varejo,Sul,E-commerce,743.75,11.08,7.0,Polpa congelada_Julho_189
2025-07-18,Polpa congelada,Julho,7,Industria,Nordeste,Indústria de laticínios,1026.42,10.05,10.0,Polpa congelada_Julho_190
2025-07-03,Polpa congelada,Julho,7,Food Service,Sul,Hotéis,762.21,7.17,,Polpa congelada_Julho_191
2025-07-19,Polpa congelada,Julho,7,Industria,Nordeste,Indústria de bebidas,540.77,8.4,8.0,Polpa congelada_Julho_192
2025-07-28,Polpa congelada,Julho,7,Distribuidor,Nordeste,Atacadista,849.48,8.58,8.0,Polpa congelada_Julho_193
2025-07-07,Polpa congelada,Julho,7,Industria,Sudeste,Indústria de alimentos,130.04,7.71,10.0,Polpa congelada_Julho_194
2025-07-28,Polpa congelada,Julho,7,Distribuidor,Nordeste,Atacadista,1053.02,6.27,8.0,Polpa congelada_Julho_195
2025-07-18,Polpa congelada,Julho,7,Food Service,Sul,Hotéis,423.49,8.57,9.0,Polpa congelada_Julho_196
2025-07-31,Polpa congelada,Julho,7,Food Service,Nordeste,Açaíterias,207.68,6.75,9.0,Polpa congelada_Julho_197
2025-07-25,Polpa congelada,Julho,7,Industria,Sul,Indústria de alimentos,659.58,8.72,9.0,Polpa congelada_Julho_198
2025-07-01,Polpa congelada,Julho,7,Industria,Nordeste,Indústria de sorvetes,749.47,12.39,7.0,Polpa congelada_Julho_199
2025-07-12,Polpa congelada,Julho,7,Distribuidor,Norte,Atacadista,774.79,10.6,7.0,Polpa congelada_Julho_200
2025-07-22,Polpa congelada,Julho,7,Exportacao,Exterior,Importador (LATAM),313.7,11.23,10.0,Polpa congelada_Julho_201
2025-07-29,Polpa congelada,Julho,7,Varejo,Nordeste,Empórios,552.96,10.23,7.0,Polpa congelada_Julho_202
2025-07-18,Polpa congelada,Julho,7,Exportacao,Exterior,Trading,681.65,13.51,8.0,Polpa congelada_Julho_203
2025-07-09,Polpa congelada,Julho,7,Distribuidor,Sudeste,Distribuidor regional,883.15,10.19,9.0,Polpa congelada_Julho_204
2025-07-30,Polpa congelada,Julho,7,Distribuidor,Sudeste,Distribuidor food service,384.3,8.38,10.0,Polpa congelada_Julho_205
2025-07-05,Polpa congelada,Julho,7,Industria,Sudeste,Indústria de bebidas,957.96,10.67,9.0,Polpa congelada_Julho_206
2025-07-31,Polpa congelada,Julho,7,Industria,Norte,Indústria de sorvetes,468.66,6.52,9.0,Polpa congelada_Julho_207
2025-07-03,Polpa congelada,Julho,7,Industria,Nordeste,Indústria de laticínios,540.38,6.95,8.0,Polpa congelada_Julho_208
2025-07-15,Polpa congelada,Julho,7,Distribuidor,Centro-Oeste,Distribuidor food service,929.58,13.07,8.0,Polpa congelada_Julho_209
2025-07-30,Polpa congelada,Julho,7,Distribuidor,Nordeste,Distribuidor regional,301.81,8.75,8.0,Polpa congelada_Julho_210
2025-07-21,Polpa congelada,Julho,7,Food Service,Sudeste,Confeitarias,518.61,6.35,9.0,Polpa congelada_Julho_211
2025-07-03,Polpa congelada,Julho,7,Food Service,Sudeste,Restaurantes,810.12,10.14,7.0,Polpa congelada_Julho_212
2025-07-11,Polpa congelada,Julho,7,Food Service,Centro-Oeste,Cafeterias,202.48,12.27,8.0,Polpa congelada_Julho_213
2025-07-08,Polpa congelada,Julho,7,Food Service,Nordeste,Restaurantes,163.94,6.72,9.0,Polpa congelada_Julho_214
2025-07-10,Polpa congelada,Julho,7,Industria,Sudeste,Indústria de sorvetes,400.41,12.65,10.0,Polpa congelada_Julho_215
2025-07-19,Polpa congelada,Julho,7,Distribuidor,Norte,Atacadista,184.42,6.12,9.0,Polpa congelada_Julho_216
2025-07-25,Polpa congelada,Julho,7,Exportacao,Exterior,Importador (EUA),296.22,14.25,8.0,Polpa congelada_Julho_217
2025-07-25,Polpa congelada,Julho,7,Industria,Nordeste,Indústria de ingredientes,251.15,10.38,7.0,Polpa congelada_Julho_218
2025-07-23,Polpa congelada,Julho,7,Distribuidor,Sudeste,Operador logístico,938.06,8.76,10.0,Polpa congelada_Julho_219
2025-07-28,Polpa congelada,Julho,7,Food Service,Norte,Hotéis,723.17,9.45,7.0,Polpa congelada_Julho_220
2025-07-12,Polpa congelada,Julho,7,Food Service,Centro-Oeste,Restaurantes,808.94,12.35,8.0,Polpa congelada_Julho_221
2025-07-21,Polpa congelada,Julho,7,Industria,Sul,Indústria de ingredientes,555.93,10.02,9.0,Polpa congelada_Julho_222
2025-07-30,Polpa congelada,Julho,7,Industria,Nordeste,Indústria de alimentos,438.31,9.66,8.0,Polpa congelada_Julho_223
2025-07-29,Polpa congelada,Julho,7,Varejo,Norte,Empórios,481.6,8.23,9.0,Polpa congelada_Julho_224
2025-07-26,Polpa congelada,Julho,7,Industria,Centro-Oeste,Indústria de bebidas,660.23,13.36,9.0,Polpa congelada_Julho_225
2025-07-13,Polpa congelada,Julho,7,Industria,Norte,Indústria de bebidas,436.29,10.73,7.0,Polpa congelada_Julho_226
2025-07-22,Polpa congelada,Julho,7,Food Service,Norte,Restaurantes,169.69,13.34,10.0,Polpa congelada_Julho_227
2025-07-03,Polpa congelada,Julho,7,Industria,Centro-Oeste,Indústria de alimentos,250.5,11.88,8.0,Polpa congelada_Julho_228
2025-07-08,Polpa congelada,Julho,7,Industria,Sudeste,Indústria de alimentos,1048.64,9.99,7.0,Polpa congelada_Julho_229
2025-07-20,Polpa congelada,Julho,7,Food Service,Norte,Açaíterias,294.29,13.3,9.0,Polpa congelada_Julho_230
2025-07-20,Polpa congelada,Julho,7,Food Service,Sul,Restaurantes,289.01,7.06,6.0,Polpa congelada_Julho_231
2025-07-08,Polpa congelada,Julho,7,Food Service,Sudeste,Hotéis,839.17,11.37,10.0,Polpa congelada_Julho_232
2025-07-25,Polpa congelada,Julho,7,Exportacao,Exterior,Importador (EUA),882.43,14.1,6.0,Polpa congelada_Julho_233
2025-07-18,Polpa congelada,Julho,7,Industria,Sul,Indústria de laticínios,238.9,13.16,9.0,Polpa congelada_Julho_234
2025-07-30,Polpa congelada,Julho,7,Food Service,Sudeste,Cafeterias,400.5,8.64,8.0,Polpa congelada_Julho_235
2025-07-01,Polpa congelada,Julho,7,Distribuidor,Sudeste,Distribuidor food service,168.94,9.44,8.0,Polpa congelada_Julho_236
2025-07-04,Polpa congelada,Julho,7,Varejo,Sul,Atacarejo,695.64,7.25,7.0,Polpa congelada_Julho_237
2025-07-29,Polpa congelada,Julho,7,Food Service,Sudeste,Restaurantes,603.6,12.3,7.0,Polpa congelada_Julho_238
2025-07-31,Polpa congelada,Julho,7,Distribuidor,Nordeste,Operador logístico,402.01,7.43,7.0,Polpa congelada_Julho_239
2025-07-10,Polpa congelada,Julho,7,Food Service,Sul,Cafeterias,668.6,10.85,8.0,Polpa congelada_Julho_240
2025-07-14,Polpa congelada,Julho,7,Distribuidor,Sul,Central de compras,675.73,11.75,7.0,Polpa congelada_Julho_241
2025-07-29,Polpa congelada,Julho,7,Food Service,Norte,Restaurantes,289.61,12.51,,Polpa congelada_Julho_242
2025-07-20,Polpa congelada,Julho,7,Industria,Sudeste,Indústria de sorvetes,349.13,12.05,6.0,Polpa congelada_Julho_243
2025-07-21,Polpa congelada,Julho,7,Exportacao,Exterior,Trading,186.59,14.65,6.0,Polpa congelada_Julho_244
2025-07-12,Polpa congelada,Julho,7,Exportacao,Exterior,Importador (LATAM),136.61,8.57,7.0,Polpa congelada_Julho_245
2025-07-05,Polpa congelada,Julho,7,Industria,Sul,Indústria de laticínios,916.42,12.86,9.0,Polpa congelada_Julho_246
2025-07-16,Polpa congelada,Julho,7,Food Service,Sudeste,Açaíterias,421.25,9.4,8.0,Polpa congelada_Julho_247
2025-07-18,Polpa congelada,Julho,7,Distribuidor,Centro-Oeste,Operador logístico,425.88,12.0,7.0,Polpa congelada_Julho_248
2025-07-16,Polpa congelada,Julho,7,Industria,Sudeste,Indústria de bebidas,1123.22,6.54,6.0,Polpa congelada_Julho_249
2025-07-01,Polpa congelada,Julho,7,Distribuidor,Centro-Oeste,Distribuidor regional,416.87,8.8,8.0,Polpa congelada_Julho_250
2025-07-14,Polpa congelada,Julho,7,Food Service,Sudeste,Confeitarias,579.17,11.99,9.0,Polpa congelada_Julho_251
2025-07-03,Polpa congelada,Julho,7,Exportacao,Exterior,Trading,882.04,10.07,9.0,Polpa congelada_Julho_252
2025-07-15,Polpa congelada,Julho,7,Industria,Norte,Indústria de bebidas,1052.51,12.94,8.0,Polpa congelada_Julho_253
2025-07-28,Polpa congelada,Julho,7,Industria,Sul,Indústria de ingredientes,647.83,11.19,9.0,Polpa congelada_Julho_254
2025-07-07,Polpa congelada,Julho,7,Exportacao,Exterior,Importador (MENA),180.06,10.52,9.0,Polpa congelada_Julho_255
2025-07-11,Polpa congelada,Julho,7,Industria,Sul,Indústria de alimentos,430.79,8.92,7.0,Polpa congelada_Julho_256
2025-07-14,Polpa congelada,Julho,7,Food Service,Sudeste,Cafeterias,348.72,7.73,8.0,Polpa congelada_Julho_257
2025-07-05,Polpa congelada,Julho,7,Food Service,Nordeste,,916.38,10.1,6.0,Polpa congelada_Julho_258
2025-07-05,Polpa congelada,Julho,7,Exportacao,Exterior,Importador (EUA),476.45,12.33,9.0,Polpa congelada_Julho_259
2025-07-06,Polpa congelada,Julho,7,Food Service,Nordeste,Confeitarias,789.95,11.45,9.0,Polpa congelada_Julho_260
2025-07-01,Polpa congelada,Julho,7,Industria,Nordeste,Indústria de ingredientes,663.19,11.6,8.0,Polpa congelada_Julho_261
2025-07-27,Polpa congelada,Julho,7,Industria,Sudeste,Indústria de sorvetes,222.75,11.05,8.0,Polpa congelada_Julho_262
2025-07-28,Polpa congelada,Julho,7,Industria,Norte,Indústria de laticínios,908.4,10.88,9.0,Polpa congelada_Julho_263
2025-07-23,Polpa congelada,Julho,7,Industria,Nordeste,Indústria de alimentos,967.94,12.37,8.0,Polpa congelada_Julho_264
2025-07-09,Polpa congelada,Julho,7,Industria,Norte,Indústria de ingredientes,680.1,6.16,10.0,Polpa congelada_Julho_265
2025-07-01,Polpa congelada,Julho,7,Industria,Centro-Oeste,Indústria de alimentos,1095.41,9.66,7.0,Polpa congelada_Julho_266
2025-07-04,Polpa congelada,Julho,7,Food Service,Sudeste,Açaíterias,596.28,11.53,10.0,Polpa congelada_Julho_267
2025-07-24,Polpa congelada,Julho,7,Distribuidor,Norte,Operador logístico,155.43,6.32,8.0,Polpa congelada_Julho_268
2025-07-21,Polpa congelada,Julho,7,Industria,Sudeste,Indústria de bebidas,667.84,7.69,9.0,Polpa congelada_Julho_269
2025-07-28,Polpa congelada,Julho,7,Industria,Nordeste,Indústria de alimentos,508.39,9.44,6.0,Polpa congelada_Julho_270
2025-07-26,Polpa congelada,Julho,7,Industria,Sudeste,Indústria de ingredientes,742.19,9.54,8.0,Polpa congelada_Julho_271
2025-07-22,Polpa congelada,Julho,7,Industria,Sul,Indústria de laticínios,159.16,7.03,8.0,Polpa congelada_Julho_272
2025-07-24,Polpa congelada,Julho,7,Food Service,Centro-Oeste,Confeitarias,356.28,9.99,7.0,Polpa congelada_Julho_273
2025-07-22,Polpa congelada,Julho,7,Industria,Nordeste,Indústria de sorvetes,337.59,7.92,10.0,Polpa congelada_Julho_274
2025-07-07,Polpa congelada,Julho,7,Varejo,Centro-Oeste,Loja natural,282.03,12.23,8.0,Polpa congelada_Julho_275
2025-07-14,Polpa congelada,Julho,7,Food Service,Sudeste,Restaurantes,630.06,7.58,8.0,Polpa congelada_Julho_276
2025-07-30,Polpa congelada,Julho,7,Food Service,Sul,Restaurantes,101.19,8.27,9.0,Polpa congelada_Julho_277
2025-07-16,Polpa congelada,Julho,7,Food Service,Centro-Oeste,Confeitarias,105.42,8.6,,Polpa congelada_Julho_278
2025-07-13,Polpa congelada,Julho,7,Food Service,Centro-Oeste,Hotéis,226.81,8.34,8.0,Polpa congelada_Julho_279
2025-07-19,Polpa congelada,Julho,7,Industria,Sudeste,Indústria de alimentos,930.49,11.45,7.0,Polpa congelada_Julho_280
2025-07-06,Polpa congelada,Julho,7,Industria,Sudeste,Indústria de ingredientes,673.38,6.98,8.0,Polpa congelada_Julho_281
2025-07-12,Polpa congelada,Julho,7,Industria,Nordeste,Indústria de alimentos,600.51,12.42,9.0,Polpa congelada_Julho_282
2025-07-21,Polpa congelada,Julho,7,Industria,Sudeste,Indústria de laticínios,522.38,6.13,8.0,Polpa congelada_Julho_283
2025-07-31,Polpa congelada,Julho,7,Industria,Sudeste,Indústria de laticínios,463.96,10.84,9.0,Polpa congelada_Julho_284
2025-07-24,Polpa congelada,Julho,7,Distribuidor,Nordeste,Operador logístico,431.89,8.72,10.0,Polpa congelada_Julho_285
2025-07-13,Polpa congelada,Julho,7,Industria,Sul,,665.73,12.02,9.0,Polpa congelada_Julho_286
2025-07-15,Polpa congelada,Julho,7,Food Service,Sul,Cafeterias,228.53,7.29,7.0,Polpa congelada_Julho_287
2025-07-03,Polpa congelada,Julho,7,Food Service,Sudeste,Confeitarias,260.27,7.74,,Polpa congelada_Julho_288
2025-07-29,Polpa congelada,Julho,7,Distribuidor,Sudeste,Distribuidor regional,470.24,7.4,8.0,Polpa congelada_Julho_289
2025-07-17,Polpa congelada,Julho,7,Industria,Nordeste,Indústria de laticínios,293.51,10.16,7.0,Polpa congelada_Julho_290
2025-07-22,Polpa congelada,Julho,7,Distribuidor,Centro-Oeste,Operador logístico,902.93,13.35,5.0,Polpa congelada_Julho_291
2025-07-12,Polpa congelada,Julho,7,Industria,Sul,Indústria de bebidas,945.78,7.04,8.0,Polpa congelada_Julho_292
2025-07-05,Polpa congelada,Julho,7,Industria,Norte,Indústria de sorvetes,182.49,6.27,9.0,Polpa congelada_Julho_293
2025-07-31,Polpa congelada,Julho,7,Distribuidor,Nordeste,Atacadista,831.45,8.59,8.0,Polpa congelada_Julho_294
2025-07-29,Polpa congelada,Julho,7,Food Service,Sul,Restaurantes,633.56,7.21,10.0,Polpa congelada_Julho_295
2025-07-28,Polpa congelada,Julho,7,Food Service,Sudeste,Cafeterias,318.62,11.29,10.0,Polpa congelada_Julho_296
2025-07-23,Polpa congelada,Julho,7,Food Service,Nordeste,Cafeterias,201.79,11.65,9.0,Polpa congelada_Julho_297
2025-07-01,Polpa congelada,Julho,7,Food Service,Sudeste,Cafeterias,846.78,10.66,7.0,Polpa congelada_Julho_298
2025-07-08,Polpa congelada,Julho,7,Industria,Norte,Indústria de alimentos,605.12,10.46,9.0,Polpa congelada_Julho_299
2025-07-03,Polpa congelada,Julho,7,Food Service,Nordeste,Cafeterias,271.46,6.23,8.0,Polpa congelada_Julho_300
2025-07-25,Polpa congelada,Julho,7,Industria,Nordeste,Indústria de sorvetes,676.19,9.02,8.0,Polpa congelada_Julho_301
2025-07-13,Polpa congelada,Julho,7,Industria,Sudeste,Indústria de bebidas,495.45,12.33,8.0,Polpa congelada_Julho_302
2025-07-18,Polpa congelada,Julho,7,Distribuidor,Centro-Oeste,Operador logístico,1007.23,10.02,9.0,Polpa congelada_Julho_303
2025-07-21,Polpa congelada,Julho,7,Industria,Nordeste,Indústria de ingredientes,992.59,6.31,8.0,Polpa congelada_Julho_304
2025-07-25,Polpa congelada,Julho,7,Industria,Sul,Indústria de laticínios,529.22,9.67,7.0,Polpa congelada_Julho_305
2025-07-09,Polpa congelada,Julho,7,Food Service,Sul,Açaíterias,627.26,11.57,,Polpa congelada_Julho_306
2025-07-21,Polpa congelada,Julho,7,Industria,Norte,Indústria de ingredientes,183.26,6.86,8.0,Polpa congelada_Julho_307
2025-07-31,Polpa congelada,Julho,7,Distribuidor,Sudeste,Atacadista,965.57,11.84,,Polpa congelada_Julho_308
2025-07-12,Polpa congelada,Julho,7,Industria,Sudeste,Indústria de sorvetes,464.54,13.28,7.0,Polpa congelada_Julho_309
2025-07-28,Polpa congelada,Julho,7,Industria,Sul,Indústria de sorvetes,350.56,9.28,8.0,Polpa congelada_Julho_310
2025-07-10,Polpa congelada,Julho,7,Industria,Nordeste,Indústria de bebidas,342.21,13.19,8.0,Polpa congelada_Julho_311
2025-07-15,Polpa congelada,Julho,7,Food Service,Sudeste,Cafeterias,151.47,8.55,8.0,Polpa congelada_Julho_312
2025-07-31,Polpa congelada,Julho,7,Distribuidor,Centro-Oeste,Central de compras,113.97,10.0,6.0,Polpa congelada_Julho_313
2025-07-13,Polpa congelada,Julho,7,Industria,Nordeste,Indústria de ingredientes,795.82,6.04,7.0,Polpa congelada_Julho_314
2025-07-11,Polpa congelada,Julho,7,Industria,Sudeste,Indústria de bebidas,499.39,12.92,9.0,Polpa congelada_Julho_315
2025-07-14,Polpa congelada,Julho,7,Distribuidor,Sudeste,Operador logístico,432.68,9.55,8.0,Polpa congelada_Julho_316
2025-07-09,Polpa congelada,Julho,7,Food Service,Sudeste,Hotéis,618.57,6.8,9.0,Polpa congelada_Julho_317
2025-07-24,Polpa congelada,Julho,7,Distribuidor,Norte,,341.64,13.28,5.0,Polpa congelada_Julho_318
2025-07-14,Polpa congelada,Julho,7,Distribuidor,Nordeste,Atacadista,485.7,10.09,9.0,Polpa congelada_Julho_319
2025-07-07,Polpa congelada,Julho,7,Industria,Nordeste,Indústria de laticínios,1001.32,12.4,8.0,Polpa congelada_Julho_320
2025-07-07,Polpa congelada,Julho,7,Varejo,Sudeste,Loja natural,461.77,8.95,8.0,Polpa congelada_Julho_321
2025-07-09,Polpa congelada,Julho,7,Varejo,Sudeste,Loja natural,122.96,8.27,9.0,Polpa congelada_Julho_322
2025-07-21,Polpa congelada,Julho,7,Varejo,Nordeste,Loja natural,494.5,12.8,9.0,Polpa congelada_Julho_323
2025-07-16,Polpa congelada,Julho,7,Food Service,Nordeste,Hotéis,179.85,11.67,8.0,Polpa congelada_Julho_324
2025-07-18,Polpa congelada,Julho,7,Varejo,Sul,Loja natural,720.44,13.47,9.0,Polpa congelada_Julho_325
2025-07-18,Polpa congelada,Julho,7,Industria,Centro-Oeste,Indústria de sorvetes,816.02,8.87,8.0,Polpa congelada_Julho_326
2025-07-27,Polpa congelada,Julho,7,Industria,Centro-Oeste,Indústria de ingredientes,322.19,10.18,8.0,Polpa congelada_Julho_327
2025-07-01,Polpa congelada,Julho,7,Food Service,Nordeste,Açaíterias,220.09,9.63,9.0,Polpa congelada_Julho_328
2025-07-10,Polpa congelada,Julho,7,Distribuidor,Sul,Operador logístico,770.08,6.09,7.0,Polpa congelada_Julho_329
2025-07-22,Polpa congelada,Julho,7,Food Service,Nordeste,Confeitarias,611.73,8.27,10.0,Polpa congelada_Julho_330
2025-07-25,Polpa congelada,Julho,7,Distribuidor,Sudeste,Central de compras,575.77,10.03,9.0,Polpa congelada_Julho_331
2025-07-22,Polpa congelada,Julho,7,Industria,Sudeste,Indústria de alimentos,728.44,11.11,10.0,Polpa congelada_Julho_332
2025-07-16,Polpa congelada,Julho,7,Food Service,Nordeste,Confeitarias,650.51,9.23,10.0,Polpa congelada_Julho_333
2025-07-08,Polpa congelada,Julho,7,Distribuidor,Centro-Oeste,Central de compras,311.75,9.42,8.0,Polpa congelada_Julho_334
2025-07-27,Polpa congelada,Julho,7,Distribuidor,Sul,Atacadista,455.51,12.04,9.0,Polpa congelada_Julho_335
2025-07-23,Polpa congelada,Julho,7,Industria,Centro-Oeste,Indústria de ingredientes,202.99,10.23,7.0,Polpa congelada_Julho_336
2025-07-26,Polpa congelada,Julho,7,Food Service,Sul,Confeitarias,721.81,7.98,9.0,Polpa congelada_Julho_337
2025-07-10,Polpa congelada,Julho,7,Industria,Nordeste,Indústria de alimentos,1129.84,12.96,7.0,Polpa congelada_Julho_338
2025-07-22,Polpa congelada,Julho,7,Distribuidor,Sudeste,Distribuidor food service,625.37,12.92,6.0,Polpa congelada_Julho_339
2025-07-02,Polpa congelada,Julho,7,Varejo,Sul,E-commerce,98.05,8.6,6.0,Polpa congelada_Julho_340
2025-07-24,Polpa congelada,Julho,7,Exportacao,Exterior,Importador (MENA),91.77,9.65,7.0,Polpa congelada_Julho_341
2025-07-15,Polpa congelada,Julho,7,Industria,Sudeste,Indústria de bebidas,262.93,8.35,7.0,Polpa congelada_Julho_342
2025-07-06,Polpa congelada,Julho,7,Food Service,Sudeste,Açaíterias,286.18,8.36,9.0,Polpa congelada_Julho_343
2025-07-29,Polpa congelada,Julho,7,Industria,Sul,Indústria de ingredientes,1013.31,11.85,9.0,Polpa congelada_Julho_344
2025-07-31,Polpa congelada,Julho,7,Varejo,Nordeste,Empórios,590.76,7.28,8.0,Polpa congelada_Julho_345
2025-07-28,Polpa congelada,Julho,7,Distribuidor,Nordeste,Distribuidor regional,647.96,9.73,8.0,Polpa congelada_Julho_346
2025-07-26,Polpa congelada,Julho,7,Food Service,Sudeste,Confeitarias,238.13,10.61,10.0,Polpa congelada_Julho_347
2025-07-22,Polpa congelada,Julho,7,Industria,Sudeste,Indústria de ingredientes,485.34,7.27,7.0,Polpa congelada_Julho_348
2025-07-25,Polpa congelada,Julho,7,Food Service,Sudeste,Açaíterias,542.2,7.51,6.0,Polpa congelada_Julho_349
2025-07-16,Polpa congelada,Julho,7,Food Service,Nordeste,Hotéis,129.07,13.21,8.0,Polpa congelada_Julho_350
2025-07-18,Polpa congelada,Julho,7,Distribuidor,Nordeste,Atacadista,736.28,11.76,8.0,Polpa congelada_Julho_351
2025-07-07,Polpa congelada,Julho,7,Food Service,Sudeste,,798.55,10.97,8.0,Polpa congelada_Julho_352
2025-07-29,Polpa congelada,Julho,7,Distribuidor,Nordeste,Distribuidor regional,575.74,8.1,7.0,Polpa congelada_Julho_353
2025-07-02,Polpa congelada,Julho,7,Varejo,Sul,E-commerce,325.31,11.1,7.0,Polpa congelada_Julho_354
2025-07-31,Polpa congelada,Julho,7,Industria,Sudeste,Indústria de ingredientes,1116.32,10.09,9.0,Polpa congelada_Julho_355
2025-07-03,Polpa congelada,Julho,7,Distribuidor,Sudeste,Operador logístico,837.69,8.72,7.0,Polpa congelada_Julho_356
2025-07-06,Polpa congelada,Julho,7,Exportacao,Exterior,Importador (UE),432.95,14.63,9.0,Polpa congelada_Julho_357
2025-07-20,Polpa congelada,Julho,7,Industria,Sul,Indústria de sorvetes,796.29,7.94,8.0,Polpa congelada_Julho_358
2025-07-26,Polpa congelada,Julho,7,Distribuidor,Sudeste,Operador logístico,648.84,7.25,8.0,Polpa congelada_Julho_359
2025-07-30,Polpa congelada,Julho,7,Distribuidor,Nordeste,Atacadista,628.95,8.89,7.0,Polpa congelada_Julho_360
2025-07-19,Polpa congelada,Julho,7,Exportacao,Exterior,,167.55,9.18,10.0,Polpa congelada_Julho_361
2025-07-13,Polpa congelada,Julho,7,Industria,Sudeste,Indústria de bebidas,713.82,6.22,8.0,Polpa congelada_Julho_362
2025-07-25,Polpa congelada,Julho,7,Industria,Sudeste,Indústria de ingredientes,656.66,6.42,8.0,Polpa congelada_Julho_363
2025-07-22,Polpa congelada,Julho,7,Food Service,Centro-Oeste,Confeitarias,854.13,9.4,8.0,Polpa congelada_Julho_364
2025-07-17,Polpa congelada,Julho,7,Varejo,Sudeste,E-commerce,139.16,7.63,8.0,Polpa congelada_Julho_365
2025-07-30,Polpa congelada,Julho,7,Distribuidor,Sudeste,Distribuidor regional,1022.62,9.81,9.0,Polpa congelada_Julho_366
2025-07-30,Polpa congelada,Julho,7,Distribuidor,Norte,Distribuidor food service,258.95,8.4,9.0,Polpa congelada_Julho_367
2025-07-28,Polpa congelada,Julho,7,Industria,Norte,Indústria de sorvetes,835.0,9.27,9.0,Polpa congelada_Julho_368
2025-07-28,Polpa congelada,Julho,7,Distribuidor,Sudeste,Operador logístico,1173.98,11.66,6.0,Polpa congelada_Julho_369
2025-07-16,Polpa congelada,Julho,7,Industria,Sul,Indústria de bebidas,492.96,12.29,8.0,Polpa congelada_Julho_370
2025-07-12,Polpa congelada,Julho,7,Industria,Nordeste,Indústria de ingredientes,1106.58,7.71,7.0,Polpa congelada_Julho_371
2025-07-02,Polpa congelada,Julho,7,Industria,Sul,Indústria de laticínios,650.08,8.57,7.0,Polpa congelada_Julho_372
2025-07-13,Polpa congelada,Julho,7,Distribuidor,Centro-Oeste,Distribuidor regional,471.12,9.73,10.0,Polpa congelada_Julho_373
2025-07-05,Polpa congelada,Julho,7,Food Service,Norte,Restaurantes,909.62,7.79,8.0,Polpa congelada_Julho_374
2025-07-22,Polpa congelada,Julho,7,Food Service,Sudeste,Restaurantes,773.41,13.38,9.0,Polpa congelada_Julho_375
2025-07-04,Polpa congelada,Julho,7,Food Service,Sudeste,Cafeterias,567.77,12.72,9.0,Polpa congelada_Julho_376
2025-07-04,Polpa congelada,Julho,7,Distribuidor,Sudeste,Central de compras,648.9,13.41,9.0,Polpa congelada_Julho_377
2025-07-29,Polpa congelada,Julho,7,Distribuidor,Centro-Oeste,Central de compras,97.85,13.7,9.0,Polpa congelada_Julho_378
2025-07-09,Polpa congelada,Julho,7,Industria,Sudeste,Indústria de bebidas,538.16,6.55,7.0,Polpa congelada_Julho_379
2025-07-16,Polpa congelada,Julho,7,Exportacao,Exterior,Trading,1018.74,7.43,10.0,Polpa congelada_Julho_380
2025-07-09,Polpa congelada,Julho,7,Distribuidor,Centro-Oeste,Distribuidor regional,126.61,9.22,8.0,Polpa congelada_Julho_381
2025-07-27,Polpa congelada,Julho,7,Food Service,Nordeste,Hotéis,482.37,9.93,7.0,Polpa congelada_Julho_382
2025-07-23,Polpa congelada,Julho,7,Industria,Centro-Oeste,Indústria de ingredientes,441.77,10.11,7.0,Polpa congelada_Julho_383
2025-07-12,Polpa congelada,Julho,7,Distribuidor,Nordeste,Central de compras,151.3,11.4,9.0,Polpa congelada_Julho_384
2025-07-23,Polpa congelada,Julho,7,Food Service,Centro-Oeste,Açaíterias,645.9,9.04,8.0,Polpa congelada_Julho_385
2025-07-16,Polpa congelada,Julho,7,Exportacao,Exterior,Importador (LATAM),540.86,8.55,,Polpa congelada_Julho_386
2025-07-01,Polpa congelada,Julho,7,Distribuidor,Nordeste,Distribuidor food service,224.44,10.3,9.0,Polpa congelada_Julho_387
2025-07-27,Polpa congelada,Julho,7,Industria,Sudeste,Indústria de ingredientes,949.08,9.49,6.0,Polpa congelada_Julho_388
2025-07-18,Polpa congelada,Julho,7,Food Service,Nordeste,Restaurantes,742.21,12.67,8.0,Polpa congelada_Julho_389
2025-07-01,Polpa congelada,Julho,7,Varejo,Nordeste,Empórios,855.66,11.78,9.0,Polpa congelada_Julho_390
2025-07-29,Polpa congelada,Julho,7,Food Service,Centro-Oeste,Confeitarias,729.49,9.06,9.0,Polpa congelada_Julho_391
2025-07-02,Polpa congelada,Julho,7,Varejo,Sudeste,Empórios,748.58,8.68,10.0,Polpa congelada_Julho_392
2025-07-27,Polpa congelada,Julho,7,Exportacao,Exterior,Importador (LATAM),560.82,10.86,8.0,Polpa congelada_Julho_393
2025-07-20,Polpa congelada,Julho,7,Industria,Norte,Indústria de bebidas,968.69,8.44,8.0,Polpa congelada_Julho_394
2025-07-03,Polpa congelada,Julho,7,Industria,Sul,Indústria de laticínios,1012.1,8.54,9.0,Polpa congelada_Julho_395
2025-07-22,Polpa congelada,Julho,7,Distribuidor,Sudeste,Atacadista,711.66,6.92,9.0,Polpa congelada_Julho_396
2025-07-25,Polpa congelada,Julho,7,Distribuidor,Sudeste,Distribuidor regional,722.33,13.22,8.0,Polpa congelada_Julho_397
2025-07-24,Polpa congelada,Julho,7,Varejo,Nordeste,Supermercados,557.34,7.55,8.0,Polpa congelada_Julho_398
2025-07-22,Polpa congelada,Julho,7,Distribuidor,Centro-Oeste,Central de compras,289.86,9.29,8.0,Polpa congelada_Julho_399
2025-07-04,Polpa congelada,Julho,7,Food Service,Sudeste,Hotéis,737.54,8.47,6.0,Polpa congelada_Julho_400
2025-07-04,Polpa congelada,Julho,7,Food Service,Sul,Cafeterias,795.23,13.61,8.0,Polpa congelada_Julho_401
2025-07-06,Polpa congelada,Julho,7,Industria,Nordeste,Indústria de ingredientes,392.51,8.36,8.0,Polpa congelada_Julho_402
2025-07-01,Polpa congelada,Julho,7,Distribuidor,Nordeste,Operador logístico,512.37,9.24,9.0,Polpa congelada_Julho_403
2025-07-26,Polpa congelada,Julho,7,Industria,Sudeste,Indústria de ingredientes,933.64,8.23,8.0,Polpa congelada_Julho_404
2025-07-15,Polpa congelada,Julho,7,Food Service,Sudeste,Açaíterias,822.97,7.7,9.0,Polpa congelada_Julho_405
2025-07-24,Polpa congelada,Julho,7,Industria,Centro-Oeste,Indústria de laticínios,1063.41,9.05,8.0,Polpa congelada_Julho_406
2025-07-21,Polpa congelada,Julho,7,Distribuidor,Sudeste,Central de compras,148.02,12.51,8.0,Polpa congelada_Julho_407
2025-07-07,Polpa congelada,Julho,7,Industria,Nordeste,Indústria de bebidas,319.01,7.0,10.0,Polpa congelada_Julho_408
2025-07-11,Polpa congelada,Julho,7,Distribuidor,Centro-Oeste,Distribuidor regional,1003.31,9.47,10.0,Polpa congelada_Julho_409
2025-07-02,Polpa congelada,Julho,7,Industria,Sudeste,Indústria de laticínios,355.99,11.95,8.0,Polpa congelada_Julho_410
2025-07-11,Polpa congelada,Julho,7,Exportacao,Exterior,Importador (MENA),311.18,8.44,10.0,Polpa congelada_Julho_411
2025-07-30,Polpa congelada,Julho,7,Food Service,Centro-Oeste,Hotéis,481.18,10.01,6.0,Polpa congelada_Julho_412
2025-07-05,Polpa congelada,Julho,7,Distribuidor,Sul,Distribuidor food service,850.33,9.45,8.0,Polpa congelada_Julho_413
2025-07-22,Polpa congelada,Julho,7,Distribuidor,Nordeste,Distribuidor regional,905.08,8.58,8.0,Polpa congelada_Julho_414
2025-07-29,Polpa congelada,Julho,7,Industria,Norte,Indústria de laticínios,1105.45,13.5,7.0,Polpa congelada_Julho_415
2025-07-26,Polpa congelada,Julho,7,Food Service,Centro-Oeste,Hotéis,455.39,8.84,8.0,Polpa congelada_Julho_416
2025-07-17,Polpa congelada,Julho,7,Exportacao,Exterior,Importador (LATAM),430.39,11.45,7.0,Polpa congelada_Julho_417
2025-07-29,Polpa congelada,Julho,7,Varejo,Sudeste,Empórios,561.33,13.07,8.0,Polpa congelada_Julho_418
2025-07-04,Polpa congelada,Julho,7,Industria,Sudeste,Indústria de ingredientes,596.94,10.05,8.0,Polpa congelada_Julho_419
2025-07-14,Polpa congelada,Julho,7,Food Service,Sudeste,Açaíterias,527.84,8.5,8.0,Polpa congelada_Julho_420
2025-07-19,Polpa congelada,Julho,7,Industria,Nordeste,Indústria de laticínios,767.51,12.35,6.0,Polpa congelada_Julho_421
2025-07-08,Polpa congelada,Julho,7,Industria,Sul,Indústria de laticínios,421.55,6.84,9.0,Polpa congelada_Julho_422
2025-07-13,Polpa congelada,Julho,7,Exportacao,Exterior,Importador (EUA),779.99,8.55,10.0,Polpa congelada_Julho_423
2025-07-24,Polpa congelada,Julho,7,Industria,Sudeste,Indústria de laticínios,488.12,9.57,8.0,Polpa congelada_Julho_424
2025-07-11,Polpa congelada,Julho,7,Food Service,Sul,Cafeterias,514.58,12.94,8.0,Polpa congelada_Julho_425
2025-07-17,Polpa congelada,Julho,7,Industria,Sudeste,Indústria de ingredientes,1066.76,12.3,9.0,Polpa congelada_Julho_426
2025-07-24,Polpa congelada,Julho,7,Exportacao,Exterior,Importador (LATAM),697.14,7.56,9.0,Polpa congelada_Julho_427
2025-07-01,Polpa congelada,Julho,7,Food Service,Centro-Oeste,Açaíterias,482.01,10.22,9.0,Polpa congelada_Julho_428
2025-07-19,Polpa congelada,Julho,7,Industria,Centro-Oeste,Indústria de alimentos,485.11,11.01,8.0,Polpa congelada_Julho_429
2025-07-25,Polpa congelada,Julho,7,Distribuidor,Sudeste,Operador logístico,267.14,8.66,10.0,Polpa congelada_Julho_430
2025-07-24,Polpa congelada,Julho,7,Industria,Sudeste,Indústria de ingredientes,358.5,10.77,9.0,Polpa congelada_Julho_431
2025-07-31,Polpa congelada,Julho,7,Food Service,Nordeste,Confeitarias,450.55,8.49,5.0,Polpa congelada_Julho_432
2025-07-01,Polpa congelada,Julho,7,Industria,Norte,Indústria de ingredientes,639.65,7.01,9.0,Polpa congelada_Julho_433
2025-07-18,Polpa congelada,Julho,7,Food Service,Sudeste,Hotéis,142.81,11.85,9.0,Polpa congelada_Julho_434
2025-07-02,Polpa congelada,Julho,7,Food Service,Sudeste,Cafeterias,340.35,10.46,7.0,Polpa congelada_Julho_435
2025-07-29,Polpa congelada,Julho,7,Exportacao,Exterior,Importador (EUA),778.37,14.44,9.0,Polpa congelada_Julho_436
2025-07-02,Polpa congelada,Julho,7,Distribuidor,Sudeste,Operador logístico,380.81,10.06,8.0,Polpa congelada_Julho_437
2025-07-20,Polpa congelada,Julho,7,Exportacao,Exterior,Importador (UE),884.28,14.67,8.0,Polpa congelada_Julho_438
2025-07-12,Polpa congelada,Julho,7,Distribuidor,Sul,Distribuidor regional,194.3,10.43,10.0,Polpa congelada_Julho_439
2025-07-28,Polpa congelada,Julho,7,Distribuidor,Sudeste,Operador logístico,635.59,11.55,9.0,Polpa congelada_Julho_440
2025-07-05,Polpa congelada,Julho,7,Food Service,Sudeste,Açaíterias,884.41,9.95,7.0,Polpa congelada_Julho_441
2025-07-21,Polpa congelada,Julho,7,Food Service,Sudeste,Confeitarias,558.49,12.45,8.0,Polpa congelada_Julho_442
2025-07-15,Polpa congelada,Julho,7,Food Service,Sul,Confeitarias,902.79,8.98,6.0,Polpa congelada_Julho_443
2025-07-22,Polpa congelada,Julho,7,Industria,Nordeste,Indústria de bebidas,579.23,7.7,8.0,Polpa congelada_Julho_444
2025-07-24,Polpa congelada,Julho,7,Varejo,Sudeste,Atacarejo,350.14,11.88,8.0,Polpa congelada_Julho_445
2025-07-21,Polpa congelada,Julho,7,Food Service,Norte,Hotéis,611.28,9.49,8.0,Polpa congelada_Julho_446
2025-07-08,Polpa congelada,Julho,7,Distribuidor,Nordeste,Distribuidor regional,432.49,10.8,9.0,Polpa congelada_Julho_447
2025-07-26,Polpa congelada,Julho,7,Food Service,Sudeste,Restaurantes,385.53,11.68,9.0,Polpa congelada_Julho_448
2025-07-23,Polpa congelada,Julho,7,Distribuidor,Sul,Distribuidor regional,1035.07,10.66,9.0,Polpa congelada_Julho_449
2025-07-05,Polpa congelada,Julho,7,Industria,Centro-Oeste,,666.88,10.02,9.0,Polpa congelada_Julho_450
2025-07-08,Polpa congelada,Julho,7,Distribuidor,Sudeste,Operador logístico,428.35,12.48,10.0,Polpa congelada_Julho_451
2025-07-29,Polpa congelada,Julho,7,Varejo,Sudeste,Loja natural,774.85,13.06,9.0,Polpa congelada_Julho_452
2025-07-01,Polpa congelada,Julho,7,Distribuidor,Sul,Central de compras,678.84,9.33,8.0,Polpa congelada_Julho_453
2025-07-14,Polpa congelada,Julho,7,Industria,Nordeste,Indústria de ingredientes,921.46,13.06,10.0,Polpa congelada_Julho_454
2025-07-18,Polpa congelada,Julho,7,Food Service,Sudeste,Açaíterias,437.65,7.64,7.0,Polpa congelada_Julho_455
2025-07-20,Polpa congelada,Julho,7,Industria,Sul,Indústria de ingredientes,379.44,9.84,9.0,Polpa congelada_Julho_456
2025-07-07,Polpa congelada,Julho,7,Distribuidor,Sudeste,Central de compras,148.31,10.69,7.0,Polpa congelada_Julho_457
2025-07-21,Polpa congelada,Julho,7,Industria,Sul,Indústria de laticínios,302.43,9.84,8.0,Polpa congelada_Julho_458
2025-07-10,Polpa congelada,Julho,7,Industria,Sul,Indústria de laticínios,822.11,9.35,9.0,Polpa congelada_Julho_459
2025-07-08,Polpa congelada,Julho,7,Exportacao,Exterior,Importador (UE),693.3,14.39,10.0,Polpa congelada_Julho_460
2025-07-25,Polpa congelada,Julho,7,Food Service,Sudeste,Cafeterias,128.67,10.45,9.0,Polpa congelada_Julho_461
2025-07-25,Polpa congelada,Julho,7,Food Service,Sudeste,,353.37,7.4,9.0,Polpa congelada_Julho_462
2025-07-15,Polpa congelada,Julho,7,Industria,Sudeste,Indústria de laticínios,110.29,8.3,7.0,Polpa congelada_Julho_463
2025-07-13,Polpa congelada,Julho,7,Food Service,Sudeste,Restaurantes,756.37,8.81,9.0,Polpa congelada_Julho_464
2025-07-22,Polpa congelada,Julho,7,Industria,Sudeste,Indústria de ingredientes,325.2,10.65,8.0,Polpa congelada_Julho_465
2025-07-28,Polpa congelada,Julho,7,Food Service,Sul,Confeitarias,876.8,11.36,8.0,Polpa congelada_Julho_466
2025-07-17,Polpa congelada,Julho,7,Food Service,Nordeste,Cafeterias,214.04,8.56,9.0,Polpa congelada_Julho_467
2025-07-14,Polpa congelada,Julho,7,Industria,Sul,Indústria de bebidas,660.61,10.47,6.0,Polpa congelada_Julho_468
2025-07-23,Polpa congelada,Julho,7,Industria,Sudeste,Indústria de ingredientes,265.62,10.89,7.0,Polpa congelada_Julho_469
2025-07-09,Polpa congelada,Julho,7,Industria,Norte,Indústria de bebidas,172.52,9.57,9.0,Polpa congelada_Julho_470
2025-07-29,Polpa congelada,Julho,7,Industria,Sudeste,Indústria de sorvetes,952.45,10.29,7.0,Polpa congelada_Julho_471
2025-07-29,Polpa congelada,Julho,7,Industria,Nordeste,Indústria de sorvetes,173.04,10.97,8.0,Polpa congelada_Julho_472
2025-07-27,Polpa congelada,Julho,7,Distribuidor,Norte,Central de compras,918.32,9.91,6.0,Polpa congelada_Julho_473
2025-07-13,Polpa congelada,Julho,7,Industria,Sudeste,Indústria de bebidas,529.88,11.81,8.0,Polpa congelada_Julho_474
2025-07-04,Polpa congelada,Julho,7,Distribuidor,Sul,Operador logístico,1001.74,7.51,6.0,Polpa congelada_Julho_475
2025-07-04,Polpa congelada,Julho,7,Varejo,Centro-Oeste,Supermercados,880.23,10.32,8.0,Polpa congelada_Julho_476
2025-07-14,Polpa congelada,Julho,7,Exportacao,Exterior,Trading,148.08,13.68,8.0,Polpa congelada_Julho_477
2025-07-02,Polpa congelada,Julho,7,Distribuidor,Sul,Central de compras,868.0,12.95,9.0,Polpa congelada_Julho_478
2025-07-01,Polpa congelada,Julho,7,Food Service,Nordeste,Confeitarias,721.42,11.9,9.0,Polpa congelada_Julho_479
2025-07-13,Polpa congelada,Julho,7,Industria,Sudeste,Indústria de alimentos,389.23,11.67,8.0,Polpa congelada_Julho_480
2025-07-25,Polpa congelada,Julho,7,Industria,Norte,Indústria de laticínios,369.69,9.14,7.0,Polpa congelada_Julho_481
2025-07-03,Polpa congelada,Julho,7,Food Service,Sudeste,Cafeterias,401.3,12.01,9.0,Polpa congelada_Julho_482
2025-07-01,Polpa congelada,Julho,7,Industria,Sul,Indústria de ingredientes,799.1,13.78,7.0,Polpa congelada_Julho_483
2025-07-20,Polpa congelada,Julho,7,Food Service,Centro-Oeste,Restaurantes,383.18,7.08,9.0,Polpa congelada_Julho_484
2025-07-23,Polpa congelada,Julho,7,Exportacao,Exterior,Importador (UE),380.68,9.2,8.0,Polpa congelada_Julho_485
2025-07-05,Polpa congelada,Julho,7,Industria,Sul,Indústria de sorvetes,1076.83,11.41,9.0,Polpa congelada_Julho_486
2025-07-30,Polpa congelada,Julho,7,Food Service,Norte,Confeitarias,879.42,7.02,10.0,Polpa congelada_Julho_487
2025-07-20,Polpa congelada,Julho,7,Exportacao,Exterior,Importador (MENA),971.24,9.07,9.0,Polpa congelada_Julho_488
2025-07-03,Polpa congelada,Julho,7,Food Service,Sul,Confeitarias,663.53,9.78,9.0,Polpa congelada_Julho_489
2025-07-29,Polpa congelada,Julho,7,Industria,Sudeste,Indústria de bebidas,1129.3,11.31,9.0,Polpa congelada_Julho_490
2025-07-31,Polpa congelada,Julho,7,Varejo,Sul,E-commerce,344.57,14.83,,Polpa congelada_Julho_491
2025-07-15,Polpa congelada,Julho,7,Industria,Nordeste,Indústria de ingredientes,397.37,6.31,9.0,Polpa congelada_Julho_492
2025-07-30,Polpa congelada,Julho,7,Distribuidor,Centro-Oeste,Distribuidor food service,751.05,8.79,8.0,Polpa congelada_Julho_493
2025-07-11,Polpa congelada,Julho,7,Exportacao,Exterior,Trading,276.08,13.43,8.0,Polpa congelada_Julho_494
2025-07-20,Polpa congelada,Julho,7,Food Service,Sudeste,Hotéis,698.99,11.94,7.0,Polpa congelada_Julho_495
2025-07-11,Polpa congelada,Julho,7,Industria,Sul,Indústria de ingredientes,212.62,6.84,8.0,Polpa congelada_Julho_496
2025-07-19,Polpa congelada,Julho,7,Varejo,Centro-Oeste,Supermercados,89.35,7.35,8.0,Polpa congelada_Julho_497
2025-07-04,Polpa congelada,Julho,7,Industria,Nordeste,Indústria de alimentos,969.56,12.35,6.0,Polpa congelada_Julho_498
2025-07-26,Polpa congelada,Julho,7,Exportacao,Exterior,Importador (LATAM),188.27,14.18,10.0,Polpa congelada_Julho_499
2025-07-07,Polpa congelada,Julho,7,Distribuidor,Sudeste,Distribuidor food service,537.83,6.22,8.0,Polpa congelada_Julho_500
2025-07-19,Polpa congelada,Julho,7,Food Service,Sudeste,Açaíterias,334.98,7.8,10.0,Polpa congelada_Julho_501
2025-07-17,Polpa congelada,Julho,7,Varejo,Sudeste,Atacarejo,325.36,13.79,8.0,Polpa congelada_Julho_502
2025-07-11,Polpa congelada,Julho,7,Distribuidor,Centro-Oeste,Distribuidor food service,919.33,6.9,7.0,Polpa congelada_Julho_503
2025-07-16,Polpa congelada,Julho,7,Food Service,Centro-Oeste,Açaíterias,349.52,10.34,8.0,Polpa congelada_Julho_504
2025-07-29,Polpa congelada,Julho,7,Exportacao,Exterior,Importador (EUA),562.79,15.83,9.0,Polpa congelada_Julho_505
2025-07-25,Polpa congelada,Julho,7,Exportacao,Exterior,Trading,166.98,10.87,8.0,Polpa congelada_Julho_506
2025-07-24,Polpa congelada,Julho,7,Food Service,Nordeste,Confeitarias,907.74,10.33,8.0,Polpa congelada_Julho_507
2025-07-24,Polpa congelada,Julho,7,Varejo,Norte,Empórios,407.3,11.31,10.0,Polpa congelada_Julho_508
2025-07-14,Polpa congelada,Julho,7,Industria,Centro-Oeste,Indústria de laticínios,382.45,12.44,8.0,Polpa congelada_Julho_509
2025-07-05,Polpa congelada,Julho,7,Exportacao,Exterior,Importador (MENA),317.87,7.86,9.0,Polpa congelada_Julho_510
2025-07-10,Polpa congelada,Julho,7,Food Service,Sul,Restaurantes,676.93,12.88,8.0,Polpa congelada_Julho_511
2025-07-20,Polpa congelada,Julho,7,Food Service,Centro-Oeste,Cafeterias,212.28,13.44,8.0,Polpa congelada_Julho_512
2025-07-21,Polpa congelada,Julho,7,Industria,Sul,Indústria de ingredientes,976.45,12.25,9.0,Polpa congelada_Julho_513
2025-07-12,Polpa congelada,Julho,7,Exportacao,Exterior,Importador (MENA),387.41,8.86,10.0,Polpa congelada_Julho_514
2025-07-08,Polpa congelada,Julho,7,Varejo,Sudeste,Empórios,257.98,14.0,8.0,Polpa congelada_Julho_515
2025-07-05,Polpa congelada,Julho,7,Industria,Sul,Indústria de ingredientes,551.48,9.05,8.0,Polpa congelada_Julho_516
2025-07-17,Polpa congelada,Julho,7,Distribuidor,Sudeste,Atacadista,911.83,13.4,9.0,Polpa congelada_Julho_517
2025-07-26,Polpa congelada,Julho,7,Industria,Norte,Indústria de ingredientes,273.19,6.8,8.0,Polpa congelada_Julho_518
2025-07-23,Polpa congelada,Julho,7,Food Service,Sul,Confeitarias,723.42,13.45,8.0,Polpa congelada_Julho_519
2025-07-21,Polpa congelada,Julho,7,Varejo,Sudeste,Empórios,479.32,8.86,10.0,Polpa congelada_Julho_520
2025-07-07,Polpa congelada,Julho,7,Food Service,Nordeste,Açaíterias,410.54,9.81,7.0,Polpa congelada_Julho_521
2025-07-08,Polpa congelada,Julho,7,Industria,Sul,Indústria de ingredientes,629.69,6.16,9.0,Polpa congelada_Julho_522
2025-07-29,Polpa congelada,Julho,7,Distribuidor,Sudeste,Atacadista,320.02,8.88,8.0,Polpa congelada_Julho_523
2025-07-23,Polpa congelada,Julho,7,Varejo,Centro-Oeste,E-commerce,519.07,11.46,6.0,Polpa congelada_Julho_524
2025-07-26,Manteiga de manga,Julho,7,Industria,Sul,Farmacêutico,150.07,95.57,8.0,Manteiga de manga_Julho_0
2025-07-30,Manteiga de manga,Julho,7,Industria,Sul,Ingredientes,88.4,72.49,10.0,Manteiga de manga_Julho_1
2025-07-29,Manteiga de manga,Julho,7,Industria,Centro-Oeste,Ingredientes,86.21,54.5,9.0,Manteiga de manga_Julho_2
2025-07-27,Manteiga de manga,Julho,7,Industria,Sul,Farmacêutico,12.52,113.27,7.0,Manteiga de manga_Julho_3
2025-07-07,Manteiga de manga,Julho,7,Distribuidor,Nordeste,Perfumaria,57.08,57.7,8.0,Manteiga de manga_Julho_4
2025-07-23,Manteiga de manga,Julho,7,Industria,Centro-Oeste,Farmacêutico,77.63,107.76,8.0,Manteiga de manga_Julho_5
2025-07-08,Manteiga de manga,Julho,7,Industria,Sul,Ingredientes,66.58,49.39,9.0,Manteiga de manga_Julho_6
2025-07-30,Manteiga de manga,Julho,7,Industria,Sul,Perfumaria,210.85,93.72,6.0,Manteiga de manga_Julho_7
2025-07-26,Manteiga de manga,Julho,7,Industria,Sudeste,Cosméticos,132.83,117.73,8.0,Manteiga de manga_Julho_8
2025-07-06,Manteiga de manga,Julho,7,Exportacao,Exterior,Cosméticos,27.9,64.27,10.0,Manteiga de manga_Julho_9
2025-07-05,Manteiga de manga,Julho,7,Industria,Norte,Farmacêutico,192.53,73.45,8.0,Manteiga de manga_Julho_10
2025-07-11,Manteiga de manga,Julho,7,Industria,Sudeste,Ingredientes,37.84,83.04,7.0,Manteiga de manga_Julho_11
2025-07-07,Manteiga de manga,Julho,7,Exportacao,Exterior,Perfumaria,83.83,69.02,,Manteiga de manga_Julho_12
2025-07-05,Manteiga de manga,Julho,7,Exportacao,Exterior,Farmacêutico,113.71,64.41,10.0,Manteiga de manga_Julho_13
2025-07-20,Manteiga de manga,Julho,7,Industria,Nordeste,Ingredientes,142.02,108.14,7.0,Manteiga de manga_Julho_14
2025-07-25,Manteiga de manga,Julho,7,Distribuidor,Sudeste,Perfumaria,30.94,86.74,7.0,Manteiga de manga_Julho_15
2025-07-28,Manteiga de manga,Julho,7,Industria,Nordeste,Perfumaria,17.15,90.25,8.0,Manteiga de manga_Julho_16
2025-07-31,Manteiga de manga,Julho,7,Industria,Sul,Farmacêutico,9.95,115.89,10.0,Manteiga de manga_Julho_17
2025-07-20,Manteiga de manga,Julho,7,Industria,Sudeste,Perfumaria,82.92,113.26,10.0,Manteiga de manga_Julho_18
2025-07-16,Manteiga de manga,Julho,7,Exportacao,Exterior,Ingredientes,179.51,113.58,9.0,Manteiga de manga_Julho_19
2025-07-04,Manteiga de manga,Julho,7,Industria,Sul,Cosméticos,33.74,112.3,9.0,Manteiga de manga_Julho_20
2025-07-25,Manteiga de manga,Julho,7,Industria,Sudeste,Cosméticos,152.32,113.26,10.0,Manteiga de manga_Julho_21
2025-07-18,Manteiga de manga,Julho,7,Exportacao,Exterior,Perfumaria,89.06,94.28,6.0,Manteiga de manga_Julho_22
2025-07-16,Manteiga de manga,Julho,7,Exportacao,Exterior,Ingredientes,110.54,146.76,7.0,Manteiga de manga_Julho_23
2025-07-13,Manteiga de manga,Julho,7,Industria,Sul,Perfumaria,97.81,92.4,8.0,Manteiga de manga_Julho_24
2025-07-22,Manteiga de manga,Julho,7,Industria,Sudeste,Ingredientes,56.14,92.46,6.0,Manteiga de manga_Julho_25
2025-07-03,Manteiga de manga,Julho,7,Exportacao,Exterior,Ingredientes,90.01,98.21,10.0,Manteiga de manga_Julho_26
2025-07-14,Manteiga de manga,Julho,7,Industria,Nordeste,Sabonetes,24.66,100.0,10.0,Manteiga de manga_Julho_27
2025-07-09,Manteiga de manga,Julho,7,Exportacao,Exterior,Cosméticos,88.86,113.66,8.0,Manteiga de manga_Julho_28
2025-07-25,Manteiga de manga,Julho,7,Distribuidor,Sul,Cosméticos,128.64,105.9,8.0,Manteiga de manga_Julho_29
2025-07-18,Manteiga de manga,Julho,7,Industria,Sul,Sabonetes,26.67,112.5,8.0,Manteiga de manga_Julho_30
2025-07-10,Manteiga de manga,Julho,7,Industria,Sul,Sabonetes,17.15,77.8,8.0,Manteiga de manga_Julho_31
2025-07-29,Manteiga de manga,Julho,7,Industria,Sudeste,Sabonetes,33.85,67.89,7.0,Manteiga de manga_Julho_32
2025-07-20,Manteiga de manga,Julho,7,Industria,Sudeste,Cosméticos,62.43,101.93,8.0,Manteiga de manga_Julho_33
2025-07-26,Manteiga de manga,Julho,7,Industria,Nordeste,Perfumaria,64.49,99.87,7.0,Manteiga de manga_Julho_34
2025-07-13,Manteiga de manga,Julho,7,Industria,Nordeste,Farmacêutico,17.15,107.21,8.0,Manteiga de manga_Julho_35
2025-07-01,Manteiga de manga,Julho,7,Distribuidor,Nordeste,Farmacêutico,48.72,106.81,8.0,Manteiga de manga_Julho_36
2025-07-22,Manteiga de manga,Julho,7,Industria,Centro-Oeste,Sabonetes,221.52,65.74,8.0,Manteiga de manga_Julho_37
2025-07-21,Manteiga de manga,Julho,7,Distribuidor,Sudeste,Perfumaria,29.86,101.65,9.0,Manteiga de manga_Julho_38
2025-07-04,Manteiga de manga,Julho,7,Industria,Nordeste,Ingredientes,55.0,114.79,9.0,Manteiga de manga_Julho_39
2025-07-29,Manteiga de manga,Julho,7,Distribuidor,Sudeste,Farmacêutico,151.59,66.47,8.0,Manteiga de manga_Julho_40
2025-07-18,Manteiga de manga,Julho,7,Industria,Sudeste,Sabonetes,22.69,68.75,8.0,Manteiga de manga_Julho_41
2025-07-05,Manteiga de manga,Julho,7,Exportacao,Exterior,Perfumaria,23.32,63.16,8.0,Manteiga de manga_Julho_42
2025-07-15,Manteiga de manga,Julho,7,Industria,Sul,Farmacêutico,79.8,74.8,5.0,Manteiga de manga_Julho_43
2025-07-16,Manteiga de manga,Julho,7,Exportacao,Exterior,Cosméticos,199.05,112.81,8.0,Manteiga de manga_Julho_44
2025-07-20,Manteiga de manga,Julho,7,Exportacao,Exterior,Ingredientes,46.34,116.92,9.0,Manteiga de manga_Julho_45
2025-07-24,Manteiga de manga,Julho,7,Industria,Sul,Sabonetes,110.6,102.83,8.0,Manteiga de manga_Julho_46
2025-07-17,Manteiga de manga,Julho,7,Exportacao,Exterior,Ingredientes,163.29,80.54,9.0,Manteiga de manga_Julho_47
2025-07-26,Manteiga de manga,Julho,7,Distribuidor,Norte,Sabonetes,84.09,85.24,9.0,Manteiga de manga_Julho_48
2025-07-31,Manteiga de manga,Julho,7,Distribuidor,Nordeste,,59.82,88.72,8.0,Manteiga de manga_Julho_49
2025-07-24,Manteiga de manga,Julho,7,Industria,Sudeste,Farmacêutico,162.97,108.85,6.0,Manteiga de manga_Julho_50
2025-07-20,Manteiga de manga,Julho,7,Exportacao,Exterior,Perfumaria,149.76,68.96,8.0,Manteiga de manga_Julho_51
2025-07-18,Manteiga de manga,Julho,7,Industria,Sudeste,Ingredientes,103.86,69.58,7.0,Manteiga de manga_Julho_52
2025-07-24,Manteiga de manga,Julho,7,Industria,Sul,Perfumaria,29.54,65.1,8.0,Manteiga de manga_Julho_53
2025-07-25,Manteiga de manga,Julho,7,Industria,Norte,Perfumaria,174.5,116.4,8.0,Manteiga de manga_Julho_54
2025-07-16,Manteiga de manga,Julho,7,Distribuidor,Sudeste,Perfumaria,21.2,60.54,7.0,Manteiga de manga_Julho_55
2025-07-14,Manteiga de manga,Julho,7,Industria,Nordeste,Perfumaria,164.72,74.67,7.0,Manteiga de manga_Julho_56
2025-07-07,Manteiga de manga,Julho,7,Industria,Centro-Oeste,Cosméticos,78.08,55.63,9.0,Manteiga de manga_Julho_57
2025-07-19,Manteiga de manga,Julho,7,Industria,Centro-Oeste,Cosméticos,138.53,63.29,6.0,Manteiga de manga_Julho_58
2025-07-13,Manteiga de manga,Julho,7,Distribuidor,Sudeste,Perfumaria,98.8,113.38,5.0,Manteiga de manga_Julho_59
2025-07-01,Manteiga de manga,Julho,7,Distribuidor,Nordeste,Sabonetes,47.67,107.4,8.0,Manteiga de manga_Julho_60
2025-07-06,Manteiga de manga,Julho,7,Industria,Nordeste,Ingredientes,116.63,57.63,8.0,Manteiga de manga_Julho_61
2025-07-21,Manteiga de manga,Julho,7,Industria,Nordeste,Perfumaria,99.11,50.56,8.0,Manteiga de manga_Julho_62
2025-07-17,Manteiga de manga,Julho,7,Industria,Nordeste,Farmacêutico,82.48,51.2,9.0,Manteiga de manga_Julho_63
2025-07-01,Manteiga de manga,Julho,7,Distribuidor,Sul,Ingredientes,98.19,59.12,8.0,Manteiga de manga_Julho_64
2025-07-09,Manteiga de manga,Julho,7,Industria,Sudeste,Sabonetes,89.16,101.41,8.0,Manteiga de manga_Julho_65
2025-07-30,Manteiga de manga,Julho,7,Exportacao,Exterior,Cosméticos,192.48,123.33,7.0,Manteiga de manga_Julho_66
2025-07-16,Manteiga de manga,Julho,7,Industria,Sudeste,Sabonetes,131.59,85.68,8.0,Manteiga de manga_Julho_67
2025-07-07,Manteiga de manga,Julho,7,Industria,Centro-Oeste,Perfumaria,118.05,109.11,7.0,Manteiga de manga_Julho_68
2025-07-19,Manteiga de manga,Julho,7,Distribuidor,Sul,Ingredientes,88.35,112.29,9.0,Manteiga de manga_Julho_69
2025-07-26,Manteiga de manga,Julho,7,Industria,Sudeste,Farmacêutico,29.17,61.5,10.0,Manteiga de manga_Julho_70
2025-07-06,Manteiga de manga,Julho,7,Exportacao,Exterior,Ingredientes,131.41,93.58,8.0,Manteiga de manga_Julho_71
2025-07-23,Manteiga de manga,Julho,7,Exportacao,Exterior,Ingredientes,11.67,100.87,7.0,Manteiga de manga_Julho_72
2025-07-30,Manteiga de manga,Julho,7,Distribuidor,Norte,Farmacêutico,115.62,80.59,8.0,Manteiga de manga_Julho_73
2025-07-30,Manteiga de manga,Julho,7,Industria,Sudeste,Sabonetes,113.04,76.28,8.0,Manteiga de manga_Julho_74
2025-07-25,Manteiga de manga,Julho,7,Industria,Nordeste,Sabonetes,114.03,45.18,8.0,Manteiga de manga_Julho_75
2025-07-11,Manteiga de manga,Julho,7,Exportacao,Exterior,Sabonetes,128.46,90.72,9.0,Manteiga de manga_Julho_76
2025-07-11,Manteiga de manga,Julho,7,Exportacao,Exterior,Sabonetes,156.92,122.17,9.0,Manteiga de manga_Julho_77
2025-07-12,Manteiga de manga,Julho,7,Industria,Sudeste,Perfumaria,29.0,61.23,10.0,Manteiga de manga_Julho_78
2025-07-10,Manteiga de manga,Julho,7,Industria,Sudeste,Farmacêutico,175.18,47.91,9.0,Manteiga de manga_Julho_79
2025-07-27,Manteiga de manga,Julho,7,Industria,Nordeste,Cosméticos,115.54,114.52,10.0,Manteiga de manga_Julho_80
2025-07-23,Manteiga de manga,Julho,7,Distribuidor,Sudeste,Ingredientes,160.37,104.66,7.0,Manteiga de manga_Julho_81
2025-07-27,Manteiga de manga,Julho,7,Industria,Nordeste,Farmacêutico,114.07,109.3,7.0,Manteiga de manga_Julho_82
2025-07-25,Manteiga de manga,Julho,7,Distribuidor,Sudeste,Ingredientes,158.85,47.82,7.0,Manteiga de manga_Julho_83
2025-07-30,Manteiga de manga,Julho,7,Exportacao,Exterior,Farmacêutico,145.83,117.12,9.0,Manteiga de manga_Julho_84
2025-07-25,Manteiga de manga,Julho,7,Industria,Sudeste,,115.22,78.56,8.0,Manteiga de manga_Julho_85
2025-07-10,Manteiga de manga,Julho,7,Industria,Sudeste,Perfumaria,15.11,98.01,7.0,Manteiga de manga_Julho_86
2025-07-24,Manteiga de manga,Julho,7,Industria,Sudeste,Perfumaria,21.9,63.05,7.0,Manteiga de manga_Julho_87
2025-07-21,Manteiga de manga,Julho,7,Distribuidor,Sudeste,Perfumaria,161.16,73.28,8.0,Manteiga de manga_Julho_88
2025-07-20,Manteiga de manga,Julho,7,Industria,Norte,Cosméticos,146.79,91.88,9.0,Manteiga de manga_Julho_89
2025-07-10,Manteiga de manga,Julho,7,Distribuidor,Sudeste,Farmacêutico,90.02,74.43,9.0,Manteiga de manga_Julho_90
2025-07-07,Manteiga de manga,Julho,7,Industria,Sudeste,Perfumaria,108.19,99.36,7.0,Manteiga de manga_Julho_91
2025-07-15,Manteiga de manga,Julho,7,Distribuidor,Sudeste,Cosméticos,72.15,119.08,10.0,Manteiga de manga_Julho_92
2025-07-30,Manteiga de manga,Julho,7,Exportacao,Exterior,Perfumaria,150.23,66.87,8.0,Manteiga de manga_Julho_93
2025-07-06,Manteiga de manga,Julho,7,Industria,Sul,Cosméticos,81.44,58.17,8.0,Manteiga de manga_Julho_94
2025-07-01,Manteiga de manga,Julho,7,Industria,Sudeste,Farmacêutico,184.56,101.32,7.0,Manteiga de manga_Julho_95
2025-07-28,Manteiga de manga,Julho,7,Industria,Norte,Sabonetes,170.48,57.9,,Manteiga de manga_Julho_96
2025-07-22,Manteiga de manga,Julho,7,Industria,Norte,Sabonetes,67.85,76.9,10.0,Manteiga de manga_Julho_97
2025-07-27,Manteiga de manga,Julho,7,Industria,Centro-Oeste,Ingredientes,195.15,119.51,7.0,Manteiga de manga_Julho_98
2025-07-29,Manteiga de manga,Julho,7,Industria,Norte,Ingredientes,67.65,60.49,9.0,Manteiga de manga_Julho_99
2025-07-17,Manteiga de manga,Julho,7,Industria,Sudeste,Perfumaria,16.59,73.55,8.0,Manteiga de manga_Julho_100
2025-07-01,Manteiga de manga,Julho,7,Distribuidor,Norte,Perfumaria,106.89,74.13,7.0,Manteiga de manga_Julho_101
2025-07-27,Manteiga de manga,Julho,7,Industria,Centro-Oeste,Cosméticos,71.72,81.26,9.0,Manteiga de manga_Julho_102
2025-07-23,Manteiga de manga,Julho,7,Exportacao,Exterior,Farmacêutico,70.83,79.96,8.0,Manteiga de manga_Julho_103
2025-07-07,Manteiga de manga,Julho,7,Industria,Sul,Sabonetes,198.45,88.71,6.0,Manteiga de manga_Julho_104
2025-07-29,Manteiga de manga,Julho,7,Industria,Sul,Sabonetes,45.17,83.6,8.0,Manteiga de manga_Julho_105
2025-07-17,Manteiga de manga,Julho,7,Industria,Sudeste,Sabonetes,132.8,72.09,7.0,Manteiga de manga_Julho_106
2025-07-24,Manteiga de manga,Julho,7,Industria,Nordeste,Cosméticos,157.96,50.43,10.0,Manteiga de manga_Julho_107
2025-07-24,Manteiga de manga,Julho,7,Exportacao,Exterior,Farmacêutico,117.42,100.36,8.0,Manteiga de manga_Julho_108
2025-07-24,Manteiga de manga,Julho,7,Industria,Sul,Sabonetes,71.0,117.48,8.0,Manteiga de manga_Julho_109
2025-07-17,Manteiga de manga,Julho,7,Industria,Nordeste,Farmacêutico,135.48,82.37,7.0,Manteiga de manga_Julho_110
2025-07-07,Manteiga de manga,Julho,7,Distribuidor,Norte,Ingredientes,158.68,53.79,9.0,Manteiga de manga_Julho_111
2025-07-31,Manteiga de manga,Julho,7,Exportacao,Exterior,Farmacêutico,93.39,69.5,9.0,Manteiga de manga_Julho_112
2025-07-30,Manteiga de manga,Julho,7,Exportacao,Exterior,Farmacêutico,97.84,113.48,10.0,Manteiga de manga_Julho_113
2025-07-03,Manteiga de manga,Julho,7,Industria,Centro-Oeste,Cosméticos,75.07,54.01,5.0,Manteiga de manga_Julho_114
2025-07-30,Manteiga de manga,Julho,7,Distribuidor,Nordeste,Sabonetes,161.29,102.52,10.0,Manteiga de manga_Julho_115
2025-07-17,Manteiga de manga,Julho,7,Industria,Nordeste,Farmacêutico,29.66,72.36,10.0,Manteiga de manga_Julho_116
2025-07-15,Manteiga de manga,Julho,7,Distribuidor,Nordeste,Sabonetes,12.3,79.37,7.0,Manteiga de manga_Julho_117
2025-07-13,Manteiga de manga,Julho,7,Industria,Nordeste,Farmacêutico,157.72,102.53,9.0,Manteiga de manga_Julho_118
2025-07-05,Manteiga de manga,Julho,7,Industria,Sul,Farmacêutico,172.55,79.63,8.0,Manteiga de manga_Julho_119
2025-07-20,Manteiga de manga,Julho,7,Industria,Sudeste,Perfumaria,30.42,81.78,7.0,Manteiga de manga_Julho_120
2025-07-11,Manteiga de manga,Julho,7,Industria,Norte,Sabonetes,110.03,55.48,7.0,Manteiga de manga_Julho_121
2025-07-16,Manteiga de manga,Julho,7,Industria,Sul,Perfumaria,155.52,92.76,9.0,Manteiga de manga_Julho_122
2025-07-06,Manteiga de manga,Julho,7,Industria,Sul,Cosméticos,61.94,118.19,8.0,Manteiga de manga_Julho_123
2025-07-06,Manteiga de manga,Julho,7,Distribuidor,Sudeste,Ingredientes,158.57,68.7,6.0,Manteiga de manga_Julho_124
2025-07-27,Manteiga de manga,Julho,7,Distribuidor,Sudeste,Perfumaria,138.95,86.21,7.0,Manteiga de manga_Julho_125
2025-07-12,Manteiga de manga,Julho,7,Industria,Norte,Perfumaria,155.2,97.18,10.0,Manteiga de manga_Julho_126
2025-07-22,Manteiga de manga,Julho,7,Exportacao,Exterior,Perfumaria,210.54,130.3,7.0,Manteiga de manga_Julho_127
2025-07-15,Manteiga de manga,Julho,7,Industria,Sul,Farmacêutico,206.21,110.91,8.0,Manteiga de manga_Julho_128
2025-07-12,Manteiga de manga,Julho,7,Exportacao,Exterior,Ingredientes,162.03,54.96,7.0,Manteiga de manga_Julho_129
2025-07-22,Manteiga de manga,Julho,7,Industria,Sudeste,Ingredientes,174.5,99.19,10.0,Manteiga de manga_Julho_130
2025-07-12,Manteiga de manga,Julho,7,Exportacao,Exterior,Cosméticos,72.86,129.29,7.0,Manteiga de manga_Julho_131
2025-07-24,Manteiga de manga,Julho,7,Exportacao,Exterior,Perfumaria,166.46,57.44,9.0,Manteiga de manga_Julho_132
2025-07-01,Manteiga de manga,Julho,7,Distribuidor,Sudeste,Cosméticos,59.86,107.99,10.0,Manteiga de manga_Julho_133
2025-07-23,Manteiga de manga,Julho,7,Exportacao,Exterior,Sabonetes,31.79,105.02,7.0,Manteiga de manga_Julho_134
2025-07-25,Manteiga de manga,Julho,7,Industria,Sudeste,Perfumaria,161.23,96.09,7.0,Manteiga de manga_Julho_135
2025-07-15,Manteiga de manga,Julho,7,Industria,Norte,Farmacêutico,25.17,93.19,9.0,Manteiga de manga_Julho_136
2025-07-14,Manteiga de manga,Julho,7,Industria,Sul,Cosméticos,104.28,89.16,9.0,Manteiga de manga_Julho_137
2025-07-29,Manteiga de manga,Julho,7,Distribuidor,Nordeste,Sabonetes,11.69,85.59,9.0,Manteiga de manga_Julho_138
2025-07-04,Manteiga de manga,Julho,7,Distribuidor,Norte,Farmacêutico,80.89,83.66,7.0,Manteiga de manga_Julho_139
2025-07-25,Manteiga de manga,Julho,7,Industria,Centro-Oeste,Sabonetes,122.6,66.21,9.0,Manteiga de manga_Julho_140
2025-07-13,Manteiga de manga,Julho,7,Industria,Nordeste,Perfumaria,11.14,73.84,9.0,Manteiga de manga_Julho_141
2025-07-11,Manteiga de manga,Julho,7,Industria,Sudeste,Perfumaria,125.95,53.82,8.0,Manteiga de manga_Julho_142
2025-07-06,Manteiga de manga,Julho,7,Industria,Sul,Cosméticos,173.88,61.45,6.0,Manteiga de manga_Julho_143
2025-07-07,Manteiga de manga,Julho,7,Industria,Sudeste,Sabonetes,43.52,96.59,8.0,Manteiga de manga_Julho_144
2025-07-04,Manteiga de manga,Julho,7,Exportacao,Exterior,Cosméticos,96.25,112.53,9.0,Manteiga de manga_Julho_145
2025-07-23,Manteiga de manga,Julho,7,Industria,Sudeste,Cosméticos,125.65,73.8,7.0,Manteiga de manga_Julho_146
2025-07-07,Manteiga de manga,Julho,7,Industria,Norte,Cosméticos,89.71,66.43,10.0,Manteiga de manga_Julho_147
2025-07-02,Manteiga de manga,Julho,7,Industria,Sudeste,Perfumaria,40.42,98.7,7.0,Manteiga de manga_Julho_148
2025-07-06,Manteiga de manga,Julho,7,Industria,Sudeste,Sabonetes,145.63,119.91,7.0,Manteiga de manga_Julho_149
2025-07-03,Manteiga de manga,Julho,7,Industria,Nordeste,Cosméticos,188.8,53.96,6.0,Manteiga de manga_Julho_150
2025-07-27,Manteiga de manga,Julho,7,Distribuidor,Sudeste,Ingredientes,129.57,87.53,7.0,Manteiga de manga_Julho_151
2025-07-27,Manteiga de manga,Julho,7,Industria,Sul,Perfumaria,154.89,71.82,6.0,Manteiga de manga_Julho_152
2025-07-01,Manteiga de manga,Julho,7,Distribuidor,Sudeste,Ingredientes,154.16,66.02,8.0,Manteiga de manga_Julho_153
2025-07-22,Manteiga de manga,Julho,7,Industria,Sul,Ingredientes,16.95,102.16,6.0,Manteiga de manga_Julho_154
2025-07-11,Manteiga de manga,Julho,7,Industria,Centro-Oeste,Perfumaria,139.33,45.87,7.0,Manteiga de manga_Julho_155
2025-07-26,Manteiga de manga,Julho,7,Industria,Norte,Sabonetes,19.87,45.38,9.0,Manteiga de manga_Julho_156
2025-07-25,Manteiga de manga,Julho,7,Industria,Sudeste,Sabonetes,100.88,101.31,7.0,Manteiga de manga_Julho_157
2025-07-04,Manteiga de manga,Julho,7,Industria,Nordeste,Sabonetes,72.45,91.45,5.0,Manteiga de manga_Julho_158
2025-07-10,Manteiga de manga,Julho,7,Exportacao,Exterior,Cosméticos,99.29,83.46,9.0,Manteiga de manga_Julho_159
2025-07-25,Manteiga de manga,Julho,7,Industria,Sudeste,Cosméticos,67.61,108.92,7.0,Manteiga de manga_Julho_160
2025-07-19,Manteiga de manga,Julho,7,Industria,Sul,Farmacêutico,128.4,56.02,6.0,Manteiga de manga_Julho_161
2025-07-03,Manteiga de manga,Julho,7,Industria,Norte,Ingredientes,48.65,61.28,,Manteiga de manga_Julho_162
2025-07-05,Manteiga de manga,Julho,7,Industria,Sudeste,Perfumaria,109.26,99.94,8.0,Manteiga de manga_Julho_163
2025-07-12,Manteiga de manga,Julho,7,Exportacao,Exterior,Sabonetes,197.23,113.65,8.0,Manteiga de manga_Julho_164
2025-07-03,Manteiga de manga,Julho,7,Exportacao,Exterior,Cosméticos,116.67,61.48,7.0,Manteiga de manga_Julho_165
2025-07-24,Manteiga de manga,Julho,7,Distribuidor,Sudeste,Ingredientes,38.09,90.94,8.0,Manteiga de manga_Julho_166
2025-07-30,Manteiga de manga,Julho,7,Industria,Sudeste,Ingredientes,210.51,86.77,8.0,Manteiga de manga_Julho_167
2025-07-26,Manteiga de manga,Julho,7,Industria,Sul,Sabonetes,76.05,74.3,10.0,Manteiga de manga_Julho_168
2025-07-27,Manteiga de manga,Julho,7,Industria,Nordeste,Cosméticos,69.22,60.96,7.0,Manteiga de manga_Julho_169
2025-07-01,Manteiga de manga,Julho,7,Industria,Sudeste,Perfumaria,34.54,47.36,8.0,Manteiga de manga_Julho_170
2025-07-15,Manteiga de manga,Julho,7,Industria,Sudeste,Ingredientes,23.12,62.46,10.0,Manteiga de manga_Julho_171
2025-07-23,Manteiga de manga,Julho,7,Industria,Centro-Oeste,Perfumaria,158.92,102.61,8.0,Manteiga de manga_Julho_172
2025-07-17,Manteiga de manga,Julho,7,Industria,Centro-Oeste,Farmacêutico,107.26,102.75,9.0,Manteiga de manga_Julho_173
2025-07-31,Manteiga de manga,Julho,7,Exportacao,Exterior,Sabonetes,219.56,132.93,8.0,Manteiga de manga_Julho_174
2025-07-13,Manteiga de manga,Julho,7,Industria,Centro-Oeste,Sabonetes,153.09,97.95,8.0,Manteiga de manga_Julho_175
2025-07-22,Manteiga de manga,Julho,7,Industria,Centro-Oeste,Perfumaria,48.7,78.05,8.0,Manteiga de manga_Julho_176
2025-07-02,Manteiga de manga,Julho,7,Industria,Centro-Oeste,Sabonetes,20.15,76.33,6.0,Manteiga de manga_Julho_177
2025-07-10,Manteiga de manga,Julho,7,Distribuidor,Sudeste,,150.52,117.54,6.0,Manteiga de manga_Julho_178
2025-07-04,Manteiga de manga,Julho,7,Industria,Norte,Sabonetes,108.87,71.6,8.0,Manteiga de manga_Julho_179
2025-07-09,Manteiga de manga,Julho,7,Distribuidor,Centro-Oeste,Ingredientes,121.82,115.27,5.0,Manteiga de manga_Julho_180
2025-07-12,Manteiga de manga,Julho,7,Industria,Centro-Oeste,Sabonetes,198.63,56.72,7.0,Manteiga de manga_Julho_181
2025-07-18,Manteiga de manga,Julho,7,Distribuidor,Sudeste,Farmacêutico,53.85,89.06,9.0,Manteiga de manga_Julho_182
2025-07-24,Manteiga de manga,Julho,7,Industria,Nordeste,Sabonetes,34.25,97.88,8.0,Manteiga de manga_Julho_183
2025-07-11,Manteiga de manga,Julho,7,Industria,Sudeste,Ingredientes,160.23,51.77,10.0,Manteiga de manga_Julho_184
2025-07-12,Manteiga de manga,Julho,7,Industria,Sul,Sabonetes,125.39,48.93,9.0,Manteiga de manga_Julho_185
2025-07-28,Manteiga de manga,Julho,7,Industria,Sul,Perfumaria,46.43,108.81,7.0,Manteiga de manga_Julho_186
2025-07-05,Manteiga de manga,Julho,7,Exportacao,Exterior,Ingredientes,181.27,58.82,8.0,Manteiga de manga_Julho_187
2025-07-26,Manteiga de manga,Julho,7,Industria,Sudeste,Cosméticos,63.58,115.74,8.0,Manteiga de manga_Julho_188
2025-07-12,Manteiga de manga,Julho,7,Industria,Sudeste,Sabonetes,144.91,78.44,8.0,Manteiga de manga_Julho_189
2025-07-21,Manteiga de manga,Julho,7,Industria,Sudeste,Farmacêutico,122.06,53.76,8.0,Manteiga de manga_Julho_190
2025-07-07,Manteiga de manga,Julho,7,Industria,Nordeste,Sabonetes,48.44,94.77,9.0,Manteiga de manga_Julho_191
2025-07-12,Manteiga de manga,Julho,7,Distribuidor,Sudeste,Cosméticos,164.36,80.22,9.0,Manteiga de manga_Julho_192
2025-07-24,Manteiga de manga,Julho,7,Distribuidor,Sudeste,Cosméticos,96.05,68.89,8.0,Manteiga de manga_Julho_193
2025-07-28,Manteiga de manga,Julho,7,Industria,Norte,Sabonetes,51.05,96.98,7.0,Manteiga de manga_Julho_194
2025-07-22,Manteiga de manga,Julho,7,Industria,Sudeste,Sabonetes,30.92,65.77,7.0,Manteiga de manga_Julho_195
2025-07-09,Manteiga de manga,Julho,7,Distribuidor,Nordeste,Cosméticos,35.77,119.87,9.0,Manteiga de manga_Julho_196
2025-07-20,Manteiga de manga,Julho,7,Industria,Norte,Sabonetes,151.37,70.68,10.0,Manteiga de manga_Julho_197
2025-07-09,Manteiga de manga,Julho,7,Distribuidor,Nordeste,Perfumaria,131.76,53.51,9.0,Manteiga de manga_Julho_198
2025-07-20,Manteiga de manga,Julho,7,Exportacao,Exterior,Perfumaria,71.74,114.78,8.0,Manteiga de manga_Julho_199
2025-07-25,Manteiga de manga,Julho,7,Industria,Sudeste,Cosméticos,101.05,52.05,7.0,Manteiga de manga_Julho_200
2025-07-21,Manteiga de manga,Julho,7,Distribuidor,Sudeste,Cosméticos,131.69,105.56,8.0,Manteiga de manga_Julho_201
2025-07-23,Manteiga de manga,Julho,7,Industria,Norte,Ingredientes,90.43,72.81,8.0,Manteiga de manga_Julho_202
2025-07-14,Manteiga de manga,Julho,7,Exportacao,Exterior,Farmacêutico,171.33,92.4,9.0,Manteiga de manga_Julho_203
2025-07-25,Manteiga de manga,Julho,7,Industria,Norte,Farmacêutico,193.03,116.7,10.0,Manteiga de manga_Julho_204
2025-07-31,Manteiga de manga,Julho,7,Distribuidor,Centro-Oeste,Sabonetes,21.56,76.42,10.0,Manteiga de manga_Julho_205
2025-07-21,Manteiga de manga,Julho,7,Industria,Sudeste,Perfumaria,128.76,70.21,7.0,Manteiga de manga_Julho_206
2025-07-29,Manteiga de manga,Julho,7,Industria,Centro-Oeste,Cosméticos,142.43,51.45,7.0,Manteiga de manga_Julho_207
2025-07-17,Manteiga de manga,Julho,7,Industria,Sudeste,Sabonetes,34.23,51.29,7.0,Manteiga de manga_Julho_208
2025-07-11,Manteiga de manga,Julho,7,Industria,Sudeste,Farmacêutico,12.89,95.4,8.0,Manteiga de manga_Julho_209
2025-07-20,Manteiga de manga,Julho,7,Industria,Nordeste,Sabonetes,59.94,52.28,6.0,Manteiga de manga_Julho_210
2025-07-23,Manteiga de manga,Julho,7,Distribuidor,Sudeste,Farmacêutico,21.89,104.61,10.0,Manteiga de manga_Julho_211
2025-07-22,Manteiga de manga,Julho,7,Exportacao,Exterior,Perfumaria,163.58,63.15,8.0,Manteiga de manga_Julho_212
2025-07-02,Manteiga de manga,Julho,7,Industria,Centro-Oeste,Perfumaria,96.51,58.82,8.0,Manteiga de manga_Julho_213
2025-07-20,Manteiga de manga,Julho,7,Industria,Sudeste,Perfumaria,112.22,118.64,6.0,Manteiga de manga_Julho_214
2025-07-29,Manteiga de manga,Julho,7,Industria,Sudeste,Cosméticos,99.99,45.31,7.0,Manteiga de manga_Julho_215
2025-07-05,Manteiga de manga,Julho,7,Industria,Sudeste,Farmacêutico,163.14,113.11,7.0,Manteiga de manga_Julho_216
2025-07-14,Manteiga de manga,Julho,7,Distribuidor,Centro-Oeste,Perfumaria,139.56,69.66,6.0,Manteiga de manga_Julho_217
2025-07-11,Manteiga de manga,Julho,7,Distribuidor,Centro-Oeste,Farmacêutico,86.85,75.74,,Manteiga de manga_Julho_218
2025-07-30,Manteiga de manga,Julho,7,Distribuidor,Sul,Ingredientes,53.34,61.66,7.0,Manteiga de manga_Julho_219
2025-07-07,Manteiga de manga,Julho,7,Exportacao,Exterior,Farmacêutico,30.26,93.98,9.0,Manteiga de manga_Julho_220
2025-07-17,Manteiga de manga,Julho,7,Industria,Sudeste,Sabonetes,38.37,56.33,6.0,Manteiga de manga_Julho_221
2025-07-23,Manteiga de manga,Julho,7,Distribuidor,Sul,Perfumaria,78.42,49.89,7.0,Manteiga de manga_Julho_222
2025-07-28,Manteiga de manga,Julho,7,Industria,Sudeste,Sabonetes,86.09,54.52,8.0,Manteiga de manga_Julho_223
2025-07-07,Manteiga de manga,Julho,7,Distribuidor,Sudeste,Farmacêutico,145.04,99.76,7.0,Manteiga de manga_Julho_224
2025-07-13,Manteiga de manga,Julho,7,Exportacao,Exterior,Ingredientes,165.58,115.25,8.0,Manteiga de manga_Julho_225
2025-07-12,Manteiga de manga,Julho,7,Industria,Centro-Oeste,Farmacêutico,99.84,45.91,9.0,Manteiga de manga_Julho_226
2025-07-06,Manteiga de manga,Julho,7,Industria,Nordeste,Cosméticos,129.5,99.04,8.0,Manteiga de manga_Julho_227
2025-07-19,Manteiga de manga,Julho,7,Distribuidor,Centro-Oeste,Farmacêutico,93.34,76.04,10.0,Manteiga de manga_Julho_228
2025-07-17,Manteiga de manga,Julho,7,Exportacao,Exterior,Ingredientes,69.16,88.68,10.0,Manteiga de manga_Julho_229
2025-07-31,Manteiga de manga,Julho,7,Distribuidor,Sudeste,Cosméticos,142.21,67.78,7.0,Manteiga de manga_Julho_230
2025-07-07,Manteiga de manga,Julho,7,Exportacao,Exterior,Cosméticos,187.12,89.03,6.0,Manteiga de manga_Julho_231
2025-07-26,Manteiga de manga,Julho,7,Exportacao,Exterior,Farmacêutico,70.93,91.14,8.0,Manteiga de manga_Julho_232
2025-07-07,Manteiga de manga,Julho,7,Distribuidor,Sudeste,Perfumaria,99.18,54.06,7.0,Manteiga de manga_Julho_233
2025-07-03,Manteiga de manga,Julho,7,Industria,Sul,Sabonetes,29.45,94.94,9.0,Manteiga de manga_Julho_234
2025-07-25,Manteiga de manga,Julho,7,Exportacao,Exterior,Farmacêutico,101.89,127.66,8.0,Manteiga de manga_Julho_235
2025-07-03,Manteiga de manga,Julho,7,Industria,Norte,Farmacêutico,79.59,107.72,9.0,Manteiga de manga_Julho_236
2025-07-03,Manteiga de manga,Julho,7,Distribuidor,Sudeste,Ingredientes,40.71,111.96,7.0,Manteiga de manga_Julho_237
2025-07-05,Manteiga de manga,Julho,7,Distribuidor,Sudeste,Cosméticos,67.46,89.56,9.0,Manteiga de manga_Julho_238
2025-07-28,Manteiga de manga,Julho,7,Industria,Centro-Oeste,Sabonetes,113.21,64.24,8.0,Manteiga de manga_Julho_239
2025-07-06,Manteiga de manga,Julho,7,Industria,Nordeste,Sabonetes,83.86,90.87,10.0,Manteiga de manga_Julho_240
2025-07-29,Manteiga de manga,Julho,7,Industria,Sudeste,Sabonetes,38.99,84.31,8.0,Manteiga de manga_Julho_241
2025-07-05,Manteiga de manga,Julho,7,Industria,Sul,Ingredientes,88.06,62.17,7.0,Manteiga de manga_Julho_242
2025-07-21,Manteiga de manga,Julho,7,Distribuidor,Sul,Sabonetes,148.5,109.77,9.0,Manteiga de manga_Julho_243
2025-07-18,Manteiga de manga,Julho,7,Industria,Centro-Oeste,Perfumaria,175.9,75.92,6.0,Manteiga de manga_Julho_244
2025-07-03,Manteiga de manga,Julho,7,Industria,Sudeste,Perfumaria,124.82,105.8,6.0,Manteiga de manga_Julho_245
2025-07-16,Manteiga de manga,Julho,7,Distribuidor,Sul,Ingredientes,91.03,102.12,7.0,Manteiga de manga_Julho_246
2025-07-28,Manteiga de manga,Julho,7,Industria,Nordeste,Sabonetes,43.04,114.09,8.0,Manteiga de manga_Julho_247
2025-07-03,Manteiga de manga,Julho,7,Industria,Sul,Cosméticos,125.33,94.42,7.0,Manteiga de manga_Julho_248
2025-07-21,Manteiga de manga,Julho,7,Distribuidor,Nordeste,Ingredientes,121.47,81.44,8.0,Manteiga de manga_Julho_249
2025-07-08,Manteiga de manga,Julho,7,Distribuidor,Sul,Sabonetes,124.91,47.18,9.0,Manteiga de manga_Julho_250
2025-07-14,Manteiga de manga,Julho,7,Distribuidor,Sul,Farmacêutico,121.25,69.01,6.0,Manteiga de manga_Julho_251
2025-07-07,Manteiga de manga,Julho,7,Industria,Sudeste,Sabonetes,122.98,56.22,8.0,Manteiga de manga_Julho_252
2025-07-22,Manteiga de manga,Julho,7,Industria,Nordeste,Sabonetes,138.76,98.19,9.0,Manteiga de manga_Julho_253
2025-07-01,Manteiga de manga,Julho,7,Industria,Sul,Cosméticos,50.98,83.4,9.0,Manteiga de manga_Julho_254
2025-07-17,Manteiga de manga,Julho,7,Industria,Centro-Oeste,Farmacêutico,41.4,61.9,10.0,Manteiga de manga_Julho_255
2025-07-18,Manteiga de manga,Julho,7,Industria,Sudeste,Perfumaria,95.9,48.43,,Manteiga de manga_Julho_256
2025-07-08,Manteiga de manga,Julho,7,Industria,Nordeste,Ingredientes,85.64,58.95,10.0,Manteiga de manga_Julho_257
2025-07-10,Manteiga de manga,Julho,7,Industria,Centro-Oeste,Perfumaria,190.01,73.53,8.0,Manteiga de manga_Julho_258
2025-07-06,Manteiga de manga,Julho,7,Industria,Nordeste,Farmacêutico,128.87,109.74,8.0,Manteiga de manga_Julho_259
2025-07-06,Manteiga de manga,Julho,7,Distribuidor,Sudeste,Perfumaria,136.5,116.87,10.0,Manteiga de manga_Julho_260
2025-07-25,Manteiga de manga,Julho,7,Industria,Norte,Cosméticos,187.92,54.57,7.0,Manteiga de manga_Julho_261
2025-07-25,Manteiga de manga,Julho,7,Distribuidor,Sudeste,Farmacêutico,36.93,97.35,8.0,Manteiga de manga_Julho_262
2025-07-31,Manteiga de manga,Julho,7,Industria,Sudeste,Ingredientes,149.43,57.7,9.0,Manteiga de manga_Julho_263
2025-07-11,Manteiga de manga,Julho,7,Industria,Sudeste,Perfumaria,70.36,55.42,7.0,Manteiga de manga_Julho_264
2025-07-01,Manteiga de manga,Julho,7,Industria,Sul,Farmacêutico,168.79,101.36,8.0,Manteiga de manga_Julho_265
2025-07-13,Manteiga de manga,Julho,7,Industria,Sul,,47.04,61.79,8.0,Manteiga de manga_Julho_266
2025-07-19,Manteiga de manga,Julho,7,Industria,Sudeste,Farmacêutico,122.8,100.63,9.0,Manteiga de manga_Julho_267
2025-07-08,Manteiga de manga,Julho,7,Distribuidor,Centro-Oeste,Perfumaria,137.79,82.98,8.0,Manteiga de manga_Julho_268
2025-07-29,Manteiga de manga,Julho,7,Industria,Sudeste,Perfumaria,132.19,74.67,8.0,Manteiga de manga_Julho_269
2025-07-12,Manteiga de manga,Julho,7,Distribuidor,Sul,Sabonetes,158.82,104.58,7.0,Manteiga de manga_Julho_270
2025-07-19,Manteiga de manga,Julho,7,Distribuidor,Nordeste,Cosméticos,93.62,112.26,8.0,Manteiga de manga_Julho_271
2025-07-10,Manteiga de manga,Julho,7,Distribuidor,Sul,Sabonetes,62.22,90.33,8.0,Manteiga de manga_Julho_272
2025-07-27,Manteiga de manga,Julho,7,Industria,Norte,,47.13,72.42,8.0,Manteiga de manga_Julho_273
2025-07-30,Manteiga de manga,Julho,7,Industria,Sudeste,Perfumaria,60.68,49.03,6.0,Manteiga de manga_Julho_274
2025-07-11,Manteiga de manga,Julho,7,Distribuidor,Sudeste,Farmacêutico,29.34,56.02,8.0,Manteiga de manga_Julho_275
2025-07-01,Manteiga de manga,Julho,7,Exportacao,Exterior,Ingredientes,37.62,111.94,8.0,Manteiga de manga_Julho_276
2025-07-25,Manteiga de manga,Julho,7,Exportacao,Exterior,Sabonetes,135.79,59.79,9.0,Manteiga de manga_Julho_277
2025-07-24,Manteiga de manga,Julho,7,Industria,Norte,Sabonetes,124.18,84.49,8.0,Manteiga de manga_Julho_278
2025-07-25,Manteiga de manga,Julho,7,Industria,Sul,Farmacêutico,28.93,108.21,9.0,Manteiga de manga_Julho_279
2025-07-19,Manteiga de manga,Julho,7,Industria,Sudeste,Perfumaria,37.28,85.83,8.0,Manteiga de manga_Julho_280
2025-07-22,Manteiga de manga,Julho,7,Industria,Norte,Cosméticos,95.6,98.43,9.0,Manteiga de manga_Julho_281
2025-07-22,Manteiga de manga,Julho,7,Industria,Sul,Perfumaria,187.16,113.86,8.0,Manteiga de manga_Julho_282
2025-07-30,Manteiga de manga,Julho,7,Exportacao,Exterior,Cosméticos,118.11,105.76,5.0,Manteiga de manga_Julho_283
2025-07-07,Manteiga de manga,Julho,7,Exportacao,Exterior,Cosméticos,41.33,80.91,9.0,Manteiga de manga_Julho_284
2025-07-21,Manteiga de manga,Julho,7,Industria,Sul,Sabonetes,149.44,75.07,9.0,Manteiga de manga_Julho_285
2025-07-08,Manteiga de manga,Julho,7,Industria,Norte,Sabonetes,32.78,79.41,7.0,Manteiga de manga_Julho_286
2025-07-30,Manteiga de manga,Julho,7,Industria,Sudeste,Ingredientes,138.82,63.35,7.0,Manteiga de manga_Julho_287
2025-07-04,Manteiga de manga,Julho,7,Industria,Sudeste,Sabonetes,172.03,86.14,7.0,Manteiga de manga_Julho_288
2025-07-08,Manteiga de manga,Julho,7,Industria,Nordeste,Ingredientes,176.16,67.64,8.0,Manteiga de manga_Julho_289
2025-07-28,Manteiga de manga,Julho,7,Industria,Sudeste,Perfumaria,184.58,86.98,8.0,Manteiga de manga_Julho_290
2025-07-02,Manteiga de manga,Julho,7,Industria,Sudeste,Cosméticos,194.52,93.35,7.0,Manteiga de manga_Julho_291
2025-07-18,Manteiga de manga,Julho,7,Industria,Sul,Farmacêutico,116.02,62.52,7.0,Manteiga de manga_Julho_292
2025-07-22,Manteiga de manga,Julho,7,Industria,Norte,Sabonetes,201.46,79.85,6.0,Manteiga de manga_Julho_293
2025-07-13,Manteiga de manga,Julho,7,Distribuidor,Sudeste,Farmacêutico,99.21,66.59,7.0,Manteiga de manga_Julho_294
2025-07-16,Manteiga de manga,Julho,7,Industria,Nordeste,Farmacêutico,163.22,75.53,7.0,Manteiga de manga_Julho_295
2025-07-25,Manteiga de manga,Julho,7,Industria,Sudeste,Sabonetes,34.89,49.28,6.0,Manteiga de manga_Julho_296
2025-07-12,Manteiga de manga,Julho,7,Industria,Nordeste,Cosméticos,161.85,69.98,8.0,Manteiga de manga_Julho_297
2025-07-01,Manteiga de manga,Julho,7,Industria,Centro-Oeste,Farmacêutico,26.27,108.2,8.0,Manteiga de manga_Julho_298
2025-07-30,Manteiga de manga,Julho,7,Exportacao,Exterior,,109.56,97.31,10.0,Manteiga de manga_Julho_299
2025-07-19,Manteiga de manga,Julho,7,Distribuidor,Sudeste,Ingredientes,130.64,88.67,7.0,Manteiga de manga_Julho_300
2025-07-10,Manteiga de manga,Julho,7,Industria,Sul,,73.54,47.86,8.0,Manteiga de manga_Julho_301
2025-07-03,Manteiga de manga,Julho,7,Industria,Sudeste,Ingredientes,177.14,53.99,9.0,Manteiga de manga_Julho_302
2025-07-12,Manteiga de manga,Julho,7,Industria,Sudeste,Ingredientes,135.66,117.03,5.0,Manteiga de manga_Julho_303
2025-07-16,Manteiga de manga,Julho,7,Industria,Sudeste,,39.28,55.01,9.0,Manteiga de manga_Julho_304
2025-07-01,Manteiga de manga,Julho,7,Industria,Centro-Oeste,Ingredientes,45.0,90.36,8.0,Manteiga de manga_Julho_305
2025-07-08,Manteiga de manga,Julho,7,Industria,Sul,Perfumaria,56.83,87.62,7.0,Manteiga de manga_Julho_306
2025-07-18,Manteiga de manga,Julho,7,Industria,Sudeste,Farmacêutico,146.07,48.5,9.0,Manteiga de manga_Julho_307
2025-07-27,Manteiga de manga,Julho,7,Industria,Sul,Farmacêutico,69.25,58.63,7.0,Manteiga de manga_Julho_308
2025-07-04,Manteiga de manga,Julho,7,Industria,Sudeste,Sabonetes,18.82,92.01,8.0,Manteiga de manga_Julho_309
2025-07-31,Manteiga de manga,Julho,7,Industria,Sudeste,Ingredientes,128.37,87.0,8.0,Manteiga de manga_Julho_310
2025-07-05,Manteiga de manga,Julho,7,Industria,Sudeste,Cosméticos,30.08,73.89,8.0,Manteiga de manga_Julho_311
2025-07-12,Manteiga de manga,Julho,7,Distribuidor,Sudeste,Farmacêutico,84.63,103.15,8.0,Manteiga de manga_Julho_312
2025-07-20,Manteiga de manga,Julho,7,Industria,Sudeste,,155.68,91.5,8.0,Manteiga de manga_Julho_313
2025-07-30,Manteiga de manga,Julho,7,Industria,Norte,Ingredientes,91.31,78.15,7.0,Manteiga de manga_Julho_314
2025-07-23,Manteiga de manga,Julho,7,Industria,Sul,Farmacêutico,75.18,87.38,10.0,Manteiga de manga_Julho_315
2025-07-06,Manteiga de manga,Julho,7,Industria,Sul,Ingredientes,165.42,47.44,8.0,Manteiga de manga_Julho_316
2025-07-02,Manteiga de manga,Julho,7,Industria,Sul,Farmacêutico,75.62,91.46,7.0,Manteiga de manga_Julho_317
2025-07-31,Manteiga de manga,Julho,7,Industria,Sul,Ingredientes,138.87,116.79,9.0,Manteiga de manga_Julho_318
2025-07-24,Manteiga de manga,Julho,7,Industria,Sudeste,Sabonetes,139.52,77.92,9.0,Manteiga de manga_Julho_319
2025-07-01,Manteiga de manga,Julho,7,Distribuidor,Norte,Cosméticos,114.78,61.19,9.0,Manteiga de manga_Julho_320
2025-07-31,Manteiga de manga,Julho,7,Industria,Sul,Perfumaria,62.34,72.57,7.0,Manteiga de manga_Julho_321
2025-07-08,Manteiga de manga,Julho,7,Industria,Nordeste,Sabonetes,65.59,91.39,8.0,Manteiga de manga_Julho_322
2025-07-13,Manteiga de manga,Julho,7,Industria,Sudeste,Ingredientes,65.35,103.25,6.0,Manteiga de manga_Julho_323
2025-07-09,Manteiga de manga,Julho,7,Industria,Sudeste,Sabonetes,30.77,49.47,7.0,Manteiga de manga_Julho_324
2025-07-16,Manteiga de manga,Julho,7,Distribuidor,Sudeste,Perfumaria,123.06,46.27,6.0,Manteiga de manga_Julho_325
2025-07-20,Manteiga de manga,Julho,7,Industria,Centro-Oeste,Perfumaria,212.2,46.78,,Manteiga de manga_Julho_326
2025-07-13,Manteiga de manga,Julho,7,Industria,Sudeste,Farmacêutico,18.97,53.83,6.0,Manteiga de manga_Julho_327
2025-07-19,Manteiga de manga,Julho,7,Industria,Norte,Perfumaria,26.6,88.23,9.0,Manteiga de manga_Julho_328
2025-07-28,Manteiga de manga,Julho,7,Distribuidor,Sul,Cosméticos,101.46,50.5,9.0,Manteiga de manga_Julho_329
2025-07-06,Manteiga de manga,Julho,7,Industria,Sudeste,Ingredientes,128.22,97.82,10.0,Manteiga de manga_Julho_330
2025-07-19,Manteiga de manga,Julho,7,Industria,Nordeste,Ingredientes,93.86,116.61,10.0,Manteiga de manga_Julho_331
2025-07-02,Manteiga de manga,Julho,7,Industria,Sudeste,Sabonetes,149.83,78.31,7.0,Manteiga de manga_Julho_332
2025-07-28,Manteiga de manga,Julho,7,Industria,Sudeste,Farmacêutico,73.27,60.14,9.0,Manteiga de manga_Julho_333
2025-07-28,Manteiga de manga,Julho,7,Distribuidor,Sudeste,Perfumaria,144.22,113.05,9.0,Manteiga de manga_Julho_334
2025-07-28,Manteiga de manga,Julho,7,Exportacao,Exterior,Ingredientes,46.56,103.15,7.0,Manteiga de manga_Julho_335
2025-07-17,Manteiga de manga,Julho,7,Industria,Sudeste,Cosméticos,100.48,87.13,9.0,Manteiga de manga_Julho_336
2025-07-27,Manteiga de manga,Julho,7,Distribuidor,Sudeste,Farmacêutico,146.81,100.33,9.0,Manteiga de manga_Julho_337
2025-07-17,Manteiga de manga,Julho,7,Distribuidor,Sudeste,Farmacêutico,62.6,118.94,7.0,Manteiga de manga_Julho_338
2025-07-06,Manteiga de manga,Julho,7,Industria,Sul,Farmacêutico,159.89,80.58,8.0,Manteiga de manga_Julho_339
2025-07-22,Manteiga de manga,Julho,7,Exportacao,Exterior,Cosméticos,112.24,60.05,10.0,Manteiga de manga_Julho_340
2025-07-08,Manteiga de manga,Julho,7,Industria,Nordeste,Farmacêutico,75.27,48.83,9.0,Manteiga de manga_Julho_341
2025-07-15,Manteiga de manga,Julho,7,Distribuidor,Sudeste,Ingredientes,41.26,115.8,,Manteiga de manga_Julho_342
2025-07-08,Manteiga de manga,Julho,7,Industria,Sul,Cosméticos,82.02,94.8,5.0,Manteiga de manga_Julho_343
2025-07-05,Manteiga de manga,Julho,7,Distribuidor,Sul,Cosméticos,22.36,91.69,6.0,Manteiga de manga_Julho_344
2025-07-19,Manteiga de manga,Julho,7,Industria,Sudeste,Ingredientes,137.28,111.74,8.0,Manteiga de manga_Julho_345
2025-07-27,Manteiga de manga,Julho,7,Industria,Nordeste,Perfumaria,68.32,62.62,7.0,Manteiga de manga_Julho_346
2025-07-02,Manteiga de manga,Julho,7,Industria,Nordeste,Farmacêutico,26.44,68.3,7.0,Manteiga de manga_Julho_347
2025-07-20,Manteiga de manga,Julho,7,Industria,Sudeste,Cosméticos,93.84,53.13,7.0,Manteiga de manga_Julho_348
2025-07-10,Manteiga de manga,Julho,7,Industria,Sul,Cosméticos,107.1,54.3,8.0,Manteiga de manga_Julho_349
2025-07-30,Manteiga de manga,Julho,7,Industria,Sudeste,Cosméticos,43.45,106.23,9.0,Manteiga de manga_Julho_350
2025-07-28,Manteiga de manga,Julho,7,Industria,Sudeste,Perfumaria,111.67,51.87,7.0,Manteiga de manga_Julho_351
2025-07-12,Manteiga de manga,Julho,7,Industria,Sudeste,Ingredientes,210.79,62.69,7.0,Manteiga de manga_Julho_352
2025-07-18,Manteiga de manga,Julho,7,Distribuidor,Nordeste,Farmacêutico,59.47,68.73,10.0,Manteiga de manga_Julho_353
2025-07-15,Manteiga de manga,Julho,7,Distribuidor,Sudeste,Sabonetes,89.44,72.2,7.0,Manteiga de manga_Julho_354
2025-07-03,Manteiga de manga,Julho,7,Distribuidor,Nordeste,Perfumaria,61.61,82.31,6.0,Manteiga de manga_Julho_355
2025-07-16,Manteiga de manga,Julho,7,Industria,Sul,Sabonetes,24.38,59.29,8.0,Manteiga de manga_Julho_356
2025-07-24,Manteiga de manga,Julho,7,Distribuidor,Norte,Farmacêutico,155.7,84.07,10.0,Manteiga de manga_Julho_357
2025-07-05,Manteiga de manga,Julho,7,Industria,Sudeste,Cosméticos,78.56,48.0,7.0,Manteiga de manga_Julho_358
2025-07-01,Manteiga de manga,Julho,7,Industria,Sudeste,Farmacêutico,34.14,58.28,7.0,Manteiga de manga_Julho_359
2025-07-27,Manteiga de manga,Julho,7,Industria,Sul,Ingredientes,15.92,114.34,9.0,Manteiga de manga_Julho_360
2025-07-15,Manteiga de manga,Julho,7,Industria,Sudeste,Perfumaria,79.1,109.02,9.0,Manteiga de manga_Julho_361
2025-07-04,Manteiga de manga,Julho,7,Industria,Sudeste,Perfumaria,123.23,80.95,8.0,Manteiga de manga_Julho_362
2025-07-13,Manteiga de manga,Julho,7,Industria,Sul,Ingredientes,198.01,63.32,8.0,Manteiga de manga_Julho_363
2025-07-22,Manteiga de manga,Julho,7,Distribuidor,Nordeste,Sabonetes,129.31,117.91,7.0,Manteiga de manga_Julho_364
2025-07-18,Manteiga de manga,Julho,7,Industria,Sul,Ingredientes,55.23,85.28,7.0,Manteiga de manga_Julho_365
2025-07-07,Manteiga de manga,Julho,7,Industria,Norte,Sabonetes,153.11,79.0,6.0,Manteiga de manga_Julho_366
2025-07-26,Manteiga de manga,Julho,7,Industria,Sudeste,Cosméticos,195.26,49.9,9.0,Manteiga de manga_Julho_367
2025-07-15,Manteiga de manga,Julho,7,Industria,Nordeste,Cosméticos,105.38,58.51,9.0,Manteiga de manga_Julho_368
2025-07-01,Manteiga de manga,Julho,7,Industria,Norte,Farmacêutico,62.14,92.29,7.0,Manteiga de manga_Julho_369
2025-07-11,Manteiga de manga,Julho,7,Industria,Sul,Cosméticos,49.14,55.6,7.0,Manteiga de manga_Julho_370
2025-07-05,Manteiga de manga,Julho,7,Distribuidor,Sul,Ingredientes,61.17,49.61,9.0,Manteiga de manga_Julho_371
2025-07-20,Manteiga de manga,Julho,7,Distribuidor,Sul,Perfumaria,158.38,51.23,9.0,Manteiga de manga_Julho_372
2025-07-24,Manteiga de manga,Julho,7,Industria,Nordeste,Farmacêutico,66.22,111.66,10.0,Manteiga de manga_Julho_373
2025-07-15,Manteiga de manga,Julho,7,Industria,Norte,Cosméticos,151.74,53.06,7.0,Manteiga de manga_Julho_374
2025-07-11,Manteiga de manga,Julho,7,Distribuidor,Sul,Cosméticos,157.89,46.66,9.0,Manteiga de manga_Julho_375
2025-07-11,Manteiga de manga,Julho,7,Industria,Nordeste,Ingredientes,92.92,59.37,8.0,Manteiga de manga_Julho_376
2025-07-02,Manteiga de manga,Julho,7,Exportacao,Exterior,Cosméticos,59.2,52.6,8.0,Manteiga de manga_Julho_377
2025-07-16,Manteiga de manga,Julho,7,Industria,Nordeste,Perfumaria,22.54,72.17,6.0,Manteiga de manga_Julho_378
2025-07-20,Manteiga de manga,Julho,7,Industria,Nordeste,Perfumaria,34.72,61.04,9.0,Manteiga de manga_Julho_379
2025-07-27,Manteiga de manga,Julho,7,Industria,Norte,Farmacêutico,172.39,81.24,9.0,Manteiga de manga_Julho_380
2025-07-15,Manteiga de manga,Julho,7,Industria,Sudeste,Perfumaria,131.74,81.27,9.0,Manteiga de manga_Julho_381
2025-07-07,Manteiga de manga,Julho,7,Industria,Nordeste,Cosméticos,118.34,71.32,7.0,Manteiga de manga_Julho_382
2025-07-23,Manteiga de manga,Julho,7,Exportacao,Exterior,Ingredientes,89.3,129.75,10.0,Manteiga de manga_Julho_383
2025-07-02,Manteiga de manga,Julho,7,Industria,Sul,Farmacêutico,11.84,52.79,8.0,Manteiga de manga_Julho_384
2025-07-16,Manteiga de manga,Julho,7,Industria,Nordeste,Sabonetes,147.0,96.32,7.0,Manteiga de manga_Julho_385
2025-07-20,Manteiga de manga,Julho,7,Industria,Nordeste,Ingredientes,105.57,114.44,6.0,Manteiga de manga_Julho_386
2025-07-25,Manteiga de manga,Julho,7,Industria,Sul,Cosméticos,37.47,58.26,8.0,Manteiga de manga_Julho_387
2025-07-10,Manteiga de manga,Julho,7,Industria,Nordeste,Perfumaria,99.3,82.41,9.0,Manteiga de manga_Julho_388
2025-07-07,Manteiga de manga,Julho,7,Distribuidor,Sudeste,,45.1,55.19,8.0,Manteiga de manga_Julho_389
2025-07-24,Manteiga de manga,Julho,7,Industria,Sul,Farmacêutico,91.43,84.36,8.0,Manteiga de manga_Julho_390
2025-07-24,Manteiga de manga,Julho,7,Industria,Sudeste,Perfumaria,140.19,82.27,9.0,Manteiga de manga_Julho_391
2025-07-11,Manteiga de manga,Julho,7,Industria,Sul,Perfumaria,85.51,94.85,8.0,Manteiga de manga_Julho_392
2025-07-17,Manteiga de manga,Julho,7,Industria,Sudeste,Sabonetes,89.74,99.49,7.0,Manteiga de manga_Julho_393
2025-07-21,Manteiga de manga,Julho,7,Industria,Sul,Perfumaria,69.48,110.38,6.0,Manteiga de manga_Julho_394
2025-07-24,Manteiga de manga,Julho,7,Distribuidor,Sudeste,Farmacêutico,146.86,103.16,8.0,Manteiga de manga_Julho_395
2025-07-07,Manteiga de manga,Julho,7,Exportacao,Exterior,Sabonetes,189.74,77.7,8.0,Manteiga de manga_Julho_396
2025-07-16,Manteiga de manga,Julho,7,Industria,Sudeste,Ingredientes,214.73,82.19,8.0,Manteiga de manga_Julho_397
2025-07-17,Manteiga de manga,Julho,7,Industria,Sul,Sabonetes,54.66,74.36,9.0,Manteiga de manga_Julho_398
2025-07-22,Manteiga de manga,Julho,7,Distribuidor,Sudeste,Sabonetes,10.18,74.6,9.0,Manteiga de manga_Julho_399
2025-07-27,Manteiga de manga,Julho,7,Distribuidor,Sudeste,Cosméticos,124.29,113.4,6.0,Manteiga de manga_Julho_400
2025-07-19,Manteiga de manga,Julho,7,Industria,Centro-Oeste,Cosméticos,126.25,111.55,7.0,Manteiga de manga_Julho_401
2025-07-30,Manteiga de manga,Julho,7,Industria,Sudeste,Perfumaria,69.33,90.47,8.0,Manteiga de manga_Julho_402
2025-07-28,Manteiga de manga,Julho,7,Industria,Sudeste,Perfumaria,41.19,81.0,6.0,Manteiga de manga_Julho_403
2025-07-10,Manteiga de manga,Julho,7,Industria,Nordeste,Perfumaria,51.76,45.68,7.0,Manteiga de manga_Julho_404
2025-07-03,Manteiga de manga,Julho,7,Distribuidor,Sul,Sabonetes,52.31,48.15,7.0,Manteiga de manga_Julho_405
2025-07-18,Manteiga de manga,Julho,7,Industria,Nordeste,Farmacêutico,84.62,46.91,8.0,Manteiga de manga_Julho_406
2025-07-20,Manteiga de manga,Julho,7,Exportacao,Exterior,Farmacêutico,108.83,104.53,10.0,Manteiga de manga_Julho_407
2025-07-19,Manteiga de manga,Julho,7,Industria,Nordeste,Cosméticos,59.86,61.99,8.0,Manteiga de manga_Julho_408
2025-07-03,Manteiga de manga,Julho,7,Exportacao,Exterior,Ingredientes,198.6,123.63,7.0,Manteiga de manga_Julho_409
2025-07-16,Manteiga de manga,Julho,7,Industria,Centro-Oeste,Farmacêutico,130.19,110.8,8.0,Manteiga de manga_Julho_410
2025-07-28,Manteiga de manga,Julho,7,Exportacao,Exterior,Cosméticos,70.95,90.56,9.0,Manteiga de manga_Julho_411
2025-07-21,Manteiga de manga,Julho,7,Industria,Sul,Cosméticos,72.68,104.99,9.0,Manteiga de manga_Julho_412
2025-07-22,Manteiga de manga,Julho,7,Exportacao,Exterior,Ingredientes,102.27,87.88,6.0,Manteiga de manga_Julho_413
2025-07-04,Manteiga de manga,Julho,7,Industria,Norte,Sabonetes,33.44,47.66,9.0,Manteiga de manga_Julho_414
2025-07-03,Manteiga de manga,Julho,7,Industria,Nordeste,Cosméticos,26.12,60.66,7.0,Manteiga de manga_Julho_415
2025-07-23,Manteiga de manga,Julho,7,Distribuidor,Sul,Sabonetes,64.02,45.88,9.0,Manteiga de manga_Julho_416
2025-07-16,Manteiga de manga,Julho,7,Industria,Sudeste,Cosméticos,35.89,64.14,10.0,Manteiga de manga_Julho_417
2025-07-26,Manteiga de manga,Julho,7,Industria,Sul,Cosméticos,110.05,112.45,7.0,Manteiga de manga_Julho_418
2025-07-26,Manteiga de manga,Julho,7,Industria,Sudeste,Ingredientes,48.67,117.33,10.0,Manteiga de manga_Julho_419
2025-07-02,Manteiga de manga,Julho,7,Industria,Nordeste,Sabonetes,155.73,92.35,6.0,Manteiga de manga_Julho_420
2025-07-01,Manteiga de manga,Julho,7,Industria,Norte,Cosméticos,39.12,81.22,7.0,Manteiga de manga_Julho_421
2025-07-05,Manteiga de manga,Julho,7,Industria,Sudeste,Perfumaria,57.6,115.58,10.0,Manteiga de manga_Julho_422
2025-07-21,Manteiga de manga,Julho,7,Industria,Sul,Ingredientes,61.37,72.66,7.0,Manteiga de manga_Julho_423
2025-07-10,Manteiga de manga,Julho,7,Industria,Norte,Perfumaria,150.73,73.5,6.0,Manteiga de manga_Julho_424
2025-07-26,Manteiga de manga,Julho,7,Industria,Centro-Oeste,Sabonetes,51.66,49.1,9.0,Manteiga de manga_Julho_425
2025-07-30,Manteiga de manga,Julho,7,Distribuidor,Centro-Oeste,Farmacêutico,82.65,81.05,8.0,Manteiga de manga_Julho_426
2025-07-07,Manteiga de manga,Julho,7,Distribuidor,Nordeste,Farmacêutico,128.99,48.52,8.0,Manteiga de manga_Julho_427
2025-07-19,Manteiga de manga,Julho,7,Exportacao,Exterior,Perfumaria,109.68,63.36,8.0,Manteiga de manga_Julho_428
2025-07-11,Manteiga de manga,Julho,7,Industria,Sul,Farmacêutico,133.06,107.31,6.0,Manteiga de manga_Julho_429
2025-07-30,Manteiga de manga,Julho,7,Industria,Sul,Perfumaria,147.09,58.52,7.0,Manteiga de manga_Julho_430
2025-07-04,Manteiga de manga,Julho,7,Industria,Sudeste,Farmacêutico,85.08,92.35,7.0,Manteiga de manga_Julho_431
2025-07-15,Manteiga de manga,Julho,7,Industria,Nordeste,Farmacêutico,82.69,89.19,7.0,Manteiga de manga_Julho_432
2025-07-13,Manteiga de manga,Julho,7,Distribuidor,Nordeste,Cosméticos,59.24,62.87,10.0,Manteiga de manga_Julho_433
2025-07-06,Manteiga de manga,Julho,7,Industria,Sudeste,Ingredientes,153.06,104.91,8.0,Manteiga de manga_Julho_434
2025-07-07,Manteiga de manga,Julho,7,Industria,Sudeste,Perfumaria,125.41,84.19,6.0,Manteiga de manga_Julho_435
2025-07-28,Manteiga de manga,Julho,7,Distribuidor,Sudeste,Cosméticos,124.86,96.87,8.0,Manteiga de manga_Julho_436
2025-07-06,Manteiga de manga,Julho,7,Industria,Centro-Oeste,Sabonetes,93.89,101.33,9.0,Manteiga de manga_Julho_437
2025-07-14,Manteiga de manga,Julho,7,Exportacao,Exterior,Perfumaria,202.59,112.64,8.0,Manteiga de manga_Julho_438
2025-07-06,Manteiga de manga,Julho,7,Exportacao,Exterior,Ingredientes,14.1,104.86,8.0,Manteiga de manga_Julho_439
2025-07-13,Manteiga de manga,Julho,7,Exportacao,Exterior,Farmacêutico,123.23,79.33,9.0,Manteiga de manga_Julho_440
2025-07-03,Manteiga de manga,Julho,7,Industria,Sudeste,Cosméticos,46.82,80.6,9.0,Manteiga de manga_Julho_441
2025-07-13,Manteiga de manga,Julho,7,Industria,Nordeste,Cosméticos,161.75,84.61,10.0,Manteiga de manga_Julho_442
2025-07-23,Manteiga de manga,Julho,7,Industria,Sudeste,Perfumaria,67.79,86.47,9.0,Manteiga de manga_Julho_443
2025-07-25,Manteiga de manga,Julho,7,Exportacao,Exterior,,24.79,84.41,10.0,Manteiga de manga_Julho_444
2025-07-23,Manteiga de manga,Julho,7,Industria,Sudeste,Sabonetes,76.14,99.91,7.0,Manteiga de manga_Julho_445
2025-07-01,Manteiga de manga,Julho,7,Industria,Sudeste,Perfumaria,171.14,78.59,8.0,Manteiga de manga_Julho_446
2025-07-30,Manteiga de manga,Julho,7,Distribuidor,Norte,Cosméticos,57.68,110.13,8.0,Manteiga de manga_Julho_447
2025-07-13,Manteiga de manga,Julho,7,Exportacao,Exterior,Sabonetes,135.31,53.66,9.0,Manteiga de manga_Julho_448
2025-07-03,Manteiga de manga,Julho,7,Exportacao,Exterior,Cosméticos,131.3,93.09,7.0,Manteiga de manga_Julho_449
2025-07-02,Manteiga de manga,Julho,7,Industria,Nordeste,Farmacêutico,24.28,49.57,6.0,Manteiga de manga_Julho_450
2025-07-06,Manteiga de manga,Julho,7,Industria,Sudeste,Sabonetes,42.07,50.27,7.0,Manteiga de manga_Julho_451
2025-07-03,Manteiga de manga,Julho,7,Industria,Sul,Farmacêutico,182.47,111.56,10.0,Manteiga de manga_Julho_452
2025-07-04,Manteiga de manga,Julho,7,Exportacao,Exterior,Ingredientes,122.83,79.53,10.0,Manteiga de manga_Julho_453
2025-07-03,Manteiga de manga,Julho,7,Industria,Sul,Farmacêutico,27.71,68.91,6.0,Manteiga de manga_Julho_454
2025-07-28,Manteiga de manga,Julho,7,Industria,Sudeste,Perfumaria,164.57,110.23,6.0,Manteiga de manga_Julho_455
2025-07-01,Manteiga de manga,Julho,7,Distribuidor,Centro-Oeste,Farmacêutico,31.58,104.94,8.0,Manteiga de manga_Julho_456
2025-07-02,Manteiga de manga,Julho,7,Industria,Nordeste,Farmacêutico,121.06,111.95,8.0,Manteiga de manga_Julho_457
2025-07-18,Manteiga de manga,Julho,7,Distribuidor,Nordeste,Cosméticos,29.33,90.34,9.0,Manteiga de manga_Julho_458
2025-07-24,Manteiga de manga,Julho,7,Industria,Sul,Farmacêutico,191.2,100.9,6.0,Manteiga de manga_Julho_459
2025-07-30,Manteiga de manga,Julho,7,Industria,Sul,Cosméticos,74.92,45.12,9.0,Manteiga de manga_Julho_460
2025-07-14,Manteiga de manga,Julho,7,Exportacao,Exterior,Farmacêutico,27.88,94.01,8.0,Manteiga de manga_Julho_461
2025-07-01,Manteiga de manga,Julho,7,Industria,Nordeste,Cosméticos,70.22,70.28,6.0,Manteiga de manga_Julho_462
2025-07-22,Manteiga de manga,Julho,7,Industria,Sudeste,Perfumaria,97.16,65.39,6.0,Manteiga de manga_Julho_463
2025-07-03,Manteiga de manga,Julho,7,Industria,Norte,Cosméticos,34.69,74.68,9.0,Manteiga de manga_Julho_464
2025-07-03,Manteiga de manga,Julho,7,Industria,Sul,Sabonetes,82.64,59.7,7.0,Manteiga de manga_Julho_465
2025-07-16,Manteiga de manga,Julho,7,Industria,Norte,Perfumaria,159.59,77.71,9.0,Manteiga de manga_Julho_466
2025-07-24,Manteiga de manga,Julho,7,Exportacao,Exterior,Cosméticos,178.01,106.79,10.0,Manteiga de manga_Julho_467
2025-07-30,Manteiga de manga,Julho,7,Industria,Nordeste,Farmacêutico,61.16,70.7,8.0,Manteiga de manga_Julho_468
2025-07-09,Manteiga de manga,Julho,7,Exportacao,Exterior,Farmacêutico,160.32,55.33,8.0,Manteiga de manga_Julho_469
2025-07-18,Manteiga de manga,Julho,7,Exportacao,Exterior,Perfumaria,58.05,114.72,9.0,Manteiga de manga_Julho_470
2025-07-09,Manteiga de manga,Julho,7,Exportacao,Exterior,Ingredientes,146.3,121.12,9.0,Manteiga de manga_Julho_471
2025-07-24,Manteiga de manga,Julho,7,Industria,Sudeste,Cosméticos,121.7,74.19,8.0,Manteiga de manga_Julho_472
2025-07-17,Manteiga de manga,Julho,7,Exportacao,Exterior,Sabonetes,212.34,148.34,8.0,Manteiga de manga_Julho_473
2025-07-27,Manteiga de manga,Julho,7,Industria,Sudeste,Perfumaria,128.47,84.33,7.0,Manteiga de manga_Julho_474
2025-07-29,Manteiga de manga,Julho,7,Industria,Sudeste,Cosméticos,124.87,58.0,6.0,Manteiga de manga_Julho_475
2025-07-15,Manteiga de manga,Julho,7,Industria,Sudeste,Cosméticos,190.35,88.95,9.0,Manteiga de manga_Julho_476
2025-07-16,Manteiga de manga,Julho,7,Industria,Norte,Perfumaria,94.16,78.74,9.0,Manteiga de manga_Julho_477
2025-07-19,Manteiga de manga,Julho,7,Distribuidor,Sul,Farmacêutico,77.9,61.05,,Manteiga de manga_Julho_478
2025-07-14,Manteiga de manga,Julho,7,Industria,Nordeste,Farmacêutico,39.03,94.94,8.0,Manteiga de manga_Julho_479
2025-07-15,Manteiga de manga,Julho,7,Industria,Sul,Farmacêutico,190.19,63.17,9.0,Manteiga de manga_Julho_480
2025-07-25,Manteiga de manga,Julho,7,Industria,Sul,Perfumaria,87.74,86.28,7.0,Manteiga de manga_Julho_481
2025-07-24,Manteiga de manga,Julho,7,Industria,Nordeste,Cosméticos,142.29,104.38,9.0,Manteiga de manga_Julho_482
2025-07-24,Manteiga de manga,Julho,7,Industria,Sul,Cosméticos,23.41,108.31,6.0,Manteiga de manga_Julho_483
2025-07-13,Manteiga de manga,Julho,7,Distribuidor,Norte,Ingredientes,76.37,74.36,7.0,Manteiga de manga_Julho_484
2025-07-24,Manteiga de manga,Julho,7,Industria,Sul,Cosméticos,62.9,62.82,6.0,Manteiga de manga_Julho_485
2025-07-11,Manteiga de manga,Julho,7,Industria,Sudeste,Sabonetes,141.32,104.13,10.0,Manteiga de manga_Julho_486
2025-07-10,Manteiga de manga,Julho,7,Industria,Sudeste,Ingredientes,63.04,63.44,7.0,Manteiga de manga_Julho_487
2025-07-22,Manteiga de manga,Julho,7,Distribuidor,Sul,Perfumaria,23.5,55.2,7.0,Manteiga de manga_Julho_488
2025-07-31,Manteiga de manga,Julho,7,Industria,Sul,Farmacêutico,207.82,104.23,10.0,Manteiga de manga_Julho_489
2025-07-31,Manteiga de manga,Julho,7,Industria,Centro-Oeste,Sabonetes,197.88,63.87,9.0,Manteiga de manga_Julho_490
2025-07-28,Manteiga de manga,Julho,7,Distribuidor,Sudeste,Sabonetes,10.71,82.22,6.0,Manteiga de manga_Julho_491
2025-07-31,Manteiga de manga,Julho,7,Industria,Sudeste,Cosméticos,132.21,87.63,8.0,Manteiga de manga_Julho_492
2025-07-02,Manteiga de manga,Julho,7,Industria,Sul,Ingredientes,134.84,49.27,8.0,Manteiga de manga_Julho_493
2025-07-18,Manteiga de manga,Julho,7,Exportacao,Exterior,Sabonetes,112.73,130.25,8.0,Manteiga de manga_Julho_494
2025-07-24,Manteiga de manga,Julho,7,Industria,Centro-Oeste,Perfumaria,100.55,90.6,8.0,Manteiga de manga_Julho_495
2025-07-11,Manteiga de manga,Julho,7,Exportacao,Exterior,Sabonetes,99.79,99.03,9.0,Manteiga de manga_Julho_496
2025-07-21,Manteiga de manga,Julho,7,Distribuidor,Sudeste,Ingredientes,99.66,78.68,7.0,Manteiga de manga_Julho_497
2025-07-07,Manteiga de manga,Julho,7,Exportacao,Exterior,Farmacêutico,119.35,112.56,10.0,Manteiga de manga_Julho_498
2025-07-21,Manteiga de manga,Julho,7,Industria,Norte,Ingredientes,163.99,47.09,8.0,Manteiga de manga_Julho_499
2025-07-07,Manteiga de manga,Julho,7,Distribuidor,Nordeste,Farmacêutico,79.88,77.3,8.0,Manteiga de manga_Julho_500
2025-07-18,Manteiga de manga,Julho,7,Industria,Sul,Ingredientes,11.49,113.8,7.0,Manteiga de manga_Julho_501
2025-07-05,Manteiga de manga,Julho,7,Exportacao,Exterior,Farmacêutico,160.31,124.02,9.0,Manteiga de manga_Julho_502
2025-07-29,Manteiga de manga,Julho,7,Industria,Sudeste,Ingredientes,114.63,110.7,8.0,Manteiga de manga_Julho_503
2025-07-15,Manteiga de manga,Julho,7,Industria,Sul,Perfumaria,131.05,71.97,9.0,Manteiga de manga_Julho_504
2025-07-17,Manteiga de manga,Julho,7,Industria,Sudeste,Sabonetes,44.33,62.63,8.0,Manteiga de manga_Julho_505
2025-07-16,Manteiga de manga,Julho,7,Industria,Norte,Farmacêutico,142.61,89.41,6.0,Manteiga de manga_Julho_506
2025-07-16,Manteiga de manga,Julho,7,Industria,Sudeste,Cosméticos,88.94,67.6,8.0,Manteiga de manga_Julho_507
2025-07-15,Manteiga de manga,Julho,7,Industria,Centro-Oeste,Perfumaria,141.3,103.61,8.0,Manteiga de manga_Julho_508
2025-07-27,Manteiga de manga,Julho,7,Industria,Norte,Cosméticos,180.06,91.09,6.0,Manteiga de manga_Julho_509
2025-07-28,Manteiga de manga,Julho,7,Exportacao,Exterior,Perfumaria,56.22,75.74,6.0,Manteiga de manga_Julho_510
2025-07-18,Manteiga de manga,Julho,7,Industria,Sudeste,Ingredientes,145.87,73.32,9.0,Manteiga de manga_Julho_511
2025-07-16,Manteiga de manga,Julho,7,Industria,Sudeste,Farmacêutico,178.24,70.54,10.0,Manteiga de manga_Julho_512
2025-07-29,Manteiga de manga,Julho,7,Distribuidor,Sudeste,Sabonetes,111.7,90.16,6.0,Manteiga de manga_Julho_513
2025-07-21,Manteiga de manga,Julho,7,Industria,Sudeste,Cosméticos,24.01,98.3,8.0,Manteiga de manga_Julho_514
2025-07-14,Manteiga de manga,Julho,7,Industria,Sudeste,Perfumaria,154.78,116.19,,Manteiga de manga_Julho_515
2025-07-25,Manteiga de manga,Julho,7,Industria,Sudeste,Sabonetes,147.18,71.58,8.0,Manteiga de manga_Julho_516
2025-07-04,Manteiga de manga,Julho,7,Industria,Sudeste,Ingredientes,123.32,75.3,8.0,Manteiga de manga_Julho_517
2025-07-16,Manteiga de manga,Julho,7,Industria,Sul,Perfumaria,92.77,118.67,7.0,Manteiga de manga_Julho_518
2025-07-22,Manteiga de manga,Julho,7,Exportacao,Exterior,Sabonetes,58.04,52.73,8.0,Manteiga de manga_Julho_519
2025-07-14,Manteiga de manga,Julho,7,Industria,Sul,Ingredientes,70.87,79.08,6.0,Manteiga de manga_Julho_520
2025-07-05,Manteiga de manga,Julho,7,Industria,Nordeste,Cosméticos,15.39,68.95,7.0,Manteiga de manga_Julho_521
2025-07-12,Manteiga de manga,Julho,7,Distribuidor,Sudeste,Perfumaria,153.34,69.52,8.0,Manteiga de manga_Julho_522
2025-07-18,Manteiga de manga,Julho,7,Distribuidor,Nordeste,Sabonetes,57.06,51.11,8.0,Manteiga de manga_Julho_523
2025-07-24,Manteiga de manga,Julho,7,Distribuidor,Sudeste,Farmacêutico,114.19,100.22,8.0,Manteiga de manga_Julho_524
2025-07-14,Manteiga de manga,Julho,7,Industria,Sul,Ingredientes,22.92,71.89,7.0,Manteiga de manga_Julho_525
2025-08-20,Polpa congelada,Agosto,8,Industria,Sul,Indústria de sorvetes,434.6,6.78,8.0,Polpa congelada_Agosto_0
2025-08-02,Polpa congelada,Agosto,8,Food Service,Sudeste,Hotéis,706.16,11.06,10.0,Polpa congelada_Agosto_1
2025-08-14,Polpa congelada,Agosto,8,Industria,Sudeste,Indústria de ingredientes,702.96,13.3,8.0,Polpa congelada_Agosto_2
2025-08-04,Polpa congelada,Agosto,8,Food Service,Centro-Oeste,Açaíterias,310.86,10.05,9.0,Polpa congelada_Agosto_3
2025-08-22,Polpa congelada,Agosto,8,Exportacao,Exterior,Importador (UE),885.48,11.72,10.0,Polpa congelada_Agosto_4
2025-08-10,Polpa congelada,Agosto,8,Distribuidor,Sudeste,Distribuidor food service,1017.69,10.06,7.0,Polpa congelada_Agosto_5
2025-08-26,Polpa congelada,Agosto,8,Industria,Nordeste,Indústria de sorvetes,832.42,7.79,9.0,Polpa congelada_Agosto_6
2025-08-22,Polpa congelada,Agosto,8,Food Service,Sudeste,Hotéis,867.18,13.39,8.0,Polpa congelada_Agosto_7
2025-08-25,Polpa congelada,Agosto,8,Distribuidor,Nordeste,Operador logístico,898.55,10.85,7.0,Polpa congelada_Agosto_8
2025-08-06,Polpa congelada,Agosto,8,Distribuidor,Nordeste,Central de compras,1161.08,9.61,9.0,Polpa congelada_Agosto_9
2025-08-12,Polpa congelada,Agosto,8,Food Service,Sudeste,Hotéis,913.34,10.87,7.0,Polpa congelada_Agosto_10
2025-08-19,Polpa congelada,Agosto,8,Varejo,Nordeste,Loja natural,504.95,9.36,9.0,Polpa congelada_Agosto_11
2025-08-14,Polpa congelada,Agosto,8,Exportacao,Exterior,Importador (EUA),450.68,8.84,8.0,Polpa congelada_Agosto_12
2025-08-20,Polpa congelada,Agosto,8,Food Service,Sul,Confeitarias,780.81,13.1,8.0,Polpa congelada_Agosto_13
2025-08-22,Polpa congelada,Agosto,8,Industria,Sudeste,Indústria de sorvetes,192.94,10.8,8.0,Polpa congelada_Agosto_14
2025-08-23,Polpa congelada,Agosto,8,Exportacao,Exterior,Trading,624.25,15.74,,Polpa congelada_Agosto_15
2025-08-12,Polpa congelada,Agosto,8,Distribuidor,Sul,Distribuidor food service,978.97,11.34,9.0,Polpa congelada_Agosto_16
2025-08-24,Polpa congelada,Agosto,8,Food Service,Nordeste,Restaurantes,232.22,7.99,10.0,Polpa congelada_Agosto_17
2025-08-01,Polpa congelada,Agosto,8,Exportacao,Exterior,Importador (EUA),608.51,14.9,7.0,Polpa congelada_Agosto_18
2025-08-09,Polpa congelada,Agosto,8,Exportacao,Exterior,Trading,568.66,16.21,7.0,Polpa congelada_Agosto_19
2025-08-13,Polpa congelada,Agosto,8,Distribuidor,Nordeste,Distribuidor food service,614.73,10.62,10.0,Polpa congelada_Agosto_20
2025-08-24,Polpa congelada,Agosto,8,Food Service,Nordeste,Açaíterias,423.6,7.6,6.0,Polpa congelada_Agosto_21
2025-08-24,Polpa congelada,Agosto,8,Distribuidor,Nordeste,Distribuidor regional,1043.11,9.62,,Polpa congelada_Agosto_22
2025-08-21,Polpa congelada,Agosto,8,Food Service,Sudeste,Restaurantes,672.68,9.67,8.0,Polpa congelada_Agosto_23
2025-08-06,Polpa congelada,Agosto,8,Industria,Norte,Indústria de bebidas,1047.31,9.82,10.0,Polpa congelada_Agosto_24
2025-08-21,Polpa congelada,Agosto,8,Exportacao,Exterior,Importador (UE),209.3,10.77,8.0,Polpa congelada_Agosto_25
2025-08-23,Polpa congelada,Agosto,8,Industria,Centro-Oeste,Indústria de alimentos,574.52,8.14,8.0,Polpa congelada_Agosto_26
2025-08-01,Polpa congelada,Agosto,8,Industria,Sudeste,Indústria de ingredientes,236.94,9.71,9.0,Polpa congelada_Agosto_27
2025-08-29,Polpa congelada,Agosto,8,Food Service,Nordeste,Açaíterias,289.92,10.79,9.0,Polpa congelada_Agosto_28
2025-08-03,Polpa congelada,Agosto,8,Distribuidor,Norte,Distribuidor regional,753.93,10.16,8.0,Polpa congelada_Agosto_29
2025-08-17,Polpa congelada,Agosto,8,Industria,Sudeste,Indústria de bebidas,779.96,9.72,8.0,Polpa congelada_Agosto_30
2025-08-19,Polpa congelada,Agosto,8,Food Service,Sudeste,Hotéis,672.13,8.87,7.0,Polpa congelada_Agosto_31
2025-08-26,Polpa congelada,Agosto,8,Exportacao,Exterior,Importador (LATAM),559.08,12.36,8.0,Polpa congelada_Agosto_32
2025-08-15,Polpa congelada,Agosto,8,Varejo,Norte,Supermercados,376.49,13.3,8.0,Polpa congelada_Agosto_33
2025-08-25,Polpa congelada,Agosto,8,Distribuidor,Norte,Central de compras,420.23,11.67,9.0,Polpa congelada_Agosto_34
2025-08-16,Polpa congelada,Agosto,8,Food Service,Sudeste,Cafeterias,394.71,11.92,7.0,Polpa congelada_Agosto_35
2025-08-21,Polpa congelada,Agosto,8,Industria,Norte,Indústria de sorvetes,631.91,11.15,7.0,Polpa congelada_Agosto_36
2025-08-05,Polpa congelada,Agosto,8,Food Service,Nordeste,Restaurantes,388.41,8.29,8.0,Polpa congelada_Agosto_37
2025-08-14,Polpa congelada,Agosto,8,Industria,Sul,Indústria de laticínios,349.67,8.37,9.0,Polpa congelada_Agosto_38
2025-08-02,Polpa congelada,Agosto,8,Distribuidor,Nordeste,Central de compras,209.76,6.08,9.0,Polpa congelada_Agosto_39
2025-08-02,Polpa congelada,Agosto,8,Distribuidor,Norte,Distribuidor regional,316.32,12.64,9.0,Polpa congelada_Agosto_40
2025-08-02,Polpa congelada,Agosto,8,Exportacao,Exterior,Importador (MENA),296.68,8.89,10.0,Polpa congelada_Agosto_41
2025-08-01,Polpa congelada,Agosto,8,Varejo,Centro-Oeste,Empórios,696.68,15.71,8.0,Polpa congelada_Agosto_42
2025-08-06,Polpa congelada,Agosto,8,Industria,Norte,Indústria de laticínios,746.16,8.63,9.0,Polpa congelada_Agosto_43
2025-08-18,Polpa congelada,Agosto,8,Distribuidor,Sul,Distribuidor food service,867.48,11.18,7.0,Polpa congelada_Agosto_44
2025-08-10,Polpa congelada,Agosto,8,Industria,Norte,Indústria de laticínios,729.57,8.88,8.0,Polpa congelada_Agosto_45
2025-08-29,Polpa congelada,Agosto,8,Food Service,Sudeste,Confeitarias,681.88,9.26,6.0,Polpa congelada_Agosto_46
2025-08-15,Polpa congelada,Agosto,8,Varejo,Sudeste,Atacarejo,148.9,8.74,9.0,Polpa congelada_Agosto_47
2025-08-02,Polpa congelada,Agosto,8,Food Service,Sudeste,Cafeterias,153.75,10.63,9.0,Polpa congelada_Agosto_48
2025-08-22,Polpa congelada,Agosto,8,Food Service,Sul,Cafeterias,300.8,10.14,8.0,Polpa congelada_Agosto_49
2025-08-27,Polpa congelada,Agosto,8,Industria,Sudeste,Indústria de bebidas,1162.37,13.38,9.0,Polpa congelada_Agosto_50
2025-08-17,Polpa congelada,Agosto,8,Exportacao,Exterior,Importador (UE),954.91,10.51,10.0,Polpa congelada_Agosto_51
2025-08-07,Polpa congelada,Agosto,8,Industria,Norte,Indústria de bebidas,1257.53,11.83,9.0,Polpa congelada_Agosto_52
2025-08-11,Polpa congelada,Agosto,8,Distribuidor,Sul,Operador logístico,1110.12,12.59,8.0,Polpa congelada_Agosto_53
2025-08-21,Polpa congelada,Agosto,8,Industria,Sul,Indústria de ingredientes,592.67,7.13,9.0,Polpa congelada_Agosto_54
2025-08-26,Polpa congelada,Agosto,8,Industria,Sudeste,Indústria de sorvetes,303.17,9.06,8.0,Polpa congelada_Agosto_55
2025-08-27,Polpa congelada,Agosto,8,Distribuidor,Sudeste,Atacadista,883.84,10.67,9.0,Polpa congelada_Agosto_56
2025-08-26,Polpa congelada,Agosto,8,Industria,Sudeste,Indústria de alimentos,699.33,11.22,,Polpa congelada_Agosto_57
2025-08-10,Polpa congelada,Agosto,8,Industria,Centro-Oeste,Indústria de sorvetes,597.45,12.58,9.0,Polpa congelada_Agosto_58
2025-08-31,Polpa congelada,Agosto,8,Industria,Sudeste,Indústria de ingredientes,420.15,8.88,8.0,Polpa congelada_Agosto_59
2025-08-20,Polpa congelada,Agosto,8,Food Service,Sul,Restaurantes,204.0,12.7,9.0,Polpa congelada_Agosto_60
2025-08-15,Polpa congelada,Agosto,8,Exportacao,Exterior,Importador (EUA),559.93,9.48,9.0,Polpa congelada_Agosto_61
2025-08-30,Polpa congelada,Agosto,8,Varejo,Centro-Oeste,,108.41,13.54,6.0,Polpa congelada_Agosto_62
2025-08-13,Polpa congelada,Agosto,8,Exportacao,Exterior,Importador (UE),521.62,14.21,8.0,Polpa congelada_Agosto_63
2025-08-10,Polpa congelada,Agosto,8,Industria,Nordeste,Indústria de alimentos,262.76,8.04,4.0,Polpa congelada_Agosto_64
2025-08-31,Polpa congelada,Agosto,8,Food Service,Nordeste,Cafeterias,421.76,9.57,8.0,Polpa congelada_Agosto_65
2025-08-17,Polpa congelada,Agosto,8,Distribuidor,Centro-Oeste,Central de compras,1071.65,8.96,7.0,Polpa congelada_Agosto_66
2025-08-12,Polpa congelada,Agosto,8,Industria,Sul,Indústria de sorvetes,250.33,13.24,7.0,Polpa congelada_Agosto_67
2025-08-06,Polpa congelada,Agosto,8,Varejo,Centro-Oeste,E-commerce,657.41,8.44,6.0,Polpa congelada_Agosto_68
2025-08-05,Polpa congelada,Agosto,8,Varejo,Sudeste,Atacarejo,174.11,14.9,7.0,Polpa congelada_Agosto_69
2025-08-12,Polpa congelada,Agosto,8,Exportacao,Exterior,Importador (LATAM),906.77,12.18,8.0,Polpa congelada_Agosto_70
2025-08-13,Polpa congelada,Agosto,8,Distribuidor,Sul,Operador logístico,955.16,11.28,7.0,Polpa congelada_Agosto_71
2025-08-03,Polpa congelada,Agosto,8,Industria,Sudeste,Indústria de sorvetes,565.64,7.18,9.0,Polpa congelada_Agosto_72
2025-08-13,Polpa congelada,Agosto,8,Distribuidor,Centro-Oeste,Central de compras,528.53,7.51,6.0,Polpa congelada_Agosto_73
2025-08-13,Polpa congelada,Agosto,8,Food Service,Centro-Oeste,Cafeterias,771.36,11.32,8.0,Polpa congelada_Agosto_74
2025-08-09,Polpa congelada,Agosto,8,Industria,Sul,Indústria de laticínios,725.67,12.26,6.0,Polpa congelada_Agosto_75
2025-08-18,Polpa congelada,Agosto,8,Industria,Sudeste,Indústria de sorvetes,596.17,7.27,8.0,Polpa congelada_Agosto_76
2025-08-17,Polpa congelada,Agosto,8,Industria,Centro-Oeste,Indústria de bebidas,992.78,7.98,6.0,Polpa congelada_Agosto_77
2025-08-29,Polpa congelada,Agosto,8,Food Service,Nordeste,Restaurantes,136.98,11.95,8.0,Polpa congelada_Agosto_78
2025-08-26,Polpa congelada,Agosto,8,Industria,Nordeste,Indústria de bebidas,1068.88,9.97,9.0,Polpa congelada_Agosto_79
2025-08-04,Polpa congelada,Agosto,8,Varejo,Sudeste,Empórios,831.31,12.93,9.0,Polpa congelada_Agosto_80
2025-08-18,Polpa congelada,Agosto,8,Industria,Nordeste,Indústria de laticínios,179.03,12.37,8.0,Polpa congelada_Agosto_81
2025-08-02,Polpa congelada,Agosto,8,Food Service,Nordeste,Cafeterias,756.8,11.66,10.0,Polpa congelada_Agosto_82
2025-08-12,Polpa congelada,Agosto,8,Industria,Sul,Indústria de alimentos,432.52,12.29,7.0,Polpa congelada_Agosto_83
2025-08-03,Polpa congelada,Agosto,8,Industria,Sudeste,Indústria de sorvetes,591.17,12.85,9.0,Polpa congelada_Agosto_84
2025-08-31,Polpa congelada,Agosto,8,Industria,Sul,Indústria de bebidas,949.32,10.38,8.0,Polpa congelada_Agosto_85
2025-08-27,Polpa congelada,Agosto,8,Varejo,Nordeste,E-commerce,852.96,8.62,8.0,Polpa congelada_Agosto_86
2025-08-23,Polpa congelada,Agosto,8,Varejo,Sul,,247.06,12.25,6.0,Polpa congelada_Agosto_87
2025-08-28,Polpa congelada,Agosto,8,Distribuidor,Sul,Operador logístico,601.58,13.55,8.0,Polpa congelada_Agosto_88
2025-08-14,Polpa congelada,Agosto,8,Exportacao,Exterior,Importador (LATAM),1108.78,9.7,9.0,Polpa congelada_Agosto_89
2025-08-19,Polpa congelada,Agosto,8,Varejo,Sudeste,Loja natural,641.61,7.99,7.0,Polpa congelada_Agosto_90
2025-08-12,Polpa congelada,Agosto,8,Distribuidor,Nordeste,Central de compras,360.59,9.5,7.0,Polpa congelada_Agosto_91
2025-08-18,Polpa congelada,Agosto,8,Food Service,Nordeste,Confeitarias,267.05,10.52,8.0,Polpa congelada_Agosto_92
2025-08-31,Polpa congelada,Agosto,8,Varejo,Sudeste,Loja natural,680.43,8.0,9.0,Polpa congelada_Agosto_93
2025-08-05,Polpa congelada,Agosto,8,Distribuidor,Sul,Operador logístico,465.02,13.28,8.0,Polpa congelada_Agosto_94
2025-08-20,Polpa congelada,Agosto,8,Industria,Nordeste,Indústria de sorvetes,233.88,12.18,9.0,Polpa congelada_Agosto_95
2025-08-11,Polpa congelada,Agosto,8,Industria,Sudeste,Indústria de bebidas,300.1,12.09,9.0,Polpa congelada_Agosto_96
2025-08-10,Polpa congelada,Agosto,8,Food Service,Sudeste,Restaurantes,462.89,10.97,8.0,Polpa congelada_Agosto_97
2025-08-01,Polpa congelada,Agosto,8,Industria,Sul,Indústria de bebidas,451.73,8.62,9.0,Polpa congelada_Agosto_98
2025-08-28,Polpa congelada,Agosto,8,Distribuidor,Sul,Distribuidor food service,734.53,7.12,10.0,Polpa congelada_Agosto_99
2025-08-20,Polpa congelada,Agosto,8,Industria,Sul,Indústria de bebidas,881.26,6.07,9.0,Polpa congelada_Agosto_100
2025-08-19,Polpa congelada,Agosto,8,Industria,Norte,Indústria de laticínios,188.85,6.29,8.0,Polpa congelada_Agosto_101
2025-08-24,Polpa congelada,Agosto,8,Food Service,Sudeste,Cafeterias,777.67,10.52,8.0,Polpa congelada_Agosto_102
2025-08-12,Polpa congelada,Agosto,8,Industria,Centro-Oeste,Indústria de alimentos,1117.15,13.74,8.0,Polpa congelada_Agosto_103
2025-08-02,Polpa congelada,Agosto,8,Industria,Sudeste,Indústria de sorvetes,634.25,7.2,10.0,Polpa congelada_Agosto_104
2025-08-27,Polpa congelada,Agosto,8,Distribuidor,Centro-Oeste,Distribuidor food service,787.3,9.21,7.0,Polpa congelada_Agosto_105
2025-08-29,Polpa congelada,Agosto,8,Industria,Norte,,495.03,12.4,8.0,Polpa congelada_Agosto_106
2025-08-14,Polpa congelada,Agosto,8,Distribuidor,Norte,Distribuidor regional,214.77,7.65,9.0,Polpa congelada_Agosto_107
2025-08-15,Polpa congelada,Agosto,8,Distribuidor,Sudeste,Atacadista,899.08,7.59,10.0,Polpa congelada_Agosto_108
2025-08-19,Polpa congelada,Agosto,8,Industria,Sul,Indústria de laticínios,411.76,10.23,9.0,Polpa congelada_Agosto_109
2025-08-30,Polpa congelada,Agosto,8,Industria,Nordeste,Indústria de bebidas,263.18,9.18,8.0,Polpa congelada_Agosto_110
2025-08-15,Polpa congelada,Agosto,8,Distribuidor,Nordeste,Distribuidor food service,506.65,7.24,8.0,Polpa congelada_Agosto_111
2025-08-02,Polpa congelada,Agosto,8,Food Service,Nordeste,Cafeterias,719.65,9.21,8.0,Polpa congelada_Agosto_112
2025-08-19,Polpa congelada,Agosto,8,Food Service,Sudeste,Açaíterias,119.26,12.78,5.0,Polpa congelada_Agosto_113
2025-08-27,Polpa congelada,Agosto,8,Varejo,Norte,Supermercados,985.22,7.05,10.0,Polpa congelada_Agosto_114
2025-08-06,Polpa congelada,Agosto,8,Distribuidor,Sudeste,Central de compras,430.86,10.19,9.0,Polpa congelada_Agosto_115
2025-08-24,Polpa congelada,Agosto,8,Food Service,Sudeste,Cafeterias,502.81,13.47,8.0,Polpa congelada_Agosto_116
2025-08-22,Polpa congelada,Agosto,8,Industria,Sudeste,Indústria de sorvetes,478.94,9.92,8.0,Polpa congelada_Agosto_117
2025-08-14,Polpa congelada,Agosto,8,Industria,Sudeste,Indústria de ingredientes,450.41,8.53,9.0,Polpa congelada_Agosto_118
2025-08-16,Polpa congelada,Agosto,8,Distribuidor,Centro-Oeste,Distribuidor food service,717.65,8.28,,Polpa congelada_Agosto_119
2025-08-05,Polpa congelada,Agosto,8,Food Service,Sul,Restaurantes,217.2,10.64,8.0,Polpa congelada_Agosto_120
2025-08-27,Polpa congelada,Agosto,8,Industria,Sudeste,Indústria de alimentos,916.03,7.33,7.0,Polpa congelada_Agosto_121
2025-08-23,Polpa congelada,Agosto,8,Food Service,Sul,Açaíterias,102.52,7.22,7.0,Polpa congelada_Agosto_122
2025-08-28,Polpa congelada,Agosto,8,Distribuidor,Norte,Operador logístico,221.8,12.42,10.0,Polpa congelada_Agosto_123
2025-08-14,Polpa congelada,Agosto,8,Industria,Norte,Indústria de laticínios,436.55,6.31,9.0,Polpa congelada_Agosto_124
2025-08-18,Polpa congelada,Agosto,8,Food Service,Sudeste,Restaurantes,150.53,11.86,10.0,Polpa congelada_Agosto_125
2025-08-30,Polpa congelada,Agosto,8,Industria,Norte,Indústria de alimentos,312.28,6.88,10.0,Polpa congelada_Agosto_126
2025-08-29,Polpa congelada,Agosto,8,Exportacao,Exterior,Importador (MENA),695.87,13.07,8.0,Polpa congelada_Agosto_127
2025-08-28,Polpa congelada,Agosto,8,Industria,Sudeste,Indústria de alimentos,1019.07,9.08,10.0,Polpa congelada_Agosto_128
2025-08-01,Polpa congelada,Agosto,8,Industria,Sul,Indústria de alimentos,1174.12,13.48,10.0,Polpa congelada_Agosto_129
2025-08-12,Polpa congelada,Agosto,8,Varejo,Sul,E-commerce,115.52,8.9,8.0,Polpa congelada_Agosto_130
2025-08-27,Polpa congelada,Agosto,8,Industria,Sudeste,Indústria de bebidas,218.92,11.5,8.0,Polpa congelada_Agosto_131
2025-08-18,Polpa congelada,Agosto,8,Exportacao,Exterior,Trading,734.01,14.76,7.0,Polpa congelada_Agosto_132
2025-08-17,Polpa congelada,Agosto,8,Food Service,Sudeste,Confeitarias,319.76,9.55,7.0,Polpa congelada_Agosto_133
2025-08-23,Polpa congelada,Agosto,8,Industria,Sudeste,Indústria de sorvetes,740.04,11.69,8.0,Polpa congelada_Agosto_134
2025-08-29,Polpa congelada,Agosto,8,Exportacao,Exterior,Importador (UE),1058.36,9.38,9.0,Polpa congelada_Agosto_135
2025-08-05,Polpa congelada,Agosto,8,Food Service,Sudeste,Hotéis,709.99,8.05,10.0,Polpa congelada_Agosto_136
2025-08-14,Polpa congelada,Agosto,8,Exportacao,Exterior,Importador (LATAM),480.44,10.05,8.0,Polpa congelada_Agosto_137
2025-08-29,Polpa congelada,Agosto,8,Distribuidor,Norte,Operador logístico,241.38,8.5,8.0,Polpa congelada_Agosto_138
2025-08-08,Polpa congelada,Agosto,8,Food Service,Sudeste,Açaíterias,830.41,12.61,10.0,Polpa congelada_Agosto_139
2025-08-30,Polpa congelada,Agosto,8,Industria,Sudeste,Indústria de bebidas,1300.95,8.62,6.0,Polpa congelada_Agosto_140
2025-08-16,Polpa congelada,Agosto,8,Distribuidor,Sul,Operador logístico,689.48,11.95,10.0,Polpa congelada_Agosto_141
2025-08-15,Polpa congelada,Agosto,8,Industria,Sudeste,Indústria de alimentos,448.44,6.5,8.0,Polpa congelada_Agosto_142
2025-08-22,Polpa congelada,Agosto,8,Industria,Norte,Indústria de bebidas,258.22,13.35,6.0,Polpa congelada_Agosto_143
2025-08-22,Polpa congelada,Agosto,8,Food Service,Sul,Confeitarias,719.18,7.26,8.0,Polpa congelada_Agosto_144
2025-08-11,Polpa congelada,Agosto,8,Industria,Sudeste,Indústria de laticínios,761.05,12.76,8.0,Polpa congelada_Agosto_145
2025-08-09,Polpa congelada,Agosto,8,Food Service,Centro-Oeste,Cafeterias,186.42,12.09,6.0,Polpa congelada_Agosto_146
2025-08-29,Polpa congelada,Agosto,8,Food Service,Sudeste,Confeitarias,433.44,11.07,9.0,Polpa congelada_Agosto_147
2025-08-17,Polpa congelada,Agosto,8,Food Service,Sudeste,Hotéis,524.2,6.11,9.0,Polpa congelada_Agosto_148
2025-08-24,Polpa congelada,Agosto,8,Exportacao,Exterior,Importador (EUA),876.28,12.03,8.0,Polpa congelada_Agosto_149
2025-08-14,Polpa congelada,Agosto,8,Industria,Nordeste,Indústria de bebidas,790.69,10.84,8.0,Polpa congelada_Agosto_150
2025-08-17,Polpa congelada,Agosto,8,Food Service,Nordeste,Açaíterias,691.23,6.81,8.0,Polpa congelada_Agosto_151
2025-08-13,Polpa congelada,Agosto,8,Industria,Norte,Indústria de ingredientes,1230.61,7.28,8.0,Polpa congelada_Agosto_152
2025-08-19,Polpa congelada,Agosto,8,Industria,Sudeste,Indústria de alimentos,481.76,6.08,9.0,Polpa congelada_Agosto_153
2025-08-02,Polpa congelada,Agosto,8,Food Service,Sul,Cafeterias,164.97,10.5,9.0,Polpa congelada_Agosto_154
2025-08-19,Polpa congelada,Agosto,8,Food Service,Nordeste,Hotéis,698.57,9.34,8.0,Polpa congelada_Agosto_155
2025-08-14,Polpa congelada,Agosto,8,Exportacao,Exterior,Trading,879.33,13.95,7.0,Polpa congelada_Agosto_156
2025-08-02,Polpa congelada,Agosto,8,Industria,Centro-Oeste,Indústria de ingredientes,885.41,8.67,10.0,Polpa congelada_Agosto_157
2025-08-15,Polpa congelada,Agosto,8,Exportacao,Exterior,Importador (LATAM),748.09,7.81,8.0,Polpa congelada_Agosto_158
2025-08-03,Polpa congelada,Agosto,8,Industria,Nordeste,Indústria de ingredientes,522.49,8.82,9.0,Polpa congelada_Agosto_159
2025-08-19,Polpa congelada,Agosto,8,Varejo,Sul,E-commerce,620.51,13.5,5.0,Polpa congelada_Agosto_160
2025-08-15,Polpa congelada,Agosto,8,Industria,Sul,Indústria de alimentos,120.17,8.79,9.0,Polpa congelada_Agosto_161
2025-08-23,Polpa congelada,Agosto,8,Industria,Nordeste,Indústria de ingredientes,758.14,6.79,10.0,Polpa congelada_Agosto_162
2025-08-30,Polpa congelada,Agosto,8,Industria,Centro-Oeste,Indústria de sorvetes,359.51,11.13,10.0,Polpa congelada_Agosto_163
2025-08-14,Polpa congelada,Agosto,8,Distribuidor,Norte,Operador logístico,318.64,8.36,9.0,Polpa congelada_Agosto_164
2025-08-26,Polpa congelada,Agosto,8,Distribuidor,Nordeste,Distribuidor regional,331.17,6.01,9.0,Polpa congelada_Agosto_165
2025-08-21,Polpa congelada,Agosto,8,Distribuidor,Sul,Atacadista,928.95,10.57,7.0,Polpa congelada_Agosto_166
2025-08-30,Polpa congelada,Agosto,8,Industria,Sudeste,Indústria de laticínios,696.0,8.72,8.0,Polpa congelada_Agosto_167
2025-08-13,Polpa congelada,Agosto,8,Exportacao,Exterior,Importador (MENA),653.91,8.35,7.0,Polpa congelada_Agosto_168
2025-08-22,Polpa congelada,Agosto,8,Industria,Sudeste,Indústria de alimentos,173.8,7.76,9.0,Polpa congelada_Agosto_169
2025-08-01,Polpa congelada,Agosto,8,Food Service,Nordeste,Restaurantes,899.73,6.8,7.0,Polpa congelada_Agosto_170
2025-08-20,Polpa congelada,Agosto,8,Industria,Sudeste,Indústria de alimentos,1064.43,9.96,8.0,Polpa congelada_Agosto_171
2025-08-05,Polpa congelada,Agosto,8,Exportacao,Exterior,Trading,592.52,9.92,9.0,Polpa congelada_Agosto_172
2025-08-07,Polpa congelada,Agosto,8,Industria,Sul,Indústria de sorvetes,290.0,10.47,8.0,Polpa congelada_Agosto_173
2025-08-23,Polpa congelada,Agosto,8,Distribuidor,Sul,Central de compras,919.58,7.28,8.0,Polpa congelada_Agosto_174
2025-08-31,Polpa congelada,Agosto,8,Exportacao,Exterior,Importador (UE),635.85,9.89,10.0,Polpa congelada_Agosto_175
2025-08-26,Polpa congelada,Agosto,8,Exportacao,Exterior,Trading,147.39,15.35,8.0,Polpa congelada_Agosto_176
2025-08-19,Polpa congelada,Agosto,8,Industria,Sudeste,Indústria de ingredientes,754.33,6.06,8.0,Polpa congelada_Agosto_177
2025-08-04,Polpa congelada,Agosto,8,Food Service,Sudeste,Restaurantes,984.26,7.21,7.0,Polpa congelada_Agosto_178
2025-08-18,Polpa congelada,Agosto,8,Exportacao,Exterior,Importador (LATAM),897.82,14.23,9.0,Polpa congelada_Agosto_179
2025-08-30,Polpa congelada,Agosto,8,Exportacao,Exterior,Importador (LATAM),1050.87,6.81,8.0,Polpa congelada_Agosto_180
2025-08-25,Polpa congelada,Agosto,8,Varejo,Nordeste,Atacarejo,664.92,14.66,7.0,Polpa congelada_Agosto_181
2025-08-30,Polpa congelada,Agosto,8,Industria,Sul,Indústria de ingredientes,216.6,7.55,7.0,Polpa congelada_Agosto_182
2025-08-17,Polpa congelada,Agosto,8,Distribuidor,Sul,Central de compras,550.18,12.19,10.0,Polpa congelada_Agosto_183
2025-08-19,Polpa congelada,Agosto,8,Food Service,Sudeste,Confeitarias,943.69,11.91,10.0,Polpa congelada_Agosto_184
2025-08-01,Polpa congelada,Agosto,8,Distribuidor,Sudeste,Distribuidor food service,733.84,11.82,7.0,Polpa congelada_Agosto_185
2025-08-24,Polpa congelada,Agosto,8,Varejo,Sul,Loja natural,570.55,14.37,8.0,Polpa congelada_Agosto_186
2025-08-19,Polpa congelada,Agosto,8,Distribuidor,Sudeste,Operador logístico,872.71,11.39,8.0,Polpa congelada_Agosto_187
2025-08-23,Polpa congelada,Agosto,8,Industria,Nordeste,Indústria de sorvetes,722.82,11.11,10.0,Polpa congelada_Agosto_188
2025-08-21,Polpa congelada,Agosto,8,Industria,Sudeste,Indústria de laticínios,628.33,7.32,9.0,Polpa congelada_Agosto_189
2025-08-25,Polpa congelada,Agosto,8,Food Service,Sudeste,Açaíterias,531.75,9.27,8.0,Polpa congelada_Agosto_190
2025-08-15,Polpa congelada,Agosto,8,Industria,Nordeste,Indústria de bebidas,297.56,11.98,8.0,Polpa congelada_Agosto_191
2025-08-01,Polpa congelada,Agosto,8,Distribuidor,Sul,Atacadista,1104.01,13.17,9.0,Polpa congelada_Agosto_192
2025-08-05,Polpa congelada,Agosto,8,Exportacao,Exterior,Importador (MENA),1208.66,9.08,8.0,Polpa congelada_Agosto_193
2025-08-31,Polpa congelada,Agosto,8,Distribuidor,Sudeste,Atacadista,465.7,10.91,8.0,Polpa congelada_Agosto_194
2025-08-06,Polpa congelada,Agosto,8,Varejo,Centro-Oeste,Empórios,144.66,12.72,8.0,Polpa congelada_Agosto_195
2025-08-26,Polpa congelada,Agosto,8,Industria,Nordeste,Indústria de laticínios,999.21,9.18,9.0,Polpa congelada_Agosto_196
2025-08-30,Polpa congelada,Agosto,8,Food Service,Nordeste,Cafeterias,327.86,9.44,7.0,Polpa congelada_Agosto_197
2025-08-26,Polpa congelada,Agosto,8,Varejo,Sul,Loja natural,397.86,13.03,8.0,Polpa congelada_Agosto_198
2025-08-16,Polpa congelada,Agosto,8,Food Service,Centro-Oeste,Açaíterias,772.78,8.32,8.0,Polpa congelada_Agosto_199
2025-08-06,Polpa congelada,Agosto,8,Industria,Sudeste,Indústria de alimentos,134.02,13.67,9.0,Polpa congelada_Agosto_200
2025-08-09,Polpa congelada,Agosto,8,Industria,Norte,Indústria de ingredientes,417.39,6.84,8.0,Polpa congelada_Agosto_201
2025-08-28,Polpa congelada,Agosto,8,Distribuidor,Sul,Atacadista,360.5,11.46,9.0,Polpa congelada_Agosto_202
2025-08-04,Polpa congelada,Agosto,8,Distribuidor,Nordeste,Atacadista,1055.44,11.39,7.0,Polpa congelada_Agosto_203
2025-08-28,Polpa congelada,Agosto,8,Distribuidor,Nordeste,Distribuidor food service,844.42,12.46,10.0,Polpa congelada_Agosto_204
2025-08-15,Polpa congelada,Agosto,8,Distribuidor,Sudeste,Atacadista,738.31,9.31,8.0,Polpa congelada_Agosto_205
2025-08-19,Polpa congelada,Agosto,8,Distribuidor,Sudeste,Distribuidor regional,486.4,13.12,6.0,Polpa congelada_Agosto_206
2025-08-05,Polpa congelada,Agosto,8,Industria,Centro-Oeste,Indústria de laticínios,303.02,12.13,9.0,Polpa congelada_Agosto_207
2025-08-09,Polpa congelada,Agosto,8,Food Service,Centro-Oeste,Hotéis,223.17,11.62,8.0,Polpa congelada_Agosto_208
2025-08-30,Polpa congelada,Agosto,8,Varejo,Nordeste,Atacarejo,475.95,7.34,7.0,Polpa congelada_Agosto_209
2025-08-02,Polpa congelada,Agosto,8,Industria,Nordeste,Indústria de bebidas,989.76,8.27,8.0,Polpa congelada_Agosto_210
2025-08-31,Polpa congelada,Agosto,8,Industria,Sul,Indústria de ingredientes,713.11,13.37,9.0,Polpa congelada_Agosto_211
2025-08-02,Polpa congelada,Agosto,8,Food Service,Sudeste,Açaíterias,923.49,11.51,7.0,Polpa congelada_Agosto_212
2025-08-14,Polpa congelada,Agosto,8,Food Service,Nordeste,Cafeterias,931.03,10.9,8.0,Polpa congelada_Agosto_213
2025-08-06,Polpa congelada,Agosto,8,Exportacao,Exterior,Importador (LATAM),1066.61,7.8,10.0,Polpa congelada_Agosto_214
2025-08-04,Polpa congelada,Agosto,8,Varejo,Sudeste,E-commerce,836.29,13.03,9.0,Polpa congelada_Agosto_215
2025-08-01,Polpa congelada,Agosto,8,Industria,Sul,Indústria de laticínios,943.41,8.44,7.0,Polpa congelada_Agosto_216
2025-08-13,Polpa congelada,Agosto,8,Exportacao,Exterior,Trading,383.97,10.84,8.0,Polpa congelada_Agosto_217
2025-08-23,Polpa congelada,Agosto,8,Food Service,Nordeste,Hotéis,796.15,13.78,7.0,Polpa congelada_Agosto_218
2025-08-22,Polpa congelada,Agosto,8,Industria,Sudeste,Indústria de laticínios,503.99,11.91,7.0,Polpa congelada_Agosto_219
2025-08-12,Polpa congelada,Agosto,8,Exportacao,Exterior,Importador (EUA),292.04,13.06,7.0,Polpa congelada_Agosto_220
2025-08-26,Polpa congelada,Agosto,8,Industria,Norte,Indústria de sorvetes,880.48,6.82,8.0,Polpa congelada_Agosto_221
2025-08-28,Polpa congelada,Agosto,8,Varejo,Sudeste,Empórios,795.48,13.08,7.0,Polpa congelada_Agosto_222
2025-08-14,Polpa congelada,Agosto,8,Varejo,Sudeste,E-commerce,621.19,13.86,,Polpa congelada_Agosto_223
2025-08-16,Polpa congelada,Agosto,8,Food Service,Norte,Açaíterias,519.08,6.15,10.0,Polpa congelada_Agosto_224
2025-08-09,Polpa congelada,Agosto,8,Industria,Sudeste,Indústria de sorvetes,908.23,8.0,9.0,Polpa congelada_Agosto_225
2025-08-26,Polpa congelada,Agosto,8,Industria,Sul,Indústria de laticínios,1098.09,10.03,8.0,Polpa congelada_Agosto_226
2025-08-09,Polpa congelada,Agosto,8,Exportacao,Exterior,Importador (UE),438.1,13.58,5.0,Polpa congelada_Agosto_227
2025-08-04,Polpa congelada,Agosto,8,Varejo,Sudeste,Atacarejo,736.32,8.79,6.0,Polpa congelada_Agosto_228
2025-08-05,Polpa congelada,Agosto,8,Food Service,Norte,Confeitarias,504.6,6.77,7.0,Polpa congelada_Agosto_229
2025-08-11,Polpa congelada,Agosto,8,Food Service,Sudeste,Hotéis,132.41,12.09,6.0,Polpa congelada_Agosto_230
2025-08-05,Polpa congelada,Agosto,8,Distribuidor,Sudeste,Central de compras,921.67,11.35,8.0,Polpa congelada_Agosto_231
2025-08-14,Polpa congelada,Agosto,8,Distribuidor,Centro-Oeste,Operador logístico,1071.61,6.78,,Polpa congelada_Agosto_232
2025-08-22,Polpa congelada,Agosto,8,Industria,Centro-Oeste,Indústria de bebidas,884.43,7.96,8.0,Polpa congelada_Agosto_233
2025-08-12,Polpa congelada,Agosto,8,Exportacao,Exterior,Importador (UE),814.02,11.76,9.0,Polpa congelada_Agosto_234
2025-08-06,Polpa congelada,Agosto,8,Food Service,Sudeste,Confeitarias,192.5,11.88,8.0,Polpa congelada_Agosto_235
2025-08-29,Polpa congelada,Agosto,8,Industria,Norte,Indústria de alimentos,118.29,12.51,10.0,Polpa congelada_Agosto_236
2025-08-19,Polpa congelada,Agosto,8,Food Service,Nordeste,Açaíterias,846.8,8.93,,Polpa congelada_Agosto_237
2025-08-21,Polpa congelada,Agosto,8,Varejo,Sudeste,Supermercados,723.3,12.61,7.0,Polpa congelada_Agosto_238
2025-08-02,Polpa congelada,Agosto,8,Distribuidor,Sudeste,Distribuidor regional,583.79,8.1,10.0,Polpa congelada_Agosto_239
2025-08-10,Polpa congelada,Agosto,8,Industria,Sudeste,Indústria de bebidas,755.68,9.61,7.0,Polpa congelada_Agosto_240
2025-08-11,Polpa congelada,Agosto,8,Food Service,Sudeste,Cafeterias,373.31,6.77,9.0,Polpa congelada_Agosto_241
2025-08-02,Polpa congelada,Agosto,8,Exportacao,Exterior,Importador (UE),1069.4,13.58,8.0,Polpa congelada_Agosto_242
2025-08-26,Polpa congelada,Agosto,8,Distribuidor,Sudeste,Atacadista,708.93,8.85,7.0,Polpa congelada_Agosto_243
2025-08-17,Polpa congelada,Agosto,8,Distribuidor,Nordeste,Central de compras,1036.29,8.29,10.0,Polpa congelada_Agosto_244
2025-08-29,Polpa congelada,Agosto,8,Varejo,Norte,E-commerce,822.1,12.83,9.0,Polpa congelada_Agosto_245
2025-08-16,Polpa congelada,Agosto,8,Industria,Norte,Indústria de bebidas,639.75,13.14,8.0,Polpa congelada_Agosto_246
2025-08-07,Polpa congelada,Agosto,8,Exportacao,Exterior,Importador (UE),154.23,12.53,7.0,Polpa congelada_Agosto_247
2025-08-19,Polpa congelada,Agosto,8,Distribuidor,Sul,Central de compras,514.62,11.25,7.0,Polpa congelada_Agosto_248
2025-08-10,Polpa congelada,Agosto,8,Industria,Sul,Indústria de sorvetes,931.54,6.59,9.0,Polpa congelada_Agosto_249
2025-08-31,Polpa congelada,Agosto,8,Varejo,Nordeste,,894.12,6.36,6.0,Polpa congelada_Agosto_250
2025-08-10,Polpa congelada,Agosto,8,Food Service,Norte,Hotéis,111.86,7.63,,Polpa congelada_Agosto_251
2025-08-17,Polpa congelada,Agosto,8,Varejo,Nordeste,Loja natural,91.41,14.16,8.0,Polpa congelada_Agosto_252
2025-08-18,Polpa congelada,Agosto,8,Exportacao,Exterior,Trading,693.62,7.28,9.0,Polpa congelada_Agosto_253
2025-08-01,Polpa congelada,Agosto,8,Industria,Sudeste,Indústria de laticínios,652.29,11.59,7.0,Polpa congelada_Agosto_254
2025-08-04,Polpa congelada,Agosto,8,Food Service,Sudeste,Açaíterias,177.92,7.69,8.0,Polpa congelada_Agosto_255
2025-08-22,Polpa congelada,Agosto,8,Industria,Sudeste,Indústria de bebidas,584.98,8.09,8.0,Polpa congelada_Agosto_256
2025-08-26,Polpa congelada,Agosto,8,Food Service,Sul,Cafeterias,341.59,9.86,7.0,Polpa congelada_Agosto_257
2025-08-24,Polpa congelada,Agosto,8,Industria,Sudeste,Indústria de ingredientes,316.21,11.02,9.0,Polpa congelada_Agosto_258
2025-08-28,Polpa congelada,Agosto,8,Industria,Sudeste,Indústria de alimentos,883.13,7.21,9.0,Polpa congelada_Agosto_259
2025-08-24,Polpa congelada,Agosto,8,Industria,Nordeste,Indústria de laticínios,911.37,12.99,8.0,Polpa congelada_Agosto_260
2025-08-07,Polpa congelada,Agosto,8,Distribuidor,Nordeste,Distribuidor food service,282.86,9.66,8.0,Polpa congelada_Agosto_261
2025-08-22,Polpa congelada,Agosto,8,Varejo,Sudeste,Atacarejo,484.88,6.84,6.0,Polpa congelada_Agosto_262
2025-08-10,Polpa congelada,Agosto,8,Varejo,Sudeste,Supermercados,447.66,7.52,8.0,Polpa congelada_Agosto_263
2025-08-02,Polpa congelada,Agosto,8,Food Service,Nordeste,Confeitarias,945.16,8.4,9.0,Polpa congelada_Agosto_264
2025-08-02,Polpa congelada,Agosto,8,Industria,Sudeste,Indústria de ingredientes,1098.42,10.21,8.0,Polpa congelada_Agosto_265
2025-08-31,Polpa congelada,Agosto,8,Distribuidor,Sul,Atacadista,210.24,7.9,6.0,Polpa congelada_Agosto_266
2025-08-04,Polpa congelada,Agosto,8,Industria,Centro-Oeste,Indústria de bebidas,996.99,10.28,8.0,Polpa congelada_Agosto_267
2025-08-31,Polpa congelada,Agosto,8,Distribuidor,Sul,Central de compras,804.66,6.2,8.0,Polpa congelada_Agosto_268
2025-08-05,Polpa congelada,Agosto,8,Industria,Norte,Indústria de bebidas,407.61,7.16,7.0,Polpa congelada_Agosto_269
2025-08-07,Polpa congelada,Agosto,8,Food Service,Centro-Oeste,Restaurantes,102.21,7.46,7.0,Polpa congelada_Agosto_270
2025-08-01,Polpa congelada,Agosto,8,Industria,Nordeste,Indústria de laticínios,169.51,13.61,10.0,Polpa congelada_Agosto_271
2025-08-07,Polpa congelada,Agosto,8,Industria,Sul,Indústria de sorvetes,215.83,6.29,8.0,Polpa congelada_Agosto_272
2025-08-17,Polpa congelada,Agosto,8,Industria,Nordeste,Indústria de ingredientes,529.34,11.34,9.0,Polpa congelada_Agosto_273
2025-08-07,Polpa congelada,Agosto,8,Industria,Sudeste,Indústria de sorvetes,684.16,6.07,7.0,Polpa congelada_Agosto_274
2025-08-24,Polpa congelada,Agosto,8,Industria,Sul,Indústria de laticínios,772.93,10.22,8.0,Polpa congelada_Agosto_275
2025-08-11,Polpa congelada,Agosto,8,Distribuidor,Sul,Atacadista,927.02,10.73,10.0,Polpa congelada_Agosto_276
2025-08-09,Polpa congelada,Agosto,8,Industria,Nordeste,Indústria de ingredientes,287.98,6.02,6.0,Polpa congelada_Agosto_277
2025-08-22,Polpa congelada,Agosto,8,Distribuidor,Sul,Distribuidor regional,369.1,13.61,7.0,Polpa congelada_Agosto_278
2025-08-29,Polpa congelada,Agosto,8,Industria,Nordeste,Indústria de ingredientes,1240.72,13.7,9.0,Polpa congelada_Agosto_279
2025-08-03,Polpa congelada,Agosto,8,Industria,Sudeste,Indústria de alimentos,944.35,11.65,7.0,Polpa congelada_Agosto_280
2025-08-30,Polpa congelada,Agosto,8,Distribuidor,Sul,Central de compras,792.61,6.6,8.0,Polpa congelada_Agosto_281
2025-08-13,Polpa congelada,Agosto,8,Industria,Sul,Indústria de sorvetes,764.84,10.07,7.0,Polpa congelada_Agosto_282
2025-08-31,Polpa congelada,Agosto,8,Industria,Centro-Oeste,Indústria de sorvetes,376.63,10.72,8.0,Polpa congelada_Agosto_283
2025-08-03,Polpa congelada,Agosto,8,Food Service,Sudeste,Açaíterias,129.44,10.69,10.0,Polpa congelada_Agosto_284
2025-08-30,Polpa congelada,Agosto,8,Distribuidor,Sul,Distribuidor food service,719.91,12.53,,Polpa congelada_Agosto_285
2025-08-27,Polpa congelada,Agosto,8,Distribuidor,Sudeste,,752.2,13.72,10.0,Polpa congelada_Agosto_286
2025-08-22,Polpa congelada,Agosto,8,Food Service,Sul,Restaurantes,752.7,12.45,8.0,Polpa congelada_Agosto_287
2025-08-29,Polpa congelada,Agosto,8,Industria,Sul,Indústria de bebidas,893.63,7.93,8.0,Polpa congelada_Agosto_288
2025-08-08,Polpa congelada,Agosto,8,Food Service,Sudeste,Confeitarias,565.06,6.53,7.0,Polpa congelada_Agosto_289
2025-08-19,Polpa congelada,Agosto,8,Food Service,Norte,Hotéis,978.88,13.35,9.0,Polpa congelada_Agosto_290
2025-08-14,Polpa congelada,Agosto,8,Industria,Nordeste,Indústria de alimentos,874.55,8.65,10.0,Polpa congelada_Agosto_291
2025-08-21,Polpa congelada,Agosto,8,Distribuidor,Sudeste,Central de compras,427.07,13.51,7.0,Polpa congelada_Agosto_292
2025-08-10,Polpa congelada,Agosto,8,Food Service,Sul,Confeitarias,550.81,6.7,7.0,Polpa congelada_Agosto_293
2025-08-01,Polpa congelada,Agosto,8,Food Service,Nordeste,Açaíterias,448.0,9.33,10.0,Polpa congelada_Agosto_294
2025-08-31,Polpa congelada,Agosto,8,Industria,Sudeste,Indústria de laticínios,555.95,7.45,8.0,Polpa congelada_Agosto_295
2025-08-17,Polpa congelada,Agosto,8,Distribuidor,Nordeste,Distribuidor food service,130.09,7.39,8.0,Polpa congelada_Agosto_296
2025-08-20,Polpa congelada,Agosto,8,Industria,Sudeste,Indústria de laticínios,1154.35,8.1,10.0,Polpa congelada_Agosto_297
2025-08-29,Polpa congelada,Agosto,8,Food Service,Sul,Hotéis,556.88,6.83,9.0,Polpa congelada_Agosto_298
2025-08-05,Polpa congelada,Agosto,8,Industria,Nordeste,Indústria de bebidas,895.0,9.63,9.0,Polpa congelada_Agosto_299
2025-08-04,Polpa congelada,Agosto,8,Distribuidor,Norte,Distribuidor food service,431.42,7.38,9.0,Polpa congelada_Agosto_300
2025-08-01,Polpa congelada,Agosto,8,Distribuidor,Nordeste,Atacadista,879.34,8.46,8.0,Polpa congelada_Agosto_301
2025-08-01,Polpa congelada,Agosto,8,Industria,Sul,Indústria de alimentos,775.13,12.06,10.0,Polpa congelada_Agosto_302
2025-08-14,Polpa congelada,Agosto,8,Distribuidor,Sudeste,Operador logístico,284.16,9.98,9.0,Polpa congelada_Agosto_303
2025-08-14,Polpa congelada,Agosto,8,Industria,Sul,Indústria de ingredientes,591.02,8.47,9.0,Polpa congelada_Agosto_304
2025-08-02,Polpa congelada,Agosto,8,Industria,Norte,Indústria de laticínios,254.99,11.48,10.0,Polpa congelada_Agosto_305
2025-08-24,Polpa congelada,Agosto,8,Exportacao,Exterior,Trading,924.61,11.97,10.0,Polpa congelada_Agosto_306
2025-08-04,Polpa congelada,Agosto,8,Industria,Centro-Oeste,Indústria de alimentos,700.22,8.33,8.0,Polpa congelada_Agosto_307
2025-08-05,Polpa congelada,Agosto,8,Industria,Centro-Oeste,Indústria de ingredientes,396.25,12.51,8.0,Polpa congelada_Agosto_308
2025-08-04,Polpa congelada,Agosto,8,Exportacao,Exterior,Importador (UE),1239.24,13.52,8.0,Polpa congelada_Agosto_309
2025-08-23,Polpa congelada,Agosto,8,Distribuidor,Sudeste,Atacadista,764.99,12.73,7.0,Polpa congelada_Agosto_310
2025-08-22,Polpa congelada,Agosto,8,Industria,Centro-Oeste,Indústria de sorvetes,564.66,10.14,8.0,Polpa congelada_Agosto_311
2025-08-28,Polpa congelada,Agosto,8,Industria,Nordeste,Indústria de bebidas,1257.77,10.38,9.0,Polpa congelada_Agosto_312
2025-08-30,Polpa congelada,Agosto,8,Food Service,Sudeste,Hotéis,532.25,13.08,7.0,Polpa congelada_Agosto_313
2025-08-14,Polpa congelada,Agosto,8,Food Service,Sul,Confeitarias,471.37,10.19,9.0,Polpa congelada_Agosto_314
2025-08-31,Polpa congelada,Agosto,8,Industria,Sudeste,Indústria de ingredientes,1132.29,10.29,8.0,Polpa congelada_Agosto_315
2025-08-21,Polpa congelada,Agosto,8,Food Service,Sul,Confeitarias,504.73,12.77,10.0,Polpa congelada_Agosto_316
2025-08-11,Polpa congelada,Agosto,8,Distribuidor,Sudeste,Operador logístico,476.35,12.88,7.0,Polpa congelada_Agosto_317
2025-08-05,Polpa congelada,Agosto,8,Varejo,Sul,Supermercados,703.64,11.88,7.0,Polpa congelada_Agosto_318
2025-08-04,Polpa congelada,Agosto,8,Food Service,Nordeste,Confeitarias,457.63,12.75,6.0,Polpa congelada_Agosto_319
2025-08-02,Polpa congelada,Agosto,8,Industria,Nordeste,Indústria de alimentos,149.71,12.53,6.0,Polpa congelada_Agosto_320
2025-08-13,Polpa congelada,Agosto,8,Industria,Nordeste,Indústria de bebidas,294.22,6.57,10.0,Polpa congelada_Agosto_321
2025-08-10,Polpa congelada,Agosto,8,Varejo,Nordeste,Atacarejo,377.33,10.89,6.0,Polpa congelada_Agosto_322
2025-08-21,Polpa congelada,Agosto,8,Industria,Sudeste,Indústria de ingredientes,1237.66,7.8,9.0,Polpa congelada_Agosto_323
2025-08-25,Polpa congelada,Agosto,8,Industria,Nordeste,Indústria de bebidas,792.51,13.19,8.0,Polpa congelada_Agosto_324
2025-08-23,Polpa congelada,Agosto,8,Varejo,Sudeste,Supermercados,977.25,11.37,9.0,Polpa congelada_Agosto_325
2025-08-05,Polpa congelada,Agosto,8,Food Service,Norte,Hotéis,919.93,10.17,8.0,Polpa congelada_Agosto_326
2025-08-14,Polpa congelada,Agosto,8,Industria,Sudeste,Indústria de laticínios,1207.39,10.61,8.0,Polpa congelada_Agosto_327
2025-08-27,Polpa congelada,Agosto,8,Food Service,Sudeste,Confeitarias,560.42,12.43,8.0,Polpa congelada_Agosto_328
2025-08-13,Polpa congelada,Agosto,8,Exportacao,Exterior,Importador (UE),187.27,10.8,8.0,Polpa congelada_Agosto_329
2025-08-21,Polpa congelada,Agosto,8,Varejo,Sudeste,Atacarejo,628.16,10.28,8.0,Polpa congelada_Agosto_330
2025-08-15,Polpa congelada,Agosto,8,Industria,Sudeste,Indústria de bebidas,1068.84,6.5,7.0,Polpa congelada_Agosto_331
2025-08-19,Polpa congelada,Agosto,8,Exportacao,Exterior,Importador (EUA),263.08,9.82,8.0,Polpa congelada_Agosto_332
2025-08-19,Polpa congelada,Agosto,8,Exportacao,Exterior,Importador (EUA),311.91,12.26,8.0,Polpa congelada_Agosto_333
2025-08-22,Polpa congelada,Agosto,8,Food Service,Sudeste,Hotéis,843.12,13.24,8.0,Polpa congelada_Agosto_334
2025-08-31,Polpa congelada,Agosto,8,Distribuidor,Sudeste,Central de compras,636.59,9.23,9.0,Polpa congelada_Agosto_335
2025-08-02,Polpa congelada,Agosto,8,Industria,Nordeste,Indústria de alimentos,983.66,10.53,8.0,Polpa congelada_Agosto_336
2025-08-19,Polpa congelada,Agosto,8,Exportacao,Exterior,Importador (MENA),201.32,8.96,8.0,Polpa congelada_Agosto_337
2025-08-06,Polpa congelada,Agosto,8,Food Service,Sudeste,Hotéis,983.34,9.37,7.0,Polpa congelada_Agosto_338
2025-08-07,Polpa congelada,Agosto,8,Varejo,Sudeste,Atacarejo,672.66,9.76,9.0,Polpa congelada_Agosto_339
2025-08-02,Polpa congelada,Agosto,8,Food Service,Nordeste,Confeitarias,593.44,10.02,7.0,Polpa congelada_Agosto_340
2025-08-28,Polpa congelada,Agosto,8,Distribuidor,Nordeste,Atacadista,926.13,8.88,7.0,Polpa congelada_Agosto_341
2025-08-08,Polpa congelada,Agosto,8,Industria,Sul,Indústria de bebidas,698.14,11.32,9.0,Polpa congelada_Agosto_342
2025-08-13,Polpa congelada,Agosto,8,Industria,Nordeste,Indústria de laticínios,1231.67,6.56,10.0,Polpa congelada_Agosto_343
2025-08-27,Polpa congelada,Agosto,8,Varejo,Sudeste,Empórios,365.0,14.09,7.0,Polpa congelada_Agosto_344
2025-08-27,Polpa congelada,Agosto,8,Industria,Sudeste,Indústria de bebidas,519.23,13.7,9.0,Polpa congelada_Agosto_345
2025-08-20,Polpa congelada,Agosto,8,Varejo,Centro-Oeste,E-commerce,868.23,11.58,10.0,Polpa congelada_Agosto_346
2025-08-17,Polpa congelada,Agosto,8,Varejo,Nordeste,E-commerce,609.96,11.83,7.0,Polpa congelada_Agosto_347
2025-08-11,Polpa congelada,Agosto,8,Food Service,Sudeste,Açaíterias,907.7,7.66,8.0,Polpa congelada_Agosto_348
2025-08-13,Polpa congelada,Agosto,8,Food Service,Sudeste,Restaurantes,996.41,8.91,7.0,Polpa congelada_Agosto_349
2025-08-30,Polpa congelada,Agosto,8,Industria,Sudeste,Indústria de sorvetes,159.34,11.66,8.0,Polpa congelada_Agosto_350
2025-08-22,Polpa congelada,Agosto,8,Food Service,Centro-Oeste,Restaurantes,697.91,13.25,7.0,Polpa congelada_Agosto_351
2025-08-11,Polpa congelada,Agosto,8,Industria,Sudeste,Indústria de bebidas,421.62,6.11,7.0,Polpa congelada_Agosto_352
2025-08-21,Polpa congelada,Agosto,8,Exportacao,Exterior,Importador (EUA),781.66,14.49,7.0,Polpa congelada_Agosto_353
2025-08-11,Polpa congelada,Agosto,8,Distribuidor,Sudeste,Central de compras,723.64,7.19,7.0,Polpa congelada_Agosto_354
2025-08-24,Polpa congelada,Agosto,8,Distribuidor,Sudeste,Distribuidor regional,198.26,7.41,9.0,Polpa congelada_Agosto_355
2025-08-21,Polpa congelada,Agosto,8,Food Service,Sul,Hotéis,786.97,11.27,,Polpa congelada_Agosto_356
2025-08-09,Polpa congelada,Agosto,8,Industria,Sul,Indústria de sorvetes,1066.28,9.18,9.0,Polpa congelada_Agosto_357
2025-08-09,Polpa congelada,Agosto,8,Food Service,Sudeste,Restaurantes,435.09,13.46,6.0,Polpa congelada_Agosto_358
2025-08-12,Polpa congelada,Agosto,8,Exportacao,Exterior,Importador (UE),880.54,13.93,9.0,Polpa congelada_Agosto_359
2025-08-01,Polpa congelada,Agosto,8,Industria,Sudeste,Indústria de ingredientes,782.78,8.66,6.0,Polpa congelada_Agosto_360
2025-08-30,Polpa congelada,Agosto,8,Varejo,Sul,Atacarejo,808.56,10.34,10.0,Polpa congelada_Agosto_361
2025-08-16,Polpa congelada,Agosto,8,Food Service,Sul,Açaíterias,939.92,9.23,9.0,Polpa congelada_Agosto_362
2025-08-29,Polpa congelada,Agosto,8,Industria,Sudeste,Indústria de sorvetes,1053.97,11.74,8.0,Polpa congelada_Agosto_363
2025-08-01,Polpa congelada,Agosto,8,Food Service,Nordeste,Confeitarias,374.94,9.03,7.0,Polpa congelada_Agosto_364
2025-08-25,Polpa congelada,Agosto,8,Exportacao,Exterior,Importador (EUA),999.13,9.64,9.0,Polpa congelada_Agosto_365
2025-08-26,Polpa congelada,Agosto,8,Food Service,Norte,Hotéis,441.29,8.8,8.0,Polpa congelada_Agosto_366
2025-08-22,Polpa congelada,Agosto,8,Industria,Nordeste,Indústria de laticínios,1042.38,7.92,7.0,Polpa congelada_Agosto_367
2025-08-28,Polpa congelada,Agosto,8,Industria,Sudeste,Indústria de alimentos,943.16,12.08,9.0,Polpa congelada_Agosto_368
2025-08-31,Polpa congelada,Agosto,8,Industria,Sul,Indústria de sorvetes,804.03,7.93,9.0,Polpa congelada_Agosto_369
2025-08-31,Polpa congelada,Agosto,8,Distribuidor,Centro-Oeste,Central de compras,1099.18,12.54,7.0,Polpa congelada_Agosto_370
2025-08-07,Polpa congelada,Agosto,8,Exportacao,Exterior,Importador (EUA),913.67,10.42,6.0,Polpa congelada_Agosto_371
2025-08-24,Polpa congelada,Agosto,8,Food Service,Sul,Cafeterias,479.87,7.86,9.0,Polpa congelada_Agosto_372
2025-08-08,Polpa congelada,Agosto,8,Industria,Nordeste,Indústria de ingredientes,638.07,11.29,6.0,Polpa congelada_Agosto_373
2025-08-27,Polpa congelada,Agosto,8,Industria,Norte,Indústria de sorvetes,392.38,11.6,9.0,Polpa congelada_Agosto_374
2025-08-14,Polpa congelada,Agosto,8,Industria,Sudeste,Indústria de sorvetes,476.68,13.67,9.0,Polpa congelada_Agosto_375
2025-08-30,Polpa congelada,Agosto,8,Industria,Sudeste,Indústria de alimentos,1088.93,11.34,9.0,Polpa congelada_Agosto_376
2025-08-20,Polpa congelada,Agosto,8,Industria,Sudeste,Indústria de alimentos,1158.58,8.04,8.0,Polpa congelada_Agosto_377
2025-08-26,Polpa congelada,Agosto,8,Industria,Nordeste,Indústria de laticínios,1059.31,10.15,9.0,Polpa congelada_Agosto_378
2025-08-07,Polpa congelada,Agosto,8,Food Service,Nordeste,Restaurantes,441.19,8.55,8.0,Polpa congelada_Agosto_379
2025-08-17,Polpa congelada,Agosto,8,Exportacao,Exterior,Importador (EUA),872.58,14.88,8.0,Polpa congelada_Agosto_380
2025-08-21,Polpa congelada,Agosto,8,Distribuidor,Nordeste,Operador logístico,852.42,10.89,10.0,Polpa congelada_Agosto_381
2025-08-28,Polpa congelada,Agosto,8,Food Service,Sudeste,Açaíterias,764.09,10.29,9.0,Polpa congelada_Agosto_382
2025-08-18,Polpa congelada,Agosto,8,Distribuidor,Sudeste,Distribuidor food service,392.65,12.3,9.0,Polpa congelada_Agosto_383
2025-08-11,Polpa congelada,Agosto,8,Varejo,Nordeste,Empórios,317.32,11.28,9.0,Polpa congelada_Agosto_384
2025-08-27,Polpa congelada,Agosto,8,Industria,Centro-Oeste,Indústria de laticínios,489.67,12.53,8.0,Polpa congelada_Agosto_385
2025-08-18,Polpa congelada,Agosto,8,Industria,Sudeste,Indústria de ingredientes,187.57,10.12,6.0,Polpa congelada_Agosto_386
2025-08-14,Polpa congelada,Agosto,8,Varejo,Sudeste,Empórios,519.95,8.78,9.0,Polpa congelada_Agosto_387
2025-08-20,Polpa congelada,Agosto,8,Exportacao,Exterior,Importador (MENA),328.72,16.09,7.0,Polpa congelada_Agosto_388
2025-08-18,Polpa congelada,Agosto,8,Food Service,Sul,Cafeterias,425.01,8.73,9.0,Polpa congelada_Agosto_389
2025-08-02,Polpa congelada,Agosto,8,Varejo,Centro-Oeste,E-commerce,963.65,15.62,7.0,Polpa congelada_Agosto_390
2025-08-21,Polpa congelada,Agosto,8,Industria,Sudeste,Indústria de alimentos,540.16,6.06,7.0,Polpa congelada_Agosto_391
2025-08-10,Polpa congelada,Agosto,8,Industria,Nordeste,Indústria de ingredientes,271.23,11.97,9.0,Polpa congelada_Agosto_392
2025-08-04,Polpa congelada,Agosto,8,Distribuidor,Sudeste,Distribuidor food service,277.01,11.25,6.0,Polpa congelada_Agosto_393
2025-08-17,Polpa congelada,Agosto,8,Distribuidor,Sudeste,Central de compras,338.85,10.71,8.0,Polpa congelada_Agosto_394
2025-08-17,Polpa congelada,Agosto,8,Food Service,Nordeste,Cafeterias,793.22,9.36,10.0,Polpa congelada_Agosto_395
2025-08-14,Polpa congelada,Agosto,8,Industria,Sudeste,Indústria de bebidas,175.82,10.87,7.0,Polpa congelada_Agosto_396
2025-08-28,Polpa congelada,Agosto,8,Distribuidor,Sul,Distribuidor regional,531.11,13.65,8.0,Polpa congelada_Agosto_397
2025-08-09,Polpa congelada,Agosto,8,Industria,Sudeste,Indústria de laticínios,597.69,6.68,8.0,Polpa congelada_Agosto_398
2025-08-06,Polpa congelada,Agosto,8,Food Service,Nordeste,Restaurantes,220.15,8.32,10.0,Polpa congelada_Agosto_399
2025-08-30,Polpa congelada,Agosto,8,Distribuidor,Nordeste,,1123.04,12.75,6.0,Polpa congelada_Agosto_400
2025-08-17,Polpa congelada,Agosto,8,Food Service,Sudeste,Restaurantes,262.07,11.92,8.0,Polpa congelada_Agosto_401
2025-08-18,Polpa congelada,Agosto,8,Distribuidor,Sul,Distribuidor regional,1019.16,9.22,7.0,Polpa congelada_Agosto_402
2025-08-03,Polpa congelada,Agosto,8,Exportacao,Exterior,Importador (MENA),534.6,7.92,9.0,Polpa congelada_Agosto_403
2025-08-27,Polpa congelada,Agosto,8,Industria,Sudeste,Indústria de ingredientes,141.57,12.34,10.0,Polpa congelada_Agosto_404
2025-08-19,Polpa congelada,Agosto,8,Distribuidor,Sudeste,Atacadista,385.96,10.77,7.0,Polpa congelada_Agosto_405
2025-08-14,Polpa congelada,Agosto,8,Industria,Sudeste,Indústria de bebidas,337.68,8.21,8.0,Polpa congelada_Agosto_406
2025-08-29,Polpa congelada,Agosto,8,Food Service,Nordeste,Cafeterias,600.01,7.42,8.0,Polpa congelada_Agosto_407
2025-08-26,Polpa congelada,Agosto,8,Varejo,Nordeste,Empórios,784.59,12.31,7.0,Polpa congelada_Agosto_408
2025-08-10,Polpa congelada,Agosto,8,Exportacao,Exterior,Importador (UE),324.07,10.38,10.0,Polpa congelada_Agosto_409
2025-08-04,Polpa congelada,Agosto,8,Industria,Nordeste,Indústria de bebidas,391.17,7.27,7.0,Polpa congelada_Agosto_410
2025-08-28,Polpa congelada,Agosto,8,Food Service,Nordeste,Açaíterias,990.73,7.01,9.0,Polpa congelada_Agosto_411
2025-08-26,Polpa congelada,Agosto,8,Food Service,Nordeste,Hotéis,888.81,6.81,8.0,Polpa congelada_Agosto_412
2025-08-21,Polpa congelada,Agosto,8,Varejo,Sudeste,E-commerce,862.09,9.07,7.0,Polpa congelada_Agosto_413
2025-08-05,Polpa congelada,Agosto,8,Distribuidor,Sul,Atacadista,273.86,6.98,7.0,Polpa congelada_Agosto_414
2025-08-05,Polpa congelada,Agosto,8,Exportacao,Exterior,Importador (EUA),656.97,8.25,9.0,Polpa congelada_Agosto_415
2025-08-14,Polpa congelada,Agosto,8,Industria,Sudeste,Indústria de sorvetes,437.8,6.28,10.0,Polpa congelada_Agosto_416
2025-08-22,Polpa congelada,Agosto,8,Distribuidor,Sul,Central de compras,301.48,10.25,8.0,Polpa congelada_Agosto_417
2025-08-25,Polpa congelada,Agosto,8,Varejo,Norte,E-commerce,654.84,7.31,8.0,Polpa congelada_Agosto_418
2025-08-29,Polpa congelada,Agosto,8,Food Service,Nordeste,Açaíterias,610.64,9.17,9.0,Polpa congelada_Agosto_419
2025-08-27,Polpa congelada,Agosto,8,Industria,Sudeste,Indústria de alimentos,657.58,12.42,7.0,Polpa congelada_Agosto_420
2025-08-21,Polpa congelada,Agosto,8,Distribuidor,Sul,Distribuidor regional,238.72,9.45,9.0,Polpa congelada_Agosto_421
2025-08-14,Polpa congelada,Agosto,8,Food Service,Norte,Açaíterias,366.96,11.27,7.0,Polpa congelada_Agosto_422
2025-08-26,Polpa congelada,Agosto,8,Exportacao,Exterior,Importador (EUA),1181.3,11.26,7.0,Polpa congelada_Agosto_423
2025-08-06,Polpa congelada,Agosto,8,Food Service,Sudeste,Confeitarias,819.96,11.11,3.0,Polpa congelada_Agosto_424
2025-08-18,Polpa congelada,Agosto,8,Varejo,Sul,E-commerce,319.24,11.79,7.0,Polpa congelada_Agosto_425
2025-08-21,Polpa congelada,Agosto,8,Distribuidor,Centro-Oeste,Operador logístico,583.57,11.4,10.0,Polpa congelada_Agosto_426
2025-08-30,Polpa congelada,Agosto,8,Distribuidor,Norte,Distribuidor regional,640.84,8.58,7.0,Polpa congelada_Agosto_427
2025-08-03,Polpa congelada,Agosto,8,Distribuidor,Sul,Central de compras,161.69,12.99,10.0,Polpa congelada_Agosto_428
2025-08-18,Polpa congelada,Agosto,8,Distribuidor,Nordeste,Central de compras,558.49,12.94,8.0,Polpa congelada_Agosto_429
2025-08-15,Polpa congelada,Agosto,8,Industria,Sudeste,Indústria de bebidas,597.74,8.69,9.0,Polpa congelada_Agosto_430
2025-08-13,Polpa congelada,Agosto,8,Industria,Nordeste,Indústria de alimentos,206.92,12.86,,Polpa congelada_Agosto_431
2025-08-14,Polpa congelada,Agosto,8,Industria,Sudeste,Indústria de sorvetes,202.76,11.77,8.0,Polpa congelada_Agosto_432
2025-08-12,Polpa congelada,Agosto,8,Varejo,Nordeste,Atacarejo,483.88,9.95,9.0,Polpa congelada_Agosto_433
2025-08-01,Polpa congelada,Agosto,8,Food Service,Sudeste,Restaurantes,265.86,8.13,10.0,Polpa congelada_Agosto_434
2025-08-09,Polpa congelada,Agosto,8,Food Service,Sul,Hotéis,375.25,13.54,9.0,Polpa congelada_Agosto_435
2025-08-23,Polpa congelada,Agosto,8,Industria,Sudeste,Indústria de alimentos,1014.97,8.47,8.0,Polpa congelada_Agosto_436
2025-08-05,Polpa congelada,Agosto,8,Exportacao,Exterior,Importador (UE),1036.43,9.86,9.0,Polpa congelada_Agosto_437
2025-08-04,Polpa congelada,Agosto,8,Exportacao,Exterior,Importador (LATAM),506.3,7.46,8.0,Polpa congelada_Agosto_438
2025-08-22,Polpa congelada,Agosto,8,Industria,Sudeste,Indústria de alimentos,916.39,6.84,8.0,Polpa congelada_Agosto_439
2025-08-26,Polpa congelada,Agosto,8,Food Service,Sul,Açaíterias,773.19,13.31,9.0,Polpa congelada_Agosto_440
2025-08-31,Polpa congelada,Agosto,8,Exportacao,Exterior,Importador (MENA),517.99,7.4,9.0,Polpa congelada_Agosto_441
2025-08-19,Polpa congelada,Agosto,8,Food Service,Sul,Restaurantes,534.17,11.28,8.0,Polpa congelada_Agosto_442
2025-08-17,Polpa congelada,Agosto,8,Food Service,Nordeste,Confeitarias,180.64,10.82,8.0,Polpa congelada_Agosto_443
2025-08-19,Polpa congelada,Agosto,8,Food Service,Nordeste,Confeitarias,113.82,13.22,8.0,Polpa congelada_Agosto_444
2025-08-27,Polpa congelada,Agosto,8,Industria,Sudeste,Indústria de alimentos,286.76,12.1,8.0,Polpa congelada_Agosto_445
2025-08-17,Polpa congelada,Agosto,8,Distribuidor,Sudeste,Operador logístico,945.09,6.86,8.0,Polpa congelada_Agosto_446
2025-08-12,Polpa congelada,Agosto,8,Industria,Sul,Indústria de bebidas,707.02,7.67,10.0,Polpa congelada_Agosto_447
2025-08-16,Polpa congelada,Agosto,8,Food Service,Sudeste,Restaurantes,614.83,6.92,8.0,Polpa congelada_Agosto_448
2025-08-13,Polpa congelada,Agosto,8,Industria,Sul,Indústria de ingredientes,727.31,7.91,8.0,Polpa congelada_Agosto_449
2025-08-01,Polpa congelada,Agosto,8,Distribuidor,Sudeste,Distribuidor food service,906.05,9.08,6.0,Polpa congelada_Agosto_450
2025-08-31,Polpa congelada,Agosto,8,Varejo,Sudeste,Atacarejo,221.46,14.35,9.0,Polpa congelada_Agosto_451
2025-08-13,Polpa congelada,Agosto,8,Varejo,Sudeste,E-commerce,226.79,13.97,10.0,Polpa congelada_Agosto_452
2025-08-27,Polpa congelada,Agosto,8,Food Service,Nordeste,Açaíterias,902.87,11.1,10.0,Polpa congelada_Agosto_453
2025-08-01,Polpa congelada,Agosto,8,Distribuidor,Sudeste,,372.09,10.04,9.0,Polpa congelada_Agosto_454
2025-08-04,Polpa congelada,Agosto,8,Industria,Sudeste,Indústria de laticínios,400.71,12.44,6.0,Polpa congelada_Agosto_455
2025-08-13,Polpa congelada,Agosto,8,Food Service,Sudeste,Açaíterias,852.35,7.75,9.0,Polpa congelada_Agosto_456
2025-08-04,Polpa congelada,Agosto,8,Distribuidor,Sudeste,Central de compras,490.15,6.21,7.0,Polpa congelada_Agosto_457
2025-08-15,Polpa congelada,Agosto,8,Industria,Sul,Indústria de alimentos,242.38,13.45,7.0,Polpa congelada_Agosto_458
2025-08-05,Polpa congelada,Agosto,8,Exportacao,Exterior,Importador (UE),634.39,9.6,9.0,Polpa congelada_Agosto_459
2025-08-25,Polpa congelada,Agosto,8,Distribuidor,Sul,Operador logístico,116.12,9.39,7.0,Polpa congelada_Agosto_460
2025-08-27,Polpa congelada,Agosto,8,Food Service,Sudeste,Confeitarias,188.86,13.8,7.0,Polpa congelada_Agosto_461
2025-08-28,Polpa congelada,Agosto,8,Industria,Sudeste,,1017.12,10.15,7.0,Polpa congelada_Agosto_462
2025-08-28,Polpa congelada,Agosto,8,Distribuidor,Sudeste,Atacadista,824.04,11.28,7.0,Polpa congelada_Agosto_463
2025-08-10,Polpa congelada,Agosto,8,Exportacao,Exterior,Importador (UE),742.59,6.87,10.0,Polpa congelada_Agosto_464
2025-08-02,Polpa congelada,Agosto,8,Food Service,Sul,Açaíterias,871.47,10.07,8.0,Polpa congelada_Agosto_465
2025-08-21,Polpa congelada,Agosto,8,Food Service,Norte,Confeitarias,783.81,10.22,7.0,Polpa congelada_Agosto_466
2025-08-11,Polpa congelada,Agosto,8,Food Service,Nordeste,Cafeterias,90.79,8.79,8.0,Polpa congelada_Agosto_467
2025-08-19,Polpa congelada,Agosto,8,Food Service,Sul,Hotéis,684.13,7.53,10.0,Polpa congelada_Agosto_468
2025-08-08,Polpa congelada,Agosto,8,Food Service,Norte,Confeitarias,979.43,11.24,10.0,Polpa congelada_Agosto_469
2025-08-12,Polpa congelada,Agosto,8,Varejo,Sudeste,E-commerce,741.46,14.06,7.0,Polpa congelada_Agosto_470
2025-08-27,Polpa congelada,Agosto,8,Exportacao,Exterior,Trading,1049.79,6.66,8.0,Polpa congelada_Agosto_471
2025-08-10,Polpa congelada,Agosto,8,Food Service,Nordeste,Cafeterias,614.35,11.47,8.0,Polpa congelada_Agosto_472
2025-08-27,Polpa congelada,Agosto,8,Industria,Nordeste,Indústria de laticínios,194.25,7.69,8.0,Polpa congelada_Agosto_473
2025-08-07,Polpa congelada,Agosto,8,Industria,Nordeste,Indústria de sorvetes,806.27,12.69,6.0,Polpa congelada_Agosto_474
2025-08-03,Polpa congelada,Agosto,8,Exportacao,Exterior,Importador (LATAM),460.64,9.41,9.0,Polpa congelada_Agosto_475
2025-08-31,Polpa congelada,Agosto,8,Industria,Sul,Indústria de bebidas,1003.18,13.78,8.0,Polpa congelada_Agosto_476
2025-08-07,Polpa congelada,Agosto,8,Varejo,Sudeste,E-commerce,516.47,14.46,8.0,Polpa congelada_Agosto_477
2025-08-30,Polpa congelada,Agosto,8,Varejo,Nordeste,Supermercados,573.2,14.86,8.0,Polpa congelada_Agosto_478
2025-08-15,Polpa congelada,Agosto,8,Varejo,Nordeste,E-commerce,305.84,7.55,8.0,Polpa congelada_Agosto_479
2025-08-12,Polpa congelada,Agosto,8,Industria,Nordeste,Indústria de ingredientes,663.71,13.73,7.0,Polpa congelada_Agosto_480
2025-08-26,Polpa congelada,Agosto,8,Varejo,Centro-Oeste,E-commerce,719.04,10.95,9.0,Polpa congelada_Agosto_481
2025-08-24,Polpa congelada,Agosto,8,Industria,Sudeste,Indústria de bebidas,228.8,10.38,9.0,Polpa congelada_Agosto_482
2025-08-20,Polpa congelada,Agosto,8,Industria,Sudeste,Indústria de bebidas,632.47,13.06,9.0,Polpa congelada_Agosto_483
2025-08-12,Polpa congelada,Agosto,8,Varejo,Sudeste,Atacarejo,144.43,14.8,10.0,Polpa congelada_Agosto_484
2025-08-27,Polpa congelada,Agosto,8,Industria,Sudeste,Indústria de bebidas,783.32,8.76,7.0,Polpa congelada_Agosto_485
2025-08-01,Polpa congelada,Agosto,8,Food Service,Norte,Hotéis,745.83,9.23,9.0,Polpa congelada_Agosto_486
2025-08-21,Polpa congelada,Agosto,8,Exportacao,Exterior,Trading,984.38,14.49,7.0,Polpa congelada_Agosto_487
2025-08-22,Polpa congelada,Agosto,8,Food Service,Sudeste,Confeitarias,336.66,9.59,8.0,Polpa congelada_Agosto_488
2025-08-25,Polpa congelada,Agosto,8,Distribuidor,Sul,Distribuidor regional,552.97,11.22,10.0,Polpa congelada_Agosto_489
2025-08-11,Polpa congelada,Agosto,8,Industria,Sudeste,Indústria de sorvetes,1186.71,7.01,9.0,Polpa congelada_Agosto_490
2025-08-29,Polpa congelada,Agosto,8,Distribuidor,Nordeste,Operador logístico,1187.32,11.4,7.0,Polpa congelada_Agosto_491
2025-08-08,Polpa congelada,Agosto,8,Industria,Nordeste,Indústria de sorvetes,243.8,7.18,10.0,Polpa congelada_Agosto_492
2025-08-17,Polpa congelada,Agosto,8,Food Service,Sudeste,Hotéis,373.81,9.04,6.0,Polpa congelada_Agosto_493
2025-08-15,Polpa congelada,Agosto,8,Industria,Sudeste,Indústria de laticínios,179.65,12.5,10.0,Polpa congelada_Agosto_494
2025-08-13,Polpa congelada,Agosto,8,Distribuidor,Sudeste,Distribuidor food service,518.44,11.37,9.0,Polpa congelada_Agosto_495
2025-08-30,Polpa congelada,Agosto,8,Distribuidor,Sul,Distribuidor regional,1046.87,8.45,8.0,Polpa congelada_Agosto_496
2025-08-07,Polpa congelada,Agosto,8,Distribuidor,Sudeste,Distribuidor regional,649.54,10.57,9.0,Polpa congelada_Agosto_497
2025-08-30,Polpa congelada,Agosto,8,Food Service,Nordeste,Açaíterias,734.55,13.06,8.0,Polpa congelada_Agosto_498
2025-08-08,Polpa congelada,Agosto,8,Distribuidor,Nordeste,Central de compras,1102.57,7.75,10.0,Polpa congelada_Agosto_499
2025-08-01,Polpa congelada,Agosto,8,Food Service,Sudeste,Confeitarias,439.49,11.42,10.0,Polpa congelada_Agosto_500
2025-08-12,Polpa congelada,Agosto,8,Exportacao,Exterior,Importador (MENA),334.75,12.3,7.0,Polpa congelada_Agosto_501
2025-08-08,Polpa congelada,Agosto,8,Exportacao,Exterior,Trading,560.63,12.91,9.0,Polpa congelada_Agosto_502
2025-08-31,Polpa congelada,Agosto,8,Industria,Norte,Indústria de ingredientes,426.79,10.58,9.0,Polpa congelada_Agosto_503
2025-08-23,Polpa congelada,Agosto,8,Industria,Sudeste,Indústria de bebidas,1131.37,7.05,10.0,Polpa congelada_Agosto_504
2025-08-22,Polpa congelada,Agosto,8,Food Service,Centro-Oeste,Hotéis,628.72,6.27,8.0,Polpa congelada_Agosto_505
2025-08-09,Polpa congelada,Agosto,8,Industria,Sudeste,Indústria de laticínios,865.64,13.78,8.0,Polpa congelada_Agosto_506
2025-08-13,Polpa congelada,Agosto,8,Industria,Norte,Indústria de laticínios,801.08,6.09,7.0,Polpa congelada_Agosto_507
2025-08-08,Polpa congelada,Agosto,8,Food Service,Sul,Açaíterias,586.14,8.47,8.0,Polpa congelada_Agosto_508
2025-08-24,Polpa congelada,Agosto,8,Exportacao,Exterior,Importador (EUA),223.68,8.43,7.0,Polpa congelada_Agosto_509
2025-08-13,Polpa congelada,Agosto,8,Distribuidor,Sul,Distribuidor regional,932.39,8.92,8.0,Polpa congelada_Agosto_510
2025-08-29,Polpa congelada,Agosto,8,Varejo,Nordeste,Empórios,122.15,8.38,6.0,Polpa congelada_Agosto_511
2025-08-06,Polpa congelada,Agosto,8,Distribuidor,Sudeste,Central de compras,738.35,9.61,9.0,Polpa congelada_Agosto_512
2025-08-25,Polpa congelada,Agosto,8,Distribuidor,Sul,Operador logístico,901.4,7.11,4.0,Polpa congelada_Agosto_513
2025-08-17,Polpa congelada,Agosto,8,Distribuidor,Nordeste,Distribuidor regional,521.15,13.79,9.0,Polpa congelada_Agosto_514
2025-08-25,Polpa congelada,Agosto,8,Distribuidor,Sul,Operador logístico,889.49,9.92,8.0,Polpa congelada_Agosto_515
2025-08-18,Polpa congelada,Agosto,8,Food Service,Norte,Hotéis,628.11,9.89,7.0,Polpa congelada_Agosto_516
2025-08-08,Polpa congelada,Agosto,8,Industria,Sul,Indústria de ingredientes,517.88,7.07,9.0,Polpa congelada_Agosto_517
2025-08-17,Polpa congelada,Agosto,8,Food Service,Sudeste,Açaíterias,211.75,7.62,10.0,Polpa congelada_Agosto_518
2025-08-11,Polpa congelada,Agosto,8,Industria,Centro-Oeste,Indústria de bebidas,616.57,7.78,6.0,Polpa congelada_Agosto_519
2025-08-08,Polpa congelada,Agosto,8,Exportacao,Exterior,Importador (LATAM),387.89,10.99,10.0,Polpa congelada_Agosto_520
2025-08-30,Polpa congelada,Agosto,8,Food Service,Sudeste,Cafeterias,364.39,13.18,8.0,Polpa congelada_Agosto_521
2025-08-13,Polpa congelada,Agosto,8,Industria,Nordeste,Indústria de sorvetes,647.15,10.44,10.0,Polpa congelada_Agosto_522
2025-08-21,Polpa congelada,Agosto,8,Varejo,Sudeste,Loja natural,913.64,9.68,8.0,Polpa congelada_Agosto_523
2025-08-30,Polpa congelada,Agosto,8,Varejo,Sudeste,Supermercados,420.45,14.19,10.0,Polpa congelada_Agosto_524
2025-08-03,Polpa congelada,Agosto,8,Distribuidor,Nordeste,Distribuidor regional,980.7,10.1,8.0,Polpa congelada_Agosto_525
2025-08-14,Polpa congelada,Agosto,8,Industria,Sudeste,Indústria de sorvetes,1100.83,10.53,9.0,Polpa congelada_Agosto_526
2025-08-18,Polpa congelada,Agosto,8,Distribuidor,Norte,Central de compras,925.05,12.78,8.0,Polpa congelada_Agosto_527
2025-08-16,Polpa congelada,Agosto,8,Industria,Norte,Indústria de laticínios,834.61,11.8,9.0,Polpa congelada_Agosto_528
2025-08-01,Polpa congelada,Agosto,8,Varejo,Sul,Atacarejo,522.54,10.13,10.0,Polpa congelada_Agosto_529
2025-08-11,Polpa congelada,Agosto,8,Distribuidor,Sudeste,Distribuidor regional,1000.97,10.97,7.0,Polpa congelada_Agosto_530
2025-08-09,Polpa congelada,Agosto,8,Industria,Nordeste,Indústria de alimentos,908.15,8.59,7.0,Polpa congelada_Agosto_531
2025-08-08,Polpa congelada,Agosto,8,Exportacao,Exterior,Trading,919.34,10.71,10.0,Polpa congelada_Agosto_532
2025-08-21,Polpa congelada,Agosto,8,Food Service,Norte,Cafeterias,673.69,6.93,7.0,Polpa congelada_Agosto_533
2025-08-27,Polpa congelada,Agosto,8,Food Service,Sudeste,Hotéis,965.52,10.04,7.0,Polpa congelada_Agosto_534
2025-08-12,Polpa congelada,Agosto,8,Food Service,Sudeste,Restaurantes,636.79,9.47,8.0,Polpa congelada_Agosto_535
2025-08-06,Polpa congelada,Agosto,8,Exportacao,Exterior,Trading,452.11,13.39,10.0,Polpa congelada_Agosto_536
2025-08-27,Polpa congelada,Agosto,8,Distribuidor,Sudeste,Operador logístico,284.72,11.83,7.0,Polpa congelada_Agosto_537
2025-08-09,Polpa congelada,Agosto,8,Varejo,Sul,Loja natural,637.92,10.75,9.0,Polpa congelada_Agosto_538
2025-08-20,Polpa congelada,Agosto,8,Industria,Sul,Indústria de bebidas,552.47,13.63,8.0,Polpa congelada_Agosto_539
2025-08-22,Polpa congelada,Agosto,8,Industria,Sudeste,,1068.9,9.31,8.0,Polpa congelada_Agosto_540
2025-08-10,Polpa congelada,Agosto,8,Food Service,Nordeste,Hotéis,391.58,8.13,9.0,Polpa congelada_Agosto_541
2025-08-14,Polpa congelada,Agosto,8,Food Service,Nordeste,Restaurantes,995.09,11.38,,Polpa congelada_Agosto_542
2025-08-01,Polpa congelada,Agosto,8,Distribuidor,Norte,Central de compras,424.56,8.17,8.0,Polpa congelada_Agosto_543
2025-08-01,Polpa congelada,Agosto,8,Distribuidor,Nordeste,Distribuidor regional,246.4,9.23,10.0,Polpa congelada_Agosto_544
2025-08-12,Polpa congelada,Agosto,8,Varejo,Sudeste,Empórios,974.39,8.45,7.0,Polpa congelada_Agosto_545
2025-08-08,Polpa congelada,Agosto,8,Distribuidor,Sul,Central de compras,324.79,9.37,8.0,Polpa congelada_Agosto_546
2025-08-30,Polpa congelada,Agosto,8,Industria,Sul,Indústria de sorvetes,920.31,9.39,10.0,Polpa congelada_Agosto_547
2025-08-21,Polpa congelada,Agosto,8,Industria,Nordeste,Indústria de ingredientes,666.97,6.22,7.0,Polpa congelada_Agosto_548
2025-08-05,Polpa congelada,Agosto,8,Industria,Sudeste,Indústria de ingredientes,266.95,9.99,10.0,Polpa congelada_Agosto_549
2025-08-03,Polpa congelada,Agosto,8,Varejo,Sudeste,E-commerce,138.31,13.51,10.0,Polpa congelada_Agosto_550
2025-08-11,Polpa congelada,Agosto,8,Industria,Centro-Oeste,Indústria de sorvetes,636.27,10.23,10.0,Polpa congelada_Agosto_551
2025-08-14,Polpa congelada,Agosto,8,Varejo,Nordeste,Atacarejo,822.44,8.08,6.0,Polpa congelada_Agosto_552
2025-08-10,Polpa congelada,Agosto,8,Food Service,Nordeste,Açaíterias,777.97,9.08,10.0,Polpa congelada_Agosto_553
2025-08-18,Polpa congelada,Agosto,8,Distribuidor,Nordeste,Central de compras,322.91,10.74,9.0,Polpa congelada_Agosto_554
2025-08-16,Polpa congelada,Agosto,8,Distribuidor,Sudeste,Distribuidor food service,920.93,10.62,8.0,Polpa congelada_Agosto_555
2025-08-01,Polpa congelada,Agosto,8,Distribuidor,Nordeste,Distribuidor food service,1123.76,10.64,10.0,Polpa congelada_Agosto_556
2025-08-05,Polpa congelada,Agosto,8,Varejo,Nordeste,,958.23,13.79,8.0,Polpa congelada_Agosto_557
2025-08-21,Polpa congelada,Agosto,8,Varejo,Sul,Supermercados,337.13,9.35,9.0,Polpa congelada_Agosto_558
2025-08-06,Polpa congelada,Agosto,8,Industria,Sudeste,Indústria de bebidas,894.27,12.83,10.0,Polpa congelada_Agosto_559
2025-08-11,Polpa congelada,Agosto,8,Industria,Sudeste,Indústria de ingredientes,945.05,6.41,10.0,Polpa congelada_Agosto_560
2025-08-01,Polpa congelada,Agosto,8,Industria,Sudeste,Indústria de ingredientes,563.48,13.31,8.0,Polpa congelada_Agosto_561
2025-08-19,Polpa congelada,Agosto,8,Distribuidor,Sul,Central de compras,1017.11,11.46,9.0,Polpa congelada_Agosto_562
2025-08-26,Polpa congelada,Agosto,8,Food Service,Sul,Restaurantes,292.4,6.94,10.0,Polpa congelada_Agosto_563
2025-08-07,Polpa congelada,Agosto,8,Food Service,Sudeste,Confeitarias,237.77,8.02,7.0,Polpa congelada_Agosto_564
2025-08-22,Polpa congelada,Agosto,8,Food Service,Norte,Hotéis,370.1,8.92,10.0,Polpa congelada_Agosto_565
2025-08-09,Polpa congelada,Agosto,8,Distribuidor,Nordeste,Distribuidor regional,556.76,9.11,8.0,Polpa congelada_Agosto_566
2025-08-27,Polpa congelada,Agosto,8,Distribuidor,Sudeste,Distribuidor regional,137.25,12.58,7.0,Polpa congelada_Agosto_567
2025-08-11,Polpa congelada,Agosto,8,Food Service,Norte,Confeitarias,991.47,13.23,7.0,Polpa congelada_Agosto_568
2025-08-24,Polpa congelada,Agosto,8,Industria,Norte,Indústria de bebidas,764.96,10.96,7.0,Polpa congelada_Agosto_569
2025-08-27,Polpa congelada,Agosto,8,Industria,Sudeste,Indústria de sorvetes,1049.7,11.05,9.0,Polpa congelada_Agosto_570
2025-08-11,Polpa congelada,Agosto,8,Food Service,Centro-Oeste,,989.44,11.81,9.0,Polpa congelada_Agosto_571
2025-08-24,Polpa congelada,Agosto,8,Industria,Sudeste,Indústria de sorvetes,424.07,6.93,9.0,Polpa congelada_Agosto_572
2025-08-30,Polpa congelada,Agosto,8,Exportacao,Exterior,Trading,1003.76,12.02,6.0,Polpa congelada_Agosto_573
2025-08-06,Polpa congelada,Agosto,8,Food Service,Sul,Hotéis,169.93,11.93,8.0,Polpa congelada_Agosto_574
2025-08-27,Polpa congelada,Agosto,8,Food Service,Sudeste,Hotéis,113.83,6.19,8.0,Polpa congelada_Agosto_575
2025-08-25,Polpa congelada,Agosto,8,Distribuidor,Sul,Distribuidor regional,297.14,10.57,9.0,Polpa congelada_Agosto_576
2025-08-22,Polpa congelada,Agosto,8,Distribuidor,Sudeste,Distribuidor food service,446.05,6.44,10.0,Polpa congelada_Agosto_577
2025-08-17,Polpa congelada,Agosto,8,Industria,Sudeste,Indústria de alimentos,1188.95,12.44,8.0,Polpa congelada_Agosto_578
2025-08-11,Polpa congelada,Agosto,8,Food Service,Sudeste,Restaurantes,407.72,7.11,8.0,Polpa congelada_Agosto_579
2025-08-11,Polpa congelada,Agosto,8,Varejo,Sudeste,Atacarejo,711.87,12.96,9.0,Polpa congelada_Agosto_580
2025-08-03,Polpa congelada,Agosto,8,Distribuidor,Centro-Oeste,Central de compras,720.23,9.69,6.0,Polpa congelada_Agosto_581
2025-08-07,Polpa congelada,Agosto,8,Food Service,Sul,,215.39,9.01,9.0,Polpa congelada_Agosto_582
2025-08-06,Polpa congelada,Agosto,8,Varejo,Nordeste,Supermercados,450.78,14.49,9.0,Polpa congelada_Agosto_583
2025-08-03,Polpa congelada,Agosto,8,Distribuidor,Nordeste,Atacadista,230.34,9.41,6.0,Polpa congelada_Agosto_584
2025-08-21,Polpa congelada,Agosto,8,Industria,Nordeste,Indústria de ingredientes,705.75,7.96,8.0,Polpa congelada_Agosto_585
2025-08-10,Polpa congelada,Agosto,8,Industria,Nordeste,Indústria de laticínios,746.11,6.97,8.0,Polpa congelada_Agosto_586
2025-08-02,Polpa congelada,Agosto,8,Industria,Nordeste,Indústria de laticínios,808.35,12.13,8.0,Polpa congelada_Agosto_587
2025-08-09,Polpa congelada,Agosto,8,Distribuidor,Sul,Distribuidor food service,957.84,11.29,8.0,Polpa congelada_Agosto_588
2025-08-22,Polpa congelada,Agosto,8,Food Service,Sudeste,Confeitarias,828.55,9.22,9.0,Polpa congelada_Agosto_589
2025-08-05,Polpa congelada,Agosto,8,Exportacao,Exterior,Importador (LATAM),233.04,9.79,9.0,Polpa congelada_Agosto_590
2025-08-25,Polpa congelada,Agosto,8,Distribuidor,Norte,Central de compras,292.02,13.03,9.0,Polpa congelada_Agosto_591
2025-08-27,Polpa congelada,Agosto,8,Varejo,Sudeste,Supermercados,817.88,9.15,8.0,Polpa congelada_Agosto_592
2025-08-23,Polpa congelada,Agosto,8,Food Service,Sudeste,Cafeterias,682.17,8.72,9.0,Polpa congelada_Agosto_593
2025-08-18,Polpa congelada,Agosto,8,Industria,Sudeste,Indústria de alimentos,898.53,11.0,7.0,Polpa congelada_Agosto_594
2025-08-30,Polpa congelada,Agosto,8,Varejo,Sudeste,E-commerce,317.02,12.4,7.0,Polpa congelada_Agosto_595
2025-08-18,Polpa congelada,Agosto,8,Food Service,Sul,Confeitarias,271.36,10.58,7.0,Polpa congelada_Agosto_596
2025-08-30,Polpa congelada,Agosto,8,Food Service,Sul,Restaurantes,367.13,7.42,10.0,Polpa congelada_Agosto_597
2025-08-23,Polpa congelada,Agosto,8,Food Service,Sudeste,Açaíterias,392.57,8.65,8.0,Polpa congelada_Agosto_598
2025-08-15,Polpa congelada,Agosto,8,Food Service,Centro-Oeste,Açaíterias,638.56,8.84,6.0,Polpa congelada_Agosto_599
2025-08-24,Polpa congelada,Agosto,8,Industria,Sudeste,,839.39,6.81,6.0,Polpa congelada_Agosto_600
2025-08-10,Polpa congelada,Agosto,8,Distribuidor,Sudeste,Central de compras,409.32,6.63,7.0,Polpa congelada_Agosto_601
2025-08-05,Polpa congelada,Agosto,8,Food Service,Sudeste,Açaíterias,812.21,9.25,9.0,Polpa congelada_Agosto_602
2025-08-08,Polpa congelada,Agosto,8,Industria,Norte,Indústria de sorvetes,611.5,12.3,6.0,Polpa congelada_Agosto_603
2025-08-31,Polpa congelada,Agosto,8,Food Service,Sul,Açaíterias,327.25,8.66,,Polpa congelada_Agosto_604
2025-08-26,Polpa congelada,Agosto,8,Distribuidor,Centro-Oeste,Operador logístico,459.63,7.71,10.0,Polpa congelada_Agosto_605
2025-08-14,Polpa congelada,Agosto,8,Food Service,Nordeste,Hotéis,600.8,10.41,9.0,Polpa congelada_Agosto_606
2025-08-10,Polpa congelada,Agosto,8,Food Service,Sudeste,Hotéis,218.52,6.82,8.0,Polpa congelada_Agosto_607
2025-08-26,Polpa congelada,Agosto,8,Industria,Sudeste,Indústria de bebidas,734.49,8.72,8.0,Polpa congelada_Agosto_608
2025-08-29,Polpa congelada,Agosto,8,Distribuidor,Sul,Central de compras,713.91,10.06,8.0,Polpa congelada_Agosto_609
2025-08-10,Polpa congelada,Agosto,8,Food Service,Sudeste,Confeitarias,287.0,11.97,10.0,Polpa congelada_Agosto_610
2025-08-13,Polpa congelada,Agosto,8,Industria,Centro-Oeste,Indústria de ingredientes,318.69,6.21,10.0,Polpa congelada_Agosto_611
2025-08-03,Polpa congelada,Agosto,8,Food Service,Sudeste,Restaurantes,316.4,12.21,6.0,Polpa congelada_Agosto_612
2025-08-27,Polpa congelada,Agosto,8,Industria,Sul,Indústria de bebidas,1097.08,11.05,10.0,Polpa congelada_Agosto_613
2025-08-07,Polpa congelada,Agosto,8,Exportacao,Exterior,Importador (EUA),456.66,14.1,8.0,Polpa congelada_Agosto_614
2025-08-10,Polpa congelada,Agosto,8,Industria,Norte,Indústria de laticínios,911.94,7.5,8.0,Polpa congelada_Agosto_615
2025-08-07,Polpa congelada,Agosto,8,Industria,Nordeste,Indústria de bebidas,130.68,6.42,10.0,Polpa congelada_Agosto_616
2025-08-28,Polpa congelada,Agosto,8,Industria,Norte,Indústria de laticínios,955.26,6.2,9.0,Polpa congelada_Agosto_617
2025-08-25,Polpa congelada,Agosto,8,Industria,Sudeste,Indústria de ingredientes,978.83,11.87,9.0,Polpa congelada_Agosto_618
2025-08-31,Polpa congelada,Agosto,8,Industria,Sudeste,Indústria de laticínios,640.95,6.42,9.0,Polpa congelada_Agosto_619
2025-08-23,Polpa congelada,Agosto,8,Food Service,Sudeste,Cafeterias,898.21,13.09,9.0,Polpa congelada_Agosto_620
2025-08-02,Polpa congelada,Agosto,8,Exportacao,Exterior,Importador (UE),1015.44,12.38,7.0,Polpa congelada_Agosto_621
2025-08-22,Polpa congelada,Agosto,8,Industria,Sudeste,Indústria de laticínios,1198.63,12.4,10.0,Polpa congelada_Agosto_622
2025-08-05,Polpa congelada,Agosto,8,Industria,Sudeste,Indústria de ingredientes,152.11,7.77,7.0,Polpa congelada_Agosto_623
2025-08-21,Polpa congelada,Agosto,8,Distribuidor,Sudeste,Atacadista,740.55,9.22,9.0,Polpa congelada_Agosto_624
2025-08-05,Polpa congelada,Agosto,8,Exportacao,Exterior,Importador (LATAM),1148.87,11.95,8.0,Polpa congelada_Agosto_625
2025-08-22,Polpa congelada,Agosto,8,Industria,Norte,Indústria de sorvetes,1181.84,12.96,7.0,Polpa congelada_Agosto_626
2025-08-01,Polpa congelada,Agosto,8,Industria,Sudeste,Indústria de alimentos,145.43,9.7,8.0,Polpa congelada_Agosto_627
2025-08-22,Polpa congelada,Agosto,8,Food Service,Nordeste,Hotéis,220.45,7.01,6.0,Polpa congelada_Agosto_628
2025-08-31,Polpa congelada,Agosto,8,Distribuidor,Sul,Distribuidor food service,1252.25,10.45,8.0,Polpa congelada_Agosto_629
2025-08-22,Polpa congelada,Agosto,8,Industria,Sudeste,Indústria de bebidas,1243.37,13.72,9.0,Polpa congelada_Agosto_630
2025-08-06,Polpa congelada,Agosto,8,Varejo,Sudeste,Supermercados,482.08,7.93,9.0,Polpa congelada_Agosto_631
2025-08-21,Polpa congelada,Agosto,8,Varejo,Sul,Atacarejo,404.73,9.64,10.0,Polpa congelada_Agosto_632
2025-08-13,Polpa congelada,Agosto,8,Industria,Sudeste,Indústria de sorvetes,1082.58,7.2,5.0,Polpa congelada_Agosto_633
2025-08-27,Polpa congelada,Agosto,8,Industria,Nordeste,Indústria de sorvetes,1283.86,12.11,9.0,Polpa congelada_Agosto_634
2025-08-02,Polpa congelada,Agosto,8,Food Service,Nordeste,Cafeterias,347.68,10.76,6.0,Polpa congelada_Agosto_635
2025-08-30,Polpa congelada,Agosto,8,Distribuidor,Sudeste,Operador logístico,1188.82,10.63,10.0,Polpa congelada_Agosto_636
2025-08-09,Polpa congelada,Agosto,8,Varejo,Centro-Oeste,E-commerce,808.23,15.05,9.0,Polpa congelada_Agosto_637
2025-08-04,Polpa congelada,Agosto,8,Distribuidor,Sul,Operador logístico,203.41,9.17,8.0,Polpa congelada_Agosto_638
2025-08-08,Polpa congelada,Agosto,8,Food Service,Nordeste,Confeitarias,691.5,11.93,10.0,Polpa congelada_Agosto_639
2025-08-01,Polpa congelada,Agosto,8,Food Service,Sudeste,Cafeterias,353.58,12.72,8.0,Polpa congelada_Agosto_640
2025-08-20,Polpa congelada,Agosto,8,Exportacao,Exterior,Trading,213.88,10.26,8.0,Polpa congelada_Agosto_641
2025-08-30,Polpa congelada,Agosto,8,Industria,Sudeste,Indústria de ingredientes,630.59,11.33,7.0,Polpa congelada_Agosto_642
2025-08-28,Polpa congelada,Agosto,8,Food Service,Sul,Confeitarias,164.56,8.59,9.0,Polpa congelada_Agosto_643
2025-08-08,Polpa congelada,Agosto,8,Varejo,Sudeste,Loja natural,382.09,14.8,9.0,Polpa congelada_Agosto_644
2025-08-13,Polpa congelada,Agosto,8,Industria,Sudeste,Indústria de bebidas,767.92,12.55,9.0,Polpa congelada_Agosto_645
2025-08-10,Polpa congelada,Agosto,8,Distribuidor,Norte,Operador logístico,928.47,9.47,7.0,Polpa congelada_Agosto_646
2025-08-02,Polpa congelada,Agosto,8,Distribuidor,Nordeste,Atacadista,440.64,8.31,8.0,Polpa congelada_Agosto_647
2025-08-21,Polpa congelada,Agosto,8,Exportacao,Exterior,Importador (EUA),955.44,9.47,9.0,Polpa congelada_Agosto_648
2025-08-25,Polpa congelada,Agosto,8,Exportacao,Exterior,Importador (LATAM),365.47,11.47,8.0,Polpa congelada_Agosto_649
2025-08-23,Polpa congelada,Agosto,8,Industria,Nordeste,Indústria de sorvetes,1019.94,7.68,10.0,Polpa congelada_Agosto_650
2025-08-20,Polpa congelada,Agosto,8,Industria,Sudeste,Indústria de alimentos,845.14,8.87,7.0,Polpa congelada_Agosto_651
2025-08-16,Polpa congelada,Agosto,8,Industria,Nordeste,Indústria de ingredientes,1003.21,7.76,,Polpa congelada_Agosto_652
2025-08-10,Polpa congelada,Agosto,8,Industria,Centro-Oeste,Indústria de alimentos,350.1,10.05,6.0,Polpa congelada_Agosto_653
2025-08-12,Polpa congelada,Agosto,8,Exportacao,Exterior,Trading,821.1,7.78,8.0,Polpa congelada_Agosto_654
2025-08-12,Polpa congelada,Agosto,8,Industria,Sudeste,Indústria de laticínios,617.27,9.25,8.0,Polpa congelada_Agosto_655
2025-08-04,Polpa congelada,Agosto,8,Food Service,Nordeste,Confeitarias,685.99,13.01,8.0,Polpa congelada_Agosto_656
2025-08-24,Polpa congelada,Agosto,8,Industria,Nordeste,Indústria de ingredientes,999.84,11.97,8.0,Polpa congelada_Agosto_657
2025-08-27,Polpa congelada,Agosto,8,Distribuidor,Centro-Oeste,Distribuidor regional,357.18,6.65,8.0,Polpa congelada_Agosto_658
2025-08-05,Polpa congelada,Agosto,8,Food Service,Nordeste,Açaíterias,639.05,8.44,8.0,Polpa congelada_Agosto_659
2025-08-23,Polpa congelada,Agosto,8,Food Service,Nordeste,Confeitarias,413.76,8.62,8.0,Polpa congelada_Agosto_660
2025-08-10,Polpa congelada,Agosto,8,Industria,Sudeste,Indústria de laticínios,145.31,9.22,8.0,Polpa congelada_Agosto_661
2025-08-23,Polpa congelada,Agosto,8,Food Service,Nordeste,Restaurantes,583.32,10.35,8.0,Polpa congelada_Agosto_662
2025-08-30,Polpa congelada,Agosto,8,Food Service,Nordeste,Cafeterias,254.94,13.56,7.0,Polpa congelada_Agosto_663
2025-08-25,Polpa congelada,Agosto,8,Food Service,Sudeste,Açaíterias,258.67,9.74,9.0,Polpa congelada_Agosto_664
2025-08-08,Polpa congelada,Agosto,8,Industria,Sul,Indústria de laticínios,860.41,6.81,8.0,Polpa congelada_Agosto_665
2025-08-08,Polpa congelada,Agosto,8,Food Service,Centro-Oeste,Açaíterias,476.63,10.81,10.0,Polpa congelada_Agosto_666
2025-08-24,Polpa congelada,Agosto,8,Distribuidor,Norte,Operador logístico,384.38,11.1,9.0,Polpa congelada_Agosto_667
2025-08-15,Polpa congelada,Agosto,8,Varejo,Sul,Supermercados,327.09,11.13,9.0,Polpa congelada_Agosto_668
2025-08-04,Polpa congelada,Agosto,8,Varejo,Nordeste,Supermercados,747.55,13.22,9.0,Polpa congelada_Agosto_669
2025-08-25,Polpa congelada,Agosto,8,Food Service,Sudeste,Restaurantes,164.76,12.93,6.0,Polpa congelada_Agosto_670
2025-08-16,Polpa congelada,Agosto,8,Exportacao,Exterior,Importador (UE),822.66,10.1,8.0,Polpa congelada_Agosto_671
2025-08-06,Polpa congelada,Agosto,8,Food Service,Norte,Açaíterias,588.76,10.79,7.0,Polpa congelada_Agosto_672
2025-08-24,Polpa congelada,Agosto,8,Industria,Nordeste,Indústria de ingredientes,683.36,11.44,8.0,Polpa congelada_Agosto_673
2025-08-13,Polpa congelada,Agosto,8,Food Service,Sudeste,Confeitarias,562.24,7.61,7.0,Polpa congelada_Agosto_674
2025-08-30,Polpa congelada,Agosto,8,Industria,Nordeste,Indústria de sorvetes,680.12,7.93,7.0,Polpa congelada_Agosto_675
2025-08-13,Polpa congelada,Agosto,8,Food Service,Sudeste,Restaurantes,186.6,12.95,7.0,Polpa congelada_Agosto_676
2025-08-30,Polpa congelada,Agosto,8,Exportacao,Exterior,Importador (UE),807.43,7.75,8.0,Polpa congelada_Agosto_677
2025-08-24,Polpa congelada,Agosto,8,Food Service,Sul,Confeitarias,95.73,9.35,,Polpa congelada_Agosto_678
2025-08-30,Polpa congelada,Agosto,8,Varejo,Sudeste,Empórios,756.4,13.0,7.0,Polpa congelada_Agosto_679
2025-08-27,Polpa congelada,Agosto,8,Industria,Nordeste,Indústria de ingredientes,283.98,8.92,9.0,Polpa congelada_Agosto_680
2025-08-13,Polpa congelada,Agosto,8,Industria,Sudeste,Indústria de sorvetes,910.49,12.18,8.0,Polpa congelada_Agosto_681
2025-08-02,Polpa congelada,Agosto,8,Industria,Sudeste,Indústria de alimentos,187.66,6.09,7.0,Polpa congelada_Agosto_682
2025-08-10,Polpa congelada,Agosto,8,Industria,Nordeste,Indústria de ingredientes,102.4,9.58,9.0,Polpa congelada_Agosto_683
2025-08-15,Polpa congelada,Agosto,8,Distribuidor,Centro-Oeste,Atacadista,405.87,12.2,7.0,Polpa congelada_Agosto_684
2025-08-04,Polpa congelada,Agosto,8,Exportacao,Exterior,Importador (LATAM),516.58,11.41,9.0,Polpa congelada_Agosto_685
2025-08-07,Polpa congelada,Agosto,8,Distribuidor,Nordeste,Distribuidor regional,564.57,12.21,8.0,Polpa congelada_Agosto_686
2025-08-21,Polpa congelada,Agosto,8,Industria,Sul,Indústria de sorvetes,848.46,13.4,7.0,Polpa congelada_Agosto_687
2025-08-19,Polpa congelada,Agosto,8,Industria,Sudeste,Indústria de alimentos,505.53,13.76,7.0,Polpa congelada_Agosto_688
2025-08-30,Polpa congelada,Agosto,8,Distribuidor,Sul,Atacadista,1051.56,8.07,7.0,Polpa congelada_Agosto_689
2025-08-16,Polpa congelada,Agosto,8,Exportacao,Exterior,Importador (EUA),1214.67,7.08,9.0,Polpa congelada_Agosto_690
2025-08-29,Polpa congelada,Agosto,8,Food Service,Sudeste,,128.19,7.75,10.0,Polpa congelada_Agosto_691
2025-08-22,Polpa congelada,Agosto,8,Industria,Sul,Indústria de ingredientes,944.69,9.67,6.0,Polpa congelada_Agosto_692
2025-08-19,Polpa congelada,Agosto,8,Industria,Sul,Indústria de alimentos,987.2,10.31,9.0,Polpa congelada_Agosto_693
2025-08-23,Polpa congelada,Agosto,8,Food Service,Sudeste,Confeitarias,206.02,7.17,8.0,Polpa congelada_Agosto_694
2025-08-13,Polpa congelada,Agosto,8,Food Service,Sudeste,Cafeterias,269.46,10.33,7.0,Polpa congelada_Agosto_695
2025-08-10,Polpa congelada,Agosto,8,Food Service,Centro-Oeste,Açaíterias,177.26,6.08,8.0,Polpa congelada_Agosto_696
2025-08-08,Polpa congelada,Agosto,8,Distribuidor,Sudeste,Distribuidor regional,694.05,8.95,9.0,Polpa congelada_Agosto_697
2025-08-17,Polpa congelada,Agosto,8,Exportacao,Exterior,Importador (UE),1241.59,8.28,10.0,Polpa congelada_Agosto_698
2025-08-26,Polpa congelada,Agosto,8,Industria,Sudeste,Indústria de sorvetes,1176.26,9.71,8.0,Polpa congelada_Agosto_699
2025-08-05,Manteiga de manga,Agosto,8,Distribuidor,Norte,Perfumaria,113.35,89.97,7.0,Manteiga de manga_Agosto_0
2025-08-15,Manteiga de manga,Agosto,8,Industria,Sudeste,Ingredientes,123.28,59.98,8.0,Manteiga de manga_Agosto_1
2025-08-25,Manteiga de manga,Agosto,8,Exportacao,Exterior,Farmacêutico,144.74,92.26,6.0,Manteiga de manga_Agosto_2
2025-08-25,Manteiga de manga,Agosto,8,Exportacao,Exterior,Ingredientes,18.08,63.11,9.0,Manteiga de manga_Agosto_3
2025-08-01,Manteiga de manga,Agosto,8,Distribuidor,Sul,Perfumaria,15.65,57.0,7.0,Manteiga de manga_Agosto_4
2025-08-09,Manteiga de manga,Agosto,8,Distribuidor,Sudeste,Ingredientes,119.49,96.3,9.0,Manteiga de manga_Agosto_5
2025-08-22,Manteiga de manga,Agosto,8,Industria,Nordeste,Ingredientes,129.62,96.45,8.0,Manteiga de manga_Agosto_6
2025-08-31,Manteiga de manga,Agosto,8,Industria,Nordeste,Perfumaria,17.98,109.74,7.0,Manteiga de manga_Agosto_7
2025-08-18,Manteiga de manga,Agosto,8,Industria,Sul,Sabonetes,77.11,84.26,8.0,Manteiga de manga_Agosto_8
2025-08-25,Manteiga de manga,Agosto,8,Industria,Sudeste,Cosméticos,111.27,109.38,7.0,Manteiga de manga_Agosto_9
2025-08-27,Manteiga de manga,Agosto,8,Industria,Sul,Ingredientes,51.92,74.06,6.0,Manteiga de manga_Agosto_10
2025-08-20,Manteiga de manga,Agosto,8,Industria,Centro-Oeste,Cosméticos,194.15,116.61,7.0,Manteiga de manga_Agosto_11
2025-08-20,Manteiga de manga,Agosto,8,Industria,Norte,Cosméticos,234.29,105.51,7.0,Manteiga de manga_Agosto_12
2025-08-09,Manteiga de manga,Agosto,8,Industria,Nordeste,Sabonetes,152.33,55.91,8.0,Manteiga de manga_Agosto_13
2025-08-09,Manteiga de manga,Agosto,8,Industria,Sudeste,Farmacêutico,200.45,75.38,9.0,Manteiga de manga_Agosto_14
2025-08-06,Manteiga de manga,Agosto,8,Industria,Norte,Farmacêutico,9.73,60.9,9.0,Manteiga de manga_Agosto_15
2025-08-30,Manteiga de manga,Agosto,8,Industria,Nordeste,Ingredientes,12.7,81.04,9.0,Manteiga de manga_Agosto_16
2025-08-31,Manteiga de manga,Agosto,8,Industria,Sul,Sabonetes,208.33,77.22,7.0,Manteiga de manga_Agosto_17
2025-08-23,Manteiga de manga,Agosto,8,Industria,Sul,Farmacêutico,36.24,73.44,9.0,Manteiga de manga_Agosto_18
2025-08-31,Manteiga de manga,Agosto,8,Industria,Sudeste,Sabonetes,121.48,66.55,6.0,Manteiga de manga_Agosto_19
2025-08-15,Manteiga de manga,Agosto,8,Exportacao,Exterior,Perfumaria,120.82,123.24,9.0,Manteiga de manga_Agosto_20
2025-08-31,Manteiga de manga,Agosto,8,Industria,Centro-Oeste,Farmacêutico,119.06,58.16,6.0,Manteiga de manga_Agosto_21
2025-08-17,Manteiga de manga,Agosto,8,Distribuidor,Sudeste,Sabonetes,123.5,69.56,9.0,Manteiga de manga_Agosto_22
2025-08-28,Manteiga de manga,Agosto,8,Industria,Sul,Farmacêutico,190.87,46.18,10.0,Manteiga de manga_Agosto_23
2025-08-22,Manteiga de manga,Agosto,8,Industria,Sul,Cosméticos,96.7,85.75,9.0,Manteiga de manga_Agosto_24
2025-08-12,Manteiga de manga,Agosto,8,Distribuidor,Nordeste,Sabonetes,100.39,68.89,8.0,Manteiga de manga_Agosto_25
2025-08-27,Manteiga de manga,Agosto,8,Distribuidor,Centro-Oeste,Ingredientes,23.53,96.99,8.0,Manteiga de manga_Agosto_26
2025-08-29,Manteiga de manga,Agosto,8,Industria,Norte,Sabonetes,94.88,106.1,10.0,Manteiga de manga_Agosto_27
2025-08-06,Manteiga de manga,Agosto,8,Industria,Sudeste,Sabonetes,232.7,84.21,6.0,Manteiga de manga_Agosto_28
2025-08-08,Manteiga de manga,Agosto,8,Industria,Sudeste,Cosméticos,55.94,60.03,7.0,Manteiga de manga_Agosto_29
2025-08-21,Manteiga de manga,Agosto,8,Distribuidor,Sudeste,Sabonetes,181.22,93.57,7.0,Manteiga de manga_Agosto_30
2025-08-07,Manteiga de manga,Agosto,8,Industria,Sudeste,Perfumaria,209.06,58.03,7.0,Manteiga de manga_Agosto_31
2025-08-24,Manteiga de manga,Agosto,8,Distribuidor,Sudeste,Ingredientes,155.62,79.24,5.0,Manteiga de manga_Agosto_32
2025-08-10,Manteiga de manga,Agosto,8,Industria,Sul,Sabonetes,56.8,71.6,8.0,Manteiga de manga_Agosto_33
2025-08-05,Manteiga de manga,Agosto,8,Distribuidor,Norte,Farmacêutico,128.46,84.74,8.0,Manteiga de manga_Agosto_34
2025-08-31,Manteiga de manga,Agosto,8,Industria,Nordeste,Ingredientes,86.42,52.6,9.0,Manteiga de manga_Agosto_35
2025-08-04,Manteiga de manga,Agosto,8,Exportacao,Exterior,Cosméticos,126.26,135.51,9.0,Manteiga de manga_Agosto_36
2025-08-13,Manteiga de manga,Agosto,8,Industria,Nordeste,Farmacêutico,221.04,116.68,9.0,Manteiga de manga_Agosto_37
2025-08-11,Manteiga de manga,Agosto,8,Exportacao,Exterior,Ingredientes,214.23,64.37,8.0,Manteiga de manga_Agosto_38
2025-08-18,Manteiga de manga,Agosto,8,Industria,Sudeste,Perfumaria,83.85,116.71,10.0,Manteiga de manga_Agosto_39
2025-08-21,Manteiga de manga,Agosto,8,Industria,Sudeste,Perfumaria,205.54,71.65,10.0,Manteiga de manga_Agosto_40
2025-08-03,Manteiga de manga,Agosto,8,Industria,Sul,Farmacêutico,65.13,89.58,8.0,Manteiga de manga_Agosto_41
2025-08-09,Manteiga de manga,Agosto,8,Industria,Centro-Oeste,Sabonetes,28.53,70.12,6.0,Manteiga de manga_Agosto_42
2025-08-31,Manteiga de manga,Agosto,8,Exportacao,Exterior,Cosméticos,46.16,145.06,7.0,Manteiga de manga_Agosto_43
2025-08-06,Manteiga de manga,Agosto,8,Industria,Sudeste,Sabonetes,204.85,59.88,9.0,Manteiga de manga_Agosto_44
2025-08-14,Manteiga de manga,Agosto,8,Exportacao,Exterior,Sabonetes,189.61,89.84,7.0,Manteiga de manga_Agosto_45
2025-08-04,Manteiga de manga,Agosto,8,Industria,Nordeste,Farmacêutico,75.43,55.79,7.0,Manteiga de manga_Agosto_46
2025-08-23,Manteiga de manga,Agosto,8,Distribuidor,Sudeste,Perfumaria,109.83,53.83,9.0,Manteiga de manga_Agosto_47
2025-08-04,Manteiga de manga,Agosto,8,Industria,Centro-Oeste,Farmacêutico,17.38,115.4,9.0,Manteiga de manga_Agosto_48
2025-08-02,Manteiga de manga,Agosto,8,Exportacao,Exterior,Perfumaria,155.34,139.03,7.0,Manteiga de manga_Agosto_49
2025-08-09,Manteiga de manga,Agosto,8,Industria,Sudeste,Farmacêutico,134.25,86.84,7.0,Manteiga de manga_Agosto_50
2025-08-20,Manteiga de manga,Agosto,8,Distribuidor,Norte,Farmacêutico,169.64,110.29,7.0,Manteiga de manga_Agosto_51
2025-08-28,Manteiga de manga,Agosto,8,Industria,Nordeste,Ingredientes,158.7,66.84,9.0,Manteiga de manga_Agosto_52
2025-08-23,Manteiga de manga,Agosto,8,Exportacao,Exterior,Perfumaria,23.43,51.07,8.0,Manteiga de manga_Agosto_53
2025-08-31,Manteiga de manga,Agosto,8,Industria,Nordeste,Farmacêutico,156.83,63.7,8.0,Manteiga de manga_Agosto_54
2025-08-23,Manteiga de manga,Agosto,8,Industria,Sudeste,Sabonetes,11.97,82.04,5.0,Manteiga de manga_Agosto_55
2025-08-10,Manteiga de manga,Agosto,8,Industria,Sudeste,Ingredientes,135.3,49.44,8.0,Manteiga de manga_Agosto_56
2025-08-02,Manteiga de manga,Agosto,8,Industria,Sudeste,Ingredientes,35.98,111.48,9.0,Manteiga de manga_Agosto_57
2025-08-08,Manteiga de manga,Agosto,8,Industria,Sudeste,Perfumaria,135.15,46.77,10.0,Manteiga de manga_Agosto_58
2025-08-18,Manteiga de manga,Agosto,8,Exportacao,Exterior,Ingredientes,148.79,136.01,9.0,Manteiga de manga_Agosto_59
2025-08-27,Manteiga de manga,Agosto,8,Industria,Sul,Sabonetes,32.06,68.69,8.0,Manteiga de manga_Agosto_60
2025-08-24,Manteiga de manga,Agosto,8,Industria,Sul,Ingredientes,152.33,99.02,7.0,Manteiga de manga_Agosto_61
2025-08-19,Manteiga de manga,Agosto,8,Industria,Sul,Perfumaria,217.03,46.66,8.0,Manteiga de manga_Agosto_62
2025-08-02,Manteiga de manga,Agosto,8,Industria,Norte,Ingredientes,99.82,59.86,8.0,Manteiga de manga_Agosto_63
2025-08-14,Manteiga de manga,Agosto,8,Industria,Sudeste,Cosméticos,81.19,77.58,8.0,Manteiga de manga_Agosto_64
2025-08-21,Manteiga de manga,Agosto,8,Distribuidor,Sudeste,Farmacêutico,133.46,81.02,7.0,Manteiga de manga_Agosto_65
2025-08-12,Manteiga de manga,Agosto,8,Industria,Sudeste,Cosméticos,200.27,53.87,5.0,Manteiga de manga_Agosto_66
2025-08-05,Manteiga de manga,Agosto,8,Industria,Norte,Sabonetes,51.01,114.63,9.0,Manteiga de manga_Agosto_67
2025-08-29,Manteiga de manga,Agosto,8,Industria,Centro-Oeste,Cosméticos,68.15,107.63,9.0,Manteiga de manga_Agosto_68
2025-08-01,Manteiga de manga,Agosto,8,Distribuidor,Sudeste,Ingredientes,34.88,108.69,8.0,Manteiga de manga_Agosto_69
2025-08-07,Manteiga de manga,Agosto,8,Industria,Nordeste,Perfumaria,34.31,47.6,10.0,Manteiga de manga_Agosto_70
2025-08-26,Manteiga de manga,Agosto,8,Industria,Sul,Cosméticos,191.09,83.79,8.0,Manteiga de manga_Agosto_71
2025-08-26,Manteiga de manga,Agosto,8,Industria,Nordeste,Farmacêutico,196.21,92.23,8.0,Manteiga de manga_Agosto_72
2025-08-11,Manteiga de manga,Agosto,8,Industria,Nordeste,Sabonetes,75.45,119.78,10.0,Manteiga de manga_Agosto_73
2025-08-09,Manteiga de manga,Agosto,8,Distribuidor,Sudeste,Farmacêutico,136.11,67.77,7.0,Manteiga de manga_Agosto_74
2025-08-10,Manteiga de manga,Agosto,8,Exportacao,Exterior,Ingredientes,25.54,140.06,8.0,Manteiga de manga_Agosto_75
2025-08-14,Manteiga de manga,Agosto,8,Industria,Sudeste,Cosméticos,58.6,98.18,7.0,Manteiga de manga_Agosto_76
2025-08-04,Manteiga de manga,Agosto,8,Distribuidor,Sudeste,Sabonetes,22.29,60.65,7.0,Manteiga de manga_Agosto_77
2025-08-17,Manteiga de manga,Agosto,8,Industria,Sul,Cosméticos,148.1,111.67,8.0,Manteiga de manga_Agosto_78
2025-08-24,Manteiga de manga,Agosto,8,Distribuidor,Sudeste,Ingredientes,144.21,45.25,9.0,Manteiga de manga_Agosto_79
2025-08-30,Manteiga de manga,Agosto,8,Industria,Nordeste,Perfumaria,113.23,101.69,8.0,Manteiga de manga_Agosto_80
2025-08-14,Manteiga de manga,Agosto,8,Industria,Nordeste,Sabonetes,56.3,45.0,9.0,Manteiga de manga_Agosto_81
2025-08-21,Manteiga de manga,Agosto,8,Industria,Sudeste,Farmacêutico,144.67,101.12,7.0,Manteiga de manga_Agosto_82
2025-08-20,Manteiga de manga,Agosto,8,Industria,Sudeste,Perfumaria,77.59,76.72,8.0,Manteiga de manga_Agosto_83
2025-08-29,Manteiga de manga,Agosto,8,Industria,Nordeste,Cosméticos,30.93,80.63,8.0,Manteiga de manga_Agosto_84
2025-08-10,Manteiga de manga,Agosto,8,Distribuidor,Sul,Ingredientes,121.03,65.47,8.0,Manteiga de manga_Agosto_85
2025-08-14,Manteiga de manga,Agosto,8,Industria,Sudeste,Farmacêutico,106.14,110.8,6.0,Manteiga de manga_Agosto_86
2025-08-15,Manteiga de manga,Agosto,8,Industria,Norte,Ingredientes,173.59,70.72,9.0,Manteiga de manga_Agosto_87
2025-08-09,Manteiga de manga,Agosto,8,Exportacao,Exterior,Farmacêutico,143.38,137.33,7.0,Manteiga de manga_Agosto_88
2025-08-30,Manteiga de manga,Agosto,8,Industria,Sudeste,Cosméticos,139.22,68.6,8.0,Manteiga de manga_Agosto_89
2025-08-05,Manteiga de manga,Agosto,8,Industria,Nordeste,Ingredientes,201.24,117.85,9.0,Manteiga de manga_Agosto_90
2025-08-12,Manteiga de manga,Agosto,8,Industria,Nordeste,Perfumaria,170.99,117.49,8.0,Manteiga de manga_Agosto_91
2025-08-28,Manteiga de manga,Agosto,8,Industria,Sul,Farmacêutico,54.87,117.57,7.0,Manteiga de manga_Agosto_92
2025-08-24,Manteiga de manga,Agosto,8,Exportacao,Exterior,Perfumaria,53.97,117.1,8.0,Manteiga de manga_Agosto_93
2025-08-29,Manteiga de manga,Agosto,8,Industria,Sudeste,Sabonetes,92.4,95.31,9.0,Manteiga de manga_Agosto_94
2025-08-07,Manteiga de manga,Agosto,8,Industria,Sudeste,Perfumaria,210.1,54.98,8.0,Manteiga de manga_Agosto_95
2025-08-15,Manteiga de manga,Agosto,8,Industria,Nordeste,Ingredientes,111.02,109.42,7.0,Manteiga de manga_Agosto_96
2025-08-07,Manteiga de manga,Agosto,8,Industria,Nordeste,Ingredientes,135.74,79.0,9.0,Manteiga de manga_Agosto_97
2025-08-05,Manteiga de manga,Agosto,8,Industria,Sudeste,Sabonetes,188.91,61.24,8.0,Manteiga de manga_Agosto_98
2025-08-16,Manteiga de manga,Agosto,8,Industria,Nordeste,Perfumaria,117.57,68.61,10.0,Manteiga de manga_Agosto_99
2025-08-20,Manteiga de manga,Agosto,8,Industria,Sudeste,Ingredientes,89.86,111.2,9.0,Manteiga de manga_Agosto_100
2025-08-18,Manteiga de manga,Agosto,8,Industria,Sudeste,Perfumaria,137.02,84.83,8.0,Manteiga de manga_Agosto_101
2025-08-08,Manteiga de manga,Agosto,8,Industria,Nordeste,Cosméticos,44.51,111.64,9.0,Manteiga de manga_Agosto_102
2025-08-10,Manteiga de manga,Agosto,8,Industria,Norte,Sabonetes,91.6,78.86,8.0,Manteiga de manga_Agosto_103
2025-08-24,Manteiga de manga,Agosto,8,Exportacao,Exterior,Cosméticos,29.17,97.89,7.0,Manteiga de manga_Agosto_104
2025-08-26,Manteiga de manga,Agosto,8,Industria,Nordeste,Farmacêutico,63.78,102.73,7.0,Manteiga de manga_Agosto_105
2025-08-25,Manteiga de manga,Agosto,8,Industria,Sul,Sabonetes,103.77,56.11,8.0,Manteiga de manga_Agosto_106
2025-08-06,Manteiga de manga,Agosto,8,Industria,Sudeste,Perfumaria,116.07,71.04,8.0,Manteiga de manga_Agosto_107
2025-08-26,Manteiga de manga,Agosto,8,Industria,Sudeste,Perfumaria,50.0,72.48,8.0,Manteiga de manga_Agosto_108
2025-08-13,Manteiga de manga,Agosto,8,Industria,Norte,Sabonetes,231.05,90.63,8.0,Manteiga de manga_Agosto_109
2025-08-25,Manteiga de manga,Agosto,8,Industria,Sul,Ingredientes,231.9,100.76,10.0,Manteiga de manga_Agosto_110
2025-08-27,Manteiga de manga,Agosto,8,Industria,Norte,Ingredientes,57.66,109.65,8.0,Manteiga de manga_Agosto_111
2025-08-31,Manteiga de manga,Agosto,8,Industria,Sudeste,Sabonetes,180.53,55.9,8.0,Manteiga de manga_Agosto_112
2025-08-11,Manteiga de manga,Agosto,8,Distribuidor,Nordeste,Sabonetes,111.91,45.65,8.0,Manteiga de manga_Agosto_113
2025-08-20,Manteiga de manga,Agosto,8,Distribuidor,Nordeste,Farmacêutico,60.34,85.59,7.0,Manteiga de manga_Agosto_114
2025-08-08,Manteiga de manga,Agosto,8,Industria,Sudeste,Perfumaria,131.9,98.45,9.0,Manteiga de manga_Agosto_115
2025-08-13,Manteiga de manga,Agosto,8,Industria,Sudeste,Farmacêutico,122.95,112.83,7.0,Manteiga de manga_Agosto_116
2025-08-30,Manteiga de manga,Agosto,8,Industria,Sul,Farmacêutico,131.95,73.65,9.0,Manteiga de manga_Agosto_117
2025-08-01,Manteiga de manga,Agosto,8,Distribuidor,Sul,Cosméticos,9.7,55.35,5.0,Manteiga de manga_Agosto_118
2025-08-23,Manteiga de manga,Agosto,8,Distribuidor,Sul,Cosméticos,165.32,59.37,8.0,Manteiga de manga_Agosto_119
2025-08-18,Manteiga de manga,Agosto,8,Distribuidor,Nordeste,Perfumaria,94.14,51.07,,Manteiga de manga_Agosto_120
2025-08-20,Manteiga de manga,Agosto,8,Industria,Centro-Oeste,Ingredientes,113.13,45.01,7.0,Manteiga de manga_Agosto_121
2025-08-20,Manteiga de manga,Agosto,8,Industria,Sul,Sabonetes,61.52,82.06,8.0,Manteiga de manga_Agosto_122
2025-08-12,Manteiga de manga,Agosto,8,Industria,Sul,Sabonetes,187.41,95.19,,Manteiga de manga_Agosto_123
2025-08-25,Manteiga de manga,Agosto,8,Industria,Sudeste,Sabonetes,220.11,46.88,7.0,Manteiga de manga_Agosto_124
2025-08-08,Manteiga de manga,Agosto,8,Exportacao,Exterior,Sabonetes,94.02,76.97,7.0,Manteiga de manga_Agosto_125
2025-08-26,Manteiga de manga,Agosto,8,Industria,Sudeste,Farmacêutico,111.69,76.61,9.0,Manteiga de manga_Agosto_126
2025-08-25,Manteiga de manga,Agosto,8,Industria,Nordeste,Cosméticos,151.36,90.72,6.0,Manteiga de manga_Agosto_127
2025-08-07,Manteiga de manga,Agosto,8,Distribuidor,Sudeste,Farmacêutico,78.57,97.75,8.0,Manteiga de manga_Agosto_128
2025-08-11,Manteiga de manga,Agosto,8,Industria,Norte,Cosméticos,94.28,48.89,8.0,Manteiga de manga_Agosto_129
2025-08-30,Manteiga de manga,Agosto,8,Distribuidor,Sudeste,,93.15,114.77,8.0,Manteiga de manga_Agosto_130
2025-08-20,Manteiga de manga,Agosto,8,Distribuidor,Nordeste,Perfumaria,175.48,116.84,6.0,Manteiga de manga_Agosto_131
2025-08-07,Manteiga de manga,Agosto,8,Distribuidor,Sudeste,Cosméticos,12.45,99.73,8.0,Manteiga de manga_Agosto_132
2025-08-13,Manteiga de manga,Agosto,8,Industria,Nordeste,Cosméticos,164.58,100.49,6.0,Manteiga de manga_Agosto_133
2025-08-11,Manteiga de manga,Agosto,8,Industria,Sudeste,Sabonetes,112.06,84.79,9.0,Manteiga de manga_Agosto_134
2025-08-20,Manteiga de manga,Agosto,8,Industria,Norte,Farmacêutico,12.73,64.94,8.0,Manteiga de manga_Agosto_135
2025-08-02,Manteiga de manga,Agosto,8,Industria,Centro-Oeste,Perfumaria,46.86,78.31,10.0,Manteiga de manga_Agosto_136
2025-08-17,Manteiga de manga,Agosto,8,Industria,Centro-Oeste,Farmacêutico,35.02,79.72,8.0,Manteiga de manga_Agosto_137
2025-08-19,Manteiga de manga,Agosto,8,Exportacao,Exterior,Farmacêutico,182.99,67.79,8.0,Manteiga de manga_Agosto_138
2025-08-18,Manteiga de manga,Agosto,8,Industria,Sudeste,Sabonetes,241.26,68.82,6.0,Manteiga de manga_Agosto_139
2025-08-14,Manteiga de manga,Agosto,8,Exportacao,Exterior,Perfumaria,71.95,131.17,9.0,Manteiga de manga_Agosto_140
2025-08-28,Manteiga de manga,Agosto,8,Industria,Nordeste,Perfumaria,55.92,80.24,8.0,Manteiga de manga_Agosto_141
2025-08-07,Manteiga de manga,Agosto,8,Exportacao,Exterior,Ingredientes,157.43,123.83,6.0,Manteiga de manga_Agosto_142
2025-08-27,Manteiga de manga,Agosto,8,Industria,Nordeste,Ingredientes,170.46,98.71,8.0,Manteiga de manga_Agosto_143
2025-08-07,Manteiga de manga,Agosto,8,Exportacao,Exterior,Sabonetes,61.15,57.5,7.0,Manteiga de manga_Agosto_144
2025-08-08,Manteiga de manga,Agosto,8,Industria,Sudeste,Farmacêutico,91.35,108.57,7.0,Manteiga de manga_Agosto_145
2025-08-23,Manteiga de manga,Agosto,8,Exportacao,Exterior,Cosméticos,163.07,80.69,10.0,Manteiga de manga_Agosto_146
2025-08-16,Manteiga de manga,Agosto,8,Distribuidor,Norte,Ingredientes,155.72,62.77,7.0,Manteiga de manga_Agosto_147
2025-08-06,Manteiga de manga,Agosto,8,Exportacao,Exterior,Cosméticos,78.93,121.1,6.0,Manteiga de manga_Agosto_148
2025-08-18,Manteiga de manga,Agosto,8,Distribuidor,Sudeste,Perfumaria,33.03,118.9,7.0,Manteiga de manga_Agosto_149
2025-08-17,Manteiga de manga,Agosto,8,Industria,Sudeste,Ingredientes,173.24,55.74,7.0,Manteiga de manga_Agosto_150
2025-08-26,Manteiga de manga,Agosto,8,Industria,Centro-Oeste,Cosméticos,188.37,102.08,8.0,Manteiga de manga_Agosto_151
2025-08-24,Manteiga de manga,Agosto,8,Exportacao,Exterior,Ingredientes,71.53,114.87,8.0,Manteiga de manga_Agosto_152
2025-08-21,Manteiga de manga,Agosto,8,Industria,Sudeste,Farmacêutico,139.59,109.58,9.0,Manteiga de manga_Agosto_153
2025-08-30,Manteiga de manga,Agosto,8,Industria,Norte,Sabonetes,56.73,52.08,10.0,Manteiga de manga_Agosto_154
2025-08-13,Manteiga de manga,Agosto,8,Industria,Nordeste,Ingredientes,193.33,94.93,7.0,Manteiga de manga_Agosto_155
2025-08-16,Manteiga de manga,Agosto,8,Exportacao,Exterior,Farmacêutico,61.28,117.63,7.0,Manteiga de manga_Agosto_156
2025-08-05,Manteiga de manga,Agosto,8,Exportacao,Exterior,Ingredientes,105.86,76.23,6.0,Manteiga de manga_Agosto_157
2025-08-29,Manteiga de manga,Agosto,8,Distribuidor,Sul,Farmacêutico,170.21,69.03,8.0,Manteiga de manga_Agosto_158
2025-08-30,Manteiga de manga,Agosto,8,Distribuidor,Sudeste,Ingredientes,76.26,103.94,8.0,Manteiga de manga_Agosto_159
2025-08-31,Manteiga de manga,Agosto,8,Industria,Nordeste,Farmacêutico,210.69,110.47,10.0,Manteiga de manga_Agosto_160
2025-08-21,Manteiga de manga,Agosto,8,Industria,Sul,Ingredientes,170.03,60.46,10.0,Manteiga de manga_Agosto_161
2025-08-09,Manteiga de manga,Agosto,8,Industria,Nordeste,Ingredientes,215.54,101.7,10.0,Manteiga de manga_Agosto_162
2025-08-27,Manteiga de manga,Agosto,8,Industria,Sudeste,Ingredientes,50.0,49.4,9.0,Manteiga de manga_Agosto_163
2025-08-16,Manteiga de manga,Agosto,8,Exportacao,Exterior,Sabonetes,12.34,89.92,10.0,Manteiga de manga_Agosto_164
2025-08-18,Manteiga de manga,Agosto,8,Industria,Centro-Oeste,Cosméticos,214.22,102.4,8.0,Manteiga de manga_Agosto_165
2025-08-03,Manteiga de manga,Agosto,8,Distribuidor,Sudeste,Ingredientes,173.76,84.55,9.0,Manteiga de manga_Agosto_166
2025-08-15,Manteiga de manga,Agosto,8,Distribuidor,Sul,Farmacêutico,93.01,114.2,7.0,Manteiga de manga_Agosto_167
2025-08-07,Manteiga de manga,Agosto,8,Industria,Sudeste,Sabonetes,162.65,91.83,7.0,Manteiga de manga_Agosto_168
2025-08-05,Manteiga de manga,Agosto,8,Industria,Nordeste,Sabonetes,88.72,114.19,10.0,Manteiga de manga_Agosto_169
2025-08-10,Manteiga de manga,Agosto,8,Industria,Sul,Farmacêutico,124.03,92.38,9.0,Manteiga de manga_Agosto_170
2025-08-06,Manteiga de manga,Agosto,8,Industria,Sudeste,Ingredientes,164.0,73.45,8.0,Manteiga de manga_Agosto_171
2025-08-05,Manteiga de manga,Agosto,8,Distribuidor,Sul,Ingredientes,26.95,107.73,8.0,Manteiga de manga_Agosto_172
2025-08-11,Manteiga de manga,Agosto,8,Distribuidor,Norte,Sabonetes,54.0,79.39,9.0,Manteiga de manga_Agosto_173
2025-08-06,Manteiga de manga,Agosto,8,Industria,Centro-Oeste,Farmacêutico,17.75,58.25,10.0,Manteiga de manga_Agosto_174
2025-08-08,Manteiga de manga,Agosto,8,Distribuidor,Sudeste,Perfumaria,74.4,111.57,9.0,Manteiga de manga_Agosto_175
2025-08-07,Manteiga de manga,Agosto,8,Industria,Norte,Ingredientes,239.37,82.45,8.0,Manteiga de manga_Agosto_176
2025-08-09,Manteiga de manga,Agosto,8,Exportacao,Exterior,Perfumaria,230.74,122.69,8.0,Manteiga de manga_Agosto_177
2025-08-11,Manteiga de manga,Agosto,8,Distribuidor,Sul,Sabonetes,142.86,87.38,7.0,Manteiga de manga_Agosto_178
2025-08-11,Manteiga de manga,Agosto,8,Industria,Norte,,113.69,88.42,8.0,Manteiga de manga_Agosto_179
2025-08-17,Manteiga de manga,Agosto,8,Exportacao,Exterior,Ingredientes,94.32,56.49,7.0,Manteiga de manga_Agosto_180
2025-08-30,Manteiga de manga,Agosto,8,Industria,Nordeste,Farmacêutico,41.29,78.44,7.0,Manteiga de manga_Agosto_181
2025-08-05,Manteiga de manga,Agosto,8,Distribuidor,Sudeste,Cosméticos,107.57,51.75,7.0,Manteiga de manga_Agosto_182
2025-08-20,Manteiga de manga,Agosto,8,Industria,Sudeste,Perfumaria,105.98,102.15,8.0,Manteiga de manga_Agosto_183
2025-08-10,Manteiga de manga,Agosto,8,Exportacao,Exterior,Sabonetes,66.58,92.03,7.0,Manteiga de manga_Agosto_184
2025-08-14,Manteiga de manga,Agosto,8,Industria,Sul,Farmacêutico,86.49,90.52,7.0,Manteiga de manga_Agosto_185
2025-08-16,Manteiga de manga,Agosto,8,Distribuidor,Nordeste,Cosméticos,104.03,81.99,9.0,Manteiga de manga_Agosto_186
2025-08-12,Manteiga de manga,Agosto,8,Industria,Norte,Sabonetes,102.46,76.07,8.0,Manteiga de manga_Agosto_187
2025-08-26,Manteiga de manga,Agosto,8,Industria,Sudeste,Farmacêutico,85.36,80.76,10.0,Manteiga de manga_Agosto_188
2025-08-09,Manteiga de manga,Agosto,8,Distribuidor,Nordeste,Sabonetes,111.19,115.02,7.0,Manteiga de manga_Agosto_189
2025-08-31,Manteiga de manga,Agosto,8,Industria,Nordeste,Farmacêutico,82.39,47.16,9.0,Manteiga de manga_Agosto_190
2025-08-25,Manteiga de manga,Agosto,8,Industria,Norte,Farmacêutico,157.95,117.72,7.0,Manteiga de manga_Agosto_191
2025-08-24,Manteiga de manga,Agosto,8,Industria,Sudeste,Ingredientes,98.97,106.17,9.0,Manteiga de manga_Agosto_192
2025-08-09,Manteiga de manga,Agosto,8,Distribuidor,Sudeste,Sabonetes,118.72,77.16,8.0,Manteiga de manga_Agosto_193
2025-08-09,Manteiga de manga,Agosto,8,Distribuidor,Sudeste,Cosméticos,160.36,81.2,8.0,Manteiga de manga_Agosto_194
2025-08-04,Manteiga de manga,Agosto,8,Exportacao,Exterior,Farmacêutico,63.38,125.13,9.0,Manteiga de manga_Agosto_195
2025-08-10,Manteiga de manga,Agosto,8,Distribuidor,Centro-Oeste,Cosméticos,84.6,92.07,10.0,Manteiga de manga_Agosto_196
2025-08-07,Manteiga de manga,Agosto,8,Industria,Sudeste,Cosméticos,134.72,50.11,8.0,Manteiga de manga_Agosto_197
2025-08-19,Manteiga de manga,Agosto,8,Distribuidor,Nordeste,Sabonetes,159.15,102.25,7.0,Manteiga de manga_Agosto_198
2025-08-04,Manteiga de manga,Agosto,8,Industria,Norte,Perfumaria,13.78,62.75,10.0,Manteiga de manga_Agosto_199
2025-08-17,Manteiga de manga,Agosto,8,Industria,Norte,Sabonetes,27.79,71.33,9.0,Manteiga de manga_Agosto_200
2025-08-30,Manteiga de manga,Agosto,8,Industria,Sudeste,Perfumaria,170.79,48.36,8.0,Manteiga de manga_Agosto_201
2025-08-30,Manteiga de manga,Agosto,8,Distribuidor,Nordeste,Ingredientes,55.69,85.67,9.0,Manteiga de manga_Agosto_202
2025-08-08,Manteiga de manga,Agosto,8,Exportacao,Exterior,Sabonetes,189.25,117.08,9.0,Manteiga de manga_Agosto_203
2025-08-13,Manteiga de manga,Agosto,8,Industria,Norte,Cosméticos,216.08,91.36,10.0,Manteiga de manga_Agosto_204
2025-08-30,Manteiga de manga,Agosto,8,Industria,Sul,Farmacêutico,54.87,94.51,9.0,Manteiga de manga_Agosto_205
2025-08-28,Manteiga de manga,Agosto,8,Industria,Sudeste,Perfumaria,195.3,118.62,8.0,Manteiga de manga_Agosto_206
2025-08-06,Manteiga de manga,Agosto,8,Industria,Sudeste,Farmacêutico,157.64,59.62,10.0,Manteiga de manga_Agosto_207
2025-08-14,Manteiga de manga,Agosto,8,Exportacao,Exterior,Farmacêutico,192.77,109.23,9.0,Manteiga de manga_Agosto_208
2025-08-18,Manteiga de manga,Agosto,8,Industria,Centro-Oeste,Perfumaria,137.3,78.33,8.0,Manteiga de manga_Agosto_209
2025-08-03,Manteiga de manga,Agosto,8,Industria,Sudeste,Ingredientes,125.27,106.88,7.0,Manteiga de manga_Agosto_210
2025-08-30,Manteiga de manga,Agosto,8,Industria,Norte,Farmacêutico,231.49,100.0,8.0,Manteiga de manga_Agosto_211
2025-08-11,Manteiga de manga,Agosto,8,Industria,Nordeste,Farmacêutico,38.99,65.32,9.0,Manteiga de manga_Agosto_212
2025-08-31,Manteiga de manga,Agosto,8,Industria,Sudeste,Perfumaria,80.31,50.02,,Manteiga de manga_Agosto_213
2025-08-04,Manteiga de manga,Agosto,8,Exportacao,Exterior,Ingredientes,84.23,84.23,9.0,Manteiga de manga_Agosto_214
2025-08-13,Manteiga de manga,Agosto,8,Industria,Sudeste,Cosméticos,72.08,86.02,8.0,Manteiga de manga_Agosto_215
2025-08-21,Manteiga de manga,Agosto,8,Industria,Norte,Ingredientes,189.23,117.41,9.0,Manteiga de manga_Agosto_216
2025-08-04,Manteiga de manga,Agosto,8,Industria,Sudeste,Cosméticos,64.38,76.27,7.0,Manteiga de manga_Agosto_217
2025-08-20,Manteiga de manga,Agosto,8,Industria,Sul,Sabonetes,199.78,50.54,8.0,Manteiga de manga_Agosto_218
2025-08-31,Manteiga de manga,Agosto,8,Industria,Sudeste,Cosméticos,43.69,109.5,8.0,Manteiga de manga_Agosto_219
2025-08-27,Manteiga de manga,Agosto,8,Industria,Nordeste,Cosméticos,65.64,69.04,7.0,Manteiga de manga_Agosto_220
2025-08-11,Manteiga de manga,Agosto,8,Industria,Sudeste,Perfumaria,192.17,48.46,8.0,Manteiga de manga_Agosto_221
2025-08-10,Manteiga de manga,Agosto,8,Industria,Sudeste,,28.79,70.79,9.0,Manteiga de manga_Agosto_222
2025-08-10,Manteiga de manga,Agosto,8,Industria,Sudeste,Sabonetes,186.04,98.99,8.0,Manteiga de manga_Agosto_223
2025-08-11,Manteiga de manga,Agosto,8,Industria,Norte,Farmacêutico,116.72,115.71,7.0,Manteiga de manga_Agosto_224
2025-08-26,Manteiga de manga,Agosto,8,Exportacao,Exterior,Ingredientes,117.25,123.43,8.0,Manteiga de manga_Agosto_225
2025-08-11,Manteiga de manga,Agosto,8,Industria,Sudeste,Farmacêutico,97.41,51.75,10.0,Manteiga de manga_Agosto_226
2025-08-24,Manteiga de manga,Agosto,8,Industria,Sudeste,Sabonetes,145.49,100.44,10.0,Manteiga de manga_Agosto_227
2025-08-03,Manteiga de manga,Agosto,8,Distribuidor,Nordeste,Perfumaria,107.85,90.43,10.0,Manteiga de manga_Agosto_228
2025-08-31,Manteiga de manga,Agosto,8,Industria,Nordeste,Cosméticos,94.23,94.62,7.0,Manteiga de manga_Agosto_229
2025-08-05,Manteiga de manga,Agosto,8,Industria,Sul,Sabonetes,36.2,61.12,6.0,Manteiga de manga_Agosto_230
2025-08-24,Manteiga de manga,Agosto,8,Industria,Centro-Oeste,Perfumaria,204.16,106.58,8.0,Manteiga de manga_Agosto_231
2025-08-29,Manteiga de manga,Agosto,8,Exportacao,Exterior,Farmacêutico,156.42,101.9,7.0,Manteiga de manga_Agosto_232
2025-08-29,Manteiga de manga,Agosto,8,Exportacao,Exterior,Sabonetes,161.61,121.21,7.0,Manteiga de manga_Agosto_233
2025-08-21,Manteiga de manga,Agosto,8,Industria,Sul,Cosméticos,143.07,111.33,8.0,Manteiga de manga_Agosto_234
2025-08-07,Manteiga de manga,Agosto,8,Industria,Sudeste,Farmacêutico,168.73,115.28,9.0,Manteiga de manga_Agosto_235
2025-08-26,Manteiga de manga,Agosto,8,Exportacao,Exterior,Cosméticos,60.96,65.82,6.0,Manteiga de manga_Agosto_236
2025-08-21,Manteiga de manga,Agosto,8,Industria,Sul,Sabonetes,25.95,92.32,9.0,Manteiga de manga_Agosto_237
2025-08-26,Manteiga de manga,Agosto,8,Distribuidor,Centro-Oeste,Farmacêutico,11.52,51.38,7.0,Manteiga de manga_Agosto_238
2025-08-11,Manteiga de manga,Agosto,8,Industria,Sudeste,,69.87,106.14,8.0,Manteiga de manga_Agosto_239
2025-08-23,Manteiga de manga,Agosto,8,Industria,Sudeste,Cosméticos,161.85,106.72,9.0,Manteiga de manga_Agosto_240
2025-08-20,Manteiga de manga,Agosto,8,Industria,Nordeste,Perfumaria,73.87,114.68,9.0,Manteiga de manga_Agosto_241
2025-08-05,Manteiga de manga,Agosto,8,Industria,Nordeste,Ingredientes,118.86,49.94,9.0,Manteiga de manga_Agosto_242
2025-08-01,Manteiga de manga,Agosto,8,Exportacao,Exterior,Sabonetes,66.36,121.13,9.0,Manteiga de manga_Agosto_243
2025-08-07,Manteiga de manga,Agosto,8,Exportacao,Exterior,Perfumaria,137.21,140.32,7.0,Manteiga de manga_Agosto_244
2025-08-20,Manteiga de manga,Agosto,8,Industria,Nordeste,Farmacêutico,71.0,71.56,8.0,Manteiga de manga_Agosto_245
2025-08-23,Manteiga de manga,Agosto,8,Exportacao,Exterior,,199.34,133.49,10.0,Manteiga de manga_Agosto_246
2025-08-14,Manteiga de manga,Agosto,8,Industria,Sudeste,Perfumaria,159.31,57.08,9.0,Manteiga de manga_Agosto_247
2025-08-10,Manteiga de manga,Agosto,8,Industria,Sudeste,Perfumaria,122.36,50.87,6.0,Manteiga de manga_Agosto_248
2025-08-14,Manteiga de manga,Agosto,8,Industria,Norte,Cosméticos,219.91,75.46,6.0,Manteiga de manga_Agosto_249
2025-08-11,Manteiga de manga,Agosto,8,Industria,Sudeste,Sabonetes,179.38,112.98,7.0,Manteiga de manga_Agosto_250
2025-08-27,Manteiga de manga,Agosto,8,Industria,Sul,Perfumaria,129.74,87.95,8.0,Manteiga de manga_Agosto_251
2025-08-15,Manteiga de manga,Agosto,8,Exportacao,Exterior,Ingredientes,95.87,63.42,8.0,Manteiga de manga_Agosto_252
2025-08-24,Manteiga de manga,Agosto,8,Industria,Sul,,62.92,62.33,9.0,Manteiga de manga_Agosto_253
2025-08-12,Manteiga de manga,Agosto,8,Exportacao,Exterior,Ingredientes,213.4,90.87,7.0,Manteiga de manga_Agosto_254
2025-08-30,Manteiga de manga,Agosto,8,Industria,Sudeste,Perfumaria,134.68,78.8,7.0,Manteiga de manga_Agosto_255
2025-08-05,Manteiga de manga,Agosto,8,Industria,Sudeste,Perfumaria,186.33,105.84,8.0,Manteiga de manga_Agosto_256
2025-08-18,Manteiga de manga,Agosto,8,Industria,Norte,Ingredientes,163.17,106.46,6.0,Manteiga de manga_Agosto_257
2025-08-08,Manteiga de manga,Agosto,8,Exportacao,Exterior,Cosméticos,47.08,94.14,8.0,Manteiga de manga_Agosto_258
2025-08-07,Manteiga de manga,Agosto,8,Distribuidor,Sul,Farmacêutico,145.83,46.69,6.0,Manteiga de manga_Agosto_259
2025-08-24,Manteiga de manga,Agosto,8,Exportacao,Exterior,Ingredientes,119.68,96.39,7.0,Manteiga de manga_Agosto_260
2025-08-27,Manteiga de manga,Agosto,8,Distribuidor,Sudeste,Ingredientes,52.83,107.93,6.0,Manteiga de manga_Agosto_261
2025-08-08,Manteiga de manga,Agosto,8,Industria,Centro-Oeste,Cosméticos,134.06,116.87,6.0,Manteiga de manga_Agosto_262
2025-08-28,Manteiga de manga,Agosto,8,Industria,Sul,Farmacêutico,133.65,93.19,8.0,Manteiga de manga_Agosto_263
2025-08-07,Manteiga de manga,Agosto,8,Distribuidor,Norte,Sabonetes,92.14,99.19,7.0,Manteiga de manga_Agosto_264
2025-08-21,Manteiga de manga,Agosto,8,Industria,Norte,Cosméticos,152.22,110.96,7.0,Manteiga de manga_Agosto_265
2025-08-10,Manteiga de manga,Agosto,8,Exportacao,Exterior,Perfumaria,110.25,100.81,8.0,Manteiga de manga_Agosto_266
2025-08-25,Manteiga de manga,Agosto,8,Industria,Norte,Cosméticos,88.39,81.5,8.0,Manteiga de manga_Agosto_267
2025-08-06,Manteiga de manga,Agosto,8,Industria,Centro-Oeste,Sabonetes,174.9,75.16,10.0,Manteiga de manga_Agosto_268
2025-08-02,Manteiga de manga,Agosto,8,Industria,Sudeste,Farmacêutico,169.54,52.18,8.0,Manteiga de manga_Agosto_269
2025-08-28,Manteiga de manga,Agosto,8,Industria,Sudeste,Ingredientes,16.59,84.34,8.0,Manteiga de manga_Agosto_270
2025-08-15,Manteiga de manga,Agosto,8,Industria,Sudeste,Farmacêutico,203.63,74.13,7.0,Manteiga de manga_Agosto_271
2025-08-01,Manteiga de manga,Agosto,8,Industria,Sul,Cosméticos,134.36,53.85,,Manteiga de manga_Agosto_272
2025-08-15,Manteiga de manga,Agosto,8,Industria,Nordeste,Ingredientes,184.65,55.98,8.0,Manteiga de manga_Agosto_273
2025-08-15,Manteiga de manga,Agosto,8,Distribuidor,Sudeste,Cosméticos,131.34,76.73,10.0,Manteiga de manga_Agosto_274
2025-08-23,Manteiga de manga,Agosto,8,Distribuidor,Nordeste,Ingredientes,34.85,62.03,10.0,Manteiga de manga_Agosto_275
2025-08-26,Manteiga de manga,Agosto,8,Distribuidor,Sul,Farmacêutico,178.81,54.72,7.0,Manteiga de manga_Agosto_276
2025-08-28,Manteiga de manga,Agosto,8,Industria,Sudeste,Sabonetes,128.19,62.62,9.0,Manteiga de manga_Agosto_277
2025-08-25,Manteiga de manga,Agosto,8,Industria,Sudeste,Ingredientes,169.69,113.28,8.0,Manteiga de manga_Agosto_278
2025-08-21,Manteiga de manga,Agosto,8,Distribuidor,Sudeste,Farmacêutico,53.46,58.44,8.0,Manteiga de manga_Agosto_279
2025-08-01,Manteiga de manga,Agosto,8,Distribuidor,Sudeste,Perfumaria,15.9,81.08,9.0,Manteiga de manga_Agosto_280
2025-08-24,Manteiga de manga,Agosto,8,Industria,Sudeste,Cosméticos,39.91,91.64,7.0,Manteiga de manga_Agosto_281
2025-08-30,Manteiga de manga,Agosto,8,Industria,Sudeste,Sabonetes,37.11,93.34,10.0,Manteiga de manga_Agosto_282
2025-08-22,Manteiga de manga,Agosto,8,Exportacao,Exterior,Perfumaria,37.94,139.39,6.0,Manteiga de manga_Agosto_283
2025-08-28,Manteiga de manga,Agosto,8,Industria,Sudeste,Perfumaria,24.78,91.62,6.0,Manteiga de manga_Agosto_284
2025-08-08,Manteiga de manga,Agosto,8,Industria,Sul,Cosméticos,164.84,100.53,8.0,Manteiga de manga_Agosto_285
2025-08-27,Manteiga de manga,Agosto,8,Industria,Sudeste,Perfumaria,38.04,117.01,7.0,Manteiga de manga_Agosto_286
2025-08-07,Manteiga de manga,Agosto,8,Industria,Sudeste,Sabonetes,174.71,50.64,9.0,Manteiga de manga_Agosto_287
2025-08-13,Manteiga de manga,Agosto,8,Distribuidor,Sudeste,Farmacêutico,35.81,70.3,8.0,Manteiga de manga_Agosto_288
2025-08-09,Manteiga de manga,Agosto,8,Industria,Sudeste,Perfumaria,34.35,51.11,,Manteiga de manga_Agosto_289
2025-08-10,Manteiga de manga,Agosto,8,Exportacao,Exterior,Sabonetes,70.83,79.19,8.0,Manteiga de manga_Agosto_290
2025-08-25,Manteiga de manga,Agosto,8,Industria,Sudeste,Perfumaria,172.13,67.48,8.0,Manteiga de manga_Agosto_291
2025-08-07,Manteiga de manga,Agosto,8,Industria,Sul,Perfumaria,223.13,91.16,6.0,Manteiga de manga_Agosto_292
2025-08-06,Manteiga de manga,Agosto,8,Industria,Sul,Sabonetes,146.86,110.05,10.0,Manteiga de manga_Agosto_293
2025-08-07,Manteiga de manga,Agosto,8,Exportacao,Exterior,Perfumaria,189.46,117.85,10.0,Manteiga de manga_Agosto_294
2025-08-14,Manteiga de manga,Agosto,8,Industria,Nordeste,Sabonetes,36.21,68.45,6.0,Manteiga de manga_Agosto_295
2025-08-08,Manteiga de manga,Agosto,8,Distribuidor,Sudeste,Farmacêutico,38.05,108.97,8.0,Manteiga de manga_Agosto_296
2025-08-31,Manteiga de manga,Agosto,8,Industria,Norte,Sabonetes,73.27,70.91,6.0,Manteiga de manga_Agosto_297
2025-08-20,Manteiga de manga,Agosto,8,Industria,Nordeste,Ingredientes,123.03,118.02,6.0,Manteiga de manga_Agosto_298
2025-08-09,Manteiga de manga,Agosto,8,Industria,Sudeste,Sabonetes,230.79,90.7,7.0,Manteiga de manga_Agosto_299
2025-08-21,Manteiga de manga,Agosto,8,Distribuidor,Nordeste,Farmacêutico,167.52,100.59,6.0,Manteiga de manga_Agosto_300
2025-08-28,Manteiga de manga,Agosto,8,Industria,Norte,Ingredientes,235.22,68.73,8.0,Manteiga de manga_Agosto_301
2025-08-11,Manteiga de manga,Agosto,8,Distribuidor,Nordeste,Cosméticos,179.89,62.69,8.0,Manteiga de manga_Agosto_302
2025-08-19,Manteiga de manga,Agosto,8,Distribuidor,Sudeste,Ingredientes,35.33,77.22,8.0,Manteiga de manga_Agosto_303
2025-08-01,Manteiga de manga,Agosto,8,Industria,Sudeste,Farmacêutico,18.18,103.99,8.0,Manteiga de manga_Agosto_304
2025-08-25,Manteiga de manga,Agosto,8,Distribuidor,Sudeste,Sabonetes,90.78,66.0,10.0,Manteiga de manga_Agosto_305
2025-08-11,Manteiga de manga,Agosto,8,Distribuidor,Sudeste,Perfumaria,40.89,57.63,9.0,Manteiga de manga_Agosto_306
2025-08-15,Manteiga de manga,Agosto,8,Industria,Sudeste,Ingredientes,168.33,82.8,7.0,Manteiga de manga_Agosto_307
2025-08-22,Manteiga de manga,Agosto,8,Exportacao,Exterior,Cosméticos,63.3,68.0,8.0,Manteiga de manga_Agosto_308
2025-08-22,Manteiga de manga,Agosto,8,Industria,Sudeste,Farmacêutico,210.07,84.01,9.0,Manteiga de manga_Agosto_309
2025-08-17,Manteiga de manga,Agosto,8,Industria,Sudeste,Perfumaria,219.2,71.26,8.0,Manteiga de manga_Agosto_310
2025-08-13,Manteiga de manga,Agosto,8,Industria,Sudeste,Ingredientes,130.96,80.9,9.0,Manteiga de manga_Agosto_311
2025-08-02,Manteiga de manga,Agosto,8,Industria,Sul,Cosméticos,183.14,72.71,6.0,Manteiga de manga_Agosto_312
2025-08-02,Manteiga de manga,Agosto,8,Industria,Sul,Perfumaria,201.41,108.86,7.0,Manteiga de manga_Agosto_313
2025-08-12,Manteiga de manga,Agosto,8,Distribuidor,Norte,Ingredientes,61.41,48.29,8.0,Manteiga de manga_Agosto_314
2025-08-04,Manteiga de manga,Agosto,8,Industria,Norte,Perfumaria,50.19,48.14,8.0,Manteiga de manga_Agosto_315
2025-08-30,Manteiga de manga,Agosto,8,Industria,Sudeste,Perfumaria,21.47,48.13,9.0,Manteiga de manga_Agosto_316
2025-08-29,Manteiga de manga,Agosto,8,Industria,Sudeste,Cosméticos,113.51,88.49,7.0,Manteiga de manga_Agosto_317
2025-08-20,Manteiga de manga,Agosto,8,Industria,Sul,Cosméticos,107.0,99.14,8.0,Manteiga de manga_Agosto_318
2025-08-07,Manteiga de manga,Agosto,8,Industria,Nordeste,Cosméticos,213.83,57.14,9.0,Manteiga de manga_Agosto_319
2025-08-23,Manteiga de manga,Agosto,8,Industria,Norte,Cosméticos,195.87,93.73,7.0,Manteiga de manga_Agosto_320
2025-08-06,Manteiga de manga,Agosto,8,Industria,Norte,Farmacêutico,133.08,87.68,10.0,Manteiga de manga_Agosto_321
2025-08-01,Manteiga de manga,Agosto,8,Exportacao,Exterior,Farmacêutico,100.91,90.11,6.0,Manteiga de manga_Agosto_322
2025-08-28,Manteiga de manga,Agosto,8,Industria,Sul,Ingredientes,172.69,70.73,9.0,Manteiga de manga_Agosto_323
2025-08-21,Manteiga de manga,Agosto,8,Industria,Sudeste,Ingredientes,63.51,56.67,10.0,Manteiga de manga_Agosto_324
2025-08-22,Manteiga de manga,Agosto,8,Distribuidor,Centro-Oeste,Ingredientes,139.78,48.13,8.0,Manteiga de manga_Agosto_325
2025-08-30,Manteiga de manga,Agosto,8,Industria,Sudeste,Perfumaria,184.35,96.73,7.0,Manteiga de manga_Agosto_326
2025-08-28,Manteiga de manga,Agosto,8,Industria,Nordeste,Ingredientes,93.9,79.22,9.0,Manteiga de manga_Agosto_327
2025-08-09,Manteiga de manga,Agosto,8,Distribuidor,Norte,Farmacêutico,83.19,46.89,6.0,Manteiga de manga_Agosto_328
2025-08-05,Manteiga de manga,Agosto,8,Exportacao,Exterior,Ingredientes,207.85,56.66,7.0,Manteiga de manga_Agosto_329
2025-08-12,Manteiga de manga,Agosto,8,Distribuidor,Sudeste,,160.44,109.96,9.0,Manteiga de manga_Agosto_330
2025-08-03,Manteiga de manga,Agosto,8,Distribuidor,Sudeste,,77.16,71.41,7.0,Manteiga de manga_Agosto_331
2025-08-10,Manteiga de manga,Agosto,8,Distribuidor,Nordeste,Ingredientes,156.68,63.57,9.0,Manteiga de manga_Agosto_332
2025-08-17,Manteiga de manga,Agosto,8,Distribuidor,Nordeste,,122.04,45.48,6.0,Manteiga de manga_Agosto_333
2025-08-31,Manteiga de manga,Agosto,8,Industria,Sul,Ingredientes,126.72,56.05,8.0,Manteiga de manga_Agosto_334
2025-08-12,Manteiga de manga,Agosto,8,Industria,Sul,Cosméticos,17.54,70.65,7.0,Manteiga de manga_Agosto_335
2025-08-05,Manteiga de manga,Agosto,8,Exportacao,Exterior,Farmacêutico,211.91,132.9,9.0,Manteiga de manga_Agosto_336
2025-08-19,Manteiga de manga,Agosto,8,Exportacao,Exterior,Ingredientes,204.96,76.26,8.0,Manteiga de manga_Agosto_337
2025-08-31,Manteiga de manga,Agosto,8,Exportacao,Exterior,Farmacêutico,193.78,134.97,8.0,Manteiga de manga_Agosto_338
2025-08-30,Manteiga de manga,Agosto,8,Industria,Nordeste,Perfumaria,150.12,119.08,7.0,Manteiga de manga_Agosto_339
2025-08-04,Manteiga de manga,Agosto,8,Distribuidor,Norte,Sabonetes,76.92,54.62,8.0,Manteiga de manga_Agosto_340
2025-08-27,Manteiga de manga,Agosto,8,Exportacao,Exterior,Cosméticos,15.52,141.71,9.0,Manteiga de manga_Agosto_341
2025-08-08,Manteiga de manga,Agosto,8,Exportacao,Exterior,Farmacêutico,186.53,87.72,8.0,Manteiga de manga_Agosto_342
2025-08-10,Manteiga de manga,Agosto,8,Industria,Sudeste,Ingredientes,140.4,49.37,7.0,Manteiga de manga_Agosto_343
2025-08-23,Manteiga de manga,Agosto,8,Exportacao,Exterior,Farmacêutico,48.88,106.59,8.0,Manteiga de manga_Agosto_344
2025-08-25,Manteiga de manga,Agosto,8,Industria,Nordeste,Perfumaria,142.11,84.81,9.0,Manteiga de manga_Agosto_345
2025-08-24,Manteiga de manga,Agosto,8,Industria,Sul,Perfumaria,117.91,62.29,6.0,Manteiga de manga_Agosto_346
2025-08-11,Manteiga de manga,Agosto,8,Exportacao,Exterior,Sabonetes,34.48,110.11,7.0,Manteiga de manga_Agosto_347
2025-08-23,Manteiga de manga,Agosto,8,Industria,Sudeste,Sabonetes,109.31,66.38,8.0,Manteiga de manga_Agosto_348
2025-08-30,Manteiga de manga,Agosto,8,Industria,Centro-Oeste,Perfumaria,33.06,97.27,6.0,Manteiga de manga_Agosto_349
2025-08-25,Manteiga de manga,Agosto,8,Industria,Nordeste,Perfumaria,14.82,116.31,9.0,Manteiga de manga_Agosto_350
2025-08-21,Manteiga de manga,Agosto,8,Distribuidor,Centro-Oeste,Cosméticos,151.91,47.24,8.0,Manteiga de manga_Agosto_351
2025-08-30,Manteiga de manga,Agosto,8,Industria,Sul,Cosméticos,223.18,103.02,9.0,Manteiga de manga_Agosto_352
2025-08-07,Manteiga de manga,Agosto,8,Exportacao,Exterior,Farmacêutico,176.35,91.14,8.0,Manteiga de manga_Agosto_353
2025-08-29,Manteiga de manga,Agosto,8,Exportacao,Exterior,Perfumaria,57.67,112.4,7.0,Manteiga de manga_Agosto_354
2025-08-02,Manteiga de manga,Agosto,8,Distribuidor,Sudeste,Perfumaria,48.66,56.98,8.0,Manteiga de manga_Agosto_355
2025-08-31,Manteiga de manga,Agosto,8,Industria,Sul,Perfumaria,177.41,83.11,10.0,Manteiga de manga_Agosto_356
2025-08-08,Manteiga de manga,Agosto,8,Exportacao,Exterior,Perfumaria,97.25,137.65,9.0,Manteiga de manga_Agosto_357
2025-08-01,Manteiga de manga,Agosto,8,Industria,Sudeste,Sabonetes,229.41,84.07,6.0,Manteiga de manga_Agosto_358
2025-08-06,Manteiga de manga,Agosto,8,Industria,Norte,Farmacêutico,13.59,119.35,9.0,Manteiga de manga_Agosto_359
2025-08-04,Manteiga de manga,Agosto,8,Industria,Nordeste,Farmacêutico,198.5,81.32,9.0,Manteiga de manga_Agosto_360
2025-08-19,Manteiga de manga,Agosto,8,Distribuidor,Nordeste,Ingredientes,106.93,90.21,9.0,Manteiga de manga_Agosto_361
2025-08-20,Manteiga de manga,Agosto,8,Exportacao,Exterior,Cosméticos,53.18,86.53,9.0,Manteiga de manga_Agosto_362
2025-08-13,Manteiga de manga,Agosto,8,Exportacao,Exterior,Sabonetes,221.22,135.35,7.0,Manteiga de manga_Agosto_363
2025-08-25,Manteiga de manga,Agosto,8,Exportacao,Exterior,Farmacêutico,87.1,101.96,,Manteiga de manga_Agosto_364
2025-08-25,Manteiga de manga,Agosto,8,Industria,Sudeste,Sabonetes,17.2,115.6,7.0,Manteiga de manga_Agosto_365
2025-08-27,Manteiga de manga,Agosto,8,Industria,Sul,,192.77,78.87,8.0,Manteiga de manga_Agosto_366
2025-08-05,Manteiga de manga,Agosto,8,Industria,Sudeste,Sabonetes,143.68,64.09,8.0,Manteiga de manga_Agosto_367
2025-08-04,Manteiga de manga,Agosto,8,Industria,Centro-Oeste,Perfumaria,83.24,62.3,10.0,Manteiga de manga_Agosto_368
2025-08-28,Manteiga de manga,Agosto,8,Industria,Sul,Perfumaria,41.6,73.35,8.0,Manteiga de manga_Agosto_369
2025-08-03,Manteiga de manga,Agosto,8,Industria,Sul,Sabonetes,79.38,108.55,,Manteiga de manga_Agosto_370
2025-08-28,Manteiga de manga,Agosto,8,Industria,Centro-Oeste,Cosméticos,175.02,59.37,6.0,Manteiga de manga_Agosto_371
2025-08-13,Manteiga de manga,Agosto,8,Industria,Sul,Ingredientes,33.45,78.48,8.0,Manteiga de manga_Agosto_372
2025-08-07,Manteiga de manga,Agosto,8,Industria,Sudeste,Perfumaria,67.18,52.42,9.0,Manteiga de manga_Agosto_373
2025-08-20,Manteiga de manga,Agosto,8,Industria,Norte,Ingredientes,168.82,98.44,7.0,Manteiga de manga_Agosto_374
2025-08-22,Manteiga de manga,Agosto,8,Industria,Sudeste,Cosméticos,101.64,51.99,8.0,Manteiga de manga_Agosto_375
2025-08-07,Manteiga de manga,Agosto,8,Industria,Nordeste,Sabonetes,54.82,70.57,8.0,Manteiga de manga_Agosto_376
2025-08-03,Manteiga de manga,Agosto,8,Industria,Nordeste,Perfumaria,146.0,48.64,9.0,Manteiga de manga_Agosto_377
2025-08-04,Manteiga de manga,Agosto,8,Distribuidor,Sudeste,Cosméticos,58.67,61.02,8.0,Manteiga de manga_Agosto_378
2025-08-12,Manteiga de manga,Agosto,8,Industria,Nordeste,Farmacêutico,162.43,89.29,8.0,Manteiga de manga_Agosto_379
2025-08-31,Manteiga de manga,Agosto,8,Industria,Sudeste,Perfumaria,181.67,54.34,8.0,Manteiga de manga_Agosto_380
2025-08-16,Manteiga de manga,Agosto,8,Exportacao,Exterior,Ingredientes,137.71,127.9,7.0,Manteiga de manga_Agosto_381
2025-08-13,Manteiga de manga,Agosto,8,Distribuidor,Sudeste,Farmacêutico,54.73,110.28,9.0,Manteiga de manga_Agosto_382
2025-08-04,Manteiga de manga,Agosto,8,Industria,Nordeste,Cosméticos,33.71,92.86,8.0,Manteiga de manga_Agosto_383
2025-08-02,Manteiga de manga,Agosto,8,Industria,Sudeste,Sabonetes,193.9,104.59,9.0,Manteiga de manga_Agosto_384
2025-08-24,Manteiga de manga,Agosto,8,Industria,Centro-Oeste,Sabonetes,214.07,60.77,6.0,Manteiga de manga_Agosto_385
2025-08-28,Manteiga de manga,Agosto,8,Distribuidor,Norte,Farmacêutico,126.36,85.52,9.0,Manteiga de manga_Agosto_386
2025-08-05,Manteiga de manga,Agosto,8,Industria,Sul,Sabonetes,108.07,53.17,8.0,Manteiga de manga_Agosto_387
2025-08-22,Manteiga de manga,Agosto,8,Industria,Sudeste,Perfumaria,53.77,68.49,8.0,Manteiga de manga_Agosto_388
2025-08-09,Manteiga de manga,Agosto,8,Industria,Nordeste,Ingredientes,33.0,83.33,9.0,Manteiga de manga_Agosto_389
2025-08-16,Manteiga de manga,Agosto,8,Industria,Sul,Farmacêutico,116.2,62.21,10.0,Manteiga de manga_Agosto_390
2025-08-07,Manteiga de manga,Agosto,8,Exportacao,Exterior,Farmacêutico,88.13,128.6,6.0,Manteiga de manga_Agosto_391
2025-08-25,Manteiga de manga,Agosto,8,Exportacao,Exterior,Ingredientes,145.2,109.62,9.0,Manteiga de manga_Agosto_392
2025-08-20,Manteiga de manga,Agosto,8,Distribuidor,Sudeste,Ingredientes,169.68,118.64,7.0,Manteiga de manga_Agosto_393
2025-08-02,Manteiga de manga,Agosto,8,Industria,Sudeste,Ingredientes,15.05,71.28,8.0,Manteiga de manga_Agosto_394
2025-08-15,Manteiga de manga,Agosto,8,Industria,Sul,Farmacêutico,139.53,112.77,9.0,Manteiga de manga_Agosto_395
2025-08-16,Manteiga de manga,Agosto,8,Industria,Nordeste,Sabonetes,97.98,112.29,9.0,Manteiga de manga_Agosto_396
2025-08-09,Manteiga de manga,Agosto,8,Industria,Centro-Oeste,Cosméticos,55.48,114.92,8.0,Manteiga de manga_Agosto_397
2025-08-26,Manteiga de manga,Agosto,8,Industria,Sul,Cosméticos,38.35,59.87,9.0,Manteiga de manga_Agosto_398
2025-08-05,Manteiga de manga,Agosto,8,Distribuidor,Norte,Sabonetes,75.37,104.77,7.0,Manteiga de manga_Agosto_399
2025-08-05,Manteiga de manga,Agosto,8,Industria,Sudeste,Ingredientes,49.88,73.05,8.0,Manteiga de manga_Agosto_400
2025-08-15,Manteiga de manga,Agosto,8,Distribuidor,Nordeste,Ingredientes,85.66,84.53,10.0,Manteiga de manga_Agosto_401
2025-08-14,Manteiga de manga,Agosto,8,Industria,Sul,Ingredientes,193.44,49.03,10.0,Manteiga de manga_Agosto_402
2025-08-30,Manteiga de manga,Agosto,8,Industria,Nordeste,Cosméticos,56.68,115.26,7.0,Manteiga de manga_Agosto_403
2025-08-29,Manteiga de manga,Agosto,8,Industria,Sudeste,Ingredientes,57.19,57.68,8.0,Manteiga de manga_Agosto_404
2025-08-27,Manteiga de manga,Agosto,8,Industria,Sudeste,Perfumaria,194.64,65.72,6.0,Manteiga de manga_Agosto_405
2025-08-09,Manteiga de manga,Agosto,8,Exportacao,Exterior,Farmacêutico,122.82,100.88,9.0,Manteiga de manga_Agosto_406
2025-08-02,Manteiga de manga,Agosto,8,Industria,Sudeste,Sabonetes,214.72,101.05,8.0,Manteiga de manga_Agosto_407
2025-08-04,Manteiga de manga,Agosto,8,Industria,Sudeste,Farmacêutico,212.44,63.66,6.0,Manteiga de manga_Agosto_408
2025-08-26,Manteiga de manga,Agosto,8,Distribuidor,Nordeste,Cosméticos,170.8,80.33,6.0,Manteiga de manga_Agosto_409
2025-08-02,Manteiga de manga,Agosto,8,Industria,Sudeste,Cosméticos,198.02,103.16,10.0,Manteiga de manga_Agosto_410
2025-08-01,Manteiga de manga,Agosto,8,Exportacao,Exterior,Cosméticos,15.13,95.62,9.0,Manteiga de manga_Agosto_411
2025-08-22,Manteiga de manga,Agosto,8,Distribuidor,Sudeste,Ingredientes,169.84,116.84,6.0,Manteiga de manga_Agosto_412
2025-08-07,Manteiga de manga,Agosto,8,Industria,Sul,Perfumaria,80.87,106.88,6.0,Manteiga de manga_Agosto_413
2025-08-06,Manteiga de manga,Agosto,8,Distribuidor,Sul,Farmacêutico,111.31,71.36,9.0,Manteiga de manga_Agosto_414
2025-08-09,Manteiga de manga,Agosto,8,Exportacao,Exterior,Perfumaria,206.42,134.1,8.0,Manteiga de manga_Agosto_415
2025-08-01,Manteiga de manga,Agosto,8,Industria,Sudeste,Sabonetes,190.55,115.34,7.0,Manteiga de manga_Agosto_416
2025-08-04,Manteiga de manga,Agosto,8,Distribuidor,Sul,Sabonetes,12.84,69.49,6.0,Manteiga de manga_Agosto_417
2025-08-22,Manteiga de manga,Agosto,8,Industria,Sul,,120.94,107.19,8.0,Manteiga de manga_Agosto_418
2025-08-14,Manteiga de manga,Agosto,8,Distribuidor,Sudeste,Sabonetes,101.75,88.05,9.0,Manteiga de manga_Agosto_419
2025-08-20,Manteiga de manga,Agosto,8,Industria,Sudeste,Ingredientes,189.38,51.22,10.0,Manteiga de manga_Agosto_420
2025-08-07,Manteiga de manga,Agosto,8,Industria,Nordeste,Farmacêutico,35.51,51.9,8.0,Manteiga de manga_Agosto_421
2025-08-09,Manteiga de manga,Agosto,8,Distribuidor,Sul,Ingredientes,15.03,104.49,8.0,Manteiga de manga_Agosto_422
2025-08-30,Manteiga de manga,Agosto,8,Industria,Sudeste,Ingredientes,63.92,111.33,9.0,Manteiga de manga_Agosto_423
2025-08-22,Manteiga de manga,Agosto,8,Industria,Centro-Oeste,Perfumaria,147.43,108.57,9.0,Manteiga de manga_Agosto_424
2025-08-18,Manteiga de manga,Agosto,8,Industria,Centro-Oeste,Perfumaria,124.03,80.15,9.0,Manteiga de manga_Agosto_425
2025-08-29,Manteiga de manga,Agosto,8,Industria,Sudeste,Farmacêutico,135.33,114.06,10.0,Manteiga de manga_Agosto_426
2025-08-29,Manteiga de manga,Agosto,8,Industria,Sul,Ingredientes,57.93,117.83,8.0,Manteiga de manga_Agosto_427
2025-08-08,Manteiga de manga,Agosto,8,Industria,Sul,Farmacêutico,12.04,61.28,8.0,Manteiga de manga_Agosto_428
2025-08-21,Manteiga de manga,Agosto,8,Distribuidor,Sudeste,Ingredientes,32.26,67.36,9.0,Manteiga de manga_Agosto_429
2025-08-02,Manteiga de manga,Agosto,8,Industria,Sudeste,Ingredientes,195.92,48.57,7.0,Manteiga de manga_Agosto_430
2025-08-05,Manteiga de manga,Agosto,8,Distribuidor,Nordeste,Farmacêutico,156.68,52.44,8.0,Manteiga de manga_Agosto_431
2025-08-04,Manteiga de manga,Agosto,8,Industria,Sul,Cosméticos,12.51,99.38,7.0,Manteiga de manga_Agosto_432
2025-08-10,Manteiga de manga,Agosto,8,Industria,Sudeste,Ingredientes,81.74,68.91,8.0,Manteiga de manga_Agosto_433
2025-08-19,Manteiga de manga,Agosto,8,Distribuidor,Nordeste,Perfumaria,102.91,107.77,7.0,Manteiga de manga_Agosto_434
2025-08-30,Manteiga de manga,Agosto,8,Exportacao,Exterior,Ingredientes,171.05,88.62,8.0,Manteiga de manga_Agosto_435
2025-08-24,Manteiga de manga,Agosto,8,Exportacao,Exterior,Sabonetes,146.26,67.09,9.0,Manteiga de manga_Agosto_436
2025-08-13,Manteiga de manga,Agosto,8,Distribuidor,Sul,Ingredientes,38.73,92.6,7.0,Manteiga de manga_Agosto_437
2025-08-27,Manteiga de manga,Agosto,8,Industria,Norte,Sabonetes,167.9,113.82,10.0,Manteiga de manga_Agosto_438
2025-08-06,Manteiga de manga,Agosto,8,Industria,Sudeste,Sabonetes,159.83,114.48,8.0,Manteiga de manga_Agosto_439
2025-08-22,Manteiga de manga,Agosto,8,Industria,Nordeste,Cosméticos,202.9,96.05,9.0,Manteiga de manga_Agosto_440
2025-08-04,Manteiga de manga,Agosto,8,Industria,Nordeste,Cosméticos,168.64,52.34,8.0,Manteiga de manga_Agosto_441
2025-08-26,Manteiga de manga,Agosto,8,Industria,Sudeste,Sabonetes,157.82,102.28,10.0,Manteiga de manga_Agosto_442
2025-08-08,Manteiga de manga,Agosto,8,Industria,Nordeste,Farmacêutico,217.51,57.06,8.0,Manteiga de manga_Agosto_443
2025-08-19,Manteiga de manga,Agosto,8,Industria,Nordeste,Sabonetes,63.92,55.21,9.0,Manteiga de manga_Agosto_444
2025-08-30,Manteiga de manga,Agosto,8,Distribuidor,Nordeste,Ingredientes,14.37,46.99,7.0,Manteiga de manga_Agosto_445
2025-08-01,Manteiga de manga,Agosto,8,Industria,Sul,Cosméticos,179.73,52.14,8.0,Manteiga de manga_Agosto_446
2025-08-22,Manteiga de manga,Agosto,8,Industria,Sudeste,Sabonetes,152.51,74.24,8.0,Manteiga de manga_Agosto_447
2025-08-09,Manteiga de manga,Agosto,8,Industria,Sudeste,Sabonetes,193.94,91.33,9.0,Manteiga de manga_Agosto_448
2025-08-09,Manteiga de manga,Agosto,8,Exportacao,Exterior,Ingredientes,66.31,135.5,8.0,Manteiga de manga_Agosto_449
2025-08-31,Manteiga de manga,Agosto,8,Industria,Nordeste,Perfumaria,189.41,92.28,8.0,Manteiga de manga_Agosto_450
2025-08-31,Manteiga de manga,Agosto,8,Distribuidor,Sul,Cosméticos,169.45,62.6,9.0,Manteiga de manga_Agosto_451
2025-08-15,Manteiga de manga,Agosto,8,Industria,Sul,Sabonetes,17.15,75.14,,Manteiga de manga_Agosto_452
2025-08-25,Manteiga de manga,Agosto,8,Industria,Norte,Ingredientes,34.72,100.98,5.0,Manteiga de manga_Agosto_453
2025-08-17,Manteiga de manga,Agosto,8,Industria,Sudeste,Farmacêutico,233.32,86.35,6.0,Manteiga de manga_Agosto_454
2025-08-01,Manteiga de manga,Agosto,8,Industria,Norte,Ingredientes,184.08,94.25,6.0,Manteiga de manga_Agosto_455
2025-08-24,Manteiga de manga,Agosto,8,Industria,Nordeste,Farmacêutico,160.67,88.43,8.0,Manteiga de manga_Agosto_456
2025-08-10,Manteiga de manga,Agosto,8,Industria,Norte,Perfumaria,134.59,113.15,8.0,Manteiga de manga_Agosto_457
2025-08-07,Manteiga de manga,Agosto,8,Industria,Norte,Perfumaria,73.98,69.9,7.0,Manteiga de manga_Agosto_458
2025-08-09,Manteiga de manga,Agosto,8,Distribuidor,Norte,Farmacêutico,106.95,104.9,9.0,Manteiga de manga_Agosto_459
2025-08-19,Manteiga de manga,Agosto,8,Industria,Nordeste,Sabonetes,16.94,102.95,8.0,Manteiga de manga_Agosto_460
2025-08-07,Manteiga de manga,Agosto,8,Distribuidor,Sul,Ingredientes,154.92,91.37,10.0,Manteiga de manga_Agosto_461
2025-08-06,Manteiga de manga,Agosto,8,Exportacao,Exterior,Sabonetes,122.55,67.5,8.0,Manteiga de manga_Agosto_462
2025-08-07,Manteiga de manga,Agosto,8,Industria,Sudeste,Perfumaria,188.72,101.98,9.0,Manteiga de manga_Agosto_463
2025-08-21,Manteiga de manga,Agosto,8,Exportacao,Exterior,Sabonetes,79.44,125.84,9.0,Manteiga de manga_Agosto_464
2025-08-05,Manteiga de manga,Agosto,8,Distribuidor,Sudeste,Farmacêutico,12.95,79.99,8.0,Manteiga de manga_Agosto_465
2025-08-18,Manteiga de manga,Agosto,8,Industria,Sul,Cosméticos,118.24,54.78,8.0,Manteiga de manga_Agosto_466
2025-08-30,Manteiga de manga,Agosto,8,Exportacao,Exterior,Sabonetes,47.84,77.8,7.0,Manteiga de manga_Agosto_467
2025-08-14,Manteiga de manga,Agosto,8,Exportacao,Exterior,Ingredientes,131.71,65.84,8.0,Manteiga de manga_Agosto_468
2025-08-21,Manteiga de manga,Agosto,8,Industria,Sudeste,Farmacêutico,14.27,47.8,9.0,Manteiga de manga_Agosto_469
2025-08-30,Manteiga de manga,Agosto,8,Industria,Sudeste,Cosméticos,130.6,105.54,8.0,Manteiga de manga_Agosto_470
2025-08-17,Manteiga de manga,Agosto,8,Industria,Nordeste,,97.85,54.18,10.0,Manteiga de manga_Agosto_471
2025-08-04,Manteiga de manga,Agosto,8,Industria,Nordeste,Farmacêutico,110.9,68.97,8.0,Manteiga de manga_Agosto_472
2025-08-31,Manteiga de manga,Agosto,8,Industria,Nordeste,Cosméticos,117.35,95.59,8.0,Manteiga de manga_Agosto_473
2025-08-12,Manteiga de manga,Agosto,8,Industria,Sudeste,Sabonetes,163.58,111.44,9.0,Manteiga de manga_Agosto_474
2025-08-13,Manteiga de manga,Agosto,8,Exportacao,Exterior,Sabonetes,205.08,97.94,7.0,Manteiga de manga_Agosto_475
2025-08-01,Manteiga de manga,Agosto,8,Distribuidor,Sudeste,Perfumaria,167.35,48.39,9.0,Manteiga de manga_Agosto_476
2025-08-03,Manteiga de manga,Agosto,8,Industria,Norte,Farmacêutico,134.37,110.03,10.0,Manteiga de manga_Agosto_477
2025-08-07,Manteiga de manga,Agosto,8,Distribuidor,Sudeste,Farmacêutico,162.82,49.43,9.0,Manteiga de manga_Agosto_478
2025-08-16,Manteiga de manga,Agosto,8,Industria,Sul,Cosméticos,13.51,61.92,8.0,Manteiga de manga_Agosto_479
2025-08-06,Manteiga de manga,Agosto,8,Industria,Nordeste,Cosméticos,114.65,59.74,8.0,Manteiga de manga_Agosto_480
2025-08-29,Manteiga de manga,Agosto,8,Industria,Nordeste,Farmacêutico,99.99,47.13,8.0,Manteiga de manga_Agosto_481
2025-08-29,Manteiga de manga,Agosto,8,Exportacao,Exterior,Farmacêutico,17.65,62.48,9.0,Manteiga de manga_Agosto_482
2025-08-21,Manteiga de manga,Agosto,8,Industria,Sudeste,Perfumaria,200.95,48.82,9.0,Manteiga de manga_Agosto_483
2025-08-10,Manteiga de manga,Agosto,8,Industria,Sudeste,Sabonetes,120.45,116.92,7.0,Manteiga de manga_Agosto_484
2025-08-20,Manteiga de manga,Agosto,8,Exportacao,Exterior,Perfumaria,124.16,122.11,9.0,Manteiga de manga_Agosto_485
2025-08-17,Manteiga de manga,Agosto,8,Distribuidor,Sul,Perfumaria,67.32,99.23,8.0,Manteiga de manga_Agosto_486
2025-08-18,Manteiga de manga,Agosto,8,Exportacao,Exterior,Cosméticos,69.79,139.31,7.0,Manteiga de manga_Agosto_487
2025-08-19,Manteiga de manga,Agosto,8,Industria,Sudeste,Cosméticos,128.69,91.98,8.0,Manteiga de manga_Agosto_488
2025-08-07,Manteiga de manga,Agosto,8,Industria,Norte,Perfumaria,82.36,95.91,7.0,Manteiga de manga_Agosto_489
2025-08-12,Manteiga de manga,Agosto,8,Exportacao,Exterior,Ingredientes,201.04,128.6,9.0,Manteiga de manga_Agosto_490
2025-08-17,Manteiga de manga,Agosto,8,Exportacao,Exterior,Sabonetes,199.69,71.16,10.0,Manteiga de manga_Agosto_491
2025-08-18,Manteiga de manga,Agosto,8,Industria,Sudeste,Cosméticos,18.63,98.41,9.0,Manteiga de manga_Agosto_492
2025-08-09,Manteiga de manga,Agosto,8,Industria,Sudeste,Sabonetes,202.63,107.01,10.0,Manteiga de manga_Agosto_493
2025-08-12,Manteiga de manga,Agosto,8,Distribuidor,Sul,Ingredientes,125.16,46.32,8.0,Manteiga de manga_Agosto_494
2025-08-23,Manteiga de manga,Agosto,8,Industria,Sudeste,Ingredientes,169.81,80.64,8.0,Manteiga de manga_Agosto_495
2025-08-09,Manteiga de manga,Agosto,8,Industria,Sudeste,Farmacêutico,171.83,100.61,8.0,Manteiga de manga_Agosto_496
2025-08-10,Manteiga de manga,Agosto,8,Exportacao,Exterior,Farmacêutico,47.04,132.69,8.0,Manteiga de manga_Agosto_497
2025-08-20,Manteiga de manga,Agosto,8,Industria,Sul,Cosméticos,98.94,108.12,9.0,Manteiga de manga_Agosto_498
2025-08-08,Manteiga de manga,Agosto,8,Distribuidor,Sudeste,Farmacêutico,31.27,99.01,9.0,Manteiga de manga_Agosto_499
2025-08-12,Manteiga de manga,Agosto,8,Distribuidor,Sudeste,Perfumaria,179.22,98.66,6.0,Manteiga de manga_Agosto_500
2025-08-12,Manteiga de manga,Agosto,8,Industria,Centro-Oeste,Ingredientes,107.65,113.17,7.0,Manteiga de manga_Agosto_501
2025-08-09,Manteiga de manga,Agosto,8,Industria,Sul,Perfumaria,148.2,77.28,10.0,Manteiga de manga_Agosto_502
2025-08-18,Manteiga de manga,Agosto,8,Industria,Sudeste,Cosméticos,190.12,62.59,6.0,Manteiga de manga_Agosto_503
2025-08-30,Manteiga de manga,Agosto,8,Industria,Nordeste,Farmacêutico,202.8,94.72,7.0,Manteiga de manga_Agosto_504
2025-08-24,Manteiga de manga,Agosto,8,Exportacao,Exterior,Ingredientes,203.95,69.65,7.0,Manteiga de manga_Agosto_505
2025-08-25,Manteiga de manga,Agosto,8,Industria,Norte,Perfumaria,49.44,74.56,10.0,Manteiga de manga_Agosto_506
2025-08-19,Manteiga de manga,Agosto,8,Industria,Nordeste,Sabonetes,87.29,70.85,10.0,Manteiga de manga_Agosto_507
2025-08-08,Manteiga de manga,Agosto,8,Distribuidor,Norte,Sabonetes,166.13,50.81,8.0,Manteiga de manga_Agosto_508
2025-08-25,Manteiga de manga,Agosto,8,Industria,Sul,Ingredientes,72.23,79.18,5.0,Manteiga de manga_Agosto_509
2025-08-08,Manteiga de manga,Agosto,8,Industria,Sudeste,Sabonetes,80.11,114.52,8.0,Manteiga de manga_Agosto_510
2025-08-17,Manteiga de manga,Agosto,8,Industria,Nordeste,Cosméticos,43.99,98.72,,Manteiga de manga_Agosto_511
2025-08-02,Manteiga de manga,Agosto,8,Industria,Sul,Perfumaria,51.98,74.49,9.0,Manteiga de manga_Agosto_512
2025-08-11,Manteiga de manga,Agosto,8,Industria,Sudeste,Sabonetes,177.76,63.33,8.0,Manteiga de manga_Agosto_513
2025-08-21,Manteiga de manga,Agosto,8,Industria,Sul,Cosméticos,161.13,78.3,9.0,Manteiga de manga_Agosto_514
2025-08-20,Manteiga de manga,Agosto,8,Industria,Nordeste,Ingredientes,130.82,94.53,10.0,Manteiga de manga_Agosto_515
2025-08-04,Manteiga de manga,Agosto,8,Industria,Sudeste,Ingredientes,107.21,109.48,,Manteiga de manga_Agosto_516
2025-08-17,Manteiga de manga,Agosto,8,Exportacao,Exterior,Farmacêutico,141.82,72.0,7.0,Manteiga de manga_Agosto_517
2025-08-07,Manteiga de manga,Agosto,8,Exportacao,Exterior,Sabonetes,186.1,85.32,9.0,Manteiga de manga_Agosto_518
2025-08-25,Manteiga de manga,Agosto,8,Industria,Norte,Cosméticos,101.06,116.3,5.0,Manteiga de manga_Agosto_519
2025-08-17,Manteiga de manga,Agosto,8,Distribuidor,Sudeste,Farmacêutico,139.59,50.48,10.0,Manteiga de manga_Agosto_520
2025-08-28,Manteiga de manga,Agosto,8,Industria,Sudeste,Farmacêutico,212.35,45.79,9.0,Manteiga de manga_Agosto_521
2025-08-14,Manteiga de manga,Agosto,8,Industria,Sudeste,Farmacêutico,16.61,66.96,8.0,Manteiga de manga_Agosto_522
2025-08-19,Manteiga de manga,Agosto,8,Distribuidor,Sudeste,Sabonetes,67.63,94.77,7.0,Manteiga de manga_Agosto_523
2025-08-07,Manteiga de manga,Agosto,8,Distribuidor,Sudeste,Ingredientes,139.07,118.13,6.0,Manteiga de manga_Agosto_524
2025-08-17,Manteiga de manga,Agosto,8,Industria,Sudeste,Perfumaria,201.4,119.53,7.0,Manteiga de manga_Agosto_525
2025-08-22,Manteiga de manga,Agosto,8,Industria,Sudeste,Ingredientes,153.49,81.54,9.0,Manteiga de manga_Agosto_526
2025-08-08,Manteiga de manga,Agosto,8,Industria,Sul,Ingredientes,162.94,72.93,5.0,Manteiga de manga_Agosto_527
2025-08-30,Manteiga de manga,Agosto,8,Industria,Nordeste,Cosméticos,81.17,74.39,9.0,Manteiga de manga_Agosto_528
2025-08-06,Manteiga de manga,Agosto,8,Industria,Sudeste,Cosméticos,196.62,106.3,7.0,Manteiga de manga_Agosto_529
2025-08-08,Manteiga de manga,Agosto,8,Industria,Sudeste,Farmacêutico,142.14,47.61,8.0,Manteiga de manga_Agosto_530
2025-08-21,Manteiga de manga,Agosto,8,Distribuidor,Sudeste,Farmacêutico,133.27,59.37,9.0,Manteiga de manga_Agosto_531
2025-08-07,Manteiga de manga,Agosto,8,Industria,Sudeste,Sabonetes,72.89,116.46,10.0,Manteiga de manga_Agosto_532
2025-08-09,Manteiga de manga,Agosto,8,Industria,Nordeste,Sabonetes,51.59,56.47,7.0,Manteiga de manga_Agosto_533
2025-08-10,Manteiga de manga,Agosto,8,Industria,Sul,Perfumaria,139.76,75.38,7.0,Manteiga de manga_Agosto_534
2025-08-27,Manteiga de manga,Agosto,8,Industria,Nordeste,Farmacêutico,139.33,94.61,7.0,Manteiga de manga_Agosto_535
2025-08-13,Manteiga de manga,Agosto,8,Distribuidor,Nordeste,Farmacêutico,42.81,99.16,7.0,Manteiga de manga_Agosto_536
2025-08-18,Manteiga de manga,Agosto,8,Exportacao,Exterior,Ingredientes,88.71,100.85,9.0,Manteiga de manga_Agosto_537
2025-08-30,Manteiga de manga,Agosto,8,Exportacao,Exterior,Farmacêutico,86.0,110.41,8.0,Manteiga de manga_Agosto_538
2025-08-18,Manteiga de manga,Agosto,8,Industria,Sul,Sabonetes,134.46,116.37,7.0,Manteiga de manga_Agosto_539
2025-08-29,Manteiga de manga,Agosto,8,Distribuidor,Sul,Sabonetes,122.9,83.15,7.0,Manteiga de manga_Agosto_540
2025-08-23,Manteiga de manga,Agosto,8,Industria,Norte,Ingredientes,49.17,72.8,8.0,Manteiga de manga_Agosto_541
2025-08-22,Manteiga de manga,Agosto,8,Distribuidor,Sudeste,Cosméticos,91.25,49.14,5.0,Manteiga de manga_Agosto_542
2025-08-06,Manteiga de manga,Agosto,8,Exportacao,Exterior,Farmacêutico,51.68,93.95,8.0,Manteiga de manga_Agosto_543
2025-08-28,Manteiga de manga,Agosto,8,Exportacao,Exterior,Sabonetes,64.81,106.85,7.0,Manteiga de manga_Agosto_544
2025-08-19,Manteiga de manga,Agosto,8,Industria,Sul,Perfumaria,25.36,87.2,6.0,Manteiga de manga_Agosto_545
2025-08-03,Manteiga de manga,Agosto,8,Exportacao,Exterior,Ingredientes,176.54,83.82,9.0,Manteiga de manga_Agosto_546
2025-08-25,Manteiga de manga,Agosto,8,Industria,Sul,Sabonetes,200.45,83.81,8.0,Manteiga de manga_Agosto_547
2025-08-06,Manteiga de manga,Agosto,8,Industria,Sudeste,Sabonetes,44.53,116.93,7.0,Manteiga de manga_Agosto_548
2025-08-14,Manteiga de manga,Agosto,8,Industria,Nordeste,Sabonetes,205.21,113.37,6.0,Manteiga de manga_Agosto_549
2025-08-03,Manteiga de manga,Agosto,8,Industria,Nordeste,Cosméticos,53.39,54.92,10.0,Manteiga de manga_Agosto_550
2025-08-28,Manteiga de manga,Agosto,8,Industria,Sul,Cosméticos,156.65,67.06,6.0,Manteiga de manga_Agosto_551
2025-08-11,Manteiga de manga,Agosto,8,Industria,Sudeste,Cosméticos,28.82,118.54,6.0,Manteiga de manga_Agosto_552
2025-08-26,Manteiga de manga,Agosto,8,Industria,Sudeste,Sabonetes,220.84,81.33,10.0,Manteiga de manga_Agosto_553
2025-08-05,Manteiga de manga,Agosto,8,Industria,Nordeste,Farmacêutico,82.44,89.27,8.0,Manteiga de manga_Agosto_554
2025-08-15,Manteiga de manga,Agosto,8,Industria,Sul,Perfumaria,156.11,110.19,7.0,Manteiga de manga_Agosto_555
2025-08-15,Manteiga de manga,Agosto,8,Industria,Nordeste,Farmacêutico,149.05,94.55,9.0,Manteiga de manga_Agosto_556
2025-08-27,Manteiga de manga,Agosto,8,Industria,Sudeste,Farmacêutico,96.74,118.79,8.0,Manteiga de manga_Agosto_557
2025-08-13,Manteiga de manga,Agosto,8,Industria,Nordeste,,64.23,92.01,9.0,Manteiga de manga_Agosto_558
2025-08-22,Manteiga de manga,Agosto,8,Industria,Nordeste,Cosméticos,13.3,62.09,10.0,Manteiga de manga_Agosto_559
2025-08-24,Manteiga de manga,Agosto,8,Exportacao,Exterior,Cosméticos,212.87,114.11,8.0,Manteiga de manga_Agosto_560
2025-08-26,Manteiga de manga,Agosto,8,Industria,Sul,Sabonetes,143.42,100.64,8.0,Manteiga de manga_Agosto_561
2025-08-13,Manteiga de manga,Agosto,8,Exportacao,Exterior,Cosméticos,175.75,86.58,10.0,Manteiga de manga_Agosto_562
2025-08-21,Manteiga de manga,Agosto,8,Distribuidor,Nordeste,Farmacêutico,40.54,82.06,10.0,Manteiga de manga_Agosto_563
2025-08-29,Manteiga de manga,Agosto,8,Industria,Sudeste,Perfumaria,122.43,109.09,9.0,Manteiga de manga_Agosto_564
2025-08-05,Manteiga de manga,Agosto,8,Industria,Norte,Perfumaria,39.15,51.75,7.0,Manteiga de manga_Agosto_565
2025-08-05,Manteiga de manga,Agosto,8,Industria,Nordeste,Farmacêutico,190.18,114.28,8.0,Manteiga de manga_Agosto_566
2025-08-08,Manteiga de manga,Agosto,8,Industria,Sudeste,Farmacêutico,198.65,94.47,6.0,Manteiga de manga_Agosto_567
2025-08-12,Manteiga de manga,Agosto,8,Distribuidor,Sudeste,Perfumaria,73.49,91.13,9.0,Manteiga de manga_Agosto_568
2025-08-09,Manteiga de manga,Agosto,8,Industria,Nordeste,Ingredientes,145.88,115.88,8.0,Manteiga de manga_Agosto_569
2025-08-19,Manteiga de manga,Agosto,8,Industria,Norte,Perfumaria,137.23,67.12,7.0,Manteiga de manga_Agosto_570
2025-08-22,Manteiga de manga,Agosto,8,Industria,Sul,Cosméticos,19.18,73.56,8.0,Manteiga de manga_Agosto_571
2025-08-05,Manteiga de manga,Agosto,8,Industria,Sudeste,Perfumaria,139.91,82.88,7.0,Manteiga de manga_Agosto_572
2025-08-15,Manteiga de manga,Agosto,8,Industria,Sudeste,Cosméticos,145.65,57.02,8.0,Manteiga de manga_Agosto_573
2025-08-24,Manteiga de manga,Agosto,8,Industria,Nordeste,Ingredientes,80.5,83.78,9.0,Manteiga de manga_Agosto_574
2025-08-13,Manteiga de manga,Agosto,8,Exportacao,Exterior,Perfumaria,221.79,54.13,6.0,Manteiga de manga_Agosto_575
2025-08-20,Manteiga de manga,Agosto,8,Exportacao,Exterior,Sabonetes,203.29,86.34,6.0,Manteiga de manga_Agosto_576
2025-08-18,Manteiga de manga,Agosto,8,Industria,Sul,Ingredientes,183.65,63.17,8.0,Manteiga de manga_Agosto_577
2025-08-29,Manteiga de manga,Agosto,8,Industria,Nordeste,Farmacêutico,169.97,108.68,5.0,Manteiga de manga_Agosto_578
2025-08-18,Manteiga de manga,Agosto,8,Distribuidor,Sudeste,Cosméticos,166.13,92.76,8.0,Manteiga de manga_Agosto_579
2025-08-17,Manteiga de manga,Agosto,8,Industria,Sul,Farmacêutico,20.39,51.66,9.0,Manteiga de manga_Agosto_580
2025-08-11,Manteiga de manga,Agosto,8,Distribuidor,Sudeste,Sabonetes,148.94,54.14,6.0,Manteiga de manga_Agosto_581
2025-08-06,Manteiga de manga,Agosto,8,Distribuidor,Nordeste,Perfumaria,26.46,104.47,9.0,Manteiga de manga_Agosto_582
2025-08-18,Manteiga de manga,Agosto,8,Industria,Sudeste,Perfumaria,14.35,92.59,10.0,Manteiga de manga_Agosto_583
2025-08-20,Manteiga de manga,Agosto,8,Distribuidor,Sul,Sabonetes,15.4,86.0,9.0,Manteiga de manga_Agosto_584
2025-08-20,Manteiga de manga,Agosto,8,Industria,Sudeste,Farmacêutico,104.53,112.52,9.0,Manteiga de manga_Agosto_585
2025-08-10,Manteiga de manga,Agosto,8,Industria,Nordeste,Sabonetes,180.99,78.33,7.0,Manteiga de manga_Agosto_586
2025-08-30,Manteiga de manga,Agosto,8,Industria,Nordeste,Ingredientes,166.64,54.58,7.0,Manteiga de manga_Agosto_587
2025-08-04,Manteiga de manga,Agosto,8,Industria,Sul,Farmacêutico,111.64,47.77,8.0,Manteiga de manga_Agosto_588
2025-08-24,Manteiga de manga,Agosto,8,Distribuidor,Norte,Perfumaria,154.62,74.71,10.0,Manteiga de manga_Agosto_589
2025-08-04,Manteiga de manga,Agosto,8,Industria,Sul,Sabonetes,133.32,105.88,8.0,Manteiga de manga_Agosto_590
2025-08-28,Manteiga de manga,Agosto,8,Exportacao,Exterior,Cosméticos,173.66,62.82,9.0,Manteiga de manga_Agosto_591
2025-08-15,Manteiga de manga,Agosto,8,Industria,Nordeste,Ingredientes,186.05,115.53,8.0,Manteiga de manga_Agosto_592
2025-08-13,Manteiga de manga,Agosto,8,Exportacao,Exterior,Ingredientes,240.81,109.58,8.0,Manteiga de manga_Agosto_593
2025-08-15,Manteiga de manga,Agosto,8,Industria,Sul,Ingredientes,219.41,66.91,8.0,Manteiga de manga_Agosto_594
2025-08-25,Manteiga de manga,Agosto,8,Industria,Nordeste,Sabonetes,126.39,51.1,7.0,Manteiga de manga_Agosto_595
2025-08-09,Manteiga de manga,Agosto,8,Industria,Sudeste,Sabonetes,164.62,78.07,8.0,Manteiga de manga_Agosto_596
2025-08-10,Manteiga de manga,Agosto,8,Distribuidor,Sul,Farmacêutico,37.06,77.19,7.0,Manteiga de manga_Agosto_597
2025-08-06,Manteiga de manga,Agosto,8,Exportacao,Exterior,,189.48,67.43,7.0,Manteiga de manga_Agosto_598
2025-08-05,Manteiga de manga,Agosto,8,Industria,Sul,Sabonetes,127.21,56.02,9.0,Manteiga de manga_Agosto_599
2025-08-23,Manteiga de manga,Agosto,8,Distribuidor,Centro-Oeste,Ingredientes,104.7,111.79,9.0,Manteiga de manga_Agosto_600
2025-08-12,Manteiga de manga,Agosto,8,Industria,Sudeste,Sabonetes,185.15,62.2,7.0,Manteiga de manga_Agosto_601
2025-08-11,Manteiga de manga,Agosto,8,Distribuidor,Sul,Ingredientes,43.0,60.73,8.0,Manteiga de manga_Agosto_602
2025-08-20,Manteiga de manga,Agosto,8,Industria,Sul,Sabonetes,218.9,48.35,10.0,Manteiga de manga_Agosto_603
2025-08-02,Manteiga de manga,Agosto,8,Industria,Nordeste,Sabonetes,195.32,49.6,9.0,Manteiga de manga_Agosto_604
2025-08-12,Manteiga de manga,Agosto,8,Distribuidor,Norte,Ingredientes,122.85,102.94,9.0,Manteiga de manga_Agosto_605
2025-08-16,Manteiga de manga,Agosto,8,Industria,Sul,Cosméticos,180.66,58.11,8.0,Manteiga de manga_Agosto_606
2025-08-26,Manteiga de manga,Agosto,8,Industria,Nordeste,Sabonetes,229.34,80.02,10.0,Manteiga de manga_Agosto_607
2025-08-06,Manteiga de manga,Agosto,8,Distribuidor,Nordeste,Perfumaria,32.37,69.81,9.0,Manteiga de manga_Agosto_608
2025-08-31,Manteiga de manga,Agosto,8,Exportacao,Exterior,Sabonetes,14.2,91.61,9.0,Manteiga de manga_Agosto_609
2025-08-23,Manteiga de manga,Agosto,8,Industria,Sudeste,Perfumaria,150.78,61.13,,Manteiga de manga_Agosto_610
2025-08-25,Manteiga de manga,Agosto,8,Industria,Norte,Perfumaria,155.87,48.28,9.0,Manteiga de manga_Agosto_611
2025-08-07,Manteiga de manga,Agosto,8,Industria,Norte,Perfumaria,157.64,49.41,7.0,Manteiga de manga_Agosto_612
2025-08-13,Manteiga de manga,Agosto,8,Distribuidor,Norte,Perfumaria,146.49,64.19,8.0,Manteiga de manga_Agosto_613
2025-08-18,Manteiga de manga,Agosto,8,Industria,Nordeste,Sabonetes,28.61,85.09,10.0,Manteiga de manga_Agosto_614
2025-08-01,Manteiga de manga,Agosto,8,Industria,Sul,Sabonetes,15.89,59.06,10.0,Manteiga de manga_Agosto_615
2025-08-21,Manteiga de manga,Agosto,8,Industria,Sudeste,Sabonetes,54.4,93.75,7.0,Manteiga de manga_Agosto_616
2025-08-31,Manteiga de manga,Agosto,8,Industria,Sudeste,Farmacêutico,56.44,89.96,7.0,Manteiga de manga_Agosto_617
2025-08-06,Manteiga de manga,Agosto,8,Distribuidor,Sudeste,Perfumaria,23.84,89.52,8.0,Manteiga de manga_Agosto_618
2025-08-20,Manteiga de manga,Agosto,8,Exportacao,Exterior,Farmacêutico,64.92,144.03,7.0,Manteiga de manga_Agosto_619
2025-08-07,Manteiga de manga,Agosto,8,Industria,Nordeste,Sabonetes,178.6,59.33,10.0,Manteiga de manga_Agosto_620
2025-08-26,Manteiga de manga,Agosto,8,Distribuidor,Sudeste,Ingredientes,74.95,88.32,6.0,Manteiga de manga_Agosto_621
2025-08-05,Manteiga de manga,Agosto,8,Industria,Sudeste,Cosméticos,154.82,114.3,9.0,Manteiga de manga_Agosto_622
2025-08-23,Manteiga de manga,Agosto,8,Distribuidor,Sudeste,Cosméticos,79.62,97.78,8.0,Manteiga de manga_Agosto_623
2025-08-09,Manteiga de manga,Agosto,8,Industria,Sul,Farmacêutico,140.27,80.76,6.0,Manteiga de manga_Agosto_624
2025-08-19,Manteiga de manga,Agosto,8,Industria,Nordeste,Farmacêutico,110.49,88.2,9.0,Manteiga de manga_Agosto_625
2025-08-03,Manteiga de manga,Agosto,8,Industria,Nordeste,Cosméticos,94.32,50.45,7.0,Manteiga de manga_Agosto_626
2025-08-03,Manteiga de manga,Agosto,8,Distribuidor,Centro-Oeste,Perfumaria,161.31,92.87,8.0,Manteiga de manga_Agosto_627
2025-08-11,Manteiga de manga,Agosto,8,Distribuidor,Nordeste,Farmacêutico,64.6,52.9,8.0,Manteiga de manga_Agosto_628
2025-08-29,Manteiga de manga,Agosto,8,Industria,Centro-Oeste,Ingredientes,32.5,85.56,9.0,Manteiga de manga_Agosto_629
2025-08-31,Manteiga de manga,Agosto,8,Exportacao,Exterior,Perfumaria,39.18,98.36,9.0,Manteiga de manga_Agosto_630
2025-08-14,Manteiga de manga,Agosto,8,Industria,Nordeste,Sabonetes,41.41,98.28,7.0,Manteiga de manga_Agosto_631
2025-08-12,Manteiga de manga,Agosto,8,Distribuidor,Sudeste,Ingredientes,29.86,110.19,5.0,Manteiga de manga_Agosto_632
2025-08-07,Manteiga de manga,Agosto,8,Distribuidor,Norte,Cosméticos,35.7,61.28,9.0,Manteiga de manga_Agosto_633
2025-08-17,Manteiga de manga,Agosto,8,Industria,Sudeste,Cosméticos,179.43,82.32,9.0,Manteiga de manga_Agosto_634
2025-08-21,Manteiga de manga,Agosto,8,Exportacao,Exterior,Perfumaria,206.15,62.84,7.0,Manteiga de manga_Agosto_635
2025-08-29,Manteiga de manga,Agosto,8,Exportacao,Exterior,Perfumaria,46.73,116.93,7.0,Manteiga de manga_Agosto_636
2025-08-25,Manteiga de manga,Agosto,8,Exportacao,Exterior,Ingredientes,112.53,81.46,5.0,Manteiga de manga_Agosto_637
2025-08-04,Manteiga de manga,Agosto,8,Industria,Sul,Sabonetes,152.39,86.82,6.0,Manteiga de manga_Agosto_638
2025-08-20,Manteiga de manga,Agosto,8,Exportacao,Exterior,Perfumaria,37.03,88.78,10.0,Manteiga de manga_Agosto_639
2025-08-06,Manteiga de manga,Agosto,8,Industria,Norte,Farmacêutico,145.32,107.22,9.0,Manteiga de manga_Agosto_640
2025-08-31,Manteiga de manga,Agosto,8,Industria,Sudeste,Farmacêutico,24.3,52.4,9.0,Manteiga de manga_Agosto_641
2025-08-27,Manteiga de manga,Agosto,8,Industria,Sudeste,Sabonetes,26.48,118.2,10.0,Manteiga de manga_Agosto_642
2025-08-10,Manteiga de manga,Agosto,8,Industria,Nordeste,Cosméticos,121.3,91.18,8.0,Manteiga de manga_Agosto_643
2025-08-19,Manteiga de manga,Agosto,8,Industria,Sul,Cosméticos,96.11,102.54,8.0,Manteiga de manga_Agosto_644
2025-08-03,Manteiga de manga,Agosto,8,Distribuidor,Sudeste,Farmacêutico,170.55,69.49,9.0,Manteiga de manga_Agosto_645
2025-08-18,Manteiga de manga,Agosto,8,Industria,Sul,Cosméticos,179.34,104.49,9.0,Manteiga de manga_Agosto_646
2025-08-05,Manteiga de manga,Agosto,8,Industria,Nordeste,Ingredientes,62.86,84.18,8.0,Manteiga de manga_Agosto_647
2025-08-14,Manteiga de manga,Agosto,8,Industria,Nordeste,Cosméticos,154.74,97.75,8.0,Manteiga de manga_Agosto_648
2025-08-13,Manteiga de manga,Agosto,8,Distribuidor,Sul,Perfumaria,73.22,115.22,9.0,Manteiga de manga_Agosto_649
2025-08-28,Manteiga de manga,Agosto,8,Industria,Centro-Oeste,Sabonetes,127.89,114.31,8.0,Manteiga de manga_Agosto_650
2025-08-31,Manteiga de manga,Agosto,8,Distribuidor,Norte,Ingredientes,164.98,97.43,7.0,Manteiga de manga_Agosto_651
2025-08-03,Manteiga de manga,Agosto,8,Industria,Sudeste,Perfumaria,133.7,106.51,9.0,Manteiga de manga_Agosto_652
2025-08-10,Manteiga de manga,Agosto,8,Industria,Centro-Oeste,Farmacêutico,15.49,93.57,8.0,Manteiga de manga_Agosto_653
2025-08-20,Manteiga de manga,Agosto,8,Industria,Sul,Farmacêutico,197.45,52.17,7.0,Manteiga de manga_Agosto_654
2025-08-11,Manteiga de manga,Agosto,8,Distribuidor,Nordeste,Sabonetes,166.68,107.55,8.0,Manteiga de manga_Agosto_655
2025-08-28,Manteiga de manga,Agosto,8,Exportacao,Exterior,Farmacêutico,187.99,98.99,8.0,Manteiga de manga_Agosto_656
2025-08-15,Manteiga de manga,Agosto,8,Distribuidor,Sudeste,Perfumaria,90.85,70.52,8.0,Manteiga de manga_Agosto_657
2025-08-17,Manteiga de manga,Agosto,8,Distribuidor,Sudeste,Ingredientes,49.27,84.39,7.0,Manteiga de manga_Agosto_658
2025-08-17,Manteiga de manga,Agosto,8,Industria,Norte,Cosméticos,165.3,90.03,8.0,Manteiga de manga_Agosto_659
2025-08-09,Manteiga de manga,Agosto,8,Industria,Sul,Cosméticos,131.08,96.45,7.0,Manteiga de manga_Agosto_660
2025-08-04,Manteiga de manga,Agosto,8,Industria,Sul,Perfumaria,31.04,104.56,8.0,Manteiga de manga_Agosto_661
2025-08-19,Manteiga de manga,Agosto,8,Industria,Sul,Cosméticos,117.3,71.02,7.0,Manteiga de manga_Agosto_662
2025-08-10,Manteiga de manga,Agosto,8,Industria,Sudeste,Perfumaria,43.13,110.53,10.0,Manteiga de manga_Agosto_663
2025-08-01,Manteiga de manga,Agosto,8,Industria,Sul,Ingredientes,75.61,79.68,8.0,Manteiga de manga_Agosto_664
2025-08-28,Manteiga de manga,Agosto,8,Industria,Norte,Perfumaria,23.67,81.96,7.0,Manteiga de manga_Agosto_665
2025-08-15,Manteiga de manga,Agosto,8,Industria,Norte,Sabonetes,71.27,66.56,8.0,Manteiga de manga_Agosto_666
2025-08-24,Manteiga de manga,Agosto,8,Industria,Sudeste,Cosméticos,26.08,103.83,7.0,Manteiga de manga_Agosto_667
2025-08-09,Manteiga de manga,Agosto,8,Industria,Norte,Sabonetes,60.83,109.71,9.0,Manteiga de manga_Agosto_668
2025-08-16,Manteiga de manga,Agosto,8,Industria,Sudeste,Sabonetes,60.37,47.82,7.0,Manteiga de manga_Agosto_669
2025-08-22,Manteiga de manga,Agosto,8,Industria,Norte,Ingredientes,96.94,83.65,9.0,Manteiga de manga_Agosto_670
2025-08-10,Manteiga de manga,Agosto,8,Distribuidor,Sudeste,Farmacêutico,57.5,52.31,6.0,Manteiga de manga_Agosto_671
2025-08-14,Manteiga de manga,Agosto,8,Distribuidor,Centro-Oeste,Cosméticos,148.38,73.98,8.0,Manteiga de manga_Agosto_672
2025-08-16,Manteiga de manga,Agosto,8,Industria,Centro-Oeste,Perfumaria,42.52,112.59,7.0,Manteiga de manga_Agosto_673
2025-08-15,Manteiga de manga,Agosto,8,Industria,Centro-Oeste,Perfumaria,88.55,83.34,8.0,Manteiga de manga_Agosto_674
2025-08-18,Manteiga de manga,Agosto,8,Industria,Sudeste,Perfumaria,11.06,118.06,10.0,Manteiga de manga_Agosto_675
2025-08-13,Manteiga de manga,Agosto,8,Industria,Centro-Oeste,Sabonetes,19.81,78.03,8.0,Manteiga de manga_Agosto_676
2025-08-11,Manteiga de manga,Agosto,8,Industria,Sudeste,Farmacêutico,120.86,115.82,7.0,Manteiga de manga_Agosto_677
2025-08-12,Manteiga de manga,Agosto,8,Industria,Sudeste,Ingredientes,43.6,78.84,9.0,Manteiga de manga_Agosto_678
2025-08-19,Manteiga de manga,Agosto,8,Industria,Sul,Sabonetes,162.16,72.72,8.0,Manteiga de manga_Agosto_679
2025-08-03,Manteiga de manga,Agosto,8,Exportacao,Exterior,Sabonetes,85.65,101.8,9.0,Manteiga de manga_Agosto_680
2025-08-27,Manteiga de manga,Agosto,8,Industria,Norte,Sabonetes,18.97,53.29,6.0,Manteiga de manga_Agosto_681
2025-08-09,Manteiga de manga,Agosto,8,Distribuidor,Sudeste,Ingredientes,10.54,67.44,9.0,Manteiga de manga_Agosto_682
2025-08-12,Manteiga de manga,Agosto,8,Distribuidor,Sudeste,Cosméticos,175.61,50.06,10.0,Manteiga de manga_Agosto_683
2025-08-30,Manteiga de manga,Agosto,8,Industria,Nordeste,Ingredientes,143.82,97.97,8.0,Manteiga de manga_Agosto_684
2025-08-22,Manteiga de manga,Agosto,8,Industria,Nordeste,Farmacêutico,48.56,87.8,7.0,Manteiga de manga_Agosto_685
2025-08-18,Manteiga de manga,Agosto,8,Industria,Nordeste,Cosméticos,146.04,106.23,10.0,Manteiga de manga_Agosto_686
2025-08-10,Manteiga de manga,Agosto,8,Distribuidor,Nordeste,Perfumaria,31.92,51.28,,Manteiga de manga_Agosto_687
2025-08-16,Manteiga de manga,Agosto,8,Industria,Norte,Cosméticos,102.64,107.41,7.0,Manteiga de manga_Agosto_688
2025-08-11,Manteiga de manga,Agosto,8,Industria,Nordeste,Sabonetes,16.61,52.42,8.0,Manteiga de manga_Agosto_689
2025-08-12,Manteiga de manga,Agosto,8,Industria,Centro-Oeste,Perfumaria,131.59,73.88,8.0,Manteiga de manga_Agosto_690
2025-08-20,Manteiga de manga,Agosto,8,Distribuidor,Sul,Cosméticos,98.11,111.05,9.0,Manteiga de manga_Agosto_691
2025-08-23,Manteiga de manga,Agosto,8,Industria,Sul,Ingredientes,170.94,97.43,6.0,Manteiga de manga_Agosto_692
2025-08-28,Manteiga de manga,Agosto,8,Industria,Sudeste,Sabonetes,70.28,68.04,8.0,Manteiga de manga_Agosto_693
2025-08-29,Manteiga de manga,Agosto,8,Industria,Sudeste,Sabonetes,140.04,73.13,7.0,Manteiga de manga_Agosto_694
2025-08-11,Manteiga de manga,Agosto,8,Industria,Sudeste,Farmacêutico,100.39,65.15,8.0,Manteiga de manga_Agosto_695
2025-08-12,Manteiga de manga,Agosto,8,Industria,Sudeste,Cosméticos,76.04,86.77,9.0,Manteiga de manga_Agosto_696
2025-08-08,Manteiga de manga,Agosto,8,Industria,Sudeste,Farmacêutico,201.89,71.83,8.0,Manteiga de manga_Agosto_697
2025-08-23,Manteiga de manga,Agosto,8,Industria,Sudeste,Perfumaria,137.57,105.47,8.0,Manteiga de manga_Agosto_698
2025-08-08,Manteiga de manga,Agosto,8,Industria,Sudeste,Ingredientes,47.53,97.65,8.0,Manteiga de manga_Agosto_699
2025-09-07,Polpa congelada,Setembro,9,Distribuidor,Nordeste,Distribuidor food service,218.77,12.07,7.0,Polpa congelada_Setembro_0
2025-09-13,Polpa congelada,Setembro,9,Industria,Sudeste,Indústria de bebidas,709.91,7.88,10.0,Polpa congelada_Setembro_1
2025-09-01,Polpa congelada,Setembro,9,Industria,Sudeste,Indústria de sorvetes,116.32,6.7,9.0,Polpa congelada_Setembro_2
2025-09-05,Polpa congelada,Setembro,9,Industria,Sudeste,Indústria de laticínios,759.08,9.65,9.0,Polpa congelada_Setembro_3
2025-09-30,Polpa congelada,Setembro,9,Industria,Sul,Indústria de laticínios,278.6,11.21,,Polpa congelada_Setembro_4
2025-09-01,Polpa congelada,Setembro,9,Industria,Nordeste,Indústria de laticínios,733.25,11.82,8.0,Polpa congelada_Setembro_5
2025-09-03,Polpa congelada,Setembro,9,Food Service,Sudeste,Hotéis,114.47,7.19,9.0,Polpa congelada_Setembro_6
2025-09-20,Polpa congelada,Setembro,9,Food Service,Sudeste,Açaíterias,96.61,12.15,10.0,Polpa congelada_Setembro_7
2025-09-09,Polpa congelada,Setembro,9,Industria,Nordeste,Indústria de sorvetes,640.2,10.3,7.0,Polpa congelada_Setembro_8
2025-09-04,Polpa congelada,Setembro,9,Food Service,Sudeste,Hotéis,268.64,8.51,7.0,Polpa congelada_Setembro_9
2025-09-10,Polpa congelada,Setembro,9,Distribuidor,Sudeste,Central de compras,754.51,6.93,8.0,Polpa congelada_Setembro_10
2025-09-10,Polpa congelada,Setembro,9,Food Service,Norte,Hotéis,900.1,9.43,8.0,Polpa congelada_Setembro_11
2025-09-23,Polpa congelada,Setembro,9,Distribuidor,Sudeste,Operador logístico,697.05,13.72,9.0,Polpa congelada_Setembro_12
2025-09-23,Polpa congelada,Setembro,9,Exportacao,Exterior,Importador (LATAM),949.3,14.56,7.0,Polpa congelada_Setembro_13
2025-09-11,Polpa congelada,Setembro,9,Distribuidor,Sudeste,Distribuidor food service,339.65,8.8,9.0,Polpa congelada_Setembro_14
2025-09-10,Polpa congelada,Setembro,9,Distribuidor,Sul,Atacadista,548.76,12.19,10.0,Polpa congelada_Setembro_15
2025-09-30,Polpa congelada,Setembro,9,Industria,Sudeste,Indústria de bebidas,1103.35,10.48,6.0,Polpa congelada_Setembro_16
2025-09-02,Polpa congelada,Setembro,9,Industria,Sudeste,Indústria de laticínios,231.43,11.27,8.0,Polpa congelada_Setembro_17
2025-09-03,Polpa congelada,Setembro,9,Food Service,Nordeste,Hotéis,537.8,8.03,8.0,Polpa congelada_Setembro_18
2025-09-30,Polpa congelada,Setembro,9,Food Service,Sul,Confeitarias,391.51,8.03,6.0,Polpa congelada_Setembro_19
2025-09-10,Polpa congelada,Setembro,9,Industria,Nordeste,Indústria de alimentos,1010.16,8.93,8.0,Polpa congelada_Setembro_20
2025-09-23,Polpa congelada,Setembro,9,Varejo,Sudeste,Loja natural,646.17,9.22,9.0,Polpa congelada_Setembro_21
2025-09-05,Polpa congelada,Setembro,9,Industria,Sudeste,Indústria de laticínios,694.73,9.28,9.0,Polpa congelada_Setembro_22
2025-09-27,Polpa congelada,Setembro,9,Food Service,Sudeste,Confeitarias,577.14,13.03,9.0,Polpa congelada_Setembro_23
2025-09-30,Polpa congelada,Setembro,9,Industria,Sudeste,Indústria de bebidas,602.1,7.26,9.0,Polpa congelada_Setembro_24
2025-09-23,Polpa congelada,Setembro,9,Varejo,Nordeste,Empórios,265.12,12.01,10.0,Polpa congelada_Setembro_25
2025-09-22,Polpa congelada,Setembro,9,Food Service,Sudeste,Cafeterias,305.23,6.09,9.0,Polpa congelada_Setembro_26
2025-09-18,Polpa congelada,Setembro,9,Food Service,Nordeste,Hotéis,503.94,12.64,7.0,Polpa congelada_Setembro_27
2025-09-08,Polpa congelada,Setembro,9,Varejo,Nordeste,Loja natural,581.25,10.97,8.0,Polpa congelada_Setembro_28
2025-09-06,Polpa congelada,Setembro,9,Varejo,Sudeste,Loja natural,491.27,11.93,7.0,Polpa congelada_Setembro_29
2025-09-07,Polpa congelada,Setembro,9,Food Service,Norte,Confeitarias,152.9,6.06,9.0,Polpa congelada_Setembro_30
2025-09-14,Polpa congelada,Setembro,9,Distribuidor,Sudeste,Central de compras,308.6,10.09,7.0,Polpa congelada_Setembro_31
2025-09-29,Polpa congelada,Setembro,9,Industria,Sudeste,Indústria de sorvetes,992.29,12.63,8.0,Polpa congelada_Setembro_32
2025-09-15,Polpa congelada,Setembro,9,Food Service,Sul,Restaurantes,284.88,6.71,8.0,Polpa congelada_Setembro_33
2025-09-08,Polpa congelada,Setembro,9,Industria,Nordeste,Indústria de ingredientes,1083.47,7.29,10.0,Polpa congelada_Setembro_34
2025-09-13,Polpa congelada,Setembro,9,Distribuidor,Sudeste,Distribuidor regional,174.56,8.83,7.0,Polpa congelada_Setembro_35
2025-09-01,Polpa congelada,Setembro,9,Varejo,Norte,Empórios,531.63,12.89,8.0,Polpa congelada_Setembro_36
2025-09-29,Polpa congelada,Setembro,9,Food Service,Norte,Cafeterias,636.0,11.04,7.0,Polpa congelada_Setembro_37
2025-09-06,Polpa congelada,Setembro,9,Exportacao,Exterior,Trading,502.85,13.43,9.0,Polpa congelada_Setembro_38
2025-09-04,Polpa congelada,Setembro,9,Exportacao,Exterior,Importador (UE),1136.84,11.22,7.0,Polpa congelada_Setembro_39
2025-09-01,Polpa congelada,Setembro,9,Industria,Sul,Indústria de sorvetes,979.51,9.88,8.0,Polpa congelada_Setembro_40
2025-09-06,Polpa congelada,Setembro,9,Food Service,Sul,Confeitarias,259.62,12.19,9.0,Polpa congelada_Setembro_41
2025-09-09,Polpa congelada,Setembro,9,Industria,Norte,Indústria de bebidas,951.88,12.02,7.0,Polpa congelada_Setembro_42
2025-09-25,Polpa congelada,Setembro,9,Exportacao,Exterior,Importador (MENA),849.46,15.12,8.0,Polpa congelada_Setembro_43
2025-09-12,Polpa congelada,Setembro,9,Varejo,Sudeste,Empórios,550.03,13.54,9.0,Polpa congelada_Setembro_44
2025-09-26,Polpa congelada,Setembro,9,Industria,Norte,Indústria de alimentos,883.57,6.29,5.0,Polpa congelada_Setembro_45
2025-09-05,Polpa congelada,Setembro,9,Varejo,Centro-Oeste,Supermercados,523.99,7.29,9.0,Polpa congelada_Setembro_46
2025-09-30,Polpa congelada,Setembro,9,Distribuidor,Sudeste,Central de compras,440.48,12.95,7.0,Polpa congelada_Setembro_47
2025-09-22,Polpa congelada,Setembro,9,Food Service,Norte,Hotéis,596.63,12.58,9.0,Polpa congelada_Setembro_48
2025-09-30,Polpa congelada,Setembro,9,Food Service,Sudeste,Cafeterias,668.22,10.27,7.0,Polpa congelada_Setembro_49
2025-09-22,Polpa congelada,Setembro,9,Industria,Centro-Oeste,Indústria de alimentos,594.61,7.26,7.0,Polpa congelada_Setembro_50
2025-09-06,Polpa congelada,Setembro,9,Varejo,Nordeste,E-commerce,97.41,8.97,8.0,Polpa congelada_Setembro_51
2025-09-22,Polpa congelada,Setembro,9,Varejo,Sul,Supermercados,213.28,8.9,8.0,Polpa congelada_Setembro_52
2025-09-09,Polpa congelada,Setembro,9,Food Service,Sudeste,Hotéis,925.49,9.0,7.0,Polpa congelada_Setembro_53
2025-09-06,Polpa congelada,Setembro,9,Industria,Centro-Oeste,Indústria de bebidas,435.13,12.9,7.0,Polpa congelada_Setembro_54
2025-09-15,Polpa congelada,Setembro,9,Distribuidor,Sudeste,Operador logístico,315.98,13.18,5.0,Polpa congelada_Setembro_55
2025-09-13,Polpa congelada,Setembro,9,Industria,Sudeste,Indústria de bebidas,654.25,6.77,9.0,Polpa congelada_Setembro_56
2025-09-18,Polpa congelada,Setembro,9,Food Service,Nordeste,Restaurantes,132.23,8.8,8.0,Polpa congelada_Setembro_57
2025-09-13,Polpa congelada,Setembro,9,Distribuidor,Norte,Distribuidor regional,138.64,13.24,8.0,Polpa congelada_Setembro_58
2025-09-26,Polpa congelada,Setembro,9,Industria,Nordeste,Indústria de ingredientes,871.97,12.75,8.0,Polpa congelada_Setembro_59
2025-09-18,Polpa congelada,Setembro,9,Varejo,Sudeste,Loja natural,738.85,9.9,7.0,Polpa congelada_Setembro_60
2025-09-10,Polpa congelada,Setembro,9,Food Service,Sul,Açaíterias,206.2,7.6,9.0,Polpa congelada_Setembro_61
2025-09-15,Polpa congelada,Setembro,9,Industria,Sul,Indústria de ingredientes,542.6,10.16,8.0,Polpa congelada_Setembro_62
2025-09-01,Polpa congelada,Setembro,9,Food Service,Norte,Cafeterias,177.82,7.77,8.0,Polpa congelada_Setembro_63
2025-09-20,Polpa congelada,Setembro,9,Industria,Sudeste,Indústria de ingredientes,616.91,11.29,6.0,Polpa congelada_Setembro_64
2025-09-09,Polpa congelada,Setembro,9,Distribuidor,Sudeste,Distribuidor regional,169.85,9.5,8.0,Polpa congelada_Setembro_65
2025-09-24,Polpa congelada,Setembro,9,Industria,Sudeste,Indústria de sorvetes,552.29,9.61,8.0,Polpa congelada_Setembro_66
2025-09-15,Polpa congelada,Setembro,9,Industria,Nordeste,Indústria de bebidas,512.96,9.72,9.0,Polpa congelada_Setembro_67
2025-09-30,Polpa congelada,Setembro,9,Varejo,Sul,Empórios,723.65,7.98,9.0,Polpa congelada_Setembro_68
2025-09-18,Polpa congelada,Setembro,9,Exportacao,Exterior,Importador (EUA),925.43,7.25,7.0,Polpa congelada_Setembro_69
2025-09-26,Polpa congelada,Setembro,9,Food Service,Sul,Hotéis,731.18,6.65,10.0,Polpa congelada_Setembro_70
2025-09-21,Polpa congelada,Setembro,9,Industria,Centro-Oeste,Indústria de ingredientes,702.7,6.96,10.0,Polpa congelada_Setembro_71
2025-09-24,Polpa congelada,Setembro,9,Industria,Sudeste,Indústria de sorvetes,592.93,8.94,8.0,Polpa congelada_Setembro_72
2025-09-20,Polpa congelada,Setembro,9,Varejo,Sudeste,Supermercados,700.25,12.12,8.0,Polpa congelada_Setembro_73
2025-09-05,Polpa congelada,Setembro,9,Distribuidor,Sudeste,Operador logístico,237.77,7.61,9.0,Polpa congelada_Setembro_74
2025-09-16,Polpa congelada,Setembro,9,Industria,Norte,Indústria de bebidas,478.78,11.56,6.0,Polpa congelada_Setembro_75
2025-09-30,Polpa congelada,Setembro,9,Distribuidor,Sudeste,Operador logístico,593.83,11.51,7.0,Polpa congelada_Setembro_76
2025-09-20,Polpa congelada,Setembro,9,Industria,Norte,Indústria de laticínios,184.16,8.08,10.0,Polpa congelada_Setembro_77
2025-09-08,Polpa congelada,Setembro,9,Exportacao,Exterior,Importador (LATAM),1080.08,14.27,9.0,Polpa congelada_Setembro_78
2025-09-07,Polpa congelada,Setembro,9,Industria,Sudeste,Indústria de laticínios,670.3,12.2,7.0,Polpa congelada_Setembro_79
2025-09-06,Polpa congelada,Setembro,9,Distribuidor,Nordeste,Distribuidor food service,758.96,12.92,7.0,Polpa congelada_Setembro_80
2025-09-01,Polpa congelada,Setembro,9,Industria,Nordeste,Indústria de laticínios,935.39,6.34,8.0,Polpa congelada_Setembro_81
2025-09-16,Polpa congelada,Setembro,9,Food Service,Sudeste,Hotéis,581.89,13.65,8.0,Polpa congelada_Setembro_82
2025-09-29,Polpa congelada,Setembro,9,Industria,Sudeste,Indústria de laticínios,384.91,9.94,6.0,Polpa congelada_Setembro_83
2025-09-04,Polpa congelada,Setembro,9,Distribuidor,Sudeste,Distribuidor food service,622.93,9.32,9.0,Polpa congelada_Setembro_84
2025-09-22,Polpa congelada,Setembro,9,Exportacao,Exterior,Importador (EUA),360.75,11.16,10.0,Polpa congelada_Setembro_85
2025-09-23,Polpa congelada,Setembro,9,Food Service,Norte,Restaurantes,840.45,6.5,7.0,Polpa congelada_Setembro_86
2025-09-28,Polpa congelada,Setembro,9,Industria,Sul,Indústria de ingredientes,201.74,6.42,9.0,Polpa congelada_Setembro_87
2025-09-30,Polpa congelada,Setembro,9,Industria,Nordeste,Indústria de alimentos,315.79,11.11,8.0,Polpa congelada_Setembro_88
2025-09-11,Polpa congelada,Setembro,9,Varejo,Sul,E-commerce,972.19,8.07,6.0,Polpa congelada_Setembro_89
2025-09-03,Polpa congelada,Setembro,9,Food Service,Sudeste,Hotéis,601.74,10.46,10.0,Polpa congelada_Setembro_90
2025-09-29,Polpa congelada,Setembro,9,Industria,Sudeste,Indústria de sorvetes,771.53,6.05,9.0,Polpa congelada_Setembro_91
2025-09-02,Polpa congelada,Setembro,9,Exportacao,Exterior,Importador (LATAM),714.76,7.54,7.0,Polpa congelada_Setembro_92
2025-09-29,Polpa congelada,Setembro,9,Distribuidor,Sudeste,Distribuidor food service,732.56,13.72,8.0,Polpa congelada_Setembro_93
2025-09-13,Polpa congelada,Setembro,9,Food Service,Nordeste,Confeitarias,98.18,8.43,,Polpa congelada_Setembro_94
2025-09-26,Polpa congelada,Setembro,9,Distribuidor,Centro-Oeste,Central de compras,901.61,8.62,7.0,Polpa congelada_Setembro_95
2025-09-24,Polpa congelada,Setembro,9,Industria,Sul,Indústria de ingredientes,165.04,7.63,7.0,Polpa congelada_Setembro_96
2025-09-04,Polpa congelada,Setembro,9,Food Service,Norte,Cafeterias,207.53,9.99,9.0,Polpa congelada_Setembro_97
2025-09-12,Polpa congelada,Setembro,9,Food Service,Nordeste,Restaurantes,734.6,9.25,8.0,Polpa congelada_Setembro_98
2025-09-29,Polpa congelada,Setembro,9,Food Service,Sudeste,Hotéis,755.45,6.87,7.0,Polpa congelada_Setembro_99
2025-09-11,Polpa congelada,Setembro,9,Varejo,Sul,Empórios,296.76,9.69,10.0,Polpa congelada_Setembro_100
2025-09-26,Polpa congelada,Setembro,9,Industria,Sul,Indústria de bebidas,269.36,10.33,8.0,Polpa congelada_Setembro_101
2025-09-10,Polpa congelada,Setembro,9,Exportacao,Exterior,Importador (UE),998.75,11.74,8.0,Polpa congelada_Setembro_102
2025-09-27,Polpa congelada,Setembro,9,Industria,Sudeste,Indústria de laticínios,757.36,7.68,9.0,Polpa congelada_Setembro_103
2025-09-21,Polpa congelada,Setembro,9,Distribuidor,Sudeste,Operador logístico,576.16,8.02,7.0,Polpa congelada_Setembro_104
2025-09-28,Polpa congelada,Setembro,9,Food Service,Nordeste,Restaurantes,94.25,6.59,8.0,Polpa congelada_Setembro_105
2025-09-13,Polpa congelada,Setembro,9,Food Service,Centro-Oeste,Hotéis,776.05,11.35,7.0,Polpa congelada_Setembro_106
2025-09-04,Polpa congelada,Setembro,9,Food Service,Sudeste,Cafeterias,826.92,11.88,10.0,Polpa congelada_Setembro_107
2025-09-03,Polpa congelada,Setembro,9,Food Service,Nordeste,Hotéis,540.74,11.61,9.0,Polpa congelada_Setembro_108
2025-09-02,Polpa congelada,Setembro,9,Industria,Nordeste,Indústria de ingredientes,1229.25,10.5,8.0,Polpa congelada_Setembro_109
2025-09-07,Polpa congelada,Setembro,9,Distribuidor,Norte,Distribuidor food service,498.59,11.9,7.0,Polpa congelada_Setembro_110
2025-09-14,Polpa congelada,Setembro,9,Industria,Sudeste,Indústria de bebidas,989.92,10.4,8.0,Polpa congelada_Setembro_111
2025-09-04,Polpa congelada,Setembro,9,Industria,Sudeste,Indústria de sorvetes,1136.71,11.31,9.0,Polpa congelada_Setembro_112
2025-09-20,Polpa congelada,Setembro,9,Exportacao,Exterior,Importador (MENA),412.54,10.82,8.0,Polpa congelada_Setembro_113
2025-09-14,Polpa congelada,Setembro,9,Food Service,Sudeste,Confeitarias,112.88,9.52,9.0,Polpa congelada_Setembro_114
2025-09-24,Polpa congelada,Setembro,9,Food Service,Centro-Oeste,Cafeterias,533.76,10.13,8.0,Polpa congelada_Setembro_115
2025-09-02,Polpa congelada,Setembro,9,Industria,Centro-Oeste,Indústria de bebidas,337.35,10.22,8.0,Polpa congelada_Setembro_116
2025-09-12,Polpa congelada,Setembro,9,Industria,Norte,Indústria de bebidas,1022.77,8.31,8.0,Polpa congelada_Setembro_117
2025-09-11,Polpa congelada,Setembro,9,Distribuidor,Sudeste,Distribuidor regional,464.93,7.57,6.0,Polpa congelada_Setembro_118
2025-09-15,Polpa congelada,Setembro,9,Industria,Sul,Indústria de bebidas,440.89,11.69,9.0,Polpa congelada_Setembro_119
2025-09-26,Polpa congelada,Setembro,9,Distribuidor,Sul,Atacadista,190.1,12.39,10.0,Polpa congelada_Setembro_120
2025-09-14,Polpa congelada,Setembro,9,Industria,Nordeste,Indústria de ingredientes,1008.6,10.86,7.0,Polpa congelada_Setembro_121
2025-09-04,Polpa congelada,Setembro,9,Industria,Sul,Indústria de alimentos,387.68,12.47,9.0,Polpa congelada_Setembro_122
2025-09-03,Polpa congelada,Setembro,9,Exportacao,Exterior,Importador (MENA),818.17,12.55,9.0,Polpa congelada_Setembro_123
2025-09-21,Polpa congelada,Setembro,9,Distribuidor,Norte,Distribuidor regional,765.25,7.66,8.0,Polpa congelada_Setembro_124
2025-09-10,Polpa congelada,Setembro,9,Food Service,Norte,Restaurantes,195.97,7.1,6.0,Polpa congelada_Setembro_125
2025-09-18,Polpa congelada,Setembro,9,Food Service,Sul,Restaurantes,240.0,7.53,10.0,Polpa congelada_Setembro_126
2025-09-03,Polpa congelada,Setembro,9,Industria,Sudeste,Indústria de ingredientes,1116.11,7.24,6.0,Polpa congelada_Setembro_127
2025-09-15,Polpa congelada,Setembro,9,Industria,Sul,Indústria de ingredientes,1058.11,6.21,,Polpa congelada_Setembro_128
2025-09-21,Polpa congelada,Setembro,9,Industria,Sudeste,Indústria de alimentos,896.48,9.44,8.0,Polpa congelada_Setembro_129
2025-09-14,Polpa congelada,Setembro,9,Exportacao,Exterior,Importador (UE),147.24,9.66,7.0,Polpa congelada_Setembro_130
2025-09-30,Polpa congelada,Setembro,9,Distribuidor,Sudeste,Atacadista,791.63,11.89,10.0,Polpa congelada_Setembro_131
2025-09-26,Polpa congelada,Setembro,9,Industria,Sudeste,Indústria de laticínios,532.06,12.48,6.0,Polpa congelada_Setembro_132
2025-09-27,Polpa congelada,Setembro,9,Food Service,Sudeste,Cafeterias,278.41,13.68,10.0,Polpa congelada_Setembro_133
2025-09-17,Polpa congelada,Setembro,9,Food Service,Sudeste,Cafeterias,145.2,9.89,9.0,Polpa congelada_Setembro_134
2025-09-20,Polpa congelada,Setembro,9,Exportacao,Exterior,Trading,1137.82,10.56,8.0,Polpa congelada_Setembro_135
2025-09-17,Polpa congelada,Setembro,9,Industria,Sudeste,Indústria de laticínios,572.94,9.94,9.0,Polpa congelada_Setembro_136
2025-09-14,Polpa congelada,Setembro,9,Exportacao,Exterior,Importador (LATAM),873.15,13.28,6.0,Polpa congelada_Setembro_137
2025-09-13,Polpa congelada,Setembro,9,Food Service,Norte,Confeitarias,299.91,11.14,9.0,Polpa congelada_Setembro_138
2025-09-30,Polpa congelada,Setembro,9,Exportacao,Exterior,Importador (EUA),709.07,11.53,8.0,Polpa congelada_Setembro_139
2025-09-25,Polpa congelada,Setembro,9,Food Service,Sul,Confeitarias,530.09,10.08,7.0,Polpa congelada_Setembro_140
2025-09-25,Polpa congelada,Setembro,9,Exportacao,Exterior,Importador (MENA),98.34,13.04,8.0,Polpa congelada_Setembro_141
2025-09-23,Polpa congelada,Setembro,9,Exportacao,Exterior,Importador (EUA),776.96,7.18,8.0,Polpa congelada_Setembro_142
2025-09-01,Polpa congelada,Setembro,9,Food Service,Centro-Oeste,Restaurantes,252.74,8.13,6.0,Polpa congelada_Setembro_143
2025-09-11,Polpa congelada,Setembro,9,Exportacao,Exterior,Importador (MENA),159.24,11.1,8.0,Polpa congelada_Setembro_144
2025-09-18,Polpa congelada,Setembro,9,Distribuidor,Centro-Oeste,Central de compras,151.1,6.44,9.0,Polpa congelada_Setembro_145
2025-09-29,Polpa congelada,Setembro,9,Food Service,Sudeste,Açaíterias,797.29,13.76,9.0,Polpa congelada_Setembro_146
2025-09-29,Polpa congelada,Setembro,9,Industria,Centro-Oeste,Indústria de sorvetes,1246.97,7.9,8.0,Polpa congelada_Setembro_147
2025-09-06,Polpa congelada,Setembro,9,Industria,Sudeste,Indústria de alimentos,667.44,7.31,8.0,Polpa congelada_Setembro_148
2025-09-21,Polpa congelada,Setembro,9,Varejo,Nordeste,E-commerce,90.91,14.5,8.0,Polpa congelada_Setembro_149
2025-09-14,Polpa congelada,Setembro,9,Industria,Sudeste,Indústria de laticínios,268.36,6.96,9.0,Polpa congelada_Setembro_150
2025-09-20,Polpa congelada,Setembro,9,Distribuidor,Sul,Atacadista,618.44,6.76,7.0,Polpa congelada_Setembro_151
2025-09-17,Polpa congelada,Setembro,9,Food Service,Nordeste,Confeitarias,452.02,7.81,9.0,Polpa congelada_Setembro_152
2025-09-28,Polpa congelada,Setembro,9,Industria,Sudeste,Indústria de ingredientes,229.81,9.86,9.0,Polpa congelada_Setembro_153
2025-09-15,Polpa congelada,Setembro,9,Industria,Norte,Indústria de ingredientes,188.67,11.57,8.0,Polpa congelada_Setembro_154
2025-09-22,Polpa congelada,Setembro,9,Distribuidor,Norte,Operador logístico,463.44,11.04,7.0,Polpa congelada_Setembro_155
2025-09-27,Polpa congelada,Setembro,9,Food Service,Nordeste,Confeitarias,656.2,7.67,9.0,Polpa congelada_Setembro_156
2025-09-16,Polpa congelada,Setembro,9,Exportacao,Exterior,Importador (EUA),402.33,13.14,9.0,Polpa congelada_Setembro_157
2025-09-16,Polpa congelada,Setembro,9,Food Service,Centro-Oeste,Hotéis,121.68,7.85,7.0,Polpa congelada_Setembro_158
2025-09-20,Polpa congelada,Setembro,9,Exportacao,Exterior,Importador (LATAM),186.38,13.78,9.0,Polpa congelada_Setembro_159
2025-09-30,Polpa congelada,Setembro,9,Distribuidor,Nordeste,Distribuidor regional,874.72,10.97,9.0,Polpa congelada_Setembro_160
2025-09-12,Polpa congelada,Setembro,9,Distribuidor,Sudeste,Atacadista,664.24,8.11,9.0,Polpa congelada_Setembro_161
2025-09-06,Polpa congelada,Setembro,9,Varejo,Sudeste,Empórios,709.98,10.81,7.0,Polpa congelada_Setembro_162
2025-09-26,Polpa congelada,Setembro,9,Industria,Sul,Indústria de bebidas,323.99,9.61,9.0,Polpa congelada_Setembro_163
2025-09-21,Polpa congelada,Setembro,9,Distribuidor,Norte,Distribuidor regional,1004.6,7.05,7.0,Polpa congelada_Setembro_164
2025-09-15,Polpa congelada,Setembro,9,Industria,Sul,Indústria de bebidas,339.72,10.13,10.0,Polpa congelada_Setembro_165
2025-09-09,Polpa congelada,Setembro,9,Exportacao,Exterior,Importador (MENA),131.14,8.77,6.0,Polpa congelada_Setembro_166
2025-09-26,Polpa congelada,Setembro,9,Food Service,Sudeste,Confeitarias,826.56,8.03,8.0,Polpa congelada_Setembro_167
2025-09-26,Polpa congelada,Setembro,9,Varejo,Nordeste,Loja natural,666.25,10.31,8.0,Polpa congelada_Setembro_168
2025-09-21,Polpa congelada,Setembro,9,Varejo,Sudeste,Empórios,907.62,10.98,9.0,Polpa congelada_Setembro_169
2025-09-12,Polpa congelada,Setembro,9,Industria,Centro-Oeste,Indústria de sorvetes,157.97,11.22,9.0,Polpa congelada_Setembro_170
2025-09-17,Polpa congelada,Setembro,9,Varejo,Nordeste,E-commerce,176.42,10.45,8.0,Polpa congelada_Setembro_171
2025-09-01,Polpa congelada,Setembro,9,Distribuidor,Centro-Oeste,Central de compras,912.71,7.33,8.0,Polpa congelada_Setembro_172
2025-09-07,Polpa congelada,Setembro,9,Food Service,Sudeste,Confeitarias,97.67,9.46,7.0,Polpa congelada_Setembro_173
2025-09-13,Polpa congelada,Setembro,9,Industria,Nordeste,Indústria de alimentos,1071.69,10.75,9.0,Polpa congelada_Setembro_174
2025-09-21,Polpa congelada,Setembro,9,Distribuidor,Sudeste,Distribuidor regional,774.5,9.45,7.0,Polpa congelada_Setembro_175
2025-09-19,Polpa congelada,Setembro,9,Industria,Nordeste,Indústria de laticínios,293.73,13.49,8.0,Polpa congelada_Setembro_176
2025-09-18,Polpa congelada,Setembro,9,Industria,Norte,Indústria de laticínios,271.21,12.24,9.0,Polpa congelada_Setembro_177
2025-09-09,Polpa congelada,Setembro,9,Food Service,Sudeste,Açaíterias,873.78,6.26,6.0,Polpa congelada_Setembro_178
2025-09-27,Polpa congelada,Setembro,9,Distribuidor,Nordeste,Distribuidor regional,1099.85,8.18,8.0,Polpa congelada_Setembro_179
2025-09-14,Polpa congelada,Setembro,9,Industria,Sudeste,Indústria de bebidas,865.62,13.17,9.0,Polpa congelada_Setembro_180
2025-09-21,Polpa congelada,Setembro,9,Industria,Norte,Indústria de bebidas,185.94,7.63,10.0,Polpa congelada_Setembro_181
2025-09-23,Polpa congelada,Setembro,9,Industria,Norte,Indústria de ingredientes,731.68,10.85,10.0,Polpa congelada_Setembro_182
2025-09-27,Polpa congelada,Setembro,9,Industria,Sul,Indústria de ingredientes,901.74,8.99,8.0,Polpa congelada_Setembro_183
2025-09-29,Polpa congelada,Setembro,9,Exportacao,Exterior,Importador (UE),268.94,9.08,,Polpa congelada_Setembro_184
2025-09-16,Polpa congelada,Setembro,9,Industria,Nordeste,Indústria de alimentos,742.38,10.03,8.0,Polpa congelada_Setembro_185
2025-09-26,Polpa congelada,Setembro,9,Industria,Sul,Indústria de laticínios,717.7,11.35,8.0,Polpa congelada_Setembro_186
2025-09-10,Polpa congelada,Setembro,9,Industria,Nordeste,Indústria de alimentos,133.86,11.19,9.0,Polpa congelada_Setembro_187
2025-09-08,Polpa congelada,Setembro,9,Food Service,Sul,Cafeterias,322.65,8.75,7.0,Polpa congelada_Setembro_188
2025-09-29,Polpa congelada,Setembro,9,Distribuidor,Sudeste,Central de compras,1043.02,7.65,10.0,Polpa congelada_Setembro_189
2025-09-19,Polpa congelada,Setembro,9,Industria,Sudeste,Indústria de alimentos,1063.13,11.31,8.0,Polpa congelada_Setembro_190
2025-09-13,Polpa congelada,Setembro,9,Industria,Sudeste,Indústria de laticínios,386.55,13.53,8.0,Polpa congelada_Setembro_191
2025-09-26,Polpa congelada,Setembro,9,Food Service,Sudeste,Restaurantes,468.92,7.23,9.0,Polpa congelada_Setembro_192
2025-09-17,Polpa congelada,Setembro,9,Industria,Norte,Indústria de bebidas,388.56,7.65,9.0,Polpa congelada_Setembro_193
2025-09-22,Polpa congelada,Setembro,9,Distribuidor,Nordeste,Distribuidor food service,778.65,7.9,8.0,Polpa congelada_Setembro_194
2025-09-05,Polpa congelada,Setembro,9,Exportacao,Exterior,Importador (MENA),494.79,14.51,9.0,Polpa congelada_Setembro_195
2025-09-20,Polpa congelada,Setembro,9,Industria,Nordeste,Indústria de bebidas,708.65,13.15,10.0,Polpa congelada_Setembro_196
2025-09-19,Polpa congelada,Setembro,9,Food Service,Sudeste,Hotéis,306.26,10.57,10.0,Polpa congelada_Setembro_197
2025-09-30,Polpa congelada,Setembro,9,Food Service,Sul,Açaíterias,703.7,13.67,9.0,Polpa congelada_Setembro_198
2025-09-16,Polpa congelada,Setembro,9,Industria,Norte,Indústria de ingredientes,480.3,9.42,8.0,Polpa congelada_Setembro_199
2025-09-21,Polpa congelada,Setembro,9,Industria,Sudeste,Indústria de sorvetes,1087.75,9.37,9.0,Polpa congelada_Setembro_200
2025-09-28,Polpa congelada,Setembro,9,Food Service,Sudeste,Açaíterias,252.75,6.48,9.0,Polpa congelada_Setembro_201
2025-09-20,Polpa congelada,Setembro,9,Distribuidor,Sudeste,Operador logístico,1060.88,7.73,8.0,Polpa congelada_Setembro_202
2025-09-18,Polpa congelada,Setembro,9,Distribuidor,Sudeste,Atacadista,503.14,9.16,9.0,Polpa congelada_Setembro_203
2025-09-19,Polpa congelada,Setembro,9,Industria,Sudeste,Indústria de laticínios,490.48,8.63,7.0,Polpa congelada_Setembro_204
2025-09-25,Polpa congelada,Setembro,9,Food Service,Sul,Confeitarias,530.33,13.04,8.0,Polpa congelada_Setembro_205
2025-09-03,Polpa congelada,Setembro,9,Industria,Sudeste,Indústria de ingredientes,347.39,11.93,9.0,Polpa congelada_Setembro_206
2025-09-29,Polpa congelada,Setembro,9,Industria,Sudeste,Indústria de sorvetes,119.65,7.72,8.0,Polpa congelada_Setembro_207
2025-09-24,Polpa congelada,Setembro,9,Food Service,Sudeste,Restaurantes,484.43,13.61,8.0,Polpa congelada_Setembro_208
2025-09-26,Polpa congelada,Setembro,9,Food Service,Nordeste,Restaurantes,777.03,10.69,7.0,Polpa congelada_Setembro_209
2025-09-12,Polpa congelada,Setembro,9,Industria,Sudeste,Indústria de bebidas,679.97,11.75,9.0,Polpa congelada_Setembro_210
2025-09-14,Polpa congelada,Setembro,9,Industria,Nordeste,Indústria de alimentos,818.33,11.16,10.0,Polpa congelada_Setembro_211
2025-09-21,Polpa congelada,Setembro,9,Distribuidor,Sudeste,Distribuidor regional,196.96,11.26,10.0,Polpa congelada_Setembro_212
2025-09-01,Polpa congelada,Setembro,9,Exportacao,Exterior,Trading,530.36,14.96,8.0,Polpa congelada_Setembro_213
2025-09-03,Polpa congelada,Setembro,9,Industria,Sudeste,Indústria de alimentos,379.16,8.41,9.0,Polpa congelada_Setembro_214
2025-09-22,Polpa congelada,Setembro,9,Industria,Nordeste,Indústria de alimentos,617.4,11.32,7.0,Polpa congelada_Setembro_215
2025-09-26,Polpa congelada,Setembro,9,Food Service,Sul,Cafeterias,427.47,9.06,9.0,Polpa congelada_Setembro_216
2025-09-06,Polpa congelada,Setembro,9,Industria,Sudeste,Indústria de laticínios,685.55,10.1,9.0,Polpa congelada_Setembro_217
2025-09-10,Polpa congelada,Setembro,9,Distribuidor,Nordeste,Distribuidor food service,734.57,9.9,7.0,Polpa congelada_Setembro_218
2025-09-06,Polpa congelada,Setembro,9,Distribuidor,Centro-Oeste,Operador logístico,970.88,11.02,7.0,Polpa congelada_Setembro_219
2025-09-26,Polpa congelada,Setembro,9,Varejo,Sul,Loja natural,370.73,9.29,7.0,Polpa congelada_Setembro_220
2025-09-25,Polpa congelada,Setembro,9,Exportacao,Exterior,Importador (MENA),821.63,12.73,8.0,Polpa congelada_Setembro_221
2025-09-15,Polpa congelada,Setembro,9,Varejo,Sudeste,Supermercados,414.46,10.75,9.0,Polpa congelada_Setembro_222
2025-09-05,Polpa congelada,Setembro,9,Exportacao,Exterior,Trading,696.71,7.95,8.0,Polpa congelada_Setembro_223
2025-09-23,Polpa congelada,Setembro,9,Exportacao,Exterior,Trading,531.19,12.08,9.0,Polpa congelada_Setembro_224
2025-09-30,Polpa congelada,Setembro,9,Food Service,Sudeste,Confeitarias,919.54,10.32,8.0,Polpa congelada_Setembro_225
2025-09-23,Polpa congelada,Setembro,9,Exportacao,Exterior,Trading,866.03,9.6,7.0,Polpa congelada_Setembro_226
2025-09-04,Polpa congelada,Setembro,9,Industria,Nordeste,Indústria de bebidas,1161.01,12.56,7.0,Polpa congelada_Setembro_227
2025-09-12,Polpa congelada,Setembro,9,Distribuidor,Nordeste,Distribuidor food service,190.43,12.33,10.0,Polpa congelada_Setembro_228
2025-09-11,Polpa congelada,Setembro,9,Industria,Norte,Indústria de ingredientes,900.38,12.36,8.0,Polpa congelada_Setembro_229
2025-09-13,Polpa congelada,Setembro,9,Exportacao,Exterior,Importador (LATAM),904.42,12.4,7.0,Polpa congelada_Setembro_230
2025-09-04,Polpa congelada,Setembro,9,Industria,Sudeste,Indústria de laticínios,611.5,8.0,7.0,Polpa congelada_Setembro_231
2025-09-23,Polpa congelada,Setembro,9,Food Service,Nordeste,Hotéis,842.22,13.11,8.0,Polpa congelada_Setembro_232
2025-09-26,Polpa congelada,Setembro,9,Exportacao,Exterior,Importador (LATAM),133.92,12.45,9.0,Polpa congelada_Setembro_233
2025-09-19,Polpa congelada,Setembro,9,Industria,Sudeste,Indústria de laticínios,1160.32,10.26,9.0,Polpa congelada_Setembro_234
2025-09-05,Polpa congelada,Setembro,9,Industria,Nordeste,Indústria de laticínios,995.38,9.81,9.0,Polpa congelada_Setembro_235
2025-09-10,Polpa congelada,Setembro,9,Food Service,Nordeste,Cafeterias,563.81,12.61,8.0,Polpa congelada_Setembro_236
2025-09-16,Polpa congelada,Setembro,9,Exportacao,Exterior,Importador (LATAM),1092.56,13.81,9.0,Polpa congelada_Setembro_237
2025-09-21,Polpa congelada,Setembro,9,Exportacao,Exterior,Importador (UE),647.21,7.06,10.0,Polpa congelada_Setembro_238
2025-09-02,Polpa congelada,Setembro,9,Food Service,Centro-Oeste,Hotéis,617.57,13.77,8.0,Polpa congelada_Setembro_239
2025-09-04,Polpa congelada,Setembro,9,Food Service,Sul,Restaurantes,555.82,12.53,7.0,Polpa congelada_Setembro_240
2025-09-22,Polpa congelada,Setembro,9,Industria,Nordeste,Indústria de bebidas,554.8,6.03,6.0,Polpa congelada_Setembro_241
2025-09-19,Polpa congelada,Setembro,9,Varejo,Nordeste,Atacarejo,636.14,12.8,9.0,Polpa congelada_Setembro_242
2025-09-02,Polpa congelada,Setembro,9,Distribuidor,Sudeste,Operador logístico,1027.17,9.43,10.0,Polpa congelada_Setembro_243
2025-09-14,Polpa congelada,Setembro,9,Industria,Nordeste,Indústria de ingredientes,227.41,6.52,9.0,Polpa congelada_Setembro_244
2025-09-05,Polpa congelada,Setembro,9,Distribuidor,Sudeste,Atacadista,623.54,8.03,9.0,Polpa congelada_Setembro_245
2025-09-25,Polpa congelada,Setembro,9,Distribuidor,Sudeste,Operador logístico,1182.37,11.49,8.0,Polpa congelada_Setembro_246
2025-09-14,Polpa congelada,Setembro,9,Distribuidor,Norte,Atacadista,357.07,6.1,9.0,Polpa congelada_Setembro_247
2025-09-10,Polpa congelada,Setembro,9,Industria,Nordeste,Indústria de alimentos,133.06,8.95,9.0,Polpa congelada_Setembro_248
2025-09-13,Polpa congelada,Setembro,9,Food Service,Sul,Hotéis,443.16,12.58,10.0,Polpa congelada_Setembro_249
2025-09-26,Polpa congelada,Setembro,9,Industria,Sul,Indústria de alimentos,207.63,8.36,8.0,Polpa congelada_Setembro_250
2025-09-22,Polpa congelada,Setembro,9,Industria,Nordeste,Indústria de alimentos,578.85,8.53,7.0,Polpa congelada_Setembro_251
2025-09-06,Polpa congelada,Setembro,9,Distribuidor,Nordeste,Distribuidor regional,627.43,6.16,6.0,Polpa congelada_Setembro_252
2025-09-15,Polpa congelada,Setembro,9,Exportacao,Exterior,Importador (EUA),241.27,10.43,8.0,Polpa congelada_Setembro_253
2025-09-14,Polpa congelada,Setembro,9,Industria,Nordeste,Indústria de bebidas,473.31,7.39,9.0,Polpa congelada_Setembro_254
2025-09-16,Polpa congelada,Setembro,9,Food Service,Sudeste,Açaíterias,579.47,9.51,6.0,Polpa congelada_Setembro_255
2025-09-21,Polpa congelada,Setembro,9,Industria,Sul,Indústria de ingredientes,440.06,7.28,9.0,Polpa congelada_Setembro_256
2025-09-05,Polpa congelada,Setembro,9,Food Service,Norte,Açaíterias,810.98,13.61,8.0,Polpa congelada_Setembro_257
2025-09-13,Polpa congelada,Setembro,9,Distribuidor,Sudeste,Distribuidor food service,908.27,7.48,9.0,Polpa congelada_Setembro_258
2025-09-03,Polpa congelada,Setembro,9,Distribuidor,Sul,Distribuidor food service,257.51,6.32,9.0,Polpa congelada_Setembro_259
2025-09-06,Polpa congelada,Setembro,9,Food Service,Sul,Açaíterias,605.92,10.79,10.0,Polpa congelada_Setembro_260
2025-09-05,Polpa congelada,Setembro,9,Distribuidor,Nordeste,Central de compras,617.11,11.86,7.0,Polpa congelada_Setembro_261
2025-09-04,Polpa congelada,Setembro,9,Industria,Sudeste,Indústria de laticínios,1199.36,6.01,6.0,Polpa congelada_Setembro_262
2025-09-12,Polpa congelada,Setembro,9,Exportacao,Exterior,Importador (EUA),1148.43,13.65,9.0,Polpa congelada_Setembro_263
2025-09-24,Polpa congelada,Setembro,9,Distribuidor,Sudeste,Distribuidor food service,713.61,12.58,10.0,Polpa congelada_Setembro_264
2025-09-23,Polpa congelada,Setembro,9,Industria,Nordeste,Indústria de laticínios,890.43,7.91,9.0,Polpa congelada_Setembro_265
2025-09-20,Polpa congelada,Setembro,9,Food Service,Nordeste,Confeitarias,489.95,6.22,6.0,Polpa congelada_Setembro_266
2025-09-27,Polpa congelada,Setembro,9,Food Service,Sul,Confeitarias,327.97,11.26,9.0,Polpa congelada_Setembro_267
2025-09-02,Polpa congelada,Setembro,9,Distribuidor,Sudeste,Distribuidor regional,217.21,12.46,7.0,Polpa congelada_Setembro_268
2025-09-15,Polpa congelada,Setembro,9,Food Service,Sul,Restaurantes,347.01,11.05,9.0,Polpa congelada_Setembro_269
2025-09-16,Polpa congelada,Setembro,9,Distribuidor,Nordeste,Operador logístico,585.66,9.43,9.0,Polpa congelada_Setembro_270
2025-09-25,Polpa congelada,Setembro,9,Exportacao,Exterior,Importador (UE),165.95,10.34,10.0,Polpa congelada_Setembro_271
2025-09-26,Polpa congelada,Setembro,9,Industria,Nordeste,Indústria de laticínios,1115.72,13.56,8.0,Polpa congelada_Setembro_272
2025-09-05,Polpa congelada,Setembro,9,Food Service,Centro-Oeste,Hotéis,216.88,7.1,8.0,Polpa congelada_Setembro_273
2025-09-09,Polpa congelada,Setembro,9,Industria,Sudeste,Indústria de ingredientes,704.42,6.28,9.0,Polpa congelada_Setembro_274
2025-09-19,Polpa congelada,Setembro,9,Distribuidor,Nordeste,Central de compras,1009.51,7.51,10.0,Polpa congelada_Setembro_275
2025-09-08,Polpa congelada,Setembro,9,Food Service,Nordeste,Hotéis,268.08,13.17,7.0,Polpa congelada_Setembro_276
2025-09-24,Polpa congelada,Setembro,9,Industria,Sul,Indústria de laticínios,309.44,9.37,8.0,Polpa congelada_Setembro_277
2025-09-01,Polpa congelada,Setembro,9,Industria,Norte,Indústria de alimentos,504.86,9.37,8.0,Polpa congelada_Setembro_278
2025-09-22,Polpa congelada,Setembro,9,Varejo,Centro-Oeste,Atacarejo,700.17,8.67,6.0,Polpa congelada_Setembro_279
2025-09-26,Polpa congelada,Setembro,9,Varejo,Centro-Oeste,Loja natural,824.36,14.55,7.0,Polpa congelada_Setembro_280
2025-09-24,Polpa congelada,Setembro,9,Industria,Norte,Indústria de ingredientes,124.07,6.96,8.0,Polpa congelada_Setembro_281
2025-09-10,Polpa congelada,Setembro,9,Exportacao,Exterior,Importador (MENA),295.14,12.5,6.0,Polpa congelada_Setembro_282
2025-09-30,Polpa congelada,Setembro,9,Industria,Sudeste,Indústria de bebidas,805.36,13.46,7.0,Polpa congelada_Setembro_283
2025-09-02,Polpa congelada,Setembro,9,Industria,Sudeste,Indústria de sorvetes,222.01,6.34,7.0,Polpa congelada_Setembro_284
2025-09-05,Polpa congelada,Setembro,9,Industria,Nordeste,Indústria de ingredientes,741.46,7.26,8.0,Polpa congelada_Setembro_285
2025-09-26,Polpa congelada,Setembro,9,Food Service,Centro-Oeste,Hotéis,962.3,13.32,7.0,Polpa congelada_Setembro_286
2025-09-28,Polpa congelada,Setembro,9,Industria,Sul,Indústria de ingredientes,234.78,6.27,10.0,Polpa congelada_Setembro_287
2025-09-01,Polpa congelada,Setembro,9,Distribuidor,Nordeste,Atacadista,1095.28,12.49,8.0,Polpa congelada_Setembro_288
2025-09-20,Polpa congelada,Setembro,9,Food Service,Sudeste,Restaurantes,200.53,7.31,7.0,Polpa congelada_Setembro_289
2025-09-04,Polpa congelada,Setembro,9,Industria,Nordeste,Indústria de laticínios,1186.92,7.69,9.0,Polpa congelada_Setembro_290
2025-09-03,Polpa congelada,Setembro,9,Varejo,Sudeste,Empórios,962.28,8.72,9.0,Polpa congelada_Setembro_291
2025-09-15,Polpa congelada,Setembro,9,Food Service,Norte,Confeitarias,823.65,10.09,6.0,Polpa congelada_Setembro_292
2025-09-13,Polpa congelada,Setembro,9,Industria,Sul,Indústria de ingredientes,758.09,9.07,9.0,Polpa congelada_Setembro_293
2025-09-24,Polpa congelada,Setembro,9,Industria,Sul,Indústria de sorvetes,389.36,6.13,10.0,Polpa congelada_Setembro_294
2025-09-04,Polpa congelada,Setembro,9,Varejo,Nordeste,Empórios,345.96,6.84,9.0,Polpa congelada_Setembro_295
2025-09-03,Polpa congelada,Setembro,9,Varejo,Centro-Oeste,Atacarejo,936.81,8.66,9.0,Polpa congelada_Setembro_296
2025-09-15,Polpa congelada,Setembro,9,Varejo,Nordeste,Loja natural,706.12,8.68,7.0,Polpa congelada_Setembro_297
2025-09-28,Polpa congelada,Setembro,9,Distribuidor,Sul,Central de compras,1246.29,13.27,7.0,Polpa congelada_Setembro_298
2025-09-02,Polpa congelada,Setembro,9,Food Service,Sudeste,Açaíterias,110.48,11.28,8.0,Polpa congelada_Setembro_299
2025-09-16,Polpa congelada,Setembro,9,Exportacao,Exterior,Importador (LATAM),542.17,8.47,7.0,Polpa congelada_Setembro_300
2025-09-26,Polpa congelada,Setembro,9,Distribuidor,Sudeste,Central de compras,127.75,10.9,7.0,Polpa congelada_Setembro_301
2025-09-19,Polpa congelada,Setembro,9,Industria,Sul,Indústria de bebidas,442.23,8.19,10.0,Polpa congelada_Setembro_302
2025-09-14,Polpa congelada,Setembro,9,Industria,Nordeste,Indústria de bebidas,891.77,11.74,9.0,Polpa congelada_Setembro_303
2025-09-18,Polpa congelada,Setembro,9,Exportacao,Exterior,Importador (MENA),913.23,13.08,9.0,Polpa congelada_Setembro_304
2025-09-16,Polpa congelada,Setembro,9,Exportacao,Exterior,Importador (MENA),302.45,13.46,10.0,Polpa congelada_Setembro_305
2025-09-29,Polpa congelada,Setembro,9,Industria,Sul,Indústria de alimentos,803.29,10.92,8.0,Polpa congelada_Setembro_306
2025-09-03,Polpa congelada,Setembro,9,Distribuidor,Nordeste,Distribuidor regional,798.32,8.56,8.0,Polpa congelada_Setembro_307
2025-09-17,Polpa congelada,Setembro,9,Food Service,Sul,Restaurantes,366.9,6.33,8.0,Polpa congelada_Setembro_308
2025-09-21,Polpa congelada,Setembro,9,Food Service,Nordeste,Restaurantes,164.33,7.87,9.0,Polpa congelada_Setembro_309
2025-09-03,Polpa congelada,Setembro,9,Industria,Sudeste,Indústria de ingredientes,509.89,6.84,9.0,Polpa congelada_Setembro_310
2025-09-18,Polpa congelada,Setembro,9,Varejo,Nordeste,Supermercados,273.54,9.49,10.0,Polpa congelada_Setembro_311
2025-09-21,Polpa congelada,Setembro,9,Food Service,Sudeste,Cafeterias,128.58,8.94,8.0,Polpa congelada_Setembro_312
2025-09-29,Polpa congelada,Setembro,9,Varejo,Sul,Atacarejo,565.43,14.71,6.0,Polpa congelada_Setembro_313
2025-09-11,Polpa congelada,Setembro,9,Exportacao,Exterior,Importador (MENA),829.62,10.6,7.0,Polpa congelada_Setembro_314
2025-09-29,Polpa congelada,Setembro,9,Industria,Sudeste,Indústria de ingredientes,992.04,13.39,8.0,Polpa congelada_Setembro_315
2025-09-26,Polpa congelada,Setembro,9,Industria,Sul,Indústria de laticínios,254.18,6.82,10.0,Polpa congelada_Setembro_316
2025-09-03,Polpa congelada,Setembro,9,Distribuidor,Sul,Operador logístico,134.09,13.56,7.0,Polpa congelada_Setembro_317
2025-09-15,Polpa congelada,Setembro,9,Food Service,Sul,Confeitarias,827.55,13.8,7.0,Polpa congelada_Setembro_318
2025-09-05,Polpa congelada,Setembro,9,Distribuidor,Sudeste,Central de compras,406.5,13.64,9.0,Polpa congelada_Setembro_319
2025-09-30,Polpa congelada,Setembro,9,Industria,Nordeste,Indústria de ingredientes,216.3,6.05,10.0,Polpa congelada_Setembro_320
2025-09-10,Polpa congelada,Setembro,9,Industria,Norte,Indústria de sorvetes,620.72,10.74,9.0,Polpa congelada_Setembro_321
2025-09-26,Polpa congelada,Setembro,9,Varejo,Sudeste,Loja natural,416.33,12.28,7.0,Polpa congelada_Setembro_322
2025-09-07,Polpa congelada,Setembro,9,Industria,Nordeste,Indústria de laticínios,1121.4,11.29,8.0,Polpa congelada_Setembro_323
2025-09-24,Polpa congelada,Setembro,9,Distribuidor,Nordeste,Distribuidor food service,750.11,10.9,9.0,Polpa congelada_Setembro_324
2025-09-29,Polpa congelada,Setembro,9,Exportacao,Exterior,Importador (MENA),216.45,12.69,10.0,Polpa congelada_Setembro_325
2025-09-28,Polpa congelada,Setembro,9,Industria,Sudeste,Indústria de bebidas,514.61,12.58,6.0,Polpa congelada_Setembro_326
2025-09-17,Polpa congelada,Setembro,9,Exportacao,Exterior,Importador (LATAM),514.17,10.17,6.0,Polpa congelada_Setembro_327
2025-09-20,Polpa congelada,Setembro,9,Exportacao,Exterior,Importador (MENA),487.62,13.84,10.0,Polpa congelada_Setembro_328
2025-09-17,Polpa congelada,Setembro,9,Industria,Sudeste,Indústria de bebidas,1008.23,8.38,9.0,Polpa congelada_Setembro_329
2025-09-03,Polpa congelada,Setembro,9,Industria,Nordeste,Indústria de alimentos,199.77,11.19,5.0,Polpa congelada_Setembro_330
2025-09-26,Polpa congelada,Setembro,9,Industria,Nordeste,Indústria de alimentos,997.26,9.49,8.0,Polpa congelada_Setembro_331
2025-09-08,Polpa congelada,Setembro,9,Industria,Sudeste,Indústria de bebidas,817.78,13.02,10.0,Polpa congelada_Setembro_332
2025-09-09,Polpa congelada,Setembro,9,Industria,Norte,Indústria de laticínios,637.1,6.37,9.0,Polpa congelada_Setembro_333
2025-09-16,Polpa congelada,Setembro,9,Varejo,Nordeste,Loja natural,567.59,14.3,6.0,Polpa congelada_Setembro_334
2025-09-06,Polpa congelada,Setembro,9,Industria,Sudeste,Indústria de laticínios,1015.71,10.46,9.0,Polpa congelada_Setembro_335
2025-09-22,Polpa congelada,Setembro,9,Industria,Sudeste,Indústria de alimentos,272.06,12.31,8.0,Polpa congelada_Setembro_336
2025-09-18,Polpa congelada,Setembro,9,Industria,Sul,Indústria de bebidas,1056.02,8.85,8.0,Polpa congelada_Setembro_337
2025-09-18,Polpa congelada,Setembro,9,Food Service,Sul,Confeitarias,835.87,8.98,9.0,Polpa congelada_Setembro_338
2025-09-21,Polpa congelada,Setembro,9,Distribuidor,Norte,Operador logístico,336.07,10.33,9.0,Polpa congelada_Setembro_339
2025-09-18,Polpa congelada,Setembro,9,Food Service,Sul,Cafeterias,223.84,11.72,8.0,Polpa congelada_Setembro_340
2025-09-26,Polpa congelada,Setembro,9,Distribuidor,Sul,Atacadista,771.61,12.04,8.0,Polpa congelada_Setembro_341
2025-09-02,Polpa congelada,Setembro,9,Varejo,Centro-Oeste,Empórios,151.03,12.59,6.0,Polpa congelada_Setembro_342
2025-09-15,Polpa congelada,Setembro,9,Distribuidor,Sudeste,Atacadista,284.03,6.62,8.0,Polpa congelada_Setembro_343
2025-09-10,Polpa congelada,Setembro,9,Exportacao,Exterior,Importador (MENA),103.19,8.91,,Polpa congelada_Setembro_344
2025-09-24,Polpa congelada,Setembro,9,Exportacao,Exterior,Importador (MENA),1102.5,9.57,10.0,Polpa congelada_Setembro_345
2025-09-19,Polpa congelada,Setembro,9,Industria,Sudeste,Indústria de alimentos,619.01,6.79,9.0,Polpa congelada_Setembro_346
2025-09-22,Polpa congelada,Setembro,9,Industria,Norte,Indústria de laticínios,348.3,12.91,10.0,Polpa congelada_Setembro_347
2025-09-24,Polpa congelada,Setembro,9,Food Service,Sudeste,Restaurantes,952.75,7.44,9.0,Polpa congelada_Setembro_348
2025-09-01,Polpa congelada,Setembro,9,Exportacao,Exterior,Importador (UE),883.08,11.38,8.0,Polpa congelada_Setembro_349
2025-09-10,Polpa congelada,Setembro,9,Distribuidor,Nordeste,Atacadista,888.17,9.37,9.0,Polpa congelada_Setembro_350
2025-09-18,Polpa congelada,Setembro,9,Industria,Centro-Oeste,Indústria de bebidas,394.08,10.16,7.0,Polpa congelada_Setembro_351
2025-09-27,Polpa congelada,Setembro,9,Industria,Nordeste,Indústria de ingredientes,139.27,12.01,10.0,Polpa congelada_Setembro_352
2025-09-03,Polpa congelada,Setembro,9,Industria,Nordeste,Indústria de bebidas,1159.33,11.45,6.0,Polpa congelada_Setembro_353
2025-09-27,Polpa congelada,Setembro,9,Distribuidor,Sul,Operador logístico,870.86,6.14,9.0,Polpa congelada_Setembro_354
2025-09-06,Polpa congelada,Setembro,9,Industria,Nordeste,Indústria de alimentos,774.55,9.74,10.0,Polpa congelada_Setembro_355
2025-09-14,Polpa congelada,Setembro,9,Distribuidor,Centro-Oeste,Operador logístico,1110.61,8.93,10.0,Polpa congelada_Setembro_356
2025-09-19,Polpa congelada,Setembro,9,Industria,Norte,Indústria de laticínios,949.68,9.88,7.0,Polpa congelada_Setembro_357
2025-09-21,Polpa congelada,Setembro,9,Industria,Sudeste,Indústria de ingredientes,573.54,10.67,10.0,Polpa congelada_Setembro_358
2025-09-12,Polpa congelada,Setembro,9,Industria,Nordeste,Indústria de laticínios,273.72,9.92,6.0,Polpa congelada_Setembro_359
2025-09-28,Polpa congelada,Setembro,9,Industria,Sul,Indústria de bebidas,218.41,11.94,7.0,Polpa congelada_Setembro_360
2025-09-25,Polpa congelada,Setembro,9,Varejo,Nordeste,E-commerce,814.89,12.92,8.0,Polpa congelada_Setembro_361
2025-09-01,Polpa congelada,Setembro,9,Distribuidor,Sudeste,Distribuidor food service,296.21,13.32,9.0,Polpa congelada_Setembro_362
2025-09-06,Polpa congelada,Setembro,9,Exportacao,Exterior,Importador (UE),250.51,9.94,8.0,Polpa congelada_Setembro_363
2025-09-07,Polpa congelada,Setembro,9,Distribuidor,Sudeste,Atacadista,304.53,12.83,8.0,Polpa congelada_Setembro_364
2025-09-04,Polpa congelada,Setembro,9,Varejo,Sudeste,Loja natural,560.68,8.3,7.0,Polpa congelada_Setembro_365
2025-09-10,Polpa congelada,Setembro,9,Food Service,Sudeste,Restaurantes,330.69,11.91,9.0,Polpa congelada_Setembro_366
2025-09-05,Polpa congelada,Setembro,9,Food Service,Nordeste,Açaíterias,645.21,7.86,8.0,Polpa congelada_Setembro_367
2025-09-30,Polpa congelada,Setembro,9,Food Service,Nordeste,Restaurantes,696.25,6.5,9.0,Polpa congelada_Setembro_368
2025-09-05,Polpa congelada,Setembro,9,Distribuidor,Nordeste,Distribuidor regional,1097.38,6.53,8.0,Polpa congelada_Setembro_369
2025-09-26,Polpa congelada,Setembro,9,Industria,Norte,Indústria de sorvetes,1187.58,9.15,6.0,Polpa congelada_Setembro_370
2025-09-09,Polpa congelada,Setembro,9,Industria,Sudeste,Indústria de laticínios,634.84,10.36,7.0,Polpa congelada_Setembro_371
2025-09-12,Polpa congelada,Setembro,9,Industria,Sul,Indústria de bebidas,1136.66,6.66,7.0,Polpa congelada_Setembro_372
2025-09-24,Polpa congelada,Setembro,9,Exportacao,Exterior,Trading,379.39,13.7,8.0,Polpa congelada_Setembro_373
2025-09-16,Polpa congelada,Setembro,9,Industria,Centro-Oeste,Indústria de bebidas,180.6,8.22,9.0,Polpa congelada_Setembro_374
2025-09-10,Polpa congelada,Setembro,9,Industria,Nordeste,Indústria de alimentos,558.69,9.53,6.0,Polpa congelada_Setembro_375
2025-09-13,Polpa congelada,Setembro,9,Exportacao,Exterior,Importador (UE),719.46,16.11,9.0,Polpa congelada_Setembro_376
2025-09-28,Polpa congelada,Setembro,9,Food Service,Sudeste,Restaurantes,354.32,7.55,9.0,Polpa congelada_Setembro_377
2025-09-30,Polpa congelada,Setembro,9,Distribuidor,Sul,Central de compras,636.77,6.27,9.0,Polpa congelada_Setembro_378
2025-09-22,Polpa congelada,Setembro,9,Distribuidor,Sul,Distribuidor food service,608.12,11.04,8.0,Polpa congelada_Setembro_379
2025-09-17,Polpa congelada,Setembro,9,Exportacao,Exterior,Importador (EUA),1125.91,11.79,8.0,Polpa congelada_Setembro_380
2025-09-10,Polpa congelada,Setembro,9,Food Service,Sudeste,Açaíterias,960.35,6.62,6.0,Polpa congelada_Setembro_381
2025-09-28,Polpa congelada,Setembro,9,Distribuidor,Norte,Distribuidor food service,503.66,6.3,10.0,Polpa congelada_Setembro_382
2025-09-18,Polpa congelada,Setembro,9,Food Service,Centro-Oeste,Açaíterias,245.54,12.3,6.0,Polpa congelada_Setembro_383
2025-09-16,Polpa congelada,Setembro,9,Distribuidor,Sudeste,Distribuidor food service,393.76,13.7,,Polpa congelada_Setembro_384
2025-09-27,Polpa congelada,Setembro,9,Food Service,Nordeste,Confeitarias,395.82,8.93,6.0,Polpa congelada_Setembro_385
2025-09-13,Polpa congelada,Setembro,9,Distribuidor,Sudeste,Operador logístico,1164.65,7.08,9.0,Polpa congelada_Setembro_386
2025-09-24,Polpa congelada,Setembro,9,Industria,Sudeste,Indústria de bebidas,103.87,6.58,8.0,Polpa congelada_Setembro_387
2025-09-20,Polpa congelada,Setembro,9,Industria,Sul,Indústria de sorvetes,412.72,9.34,,Polpa congelada_Setembro_388
2025-09-24,Polpa congelada,Setembro,9,Varejo,Centro-Oeste,Empórios,249.43,11.85,8.0,Polpa congelada_Setembro_389
2025-09-23,Polpa congelada,Setembro,9,Industria,Sudeste,Indústria de ingredientes,1020.94,13.5,8.0,Polpa congelada_Setembro_390
2025-09-16,Polpa congelada,Setembro,9,Industria,Sudeste,Indústria de bebidas,399.1,7.77,,Polpa congelada_Setembro_391
2025-09-10,Polpa congelada,Setembro,9,Distribuidor,Sul,Distribuidor food service,1028.2,6.03,8.0,Polpa congelada_Setembro_392
2025-09-27,Polpa congelada,Setembro,9,Varejo,Sudeste,E-commerce,470.41,10.07,8.0,Polpa congelada_Setembro_393
2025-09-02,Polpa congelada,Setembro,9,Industria,Centro-Oeste,Indústria de alimentos,153.77,12.43,8.0,Polpa congelada_Setembro_394
2025-09-17,Polpa congelada,Setembro,9,Industria,Sul,Indústria de ingredientes,709.63,12.2,9.0,Polpa congelada_Setembro_395
2025-09-11,Polpa congelada,Setembro,9,Distribuidor,Sudeste,Central de compras,124.1,13.72,9.0,Polpa congelada_Setembro_396
2025-09-05,Polpa congelada,Setembro,9,Distribuidor,Sudeste,Central de compras,937.37,12.26,10.0,Polpa congelada_Setembro_397
2025-09-12,Polpa congelada,Setembro,9,Industria,Sudeste,Indústria de ingredientes,515.78,13.28,7.0,Polpa congelada_Setembro_398
2025-09-02,Polpa congelada,Setembro,9,Food Service,Norte,Confeitarias,651.04,12.67,7.0,Polpa congelada_Setembro_399
2025-09-24,Polpa congelada,Setembro,9,Exportacao,Exterior,Importador (UE),993.15,14.67,8.0,Polpa congelada_Setembro_400
2025-09-18,Polpa congelada,Setembro,9,Exportacao,Exterior,Trading,307.9,10.99,9.0,Polpa congelada_Setembro_401
2025-09-27,Polpa congelada,Setembro,9,Varejo,Centro-Oeste,Atacarejo,824.25,8.22,8.0,Polpa congelada_Setembro_402
2025-09-19,Polpa congelada,Setembro,9,Food Service,Nordeste,Restaurantes,771.71,10.61,8.0,Polpa congelada_Setembro_403
2025-09-05,Polpa congelada,Setembro,9,Exportacao,Exterior,Importador (UE),381.32,11.74,8.0,Polpa congelada_Setembro_404
2025-09-25,Polpa congelada,Setembro,9,Varejo,Sudeste,Supermercados,860.01,14.1,6.0,Polpa congelada_Setembro_405
2025-09-30,Polpa congelada,Setembro,9,Varejo,Sudeste,Loja natural,240.5,15.01,7.0,Polpa congelada_Setembro_406
2025-09-15,Polpa congelada,Setembro,9,Food Service,Centro-Oeste,Confeitarias,567.26,8.34,8.0,Polpa congelada_Setembro_407
2025-09-11,Polpa congelada,Setembro,9,Industria,Nordeste,Indústria de alimentos,876.35,9.42,8.0,Polpa congelada_Setembro_408
2025-09-15,Polpa congelada,Setembro,9,Distribuidor,Centro-Oeste,Operador logístico,128.76,9.23,9.0,Polpa congelada_Setembro_409
2025-09-22,Polpa congelada,Setembro,9,Varejo,Nordeste,E-commerce,899.29,11.17,9.0,Polpa congelada_Setembro_410
2025-09-16,Polpa congelada,Setembro,9,Varejo,Sul,E-commerce,274.47,10.36,8.0,Polpa congelada_Setembro_411
2025-09-16,Polpa congelada,Setembro,9,Industria,Sudeste,Indústria de alimentos,663.38,13.28,10.0,Polpa congelada_Setembro_412
2025-09-08,Polpa congelada,Setembro,9,Food Service,Nordeste,Confeitarias,611.51,6.65,9.0,Polpa congelada_Setembro_413
2025-09-06,Polpa congelada,Setembro,9,Food Service,Centro-Oeste,Hotéis,529.11,7.06,7.0,Polpa congelada_Setembro_414
2025-09-10,Polpa congelada,Setembro,9,Industria,Sul,Indústria de laticínios,759.47,10.23,7.0,Polpa congelada_Setembro_415
2025-09-21,Polpa congelada,Setembro,9,Varejo,Sudeste,Empórios,857.02,11.23,7.0,Polpa congelada_Setembro_416
2025-09-26,Polpa congelada,Setembro,9,Food Service,Sudeste,Cafeterias,241.51,9.46,9.0,Polpa congelada_Setembro_417
2025-09-05,Polpa congelada,Setembro,9,Exportacao,Exterior,Importador (MENA),726.18,7.28,7.0,Polpa congelada_Setembro_418
2025-09-25,Polpa congelada,Setembro,9,Exportacao,Exterior,Importador (UE),513.51,7.8,8.0,Polpa congelada_Setembro_419
2025-09-01,Polpa congelada,Setembro,9,Industria,Sul,Indústria de ingredientes,787.8,9.33,7.0,Polpa congelada_Setembro_420
2025-09-04,Polpa congelada,Setembro,9,Food Service,Norte,Restaurantes,514.61,8.73,9.0,Polpa congelada_Setembro_421
2025-09-24,Polpa congelada,Setembro,9,Varejo,Sul,E-commerce,670.9,9.84,5.0,Polpa congelada_Setembro_422
2025-09-22,Polpa congelada,Setembro,9,Industria,Sudeste,Indústria de alimentos,638.75,9.38,6.0,Polpa congelada_Setembro_423
2025-09-18,Polpa congelada,Setembro,9,Industria,Nordeste,Indústria de alimentos,182.97,6.6,8.0,Polpa congelada_Setembro_424
2025-09-01,Polpa congelada,Setembro,9,Industria,Sudeste,Indústria de laticínios,808.81,10.82,9.0,Polpa congelada_Setembro_425
2025-09-29,Polpa congelada,Setembro,9,Distribuidor,Sudeste,Distribuidor food service,981.68,8.98,10.0,Polpa congelada_Setembro_426
2025-09-19,Polpa congelada,Setembro,9,Varejo,Sudeste,E-commerce,235.08,9.76,9.0,Polpa congelada_Setembro_427
2025-09-18,Polpa congelada,Setembro,9,Industria,Norte,Indústria de bebidas,969.04,6.26,9.0,Polpa congelada_Setembro_428
2025-09-16,Polpa congelada,Setembro,9,Industria,Sul,Indústria de sorvetes,640.48,11.08,9.0,Polpa congelada_Setembro_429
2025-09-21,Polpa congelada,Setembro,9,Industria,Sudeste,Indústria de ingredientes,190.51,12.82,9.0,Polpa congelada_Setembro_430
2025-09-16,Polpa congelada,Setembro,9,Varejo,Sul,Loja natural,410.28,10.6,10.0,Polpa congelada_Setembro_431
2025-09-22,Polpa congelada,Setembro,9,Industria,Norte,Indústria de laticínios,837.5,11.9,7.0,Polpa congelada_Setembro_432
2025-09-11,Polpa congelada,Setembro,9,Food Service,Sudeste,Açaíterias,229.98,11.12,7.0,Polpa congelada_Setembro_433
2025-09-01,Polpa congelada,Setembro,9,Food Service,Nordeste,Hotéis,480.72,13.58,8.0,Polpa congelada_Setembro_434
2025-09-03,Polpa congelada,Setembro,9,Industria,Sudeste,Indústria de bebidas,162.68,13.3,7.0,Polpa congelada_Setembro_435
2025-09-02,Polpa congelada,Setembro,9,Food Service,Sudeste,Hotéis,431.99,7.95,7.0,Polpa congelada_Setembro_436
2025-09-24,Polpa congelada,Setembro,9,Industria,Centro-Oeste,Indústria de ingredientes,684.63,9.6,6.0,Polpa congelada_Setembro_437
2025-09-17,Polpa congelada,Setembro,9,Varejo,Sudeste,Empórios,427.74,8.86,9.0,Polpa congelada_Setembro_438
2025-09-19,Polpa congelada,Setembro,9,Food Service,Sudeste,Confeitarias,716.81,8.52,7.0,Polpa congelada_Setembro_439
2025-09-02,Polpa congelada,Setembro,9,Industria,Sudeste,Indústria de ingredientes,625.2,13.32,10.0,Polpa congelada_Setembro_440
2025-09-02,Polpa congelada,Setembro,9,Food Service,Nordeste,Cafeterias,147.43,10.81,9.0,Polpa congelada_Setembro_441
2025-09-04,Polpa congelada,Setembro,9,Industria,Sul,Indústria de laticínios,1179.82,9.14,8.0,Polpa congelada_Setembro_442
2025-09-30,Polpa congelada,Setembro,9,Food Service,Norte,Açaíterias,479.57,10.52,10.0,Polpa congelada_Setembro_443
2025-09-14,Polpa congelada,Setembro,9,Varejo,Sudeste,E-commerce,725.22,12.67,8.0,Polpa congelada_Setembro_444
2025-09-19,Polpa congelada,Setembro,9,Industria,Sudeste,Indústria de ingredientes,521.43,11.12,7.0,Polpa congelada_Setembro_445
2025-09-22,Polpa congelada,Setembro,9,Distribuidor,Sudeste,Distribuidor regional,961.42,11.18,9.0,Polpa congelada_Setembro_446
2025-09-25,Polpa congelada,Setembro,9,Industria,Sudeste,Indústria de ingredientes,164.99,10.16,7.0,Polpa congelada_Setembro_447
2025-09-29,Polpa congelada,Setembro,9,Distribuidor,Norte,Distribuidor regional,1081.26,11.9,10.0,Polpa congelada_Setembro_448
2025-09-07,Polpa congelada,Setembro,9,Industria,Sul,Indústria de laticínios,1073.56,6.68,10.0,Polpa congelada_Setembro_449
2025-09-02,Polpa congelada,Setembro,9,Industria,Sudeste,Indústria de bebidas,594.28,7.49,10.0,Polpa congelada_Setembro_450
2025-09-23,Polpa congelada,Setembro,9,Exportacao,Exterior,Importador (EUA),344.56,9.28,9.0,Polpa congelada_Setembro_451
2025-09-14,Polpa congelada,Setembro,9,Varejo,Sudeste,Empórios,143.06,10.36,9.0,Polpa congelada_Setembro_452
2025-09-11,Polpa congelada,Setembro,9,Varejo,Sul,Loja natural,660.06,10.18,10.0,Polpa congelada_Setembro_453
2025-09-02,Polpa congelada,Setembro,9,Varejo,Norte,E-commerce,383.05,9.51,7.0,Polpa congelada_Setembro_454
2025-09-25,Polpa congelada,Setembro,9,Varejo,Norte,Atacarejo,708.12,7.78,7.0,Polpa congelada_Setembro_455
2025-09-19,Polpa congelada,Setembro,9,Food Service,Sul,Restaurantes,111.07,10.28,7.0,Polpa congelada_Setembro_456
2025-09-15,Polpa congelada,Setembro,9,Industria,Sudeste,Indústria de alimentos,534.24,9.47,9.0,Polpa congelada_Setembro_457
2025-09-18,Polpa congelada,Setembro,9,Food Service,Centro-Oeste,Cafeterias,471.75,6.67,10.0,Polpa congelada_Setembro_458
2025-09-19,Polpa congelada,Setembro,9,Industria,Centro-Oeste,Indústria de laticínios,906.94,7.75,8.0,Polpa congelada_Setembro_459
2025-09-27,Polpa congelada,Setembro,9,Distribuidor,Centro-Oeste,Distribuidor regional,599.16,6.62,10.0,Polpa congelada_Setembro_460
2025-09-22,Polpa congelada,Setembro,9,Industria,Sul,Indústria de ingredientes,1098.42,9.12,10.0,Polpa congelada_Setembro_461
2025-09-07,Polpa congelada,Setembro,9,Industria,Sul,Indústria de sorvetes,758.72,12.98,7.0,Polpa congelada_Setembro_462
2025-09-16,Polpa congelada,Setembro,9,Industria,Sudeste,Indústria de bebidas,821.03,13.61,8.0,Polpa congelada_Setembro_463
2025-09-30,Polpa congelada,Setembro,9,Distribuidor,Sudeste,Operador logístico,1153.94,10.88,6.0,Polpa congelada_Setembro_464
2025-09-12,Polpa congelada,Setembro,9,Distribuidor,Sudeste,Operador logístico,595.87,9.68,9.0,Polpa congelada_Setembro_465
2025-09-04,Polpa congelada,Setembro,9,Industria,Norte,Indústria de alimentos,303.49,8.68,9.0,Polpa congelada_Setembro_466
2025-09-27,Polpa congelada,Setembro,9,Food Service,Sul,Confeitarias,374.3,11.81,8.0,Polpa congelada_Setembro_467
2025-09-07,Polpa congelada,Setembro,9,Industria,Sul,Indústria de bebidas,107.51,6.67,8.0,Polpa congelada_Setembro_468
2025-09-04,Polpa congelada,Setembro,9,Varejo,Sudeste,Loja natural,158.46,13.53,10.0,Polpa congelada_Setembro_469
2025-09-24,Polpa congelada,Setembro,9,Exportacao,Exterior,Trading,464.94,6.83,9.0,Polpa congelada_Setembro_470
2025-09-22,Polpa congelada,Setembro,9,Food Service,Sudeste,Hotéis,581.83,10.5,10.0,Polpa congelada_Setembro_471
2025-09-21,Polpa congelada,Setembro,9,Food Service,Sul,Restaurantes,155.54,9.99,9.0,Polpa congelada_Setembro_472
2025-09-19,Polpa congelada,Setembro,9,Exportacao,Exterior,Trading,428.58,7.66,8.0,Polpa congelada_Setembro_473
2025-09-22,Polpa congelada,Setembro,9,Industria,Sul,Indústria de bebidas,852.07,8.09,9.0,Polpa congelada_Setembro_474
2025-09-29,Polpa congelada,Setembro,9,Food Service,Sudeste,Hotéis,615.29,11.08,9.0,Polpa congelada_Setembro_475
2025-09-17,Polpa congelada,Setembro,9,Industria,Centro-Oeste,Indústria de alimentos,349.06,7.75,10.0,Polpa congelada_Setembro_476
2025-09-03,Polpa congelada,Setembro,9,Industria,Sudeste,Indústria de sorvetes,756.29,7.21,10.0,Polpa congelada_Setembro_477
2025-09-12,Polpa congelada,Setembro,9,Industria,Nordeste,Indústria de laticínios,537.22,10.78,5.0,Polpa congelada_Setembro_478
2025-09-20,Polpa congelada,Setembro,9,Distribuidor,Nordeste,Atacadista,925.57,8.08,9.0,Polpa congelada_Setembro_479
2025-09-17,Polpa congelada,Setembro,9,Food Service,Nordeste,Hotéis,912.3,12.86,8.0,Polpa congelada_Setembro_480
2025-09-01,Polpa congelada,Setembro,9,Food Service,Sul,Cafeterias,565.79,10.16,8.0,Polpa congelada_Setembro_481
2025-09-24,Polpa congelada,Setembro,9,Industria,Norte,Indústria de alimentos,533.89,10.22,7.0,Polpa congelada_Setembro_482
2025-09-07,Polpa congelada,Setembro,9,Industria,Norte,Indústria de bebidas,211.1,13.23,7.0,Polpa congelada_Setembro_483
2025-09-17,Polpa congelada,Setembro,9,Varejo,Sudeste,E-commerce,871.45,8.39,8.0,Polpa congelada_Setembro_484
2025-09-05,Polpa congelada,Setembro,9,Industria,Sudeste,Indústria de bebidas,251.98,12.72,10.0,Polpa congelada_Setembro_485
2025-09-23,Polpa congelada,Setembro,9,Distribuidor,Sudeste,Atacadista,558.17,11.29,8.0,Polpa congelada_Setembro_486
2025-09-02,Polpa congelada,Setembro,9,Food Service,Nordeste,Açaíterias,674.99,12.4,9.0,Polpa congelada_Setembro_487
2025-09-01,Polpa congelada,Setembro,9,Food Service,Nordeste,Açaíterias,441.48,11.55,,Polpa congelada_Setembro_488
2025-09-03,Polpa congelada,Setembro,9,Exportacao,Exterior,Importador (UE),126.15,8.18,9.0,Polpa congelada_Setembro_489
2025-09-18,Polpa congelada,Setembro,9,Distribuidor,Nordeste,Distribuidor food service,874.11,9.54,9.0,Polpa congelada_Setembro_490
2025-09-09,Polpa congelada,Setembro,9,Industria,Sul,Indústria de alimentos,273.62,10.79,10.0,Polpa congelada_Setembro_491
2025-09-11,Polpa congelada,Setembro,9,Food Service,Sul,Hotéis,916.62,10.76,8.0,Polpa congelada_Setembro_492
2025-09-14,Polpa congelada,Setembro,9,Industria,Sul,Indústria de sorvetes,561.31,9.42,8.0,Polpa congelada_Setembro_493
2025-09-03,Polpa congelada,Setembro,9,Industria,Centro-Oeste,Indústria de bebidas,778.43,10.59,7.0,Polpa congelada_Setembro_494
2025-09-30,Polpa congelada,Setembro,9,Exportacao,Exterior,Importador (EUA),148.4,8.66,7.0,Polpa congelada_Setembro_495
2025-09-28,Polpa congelada,Setembro,9,Distribuidor,Sudeste,Atacadista,1127.86,8.6,10.0,Polpa congelada_Setembro_496
2025-09-29,Polpa congelada,Setembro,9,Food Service,Centro-Oeste,Confeitarias,451.95,11.89,7.0,Polpa congelada_Setembro_497
2025-09-12,Polpa congelada,Setembro,9,Industria,Nordeste,Indústria de bebidas,274.04,11.26,9.0,Polpa congelada_Setembro_498
2025-09-05,Polpa congelada,Setembro,9,Food Service,Nordeste,Confeitarias,302.93,7.84,8.0,Polpa congelada_Setembro_499
2025-09-29,Polpa congelada,Setembro,9,Industria,Centro-Oeste,Indústria de ingredientes,1051.58,9.56,10.0,Polpa congelada_Setembro_500
2025-09-01,Polpa congelada,Setembro,9,Industria,Sudeste,Indústria de sorvetes,839.0,13.71,10.0,Polpa congelada_Setembro_501
2025-09-04,Polpa congelada,Setembro,9,Exportacao,Exterior,Importador (EUA),519.61,7.88,8.0,Polpa congelada_Setembro_502
2025-09-06,Polpa congelada,Setembro,9,Distribuidor,Sul,Operador logístico,825.88,6.88,7.0,Polpa congelada_Setembro_503
2025-09-12,Polpa congelada,Setembro,9,Distribuidor,Sudeste,Central de compras,885.84,13.67,8.0,Polpa congelada_Setembro_504
2025-09-19,Polpa congelada,Setembro,9,Industria,Nordeste,Indústria de ingredientes,1042.47,10.67,7.0,Polpa congelada_Setembro_505
2025-09-12,Polpa congelada,Setembro,9,Food Service,Centro-Oeste,Açaíterias,417.63,8.7,7.0,Polpa congelada_Setembro_506
2025-09-20,Polpa congelada,Setembro,9,Industria,Sudeste,Indústria de laticínios,207.74,12.77,8.0,Polpa congelada_Setembro_507
2025-09-01,Polpa congelada,Setembro,9,Industria,Sul,Indústria de sorvetes,998.77,10.55,9.0,Polpa congelada_Setembro_508
2025-09-13,Polpa congelada,Setembro,9,Distribuidor,Sul,Operador logístico,664.94,13.69,8.0,Polpa congelada_Setembro_509
2025-09-01,Polpa congelada,Setembro,9,Distribuidor,Sudeste,Atacadista,624.14,10.82,9.0,Polpa congelada_Setembro_510
2025-09-30,Polpa congelada,Setembro,9,Food Service,Sudeste,Confeitarias,541.75,10.63,8.0,Polpa congelada_Setembro_511
2025-09-28,Polpa congelada,Setembro,9,Distribuidor,Sudeste,Distribuidor food service,1009.02,13.54,8.0,Polpa congelada_Setembro_512
2025-09-27,Polpa congelada,Setembro,9,Industria,Centro-Oeste,Indústria de sorvetes,335.89,7.75,8.0,Polpa congelada_Setembro_513
2025-09-06,Polpa congelada,Setembro,9,Distribuidor,Sul,Central de compras,185.15,6.13,8.0,Polpa congelada_Setembro_514
2025-09-11,Polpa congelada,Setembro,9,Food Service,Nordeste,Restaurantes,161.93,12.21,9.0,Polpa congelada_Setembro_515
2025-09-19,Polpa congelada,Setembro,9,Distribuidor,Sudeste,Atacadista,150.55,11.93,8.0,Polpa congelada_Setembro_516
2025-09-02,Polpa congelada,Setembro,9,Food Service,Nordeste,Restaurantes,438.27,13.62,7.0,Polpa congelada_Setembro_517
2025-09-20,Polpa congelada,Setembro,9,Varejo,Centro-Oeste,Supermercados,536.61,14.89,10.0,Polpa congelada_Setembro_518
2025-09-06,Polpa congelada,Setembro,9,Varejo,Sudeste,E-commerce,253.25,10.86,9.0,Polpa congelada_Setembro_519
2025-09-12,Polpa congelada,Setembro,9,Food Service,Sudeste,Confeitarias,171.74,6.98,9.0,Polpa congelada_Setembro_520
2025-09-21,Polpa congelada,Setembro,9,Varejo,Centro-Oeste,Atacarejo,596.67,11.81,8.0,Polpa congelada_Setembro_521
2025-09-19,Polpa congelada,Setembro,9,Industria,Nordeste,Indústria de laticínios,831.18,6.39,10.0,Polpa congelada_Setembro_522
2025-09-16,Polpa congelada,Setembro,9,Food Service,Sul,Restaurantes,402.53,10.71,8.0,Polpa congelada_Setembro_523
2025-09-07,Polpa congelada,Setembro,9,Distribuidor,Sudeste,Central de compras,1085.89,8.92,9.0,Polpa congelada_Setembro_524
2025-09-30,Polpa congelada,Setembro,9,Food Service,Sul,Restaurantes,335.57,6.43,10.0,Polpa congelada_Setembro_525
2025-09-24,Polpa congelada,Setembro,9,Industria,Nordeste,Indústria de sorvetes,669.86,6.12,,Polpa congelada_Setembro_526
2025-09-02,Polpa congelada,Setembro,9,Industria,Sudeste,Indústria de alimentos,332.08,6.98,7.0,Polpa congelada_Setembro_527
2025-09-26,Polpa congelada,Setembro,9,Food Service,Nordeste,Confeitarias,920.15,7.9,7.0,Polpa congelada_Setembro_528
2025-09-02,Polpa congelada,Setembro,9,Industria,Norte,Indústria de alimentos,872.26,13.14,7.0,Polpa congelada_Setembro_529
2025-09-04,Polpa congelada,Setembro,9,Distribuidor,Sul,Central de compras,640.1,7.09,10.0,Polpa congelada_Setembro_530
2025-09-15,Polpa congelada,Setembro,9,Industria,Nordeste,Indústria de laticínios,263.8,6.48,10.0,Polpa congelada_Setembro_531
2025-09-15,Polpa congelada,Setembro,9,Industria,Sudeste,Indústria de ingredientes,798.83,7.45,9.0,Polpa congelada_Setembro_532
2025-09-15,Polpa congelada,Setembro,9,Food Service,Norte,Hotéis,968.12,10.54,8.0,Polpa congelada_Setembro_533
2025-09-24,Polpa congelada,Setembro,9,Exportacao,Exterior,Importador (UE),499.98,8.14,8.0,Polpa congelada_Setembro_534
2025-09-26,Polpa congelada,Setembro,9,Food Service,Norte,Confeitarias,586.74,6.22,9.0,Polpa congelada_Setembro_535
2025-09-29,Polpa congelada,Setembro,9,Industria,Sudeste,Indústria de bebidas,778.76,7.99,10.0,Polpa congelada_Setembro_536
2025-09-27,Polpa congelada,Setembro,9,Food Service,Nordeste,Confeitarias,183.75,8.03,9.0,Polpa congelada_Setembro_537
2025-09-17,Polpa congelada,Setembro,9,Exportacao,Exterior,Importador (UE),792.33,13.06,8.0,Polpa congelada_Setembro_538
2025-09-15,Polpa congelada,Setembro,9,Exportacao,Exterior,Importador (LATAM),172.33,11.35,10.0,Polpa congelada_Setembro_539
2025-09-25,Polpa congelada,Setembro,9,Industria,Sudeste,Indústria de laticínios,275.46,11.02,8.0,Polpa congelada_Setembro_540
2025-09-01,Polpa congelada,Setembro,9,Distribuidor,Sul,Atacadista,505.54,8.77,7.0,Polpa congelada_Setembro_541
2025-09-18,Polpa congelada,Setembro,9,Varejo,Sudeste,Empórios,211.41,14.03,,Polpa congelada_Setembro_542
2025-09-13,Polpa congelada,Setembro,9,Food Service,Sudeste,Hotéis,898.46,6.11,7.0,Polpa congelada_Setembro_543
2025-09-23,Polpa congelada,Setembro,9,Industria,Sul,Indústria de sorvetes,161.36,9.39,10.0,Polpa congelada_Setembro_544
2025-09-22,Polpa congelada,Setembro,9,Food Service,Norte,Confeitarias,277.66,12.45,7.0,Polpa congelada_Setembro_545
2025-09-06,Polpa congelada,Setembro,9,Varejo,Sudeste,Loja natural,464.1,10.48,9.0,Polpa congelada_Setembro_546
2025-09-17,Polpa congelada,Setembro,9,Industria,Sul,Indústria de bebidas,114.26,8.91,10.0,Polpa congelada_Setembro_547
2025-09-29,Polpa congelada,Setembro,9,Industria,Sudeste,Indústria de ingredientes,195.45,7.22,10.0,Polpa congelada_Setembro_548
2025-09-17,Polpa congelada,Setembro,9,Industria,Sudeste,Indústria de bebidas,792.41,11.86,10.0,Polpa congelada_Setembro_549
2025-09-16,Polpa congelada,Setembro,9,Exportacao,Exterior,Importador (MENA),877.29,14.32,9.0,Polpa congelada_Setembro_550
2025-09-18,Polpa congelada,Setembro,9,Industria,Nordeste,Indústria de laticínios,1114.89,12.33,9.0,Polpa congelada_Setembro_551
2025-09-30,Polpa congelada,Setembro,9,Distribuidor,Nordeste,Central de compras,344.12,6.12,10.0,Polpa congelada_Setembro_552
2025-09-10,Polpa congelada,Setembro,9,Food Service,Sudeste,Açaíterias,171.41,7.39,7.0,Polpa congelada_Setembro_553
2025-09-27,Polpa congelada,Setembro,9,Food Service,Norte,Confeitarias,191.32,7.87,9.0,Polpa congelada_Setembro_554
2025-09-22,Polpa congelada,Setembro,9,Industria,Sudeste,,810.17,9.0,7.0,Polpa congelada_Setembro_555
2025-09-27,Polpa congelada,Setembro,9,Food Service,Sudeste,Confeitarias,162.53,10.79,9.0,Polpa congelada_Setembro_556
2025-09-08,Polpa congelada,Setembro,9,Distribuidor,Norte,Distribuidor regional,608.7,8.43,9.0,Polpa congelada_Setembro_557
2025-09-07,Polpa congelada,Setembro,9,Food Service,Norte,Restaurantes,955.2,8.77,9.0,Polpa congelada_Setembro_558
2025-09-19,Polpa congelada,Setembro,9,Exportacao,Exterior,Importador (MENA),983.59,13.93,7.0,Polpa congelada_Setembro_559
2025-09-14,Polpa congelada,Setembro,9,Distribuidor,Nordeste,Central de compras,944.93,13.69,10.0,Polpa congelada_Setembro_560
2025-09-13,Polpa congelada,Setembro,9,Industria,Sul,Indústria de laticínios,581.63,6.11,7.0,Polpa congelada_Setembro_561
2025-09-21,Polpa congelada,Setembro,9,Industria,Centro-Oeste,Indústria de alimentos,1008.67,7.87,9.0,Polpa congelada_Setembro_562
2025-09-06,Polpa congelada,Setembro,9,Food Service,Sul,Cafeterias,169.25,10.16,9.0,Polpa congelada_Setembro_563
2025-09-09,Polpa congelada,Setembro,9,Distribuidor,Sudeste,Central de compras,330.79,10.67,9.0,Polpa congelada_Setembro_564
2025-09-23,Polpa congelada,Setembro,9,Food Service,Sul,Cafeterias,529.76,12.79,8.0,Polpa congelada_Setembro_565
2025-09-17,Polpa congelada,Setembro,9,Industria,Sul,Indústria de laticínios,525.54,11.78,8.0,Polpa congelada_Setembro_566
2025-09-24,Polpa congelada,Setembro,9,Industria,Centro-Oeste,Indústria de alimentos,275.18,12.81,10.0,Polpa congelada_Setembro_567
2025-09-20,Polpa congelada,Setembro,9,Exportacao,Exterior,Importador (MENA),463.14,8.72,7.0,Polpa congelada_Setembro_568
2025-09-30,Polpa congelada,Setembro,9,Food Service,Sudeste,Restaurantes,784.09,10.69,9.0,Polpa congelada_Setembro_569
2025-09-29,Polpa congelada,Setembro,9,Industria,Centro-Oeste,Indústria de sorvetes,1010.15,9.52,9.0,Polpa congelada_Setembro_570
2025-09-09,Polpa congelada,Setembro,9,Varejo,Centro-Oeste,E-commerce,643.49,7.96,8.0,Polpa congelada_Setembro_571
2025-09-17,Polpa congelada,Setembro,9,Food Service,Sudeste,Confeitarias,858.11,7.28,10.0,Polpa congelada_Setembro_572
2025-09-23,Polpa congelada,Setembro,9,Distribuidor,Nordeste,Central de compras,550.2,8.42,9.0,Polpa congelada_Setembro_573
2025-09-09,Polpa congelada,Setembro,9,Industria,Sudeste,Indústria de sorvetes,265.81,10.71,8.0,Polpa congelada_Setembro_574
2025-09-17,Polpa congelada,Setembro,9,Industria,Sudeste,Indústria de laticínios,503.9,12.25,7.0,Polpa congelada_Setembro_575
2025-09-26,Polpa congelada,Setembro,9,Food Service,Sudeste,Açaíterias,136.68,10.27,9.0,Polpa congelada_Setembro_576
2025-09-28,Polpa congelada,Setembro,9,Exportacao,Exterior,Trading,118.52,8.41,7.0,Polpa congelada_Setembro_577
2025-09-01,Polpa congelada,Setembro,9,Industria,Sul,Indústria de ingredientes,1133.92,9.64,7.0,Polpa congelada_Setembro_578
2025-09-30,Polpa congelada,Setembro,9,Distribuidor,Sudeste,Operador logístico,898.69,9.74,8.0,Polpa congelada_Setembro_579
2025-09-02,Polpa congelada,Setembro,9,Industria,Sudeste,Indústria de alimentos,916.66,11.9,10.0,Polpa congelada_Setembro_580
2025-09-16,Polpa congelada,Setembro,9,Industria,Sul,Indústria de alimentos,821.36,12.78,7.0,Polpa congelada_Setembro_581
2025-09-11,Polpa congelada,Setembro,9,Industria,Centro-Oeste,Indústria de ingredientes,873.27,11.67,7.0,Polpa congelada_Setembro_582
2025-09-12,Polpa congelada,Setembro,9,Food Service,Norte,Cafeterias,89.59,6.75,8.0,Polpa congelada_Setembro_583
2025-09-22,Polpa congelada,Setembro,9,Distribuidor,Sudeste,Operador logístico,1124.87,9.65,5.0,Polpa congelada_Setembro_584
2025-09-03,Polpa congelada,Setembro,9,Exportacao,Exterior,Importador (EUA),313.9,8.38,5.0,Polpa congelada_Setembro_585
2025-09-30,Polpa congelada,Setembro,9,Food Service,Sudeste,Restaurantes,605.06,11.08,9.0,Polpa congelada_Setembro_586
2025-09-18,Polpa congelada,Setembro,9,Distribuidor,Nordeste,Central de compras,782.75,9.72,6.0,Polpa congelada_Setembro_587
2025-09-19,Polpa congelada,Setembro,9,Industria,Nordeste,Indústria de alimentos,213.75,12.44,9.0,Polpa congelada_Setembro_588
2025-09-04,Polpa congelada,Setembro,9,Exportacao,Exterior,Importador (MENA),415.93,11.8,9.0,Polpa congelada_Setembro_589
2025-09-10,Polpa congelada,Setembro,9,Industria,Sul,Indústria de bebidas,402.68,12.21,9.0,Polpa congelada_Setembro_590
2025-09-05,Polpa congelada,Setembro,9,Varejo,Centro-Oeste,E-commerce,549.78,11.15,8.0,Polpa congelada_Setembro_591
2025-09-11,Polpa congelada,Setembro,9,Varejo,Sul,Supermercados,555.57,7.79,8.0,Polpa congelada_Setembro_592
2025-09-12,Polpa congelada,Setembro,9,Exportacao,Exterior,Trading,685.59,10.31,8.0,Polpa congelada_Setembro_593
2025-09-14,Polpa congelada,Setembro,9,Industria,Sudeste,Indústria de laticínios,751.93,6.09,9.0,Polpa congelada_Setembro_594
2025-09-20,Polpa congelada,Setembro,9,Industria,Sudeste,Indústria de bebidas,675.46,7.54,5.0,Polpa congelada_Setembro_595
2025-09-23,Polpa congelada,Setembro,9,Distribuidor,Sul,Operador logístico,366.92,13.27,7.0,Polpa congelada_Setembro_596
2025-09-29,Polpa congelada,Setembro,9,Industria,Nordeste,Indústria de bebidas,650.07,13.71,7.0,Polpa congelada_Setembro_597
2025-09-03,Polpa congelada,Setembro,9,Industria,Norte,Indústria de bebidas,1095.6,8.33,7.0,Polpa congelada_Setembro_598
2025-09-30,Polpa congelada,Setembro,9,Industria,Norte,Indústria de ingredientes,936.69,8.24,8.0,Polpa congelada_Setembro_599
2025-09-09,Polpa congelada,Setembro,9,Varejo,Sul,Supermercados,676.44,12.01,9.0,Polpa congelada_Setembro_600
2025-09-26,Polpa congelada,Setembro,9,Distribuidor,Sul,Atacadista,1103.82,12.83,8.0,Polpa congelada_Setembro_601
2025-09-10,Polpa congelada,Setembro,9,Food Service,Sudeste,Açaíterias,861.75,6.61,9.0,Polpa congelada_Setembro_602
2025-09-05,Polpa congelada,Setembro,9,Exportacao,Exterior,Importador (EUA),174.47,14.06,7.0,Polpa congelada_Setembro_603
2025-09-16,Polpa congelada,Setembro,9,Varejo,Sudeste,Empórios,264.0,7.49,9.0,Polpa congelada_Setembro_604
2025-09-06,Polpa congelada,Setembro,9,Food Service,Sudeste,Cafeterias,191.25,11.17,8.0,Polpa congelada_Setembro_605
2025-09-21,Polpa congelada,Setembro,9,Industria,Nordeste,Indústria de ingredientes,549.95,12.26,7.0,Polpa congelada_Setembro_606
2025-09-05,Polpa congelada,Setembro,9,Industria,Centro-Oeste,Indústria de bebidas,339.43,11.03,10.0,Polpa congelada_Setembro_607
2025-09-24,Polpa congelada,Setembro,9,Industria,Sul,,532.21,9.9,8.0,Polpa congelada_Setembro_608
2025-09-18,Polpa congelada,Setembro,9,Industria,Nordeste,Indústria de bebidas,680.18,10.72,6.0,Polpa congelada_Setembro_609
2025-09-22,Polpa congelada,Setembro,9,Exportacao,Exterior,Importador (MENA),1146.96,10.2,9.0,Polpa congelada_Setembro_610
2025-09-08,Polpa congelada,Setembro,9,Distribuidor,Centro-Oeste,Atacadista,663.8,7.72,8.0,Polpa congelada_Setembro_611
2025-09-22,Polpa congelada,Setembro,9,Exportacao,Exterior,Importador (EUA),849.01,14.89,7.0,Polpa congelada_Setembro_612
2025-09-08,Polpa congelada,Setembro,9,Industria,Sudeste,Indústria de ingredientes,401.69,9.11,7.0,Polpa congelada_Setembro_613
2025-09-21,Polpa congelada,Setembro,9,Industria,Norte,Indústria de laticínios,996.98,11.97,6.0,Polpa congelada_Setembro_614
2025-09-22,Polpa congelada,Setembro,9,Distribuidor,Sudeste,Operador logístico,243.65,7.56,10.0,Polpa congelada_Setembro_615
2025-09-02,Polpa congelada,Setembro,9,Exportacao,Exterior,Importador (UE),959.97,13.98,10.0,Polpa congelada_Setembro_616
2025-09-28,Polpa congelada,Setembro,9,Food Service,Centro-Oeste,Açaíterias,947.33,8.96,8.0,Polpa congelada_Setembro_617
2025-09-13,Polpa congelada,Setembro,9,Exportacao,Exterior,Importador (MENA),777.96,12.85,10.0,Polpa congelada_Setembro_618
2025-09-05,Polpa congelada,Setembro,9,Food Service,Nordeste,Açaíterias,680.46,10.78,10.0,Polpa congelada_Setembro_619
2025-09-10,Polpa congelada,Setembro,9,Exportacao,Exterior,Importador (EUA),532.79,12.21,6.0,Polpa congelada_Setembro_620
2025-09-21,Polpa congelada,Setembro,9,Food Service,Sudeste,Hotéis,701.71,12.69,8.0,Polpa congelada_Setembro_621
2025-09-26,Polpa congelada,Setembro,9,Food Service,Sudeste,Restaurantes,123.66,10.54,7.0,Polpa congelada_Setembro_622
2025-09-22,Polpa congelada,Setembro,9,Varejo,Centro-Oeste,Atacarejo,947.16,11.3,7.0,Polpa congelada_Setembro_623
2025-09-03,Polpa congelada,Setembro,9,Industria,Sudeste,Indústria de alimentos,420.94,10.97,7.0,Polpa congelada_Setembro_624
2025-09-27,Polpa congelada,Setembro,9,Industria,Sudeste,Indústria de alimentos,343.74,7.83,10.0,Polpa congelada_Setembro_625
2025-09-30,Polpa congelada,Setembro,9,Varejo,Nordeste,E-commerce,545.09,8.41,7.0,Polpa congelada_Setembro_626
2025-09-20,Polpa congelada,Setembro,9,Distribuidor,Sudeste,Distribuidor regional,601.37,12.65,9.0,Polpa congelada_Setembro_627
2025-09-25,Polpa congelada,Setembro,9,Exportacao,Exterior,Trading,591.93,11.69,10.0,Polpa congelada_Setembro_628
2025-09-09,Polpa congelada,Setembro,9,Distribuidor,Norte,Central de compras,1234.34,12.65,6.0,Polpa congelada_Setembro_629
2025-09-19,Polpa congelada,Setembro,9,Industria,Sudeste,Indústria de bebidas,567.17,8.86,7.0,Polpa congelada_Setembro_630
2025-09-06,Polpa congelada,Setembro,9,Varejo,Nordeste,Empórios,190.69,6.92,8.0,Polpa congelada_Setembro_631
2025-09-05,Polpa congelada,Setembro,9,Food Service,Sudeste,Hotéis,268.9,10.66,9.0,Polpa congelada_Setembro_632
2025-09-05,Polpa congelada,Setembro,9,Industria,Sul,Indústria de bebidas,634.39,6.32,6.0,Polpa congelada_Setembro_633
2025-09-25,Polpa congelada,Setembro,9,Exportacao,Exterior,Importador (LATAM),292.39,7.85,7.0,Polpa congelada_Setembro_634
2025-09-18,Polpa congelada,Setembro,9,Distribuidor,Sudeste,Distribuidor food service,288.08,11.23,7.0,Polpa congelada_Setembro_635
2025-09-11,Polpa congelada,Setembro,9,Industria,Nordeste,Indústria de laticínios,675.27,10.06,7.0,Polpa congelada_Setembro_636
2025-09-25,Polpa congelada,Setembro,9,Exportacao,Exterior,Trading,781.56,9.8,8.0,Polpa congelada_Setembro_637
2025-09-29,Polpa congelada,Setembro,9,Food Service,Sudeste,Açaíterias,954.1,9.81,8.0,Polpa congelada_Setembro_638
2025-09-15,Polpa congelada,Setembro,9,Industria,Sul,Indústria de ingredientes,469.14,12.53,9.0,Polpa congelada_Setembro_639
2025-09-04,Polpa congelada,Setembro,9,Industria,Sudeste,Indústria de ingredientes,424.96,7.51,8.0,Polpa congelada_Setembro_640
2025-09-17,Polpa congelada,Setembro,9,Food Service,Sul,Cafeterias,848.74,10.04,10.0,Polpa congelada_Setembro_641
2025-09-15,Polpa congelada,Setembro,9,Food Service,Centro-Oeste,Cafeterias,948.11,6.61,8.0,Polpa congelada_Setembro_642
2025-09-11,Polpa congelada,Setembro,9,Food Service,Norte,Açaíterias,104.83,11.36,8.0,Polpa congelada_Setembro_643
2025-09-29,Polpa congelada,Setembro,9,Varejo,Nordeste,Loja natural,775.37,8.24,9.0,Polpa congelada_Setembro_644
2025-09-29,Polpa congelada,Setembro,9,Distribuidor,Nordeste,Distribuidor regional,409.67,6.23,7.0,Polpa congelada_Setembro_645
2025-09-14,Polpa congelada,Setembro,9,Food Service,Sul,Açaíterias,808.22,9.37,10.0,Polpa congelada_Setembro_646
2025-09-06,Polpa congelada,Setembro,9,Industria,Sudeste,Indústria de bebidas,522.69,7.2,9.0,Polpa congelada_Setembro_647
2025-09-25,Polpa congelada,Setembro,9,Food Service,Nordeste,Hotéis,361.43,7.46,8.0,Polpa congelada_Setembro_648
2025-09-21,Polpa congelada,Setembro,9,Distribuidor,Nordeste,Atacadista,162.04,6.76,10.0,Polpa congelada_Setembro_649
2025-09-26,Polpa congelada,Setembro,9,Food Service,Norte,Confeitarias,516.7,11.87,9.0,Polpa congelada_Setembro_650
2025-09-09,Polpa congelada,Setembro,9,Distribuidor,Sul,Operador logístico,637.65,12.86,9.0,Polpa congelada_Setembro_651
2025-09-21,Polpa congelada,Setembro,9,Industria,Centro-Oeste,Indústria de laticínios,754.47,10.15,9.0,Polpa congelada_Setembro_652
2025-09-25,Polpa congelada,Setembro,9,Food Service,Sudeste,Cafeterias,745.47,10.32,10.0,Polpa congelada_Setembro_653
2025-09-20,Polpa congelada,Setembro,9,Food Service,Sudeste,Restaurantes,689.98,8.56,9.0,Polpa congelada_Setembro_654
2025-09-04,Polpa congelada,Setembro,9,Industria,Nordeste,Indústria de alimentos,915.94,13.31,10.0,Polpa congelada_Setembro_655
2025-09-15,Polpa congelada,Setembro,9,Exportacao,Exterior,Trading,234.02,15.82,8.0,Polpa congelada_Setembro_656
2025-09-18,Polpa congelada,Setembro,9,Industria,Centro-Oeste,Indústria de alimentos,567.69,10.27,10.0,Polpa congelada_Setembro_657
2025-09-23,Polpa congelada,Setembro,9,Food Service,Sul,Açaíterias,653.61,11.95,8.0,Polpa congelada_Setembro_658
2025-09-26,Polpa congelada,Setembro,9,Food Service,Sul,Restaurantes,464.35,7.84,7.0,Polpa congelada_Setembro_659
2025-09-06,Polpa congelada,Setembro,9,Varejo,Sudeste,E-commerce,216.87,11.4,8.0,Polpa congelada_Setembro_660
2025-09-04,Polpa congelada,Setembro,9,Industria,Sul,Indústria de alimentos,276.36,7.4,9.0,Polpa congelada_Setembro_661
2025-09-19,Polpa congelada,Setembro,9,Food Service,Sul,Cafeterias,867.57,11.03,8.0,Polpa congelada_Setembro_662
2025-09-23,Polpa congelada,Setembro,9,Exportacao,Exterior,Importador (MENA),728.26,8.55,6.0,Polpa congelada_Setembro_663
2025-09-27,Polpa congelada,Setembro,9,Exportacao,Exterior,Importador (EUA),1086.78,7.7,10.0,Polpa congelada_Setembro_664
2025-09-28,Polpa congelada,Setembro,9,Food Service,Sul,Hotéis,649.6,9.75,8.0,Polpa congelada_Setembro_665
2025-09-24,Polpa congelada,Setembro,9,Food Service,Sudeste,Cafeterias,486.8,6.25,9.0,Polpa congelada_Setembro_666
2025-09-26,Polpa congelada,Setembro,9,Food Service,Sudeste,Confeitarias,872.4,13.2,8.0,Polpa congelada_Setembro_667
2025-09-05,Polpa congelada,Setembro,9,Food Service,Nordeste,Hotéis,752.25,12.33,8.0,Polpa congelada_Setembro_668
2025-09-11,Polpa congelada,Setembro,9,Industria,Nordeste,Indústria de bebidas,626.43,6.09,9.0,Polpa congelada_Setembro_669
2025-09-14,Polpa congelada,Setembro,9,Industria,Sul,Indústria de sorvetes,219.77,11.32,10.0,Polpa congelada_Setembro_670
2025-09-14,Polpa congelada,Setembro,9,Food Service,Sul,Cafeterias,378.99,10.48,10.0,Polpa congelada_Setembro_671
2025-09-09,Polpa congelada,Setembro,9,Industria,Norte,Indústria de sorvetes,428.02,12.15,9.0,Polpa congelada_Setembro_672
2025-09-05,Polpa congelada,Setembro,9,Food Service,Sudeste,Confeitarias,859.39,12.87,7.0,Polpa congelada_Setembro_673
2025-09-24,Polpa congelada,Setembro,9,Food Service,Centro-Oeste,Açaíterias,103.21,6.55,5.0,Polpa congelada_Setembro_674
2025-09-04,Polpa congelada,Setembro,9,Food Service,Sudeste,Confeitarias,902.11,6.42,8.0,Polpa congelada_Setembro_675
2025-09-04,Polpa congelada,Setembro,9,Distribuidor,Centro-Oeste,Distribuidor regional,836.58,7.45,9.0,Polpa congelada_Setembro_676
2025-09-26,Polpa congelada,Setembro,9,Industria,Sul,Indústria de sorvetes,660.63,10.98,8.0,Polpa congelada_Setembro_677
2025-09-09,Polpa congelada,Setembro,9,Varejo,Sul,E-commerce,798.33,14.52,7.0,Polpa congelada_Setembro_678
2025-09-29,Polpa congelada,Setembro,9,Distribuidor,Sul,Operador logístico,629.2,11.56,9.0,Polpa congelada_Setembro_679
2025-09-25,Polpa congelada,Setembro,9,Food Service,Sudeste,Açaíterias,537.92,12.02,,Polpa congelada_Setembro_680
2025-09-11,Polpa congelada,Setembro,9,Industria,Centro-Oeste,Indústria de ingredientes,824.06,12.86,9.0,Polpa congelada_Setembro_681
2025-09-03,Polpa congelada,Setembro,9,Exportacao,Exterior,Trading,947.07,8.88,7.0,Polpa congelada_Setembro_682
2025-09-06,Polpa congelada,Setembro,9,Industria,Sul,Indústria de laticínios,658.93,11.57,8.0,Polpa congelada_Setembro_683
2025-09-27,Polpa congelada,Setembro,9,Distribuidor,Nordeste,Distribuidor food service,469.1,9.4,7.0,Polpa congelada_Setembro_684
2025-09-20,Polpa congelada,Setembro,9,Food Service,Nordeste,Açaíterias,800.81,11.59,9.0,Polpa congelada_Setembro_685
2025-09-24,Polpa congelada,Setembro,9,Exportacao,Exterior,Importador (MENA),272.96,11.02,8.0,Polpa congelada_Setembro_686
2025-09-19,Polpa congelada,Setembro,9,Industria,Sul,Indústria de laticínios,200.82,9.78,7.0,Polpa congelada_Setembro_687
2025-09-27,Polpa congelada,Setembro,9,Food Service,Norte,Confeitarias,249.96,11.51,7.0,Polpa congelada_Setembro_688
2025-09-09,Polpa congelada,Setembro,9,Distribuidor,Sul,Distribuidor regional,387.87,12.07,7.0,Polpa congelada_Setembro_689
2025-09-27,Polpa congelada,Setembro,9,Industria,Sudeste,Indústria de alimentos,872.38,11.46,9.0,Polpa congelada_Setembro_690
2025-09-22,Polpa congelada,Setembro,9,Industria,Centro-Oeste,Indústria de laticínios,369.42,12.43,8.0,Polpa congelada_Setembro_691
2025-09-17,Polpa congelada,Setembro,9,Industria,Centro-Oeste,Indústria de laticínios,594.9,10.3,8.0,Polpa congelada_Setembro_692
2025-09-01,Polpa congelada,Setembro,9,Food Service,Sul,Cafeterias,869.19,9.78,9.0,Polpa congelada_Setembro_693
2025-09-02,Polpa congelada,Setembro,9,Industria,Centro-Oeste,Indústria de sorvetes,320.78,11.2,8.0,Polpa congelada_Setembro_694
2025-09-04,Polpa congelada,Setembro,9,Food Service,Sudeste,Hotéis,357.9,10.37,8.0,Polpa congelada_Setembro_695
2025-09-27,Polpa congelada,Setembro,9,Distribuidor,Sudeste,Operador logístico,1016.09,11.51,10.0,Polpa congelada_Setembro_696
2025-09-19,Polpa congelada,Setembro,9,Food Service,Sudeste,Açaíterias,342.43,8.24,7.0,Polpa congelada_Setembro_697
2025-09-27,Polpa congelada,Setembro,9,Distribuidor,Sul,Central de compras,731.02,10.01,8.0,Polpa congelada_Setembro_698
2025-09-21,Polpa congelada,Setembro,9,Varejo,Sudeste,E-commerce,897.47,8.66,9.0,Polpa congelada_Setembro_699
2025-09-09,Manteiga de manga,Setembro,9,Distribuidor,Centro-Oeste,Sabonetes,45.54,83.94,9.0,Manteiga de manga_Setembro_0
2025-09-15,Manteiga de manga,Setembro,9,Exportacao,Exterior,Ingredientes,183.75,127.94,8.0,Manteiga de manga_Setembro_1
2025-09-01,Manteiga de manga,Setembro,9,Industria,Sul,Farmacêutico,60.68,84.58,10.0,Manteiga de manga_Setembro_2
2025-09-15,Manteiga de manga,Setembro,9,Industria,Nordeste,Cosméticos,156.05,59.0,8.0,Manteiga de manga_Setembro_3
2025-09-27,Manteiga de manga,Setembro,9,Industria,Nordeste,Ingredientes,102.96,52.8,8.0,Manteiga de manga_Setembro_4
2025-09-17,Manteiga de manga,Setembro,9,Exportacao,Exterior,Ingredientes,22.5,107.9,7.0,Manteiga de manga_Setembro_5
2025-09-19,Manteiga de manga,Setembro,9,Distribuidor,Sul,Farmacêutico,149.95,63.0,10.0,Manteiga de manga_Setembro_6
2025-09-29,Manteiga de manga,Setembro,9,Distribuidor,Norte,Cosméticos,139.89,52.85,7.0,Manteiga de manga_Setembro_7
2025-09-17,Manteiga de manga,Setembro,9,Industria,Centro-Oeste,Cosméticos,223.89,94.82,7.0,Manteiga de manga_Setembro_8
2025-09-07,Manteiga de manga,Setembro,9,Industria,Sul,Farmacêutico,131.93,85.14,6.0,Manteiga de manga_Setembro_9
2025-09-16,Manteiga de manga,Setembro,9,Exportacao,Exterior,Perfumaria,150.7,106.03,8.0,Manteiga de manga_Setembro_10
2025-09-07,Manteiga de manga,Setembro,9,Industria,Nordeste,Farmacêutico,37.64,50.85,7.0,Manteiga de manga_Setembro_11
2025-09-17,Manteiga de manga,Setembro,9,Industria,Sul,Cosméticos,176.98,49.89,9.0,Manteiga de manga_Setembro_12
2025-09-23,Manteiga de manga,Setembro,9,Industria,Sudeste,,92.87,76.69,8.0,Manteiga de manga_Setembro_13
2025-09-02,Manteiga de manga,Setembro,9,Distribuidor,Nordeste,Farmacêutico,167.81,82.74,7.0,Manteiga de manga_Setembro_14
2025-09-11,Manteiga de manga,Setembro,9,Exportacao,Exterior,Cosméticos,106.47,78.71,9.0,Manteiga de manga_Setembro_15
2025-09-12,Manteiga de manga,Setembro,9,Industria,Centro-Oeste,Sabonetes,193.1,74.0,7.0,Manteiga de manga_Setembro_16
2025-09-23,Manteiga de manga,Setembro,9,Industria,Sul,Ingredientes,203.95,72.51,8.0,Manteiga de manga_Setembro_17
2025-09-28,Manteiga de manga,Setembro,9,Exportacao,Exterior,Cosméticos,108.7,93.62,10.0,Manteiga de manga_Setembro_18
2025-09-28,Manteiga de manga,Setembro,9,Industria,Sudeste,Cosméticos,136.75,49.4,9.0,Manteiga de manga_Setembro_19
2025-09-18,Manteiga de manga,Setembro,9,Industria,Sudeste,Perfumaria,35.77,58.0,,Manteiga de manga_Setembro_20
2025-09-20,Manteiga de manga,Setembro,9,Distribuidor,Sudeste,Farmacêutico,151.57,63.85,7.0,Manteiga de manga_Setembro_21
2025-09-05,Manteiga de manga,Setembro,9,Distribuidor,Sul,Sabonetes,85.15,46.34,9.0,Manteiga de manga_Setembro_22
2025-09-01,Manteiga de manga,Setembro,9,Distribuidor,Sudeste,Perfumaria,100.59,79.43,8.0,Manteiga de manga_Setembro_23
2025-09-15,Manteiga de manga,Setembro,9,Industria,Sudeste,Farmacêutico,98.33,58.88,8.0,Manteiga de manga_Setembro_24
2025-09-10,Manteiga de manga,Setembro,9,Industria,Sul,Farmacêutico,103.81,72.42,8.0,Manteiga de manga_Setembro_25
2025-09-09,Manteiga de manga,Setembro,9,Industria,Sudeste,Cosméticos,13.34,80.44,8.0,Manteiga de manga_Setembro_26
2025-09-25,Manteiga de manga,Setembro,9,Industria,Sudeste,Farmacêutico,32.65,119.68,8.0,Manteiga de manga_Setembro_27
2025-09-12,Manteiga de manga,Setembro,9,Industria,Nordeste,Ingredientes,82.82,119.75,8.0,Manteiga de manga_Setembro_28
2025-09-06,Manteiga de manga,Setembro,9,Distribuidor,Nordeste,Farmacêutico,111.79,80.82,8.0,Manteiga de manga_Setembro_29
2025-09-08,Manteiga de manga,Setembro,9,Industria,Sul,Ingredientes,183.1,46.2,10.0,Manteiga de manga_Setembro_30
2025-09-05,Manteiga de manga,Setembro,9,Industria,Sul,Ingredientes,79.5,102.09,,Manteiga de manga_Setembro_31
2025-09-28,Manteiga de manga,Setembro,9,Industria,Sudeste,Perfumaria,103.26,97.28,,Manteiga de manga_Setembro_32
2025-09-23,Manteiga de manga,Setembro,9,Industria,Sul,Farmacêutico,144.25,74.32,9.0,Manteiga de manga_Setembro_33
2025-09-22,Manteiga de manga,Setembro,9,Industria,Sudeste,Sabonetes,90.89,70.4,7.0,Manteiga de manga_Setembro_34
2025-09-12,Manteiga de manga,Setembro,9,Distribuidor,Nordeste,Cosméticos,10.09,119.13,8.0,Manteiga de manga_Setembro_35
2025-09-06,Manteiga de manga,Setembro,9,Industria,Sudeste,Perfumaria,174.13,76.73,5.0,Manteiga de manga_Setembro_36
2025-09-18,Manteiga de manga,Setembro,9,Industria,Centro-Oeste,Farmacêutico,95.67,110.49,8.0,Manteiga de manga_Setembro_37
2025-09-13,Manteiga de manga,Setembro,9,Distribuidor,Sudeste,Sabonetes,33.33,79.46,9.0,Manteiga de manga_Setembro_38
2025-09-11,Manteiga de manga,Setembro,9,Distribuidor,Sul,Sabonetes,20.66,61.59,8.0,Manteiga de manga_Setembro_39
2025-09-10,Manteiga de manga,Setembro,9,Industria,Sul,Perfumaria,24.83,88.06,8.0,Manteiga de manga_Setembro_40
2025-09-13,Manteiga de manga,Setembro,9,Industria,Nordeste,Perfumaria,200.66,69.36,8.0,Manteiga de manga_Setembro_41
2025-09-27,Manteiga de manga,Setembro,9,Industria,Centro-Oeste,Ingredientes,236.41,108.71,8.0,Manteiga de manga_Setembro_42
2025-09-15,Manteiga de manga,Setembro,9,Distribuidor,Sudeste,Farmacêutico,127.85,85.59,7.0,Manteiga de manga_Setembro_43
2025-09-29,Manteiga de manga,Setembro,9,Exportacao,Exterior,Perfumaria,203.26,51.06,9.0,Manteiga de manga_Setembro_44
2025-09-15,Manteiga de manga,Setembro,9,Distribuidor,Sul,Cosméticos,186.19,58.77,8.0,Manteiga de manga_Setembro_45
2025-09-10,Manteiga de manga,Setembro,9,Industria,Sul,Cosméticos,186.8,91.12,8.0,Manteiga de manga_Setembro_46
2025-09-25,Manteiga de manga,Setembro,9,Industria,Sul,Cosméticos,192.62,54.49,7.0,Manteiga de manga_Setembro_47
2025-09-13,Manteiga de manga,Setembro,9,Industria,Centro-Oeste,Perfumaria,186.51,70.83,9.0,Manteiga de manga_Setembro_48
2025-09-12,Manteiga de manga,Setembro,9,Distribuidor,Sul,Ingredientes,168.07,92.95,7.0,Manteiga de manga_Setembro_49
2025-09-18,Manteiga de manga,Setembro,9,Industria,Sudeste,Perfumaria,194.41,108.18,9.0,Manteiga de manga_Setembro_50
2025-09-12,Manteiga de manga,Setembro,9,Industria,Sudeste,Ingredientes,92.0,93.13,,Manteiga de manga_Setembro_51
2025-09-23,Manteiga de manga,Setembro,9,Exportacao,Exterior,Perfumaria,167.97,111.18,,Manteiga de manga_Setembro_52
2025-09-07,Manteiga de manga,Setembro,9,Industria,Sul,Farmacêutico,181.13,51.64,8.0,Manteiga de manga_Setembro_53
2025-09-15,Manteiga de manga,Setembro,9,Industria,Sudeste,Perfumaria,154.87,78.94,8.0,Manteiga de manga_Setembro_54
2025-09-06,Manteiga de manga,Setembro,9,Industria,Sudeste,Ingredientes,160.94,55.98,7.0,Manteiga de manga_Setembro_55
2025-09-21,Manteiga de manga,Setembro,9,Industria,Sudeste,Cosméticos,140.92,86.57,8.0,Manteiga de manga_Setembro_56
2025-09-10,Manteiga de manga,Setembro,9,Industria,Sudeste,Sabonetes,107.51,53.7,8.0,Manteiga de manga_Setembro_57
2025-09-03,Manteiga de manga,Setembro,9,Exportacao,Exterior,Farmacêutico,190.91,73.23,8.0,Manteiga de manga_Setembro_58
2025-09-08,Manteiga de manga,Setembro,9,Industria,Nordeste,Farmacêutico,199.24,103.31,8.0,Manteiga de manga_Setembro_59
2025-09-12,Manteiga de manga,Setembro,9,Distribuidor,Nordeste,Sabonetes,98.44,82.57,7.0,Manteiga de manga_Setembro_60
2025-09-25,Manteiga de manga,Setembro,9,Exportacao,Exterior,Ingredientes,71.49,120.48,,Manteiga de manga_Setembro_61
2025-09-23,Manteiga de manga,Setembro,9,Exportacao,Exterior,Perfumaria,114.68,127.7,10.0,Manteiga de manga_Setembro_62
2025-09-28,Manteiga de manga,Setembro,9,Distribuidor,Centro-Oeste,Ingredientes,127.18,48.55,9.0,Manteiga de manga_Setembro_63
2025-09-07,Manteiga de manga,Setembro,9,Distribuidor,Centro-Oeste,Cosméticos,172.84,94.34,7.0,Manteiga de manga_Setembro_64
2025-09-21,Manteiga de manga,Setembro,9,Industria,Sudeste,Cosméticos,173.49,93.9,7.0,Manteiga de manga_Setembro_65
2025-09-03,Manteiga de manga,Setembro,9,Distribuidor,Sudeste,Sabonetes,135.98,106.09,8.0,Manteiga de manga_Setembro_66
2025-09-03,Manteiga de manga,Setembro,9,Industria,Sudeste,Sabonetes,162.07,98.25,8.0,Manteiga de manga_Setembro_67
2025-09-13,Manteiga de manga,Setembro,9,Industria,Sudeste,Sabonetes,48.33,112.62,8.0,Manteiga de manga_Setembro_68
2025-09-27,Manteiga de manga,Setembro,9,Industria,Norte,Sabonetes,101.19,104.71,8.0,Manteiga de manga_Setembro_69
2025-09-17,Manteiga de manga,Setembro,9,Industria,Sudeste,Farmacêutico,57.54,113.52,9.0,Manteiga de manga_Setembro_70
2025-09-25,Manteiga de manga,Setembro,9,Industria,Sul,Cosméticos,56.42,101.72,7.0,Manteiga de manga_Setembro_71
2025-09-26,Manteiga de manga,Setembro,9,Industria,Sul,Farmacêutico,40.83,47.8,10.0,Manteiga de manga_Setembro_72
2025-09-20,Manteiga de manga,Setembro,9,Industria,Norte,Ingredientes,117.04,50.64,8.0,Manteiga de manga_Setembro_73
2025-09-10,Manteiga de manga,Setembro,9,Industria,Sul,Perfumaria,179.8,83.13,8.0,Manteiga de manga_Setembro_74
2025-09-03,Manteiga de manga,Setembro,9,Industria,Sul,Farmacêutico,119.17,114.67,7.0,Manteiga de manga_Setembro_75
2025-09-19,Manteiga de manga,Setembro,9,Exportacao,Exterior,Sabonetes,230.87,126.88,8.0,Manteiga de manga_Setembro_76
2025-09-26,Manteiga de manga,Setembro,9,Industria,Nordeste,Cosméticos,201.24,76.17,5.0,Manteiga de manga_Setembro_77
2025-09-18,Manteiga de manga,Setembro,9,Distribuidor,Sudeste,Perfumaria,50.97,83.09,8.0,Manteiga de manga_Setembro_78
2025-09-09,Manteiga de manga,Setembro,9,Industria,Sudeste,Cosméticos,15.21,107.84,8.0,Manteiga de manga_Setembro_79
2025-09-04,Manteiga de manga,Setembro,9,Industria,Sudeste,Farmacêutico,157.47,90.67,10.0,Manteiga de manga_Setembro_80
2025-09-27,Manteiga de manga,Setembro,9,Industria,Sudeste,Sabonetes,146.94,53.6,7.0,Manteiga de manga_Setembro_81
2025-09-15,Manteiga de manga,Setembro,9,Distribuidor,Sudeste,Perfumaria,26.23,93.22,9.0,Manteiga de manga_Setembro_82
2025-09-27,Manteiga de manga,Setembro,9,Industria,Nordeste,Cosméticos,154.08,60.29,7.0,Manteiga de manga_Setembro_83
2025-09-02,Manteiga de manga,Setembro,9,Industria,Sudeste,Farmacêutico,139.31,94.38,9.0,Manteiga de manga_Setembro_84
2025-09-14,Manteiga de manga,Setembro,9,Exportacao,Exterior,Sabonetes,128.29,89.78,5.0,Manteiga de manga_Setembro_85
2025-09-16,Manteiga de manga,Setembro,9,Distribuidor,Nordeste,Ingredientes,37.15,100.26,9.0,Manteiga de manga_Setembro_86
2025-09-03,Manteiga de manga,Setembro,9,Distribuidor,Nordeste,Perfumaria,153.2,110.73,6.0,Manteiga de manga_Setembro_87
2025-09-27,Manteiga de manga,Setembro,9,Distribuidor,Centro-Oeste,Sabonetes,36.97,113.55,6.0,Manteiga de manga_Setembro_88
2025-09-04,Manteiga de manga,Setembro,9,Industria,Sudeste,Sabonetes,63.24,55.53,9.0,Manteiga de manga_Setembro_89
2025-09-08,Manteiga de manga,Setembro,9,Industria,Sudeste,Ingredientes,54.24,119.8,,Manteiga de manga_Setembro_90
2025-09-26,Manteiga de manga,Setembro,9,Industria,Sul,Cosméticos,44.58,104.34,10.0,Manteiga de manga_Setembro_91
2025-09-04,Manteiga de manga,Setembro,9,Industria,Nordeste,Ingredientes,214.81,92.31,7.0,Manteiga de manga_Setembro_92
2025-09-28,Manteiga de manga,Setembro,9,Distribuidor,Sudeste,Sabonetes,181.3,90.78,8.0,Manteiga de manga_Setembro_93
2025-09-16,Manteiga de manga,Setembro,9,Exportacao,Exterior,Ingredientes,68.56,123.67,,Manteiga de manga_Setembro_94
2025-09-29,Manteiga de manga,Setembro,9,Industria,Nordeste,Cosméticos,139.24,117.41,9.0,Manteiga de manga_Setembro_95
2025-09-14,Manteiga de manga,Setembro,9,Industria,Nordeste,Cosméticos,145.65,67.96,7.0,Manteiga de manga_Setembro_96
2025-09-14,Manteiga de manga,Setembro,9,Industria,Sul,Cosméticos,140.46,99.22,8.0,Manteiga de manga_Setembro_97
2025-09-17,Manteiga de manga,Setembro,9,Distribuidor,Nordeste,Perfumaria,115.38,84.51,8.0,Manteiga de manga_Setembro_98
2025-09-29,Manteiga de manga,Setembro,9,Industria,Centro-Oeste,Farmacêutico,120.7,79.61,9.0,Manteiga de manga_Setembro_99
2025-09-10,Manteiga de manga,Setembro,9,Exportacao,Exterior,Farmacêutico,114.36,140.46,7.0,Manteiga de manga_Setembro_100
2025-09-30,Manteiga de manga,Setembro,9,Distribuidor,Sudeste,Cosméticos,104.27,92.9,7.0,Manteiga de manga_Setembro_101
2025-09-26,Manteiga de manga,Setembro,9,Industria,Sul,Sabonetes,140.99,59.0,8.0,Manteiga de manga_Setembro_102
2025-09-26,Manteiga de manga,Setembro,9,Distribuidor,Sudeste,Perfumaria,176.05,100.22,6.0,Manteiga de manga_Setembro_103
2025-09-13,Manteiga de manga,Setembro,9,Distribuidor,Sul,Ingredientes,123.37,113.19,8.0,Manteiga de manga_Setembro_104
2025-09-16,Manteiga de manga,Setembro,9,Industria,Sudeste,Farmacêutico,84.23,54.57,6.0,Manteiga de manga_Setembro_105
2025-09-21,Manteiga de manga,Setembro,9,Industria,Sudeste,Perfumaria,69.47,58.05,9.0,Manteiga de manga_Setembro_106
2025-09-13,Manteiga de manga,Setembro,9,Industria,Sudeste,Perfumaria,217.29,118.01,8.0,Manteiga de manga_Setembro_107
2025-09-30,Manteiga de manga,Setembro,9,Industria,Norte,Ingredientes,54.61,50.44,8.0,Manteiga de manga_Setembro_108
2025-09-27,Manteiga de manga,Setembro,9,Distribuidor,Nordeste,Ingredientes,76.42,113.45,7.0,Manteiga de manga_Setembro_109
2025-09-10,Manteiga de manga,Setembro,9,Industria,Sudeste,Cosméticos,140.43,45.19,6.0,Manteiga de manga_Setembro_110
2025-09-14,Manteiga de manga,Setembro,9,Industria,Sudeste,Cosméticos,127.41,58.71,7.0,Manteiga de manga_Setembro_111
2025-09-12,Manteiga de manga,Setembro,9,Industria,Sudeste,Farmacêutico,19.52,58.22,7.0,Manteiga de manga_Setembro_112
2025-09-05,Manteiga de manga,Setembro,9,Industria,Sul,Perfumaria,56.89,108.24,6.0,Manteiga de manga_Setembro_113
2025-09-21,Manteiga de manga,Setembro,9,Distribuidor,Sudeste,Farmacêutico,179.95,103.99,8.0,Manteiga de manga_Setembro_114
2025-09-03,Manteiga de manga,Setembro,9,Exportacao,Exterior,Ingredientes,71.86,99.83,8.0,Manteiga de manga_Setembro_115
2025-09-30,Manteiga de manga,Setembro,9,Industria,Centro-Oeste,Ingredientes,154.56,62.21,10.0,Manteiga de manga_Setembro_116
2025-09-15,Manteiga de manga,Setembro,9,Industria,Nordeste,Farmacêutico,36.95,92.61,8.0,Manteiga de manga_Setembro_117
2025-09-28,Manteiga de manga,Setembro,9,Distribuidor,Sudeste,Farmacêutico,162.2,62.71,7.0,Manteiga de manga_Setembro_118
2025-09-08,Manteiga de manga,Setembro,9,Exportacao,Exterior,Farmacêutico,124.41,56.88,7.0,Manteiga de manga_Setembro_119
2025-09-04,Manteiga de manga,Setembro,9,Industria,Sul,Ingredientes,107.13,70.56,7.0,Manteiga de manga_Setembro_120
2025-09-16,Manteiga de manga,Setembro,9,Industria,Sudeste,Cosméticos,181.03,48.52,9.0,Manteiga de manga_Setembro_121
2025-09-26,Manteiga de manga,Setembro,9,Distribuidor,Norte,Sabonetes,172.17,91.63,7.0,Manteiga de manga_Setembro_122
2025-09-23,Manteiga de manga,Setembro,9,Industria,Nordeste,Cosméticos,173.67,57.49,8.0,Manteiga de manga_Setembro_123
2025-09-06,Manteiga de manga,Setembro,9,Exportacao,Exterior,Cosméticos,142.73,123.68,10.0,Manteiga de manga_Setembro_124
2025-09-11,Manteiga de manga,Setembro,9,Distribuidor,Centro-Oeste,Ingredientes,132.56,82.36,7.0,Manteiga de manga_Setembro_125
2025-09-17,Manteiga de manga,Setembro,9,Industria,Sudeste,Cosméticos,200.95,54.22,9.0,Manteiga de manga_Setembro_126
2025-09-01,Manteiga de manga,Setembro,9,Industria,Nordeste,Sabonetes,223.71,106.6,8.0,Manteiga de manga_Setembro_127
2025-09-14,Manteiga de manga,Setembro,9,Industria,Sudeste,Sabonetes,202.67,112.27,6.0,Manteiga de manga_Setembro_128
2025-09-12,Manteiga de manga,Setembro,9,Exportacao,Exterior,Ingredientes,16.79,55.72,9.0,Manteiga de manga_Setembro_129
2025-09-07,Manteiga de manga,Setembro,9,Industria,Nordeste,Farmacêutico,80.91,51.81,9.0,Manteiga de manga_Setembro_130
2025-09-22,Manteiga de manga,Setembro,9,Industria,Centro-Oeste,Perfumaria,157.09,98.24,6.0,Manteiga de manga_Setembro_131
2025-09-25,Manteiga de manga,Setembro,9,Industria,Sudeste,Sabonetes,207.47,59.37,7.0,Manteiga de manga_Setembro_132
2025-09-09,Manteiga de manga,Setembro,9,Industria,Sul,Sabonetes,18.1,45.01,9.0,Manteiga de manga_Setembro_133
2025-09-24,Manteiga de manga,Setembro,9,Industria,Sudeste,Sabonetes,178.63,48.5,8.0,Manteiga de manga_Setembro_134
2025-09-06,Manteiga de manga,Setembro,9,Industria,Sul,Ingredientes,67.13,67.91,8.0,Manteiga de manga_Setembro_135
2025-09-15,Manteiga de manga,Setembro,9,Industria,Sul,Farmacêutico,15.2,74.48,6.0,Manteiga de manga_Setembro_136
2025-09-09,Manteiga de manga,Setembro,9,Industria,Sudeste,Cosméticos,164.43,107.47,9.0,Manteiga de manga_Setembro_137
2025-09-29,Manteiga de manga,Setembro,9,Industria,Sudeste,Sabonetes,69.12,113.72,8.0,Manteiga de manga_Setembro_138
2025-09-02,Manteiga de manga,Setembro,9,Industria,Nordeste,Perfumaria,122.55,57.96,7.0,Manteiga de manga_Setembro_139
2025-09-29,Manteiga de manga,Setembro,9,Industria,Nordeste,Farmacêutico,123.36,61.04,8.0,Manteiga de manga_Setembro_140
2025-09-03,Manteiga de manga,Setembro,9,Industria,Nordeste,Perfumaria,74.96,94.28,7.0,Manteiga de manga_Setembro_141
2025-09-04,Manteiga de manga,Setembro,9,Exportacao,Exterior,Ingredientes,115.03,52.68,5.0,Manteiga de manga_Setembro_142
2025-09-04,Manteiga de manga,Setembro,9,Industria,Nordeste,Ingredientes,188.72,96.01,7.0,Manteiga de manga_Setembro_143
2025-09-17,Manteiga de manga,Setembro,9,Industria,Sul,Cosméticos,214.34,109.84,7.0,Manteiga de manga_Setembro_144
2025-09-06,Manteiga de manga,Setembro,9,Exportacao,Exterior,Ingredientes,31.49,113.58,9.0,Manteiga de manga_Setembro_145
2025-09-19,Manteiga de manga,Setembro,9,Industria,Centro-Oeste,Sabonetes,179.35,104.9,8.0,Manteiga de manga_Setembro_146
2025-09-30,Manteiga de manga,Setembro,9,Industria,Nordeste,Farmacêutico,128.82,54.64,8.0,Manteiga de manga_Setembro_147
2025-09-28,Manteiga de manga,Setembro,9,Industria,Sul,Ingredientes,118.94,99.48,5.0,Manteiga de manga_Setembro_148
2025-09-22,Manteiga de manga,Setembro,9,Industria,Sudeste,Cosméticos,209.44,90.71,9.0,Manteiga de manga_Setembro_149
2025-09-30,Manteiga de manga,Setembro,9,Exportacao,Exterior,Perfumaria,142.57,81.87,9.0,Manteiga de manga_Setembro_150
2025-09-03,Manteiga de manga,Setembro,9,Industria,Sul,Perfumaria,128.86,110.52,7.0,Manteiga de manga_Setembro_151
2025-09-22,Manteiga de manga,Setembro,9,Distribuidor,Sul,Perfumaria,24.83,47.11,8.0,Manteiga de manga_Setembro_152
2025-09-19,Manteiga de manga,Setembro,9,Industria,Norte,Farmacêutico,73.07,48.01,8.0,Manteiga de manga_Setembro_153
2025-09-06,Manteiga de manga,Setembro,9,Distribuidor,Sudeste,Sabonetes,42.73,94.52,7.0,Manteiga de manga_Setembro_154
2025-09-25,Manteiga de manga,Setembro,9,Industria,Nordeste,Cosméticos,116.12,85.83,8.0,Manteiga de manga_Setembro_155
2025-09-18,Manteiga de manga,Setembro,9,Distribuidor,Centro-Oeste,Cosméticos,30.04,51.3,9.0,Manteiga de manga_Setembro_156
2025-09-19,Manteiga de manga,Setembro,9,Industria,Centro-Oeste,Cosméticos,176.7,107.0,8.0,Manteiga de manga_Setembro_157
2025-09-25,Manteiga de manga,Setembro,9,Industria,Sudeste,Cosméticos,149.48,69.21,8.0,Manteiga de manga_Setembro_158
2025-09-24,Manteiga de manga,Setembro,9,Industria,Sudeste,Sabonetes,129.09,86.99,7.0,Manteiga de manga_Setembro_159
2025-09-06,Manteiga de manga,Setembro,9,Industria,Centro-Oeste,Sabonetes,93.07,119.6,8.0,Manteiga de manga_Setembro_160
2025-09-10,Manteiga de manga,Setembro,9,Industria,Sul,Sabonetes,78.23,76.27,8.0,Manteiga de manga_Setembro_161
2025-09-30,Manteiga de manga,Setembro,9,Industria,Centro-Oeste,Ingredientes,114.57,100.74,7.0,Manteiga de manga_Setembro_162
2025-09-01,Manteiga de manga,Setembro,9,Industria,Centro-Oeste,Sabonetes,11.73,75.64,8.0,Manteiga de manga_Setembro_163
2025-09-02,Manteiga de manga,Setembro,9,Distribuidor,Nordeste,Ingredientes,52.09,55.36,9.0,Manteiga de manga_Setembro_164
2025-09-20,Manteiga de manga,Setembro,9,Industria,Sul,Ingredientes,167.92,63.34,7.0,Manteiga de manga_Setembro_165
2025-09-06,Manteiga de manga,Setembro,9,Industria,Sul,Cosméticos,96.64,54.26,8.0,Manteiga de manga_Setembro_166
2025-09-12,Manteiga de manga,Setembro,9,Industria,Centro-Oeste,Sabonetes,200.69,60.73,8.0,Manteiga de manga_Setembro_167
2025-09-11,Manteiga de manga,Setembro,9,Industria,Centro-Oeste,Farmacêutico,39.27,95.7,5.0,Manteiga de manga_Setembro_168
2025-09-23,Manteiga de manga,Setembro,9,Industria,Sudeste,Sabonetes,153.45,60.03,7.0,Manteiga de manga_Setembro_169
2025-09-24,Manteiga de manga,Setembro,9,Distribuidor,Sudeste,Sabonetes,67.25,114.63,8.0,Manteiga de manga_Setembro_170
2025-09-07,Manteiga de manga,Setembro,9,Industria,Centro-Oeste,Cosméticos,64.71,73.34,10.0,Manteiga de manga_Setembro_171
2025-09-08,Manteiga de manga,Setembro,9,Distribuidor,Sul,Perfumaria,92.77,91.21,9.0,Manteiga de manga_Setembro_172
2025-09-12,Manteiga de manga,Setembro,9,Industria,Nordeste,Farmacêutico,67.62,87.43,7.0,Manteiga de manga_Setembro_173
2025-09-22,Manteiga de manga,Setembro,9,Distribuidor,Centro-Oeste,Cosméticos,85.57,106.06,9.0,Manteiga de manga_Setembro_174
2025-09-04,Manteiga de manga,Setembro,9,Industria,Sudeste,Cosméticos,113.48,93.07,7.0,Manteiga de manga_Setembro_175
2025-09-18,Manteiga de manga,Setembro,9,Distribuidor,Sudeste,Farmacêutico,17.06,45.57,10.0,Manteiga de manga_Setembro_176
2025-09-24,Manteiga de manga,Setembro,9,Industria,Norte,Perfumaria,47.75,104.27,9.0,Manteiga de manga_Setembro_177
2025-09-07,Manteiga de manga,Setembro,9,Distribuidor,Nordeste,Ingredientes,94.81,115.54,8.0,Manteiga de manga_Setembro_178
2025-09-24,Manteiga de manga,Setembro,9,Industria,Sudeste,Farmacêutico,168.77,79.45,8.0,Manteiga de manga_Setembro_179
2025-09-08,Manteiga de manga,Setembro,9,Industria,Sudeste,Ingredientes,148.04,81.75,10.0,Manteiga de manga_Setembro_180
2025-09-24,Manteiga de manga,Setembro,9,Industria,Nordeste,Ingredientes,105.15,86.78,10.0,Manteiga de manga_Setembro_181
2025-09-29,Manteiga de manga,Setembro,9,Industria,Sudeste,Farmacêutico,40.23,102.41,9.0,Manteiga de manga_Setembro_182
2025-09-02,Manteiga de manga,Setembro,9,Industria,Centro-Oeste,Perfumaria,125.09,80.55,10.0,Manteiga de manga_Setembro_183
2025-09-12,Manteiga de manga,Setembro,9,Exportacao,Exterior,Cosméticos,158.4,52.15,7.0,Manteiga de manga_Setembro_184
2025-09-25,Manteiga de manga,Setembro,9,Distribuidor,Sudeste,Sabonetes,172.07,66.45,9.0,Manteiga de manga_Setembro_185
2025-09-26,Manteiga de manga,Setembro,9,Industria,Sudeste,Farmacêutico,120.23,98.66,8.0,Manteiga de manga_Setembro_186
2025-09-09,Manteiga de manga,Setembro,9,Distribuidor,Sudeste,Ingredientes,68.73,112.1,10.0,Manteiga de manga_Setembro_187
2025-09-09,Manteiga de manga,Setembro,9,Industria,Sudeste,Perfumaria,42.92,93.59,9.0,Manteiga de manga_Setembro_188
2025-09-01,Manteiga de manga,Setembro,9,Industria,Nordeste,Farmacêutico,29.84,97.41,6.0,Manteiga de manga_Setembro_189
2025-09-20,Manteiga de manga,Setembro,9,Industria,Sul,Perfumaria,43.75,47.38,8.0,Manteiga de manga_Setembro_190
2025-09-13,Manteiga de manga,Setembro,9,Industria,Sul,Perfumaria,126.48,64.59,10.0,Manteiga de manga_Setembro_191
2025-09-15,Manteiga de manga,Setembro,9,Exportacao,Exterior,Sabonetes,141.73,87.6,8.0,Manteiga de manga_Setembro_192
2025-09-27,Manteiga de manga,Setembro,9,Industria,Sudeste,Cosméticos,43.51,59.26,10.0,Manteiga de manga_Setembro_193
2025-09-01,Manteiga de manga,Setembro,9,Distribuidor,Sudeste,Perfumaria,12.1,81.66,8.0,Manteiga de manga_Setembro_194
2025-09-21,Manteiga de manga,Setembro,9,Industria,Centro-Oeste,Sabonetes,140.99,110.01,7.0,Manteiga de manga_Setembro_195
2025-09-19,Manteiga de manga,Setembro,9,Exportacao,Exterior,Farmacêutico,47.83,104.42,8.0,Manteiga de manga_Setembro_196
2025-09-29,Manteiga de manga,Setembro,9,Industria,Sudeste,Sabonetes,205.89,61.83,8.0,Manteiga de manga_Setembro_197
2025-09-19,Manteiga de manga,Setembro,9,Industria,Centro-Oeste,Sabonetes,67.89,48.42,8.0,Manteiga de manga_Setembro_198
2025-09-26,Manteiga de manga,Setembro,9,Industria,Centro-Oeste,Perfumaria,170.52,104.63,7.0,Manteiga de manga_Setembro_199
2025-09-05,Manteiga de manga,Setembro,9,Industria,Norte,Cosméticos,62.19,109.21,6.0,Manteiga de manga_Setembro_200
2025-09-03,Manteiga de manga,Setembro,9,Industria,Nordeste,Ingredientes,114.22,52.38,9.0,Manteiga de manga_Setembro_201
2025-09-25,Manteiga de manga,Setembro,9,Industria,Sudeste,Farmacêutico,150.89,67.32,10.0,Manteiga de manga_Setembro_202
2025-09-13,Manteiga de manga,Setembro,9,Industria,Sudeste,Perfumaria,172.84,93.5,9.0,Manteiga de manga_Setembro_203
2025-09-05,Manteiga de manga,Setembro,9,Industria,Sul,Sabonetes,99.82,48.69,9.0,Manteiga de manga_Setembro_204
2025-09-07,Manteiga de manga,Setembro,9,Exportacao,Exterior,Sabonetes,213.78,97.07,8.0,Manteiga de manga_Setembro_205
2025-09-03,Manteiga de manga,Setembro,9,Industria,Centro-Oeste,Cosméticos,120.98,65.22,7.0,Manteiga de manga_Setembro_206
2025-09-15,Manteiga de manga,Setembro,9,Industria,Sudeste,Perfumaria,138.88,109.42,7.0,Manteiga de manga_Setembro_207
2025-09-16,Manteiga de manga,Setembro,9,Exportacao,Exterior,Sabonetes,73.88,89.71,8.0,Manteiga de manga_Setembro_208
2025-09-12,Manteiga de manga,Setembro,9,Industria,Norte,Sabonetes,217.94,108.48,9.0,Manteiga de manga_Setembro_209
2025-09-18,Manteiga de manga,Setembro,9,Industria,Sudeste,Sabonetes,90.9,49.23,6.0,Manteiga de manga_Setembro_210
2025-09-11,Manteiga de manga,Setembro,9,Exportacao,Exterior,Farmacêutico,190.95,72.54,9.0,Manteiga de manga_Setembro_211
2025-09-09,Manteiga de manga,Setembro,9,Industria,Sul,Perfumaria,165.32,114.86,7.0,Manteiga de manga_Setembro_212
2025-09-08,Manteiga de manga,Setembro,9,Industria,Sul,Farmacêutico,157.65,59.44,9.0,Manteiga de manga_Setembro_213
2025-09-25,Manteiga de manga,Setembro,9,Industria,Sudeste,Sabonetes,108.23,115.89,8.0,Manteiga de manga_Setembro_214
2025-09-06,Manteiga de manga,Setembro,9,Industria,Sudeste,Perfumaria,167.93,91.19,8.0,Manteiga de manga_Setembro_215
2025-09-09,Manteiga de manga,Setembro,9,Industria,Sudeste,Ingredientes,139.58,103.2,8.0,Manteiga de manga_Setembro_216
2025-09-07,Manteiga de manga,Setembro,9,Distribuidor,Sul,Farmacêutico,172.53,106.21,8.0,Manteiga de manga_Setembro_217
2025-09-18,Manteiga de manga,Setembro,9,Industria,Sudeste,Cosméticos,69.58,96.7,6.0,Manteiga de manga_Setembro_218
2025-09-07,Manteiga de manga,Setembro,9,Industria,Sudeste,Ingredientes,61.86,70.19,8.0,Manteiga de manga_Setembro_219
2025-09-09,Manteiga de manga,Setembro,9,Industria,Centro-Oeste,Perfumaria,155.18,68.18,8.0,Manteiga de manga_Setembro_220
2025-09-17,Manteiga de manga,Setembro,9,Industria,Sudeste,Perfumaria,193.1,99.35,9.0,Manteiga de manga_Setembro_221
2025-09-30,Manteiga de manga,Setembro,9,Distribuidor,Sudeste,Ingredientes,80.03,50.29,7.0,Manteiga de manga_Setembro_222
2025-09-17,Manteiga de manga,Setembro,9,Industria,Norte,Farmacêutico,174.01,78.24,8.0,Manteiga de manga_Setembro_223
2025-09-10,Manteiga de manga,Setembro,9,Exportacao,Exterior,Perfumaria,133.39,85.48,6.0,Manteiga de manga_Setembro_224
2025-09-14,Manteiga de manga,Setembro,9,Industria,Sudeste,Sabonetes,218.5,82.93,8.0,Manteiga de manga_Setembro_225
2025-09-23,Manteiga de manga,Setembro,9,Exportacao,Exterior,Farmacêutico,50.03,115.9,8.0,Manteiga de manga_Setembro_226
2025-09-11,Manteiga de manga,Setembro,9,Industria,Sudeste,Cosméticos,143.25,119.77,6.0,Manteiga de manga_Setembro_227
2025-09-01,Manteiga de manga,Setembro,9,Industria,Nordeste,Sabonetes,135.39,115.74,8.0,Manteiga de manga_Setembro_228
2025-09-13,Manteiga de manga,Setembro,9,Industria,Norte,Sabonetes,81.85,51.26,8.0,Manteiga de manga_Setembro_229
2025-09-25,Manteiga de manga,Setembro,9,Industria,Nordeste,Perfumaria,213.34,100.94,8.0,Manteiga de manga_Setembro_230
2025-09-13,Manteiga de manga,Setembro,9,Industria,Sudeste,Farmacêutico,201.25,94.56,9.0,Manteiga de manga_Setembro_231
2025-09-27,Manteiga de manga,Setembro,9,Distribuidor,Sudeste,Cosméticos,19.73,113.62,8.0,Manteiga de manga_Setembro_232
2025-09-19,Manteiga de manga,Setembro,9,Industria,Nordeste,Sabonetes,29.81,91.62,7.0,Manteiga de manga_Setembro_233
2025-09-13,Manteiga de manga,Setembro,9,Industria,Sudeste,Farmacêutico,143.95,58.77,8.0,Manteiga de manga_Setembro_234
2025-09-04,Manteiga de manga,Setembro,9,Industria,Norte,Sabonetes,31.46,107.38,8.0,Manteiga de manga_Setembro_235
2025-09-20,Manteiga de manga,Setembro,9,Industria,Sudeste,Ingredientes,224.66,93.2,7.0,Manteiga de manga_Setembro_236
2025-09-11,Manteiga de manga,Setembro,9,Industria,Sudeste,Perfumaria,90.35,107.82,7.0,Manteiga de manga_Setembro_237
2025-09-29,Manteiga de manga,Setembro,9,Industria,Centro-Oeste,Sabonetes,187.19,114.43,8.0,Manteiga de manga_Setembro_238
2025-09-01,Manteiga de manga,Setembro,9,Distribuidor,Nordeste,Cosméticos,99.21,111.76,8.0,Manteiga de manga_Setembro_239
2025-09-20,Manteiga de manga,Setembro,9,Industria,Sudeste,Farmacêutico,62.35,99.11,10.0,Manteiga de manga_Setembro_240
2025-09-16,Manteiga de manga,Setembro,9,Exportacao,Exterior,Ingredientes,40.03,88.57,7.0,Manteiga de manga_Setembro_241
2025-09-25,Manteiga de manga,Setembro,9,Industria,Norte,Ingredientes,71.27,109.58,7.0,Manteiga de manga_Setembro_242
2025-09-29,Manteiga de manga,Setembro,9,Distribuidor,Sul,Sabonetes,170.61,71.34,8.0,Manteiga de manga_Setembro_243
2025-09-05,Manteiga de manga,Setembro,9,Industria,Sudeste,Perfumaria,44.48,102.41,,Manteiga de manga_Setembro_244
2025-09-12,Manteiga de manga,Setembro,9,Distribuidor,Nordeste,Perfumaria,170.86,109.67,9.0,Manteiga de manga_Setembro_245
2025-09-20,Manteiga de manga,Setembro,9,Industria,Sudeste,Farmacêutico,190.41,77.14,8.0,Manteiga de manga_Setembro_246
2025-09-24,Manteiga de manga,Setembro,9,Industria,Sudeste,Sabonetes,12.64,92.38,9.0,Manteiga de manga_Setembro_247
2025-09-10,Manteiga de manga,Setembro,9,Distribuidor,Sudeste,Farmacêutico,122.8,47.04,9.0,Manteiga de manga_Setembro_248
2025-09-10,Manteiga de manga,Setembro,9,Distribuidor,Sudeste,Sabonetes,95.8,101.01,9.0,Manteiga de manga_Setembro_249
2025-09-27,Manteiga de manga,Setembro,9,Distribuidor,Sudeste,Sabonetes,163.88,101.44,10.0,Manteiga de manga_Setembro_250
2025-09-19,Manteiga de manga,Setembro,9,Distribuidor,Centro-Oeste,Sabonetes,38.32,113.76,9.0,Manteiga de manga_Setembro_251
2025-09-11,Manteiga de manga,Setembro,9,Industria,Sudeste,,120.64,48.54,9.0,Manteiga de manga_Setembro_252
2025-09-08,Manteiga de manga,Setembro,9,Distribuidor,Norte,Farmacêutico,167.28,47.27,8.0,Manteiga de manga_Setembro_253
2025-09-25,Manteiga de manga,Setembro,9,Industria,Sudeste,Sabonetes,38.27,66.25,9.0,Manteiga de manga_Setembro_254
2025-09-04,Manteiga de manga,Setembro,9,Distribuidor,Nordeste,Sabonetes,117.97,46.52,8.0,Manteiga de manga_Setembro_255
2025-09-06,Manteiga de manga,Setembro,9,Industria,Nordeste,Perfumaria,224.22,71.74,8.0,Manteiga de manga_Setembro_256
2025-09-15,Manteiga de manga,Setembro,9,Distribuidor,Sudeste,Farmacêutico,116.52,55.6,8.0,Manteiga de manga_Setembro_257
2025-09-27,Manteiga de manga,Setembro,9,Industria,Nordeste,Cosméticos,99.44,71.43,7.0,Manteiga de manga_Setembro_258
2025-09-20,Manteiga de manga,Setembro,9,Exportacao,Exterior,Sabonetes,144.87,75.67,9.0,Manteiga de manga_Setembro_259
2025-09-18,Manteiga de manga,Setembro,9,Distribuidor,Nordeste,Sabonetes,39.97,105.85,10.0,Manteiga de manga_Setembro_260
2025-09-13,Manteiga de manga,Setembro,9,Industria,Sudeste,Perfumaria,150.85,110.27,7.0,Manteiga de manga_Setembro_261
2025-09-10,Manteiga de manga,Setembro,9,Exportacao,Exterior,Farmacêutico,173.02,57.76,7.0,Manteiga de manga_Setembro_262
2025-09-05,Manteiga de manga,Setembro,9,Industria,Norte,Farmacêutico,197.73,116.21,6.0,Manteiga de manga_Setembro_263
2025-09-21,Manteiga de manga,Setembro,9,Industria,Sudeste,Farmacêutico,187.78,109.0,7.0,Manteiga de manga_Setembro_264
2025-09-13,Manteiga de manga,Setembro,9,Industria,Sudeste,Perfumaria,40.27,117.72,9.0,Manteiga de manga_Setembro_265
2025-09-18,Manteiga de manga,Setembro,9,Industria,Sudeste,Perfumaria,115.95,91.5,8.0,Manteiga de manga_Setembro_266
2025-09-03,Manteiga de manga,Setembro,9,Distribuidor,Nordeste,Sabonetes,143.78,85.72,7.0,Manteiga de manga_Setembro_267
2025-09-13,Manteiga de manga,Setembro,9,Distribuidor,Centro-Oeste,Ingredientes,63.69,113.23,7.0,Manteiga de manga_Setembro_268
2025-09-24,Manteiga de manga,Setembro,9,Distribuidor,Sul,Farmacêutico,85.85,119.88,7.0,Manteiga de manga_Setembro_269
2025-09-28,Manteiga de manga,Setembro,9,Distribuidor,Nordeste,Ingredientes,106.68,83.38,10.0,Manteiga de manga_Setembro_270
2025-09-15,Manteiga de manga,Setembro,9,Industria,Nordeste,Perfumaria,75.72,45.67,9.0,Manteiga de manga_Setembro_271
2025-09-14,Manteiga de manga,Setembro,9,Industria,Sudeste,Perfumaria,66.14,97.27,7.0,Manteiga de manga_Setembro_272
2025-09-08,Manteiga de manga,Setembro,9,Distribuidor,Sul,Farmacêutico,74.67,81.53,8.0,Manteiga de manga_Setembro_273
2025-09-23,Manteiga de manga,Setembro,9,Industria,Norte,,210.55,113.95,7.0,Manteiga de manga_Setembro_274
2025-09-08,Manteiga de manga,Setembro,9,Industria,Sul,Farmacêutico,249.34,51.59,8.0,Manteiga de manga_Setembro_275
2025-09-16,Manteiga de manga,Setembro,9,Industria,Sudeste,Perfumaria,26.17,86.58,7.0,Manteiga de manga_Setembro_276
2025-09-04,Manteiga de manga,Setembro,9,Industria,Sudeste,Ingredientes,223.09,98.25,7.0,Manteiga de manga_Setembro_277
2025-09-26,Manteiga de manga,Setembro,9,Distribuidor,Sudeste,Cosméticos,81.69,92.56,7.0,Manteiga de manga_Setembro_278
2025-09-10,Manteiga de manga,Setembro,9,Distribuidor,Centro-Oeste,Sabonetes,55.67,53.9,9.0,Manteiga de manga_Setembro_279
2025-09-11,Manteiga de manga,Setembro,9,Distribuidor,Sudeste,Farmacêutico,132.97,58.53,9.0,Manteiga de manga_Setembro_280
2025-09-11,Manteiga de manga,Setembro,9,Industria,Centro-Oeste,Farmacêutico,118.93,68.86,7.0,Manteiga de manga_Setembro_281
2025-09-18,Manteiga de manga,Setembro,9,Industria,Sudeste,Sabonetes,12.11,59.48,7.0,Manteiga de manga_Setembro_282
2025-09-04,Manteiga de manga,Setembro,9,Industria,Sudeste,Sabonetes,94.06,73.1,9.0,Manteiga de manga_Setembro_283
2025-09-18,Manteiga de manga,Setembro,9,Exportacao,Exterior,Perfumaria,206.71,136.5,9.0,Manteiga de manga_Setembro_284
2025-09-27,Manteiga de manga,Setembro,9,Industria,Sul,Cosméticos,78.03,73.58,8.0,Manteiga de manga_Setembro_285
2025-09-22,Manteiga de manga,Setembro,9,Industria,Sudeste,,144.63,54.57,8.0,Manteiga de manga_Setembro_286
2025-09-04,Manteiga de manga,Setembro,9,Industria,Nordeste,Sabonetes,210.63,46.43,6.0,Manteiga de manga_Setembro_287
2025-09-27,Manteiga de manga,Setembro,9,Industria,Sudeste,Cosméticos,105.02,60.23,7.0,Manteiga de manga_Setembro_288
2025-09-29,Manteiga de manga,Setembro,9,Exportacao,Exterior,Cosméticos,71.97,93.69,10.0,Manteiga de manga_Setembro_289
2025-09-13,Manteiga de manga,Setembro,9,Distribuidor,Norte,Perfumaria,46.36,45.06,7.0,Manteiga de manga_Setembro_290
2025-09-21,Manteiga de manga,Setembro,9,Industria,Centro-Oeste,Ingredientes,116.6,115.57,6.0,Manteiga de manga_Setembro_291
2025-09-22,Manteiga de manga,Setembro,9,Exportacao,Exterior,,145.07,120.53,8.0,Manteiga de manga_Setembro_292
2025-09-03,Manteiga de manga,Setembro,9,Industria,Sul,Farmacêutico,46.47,72.8,8.0,Manteiga de manga_Setembro_293
2025-09-28,Manteiga de manga,Setembro,9,Industria,Sudeste,Sabonetes,101.9,119.68,6.0,Manteiga de manga_Setembro_294
2025-09-01,Manteiga de manga,Setembro,9,Industria,Sul,Perfumaria,131.03,55.21,7.0,Manteiga de manga_Setembro_295
2025-09-08,Manteiga de manga,Setembro,9,Distribuidor,Sudeste,Perfumaria,162.81,107.79,7.0,Manteiga de manga_Setembro_296
2025-09-01,Manteiga de manga,Setembro,9,Industria,Sudeste,Perfumaria,14.37,82.75,9.0,Manteiga de manga_Setembro_297
2025-09-22,Manteiga de manga,Setembro,9,Distribuidor,Sudeste,Cosméticos,118.51,119.7,10.0,Manteiga de manga_Setembro_298
2025-09-21,Manteiga de manga,Setembro,9,Exportacao,Exterior,Farmacêutico,117.94,72.81,9.0,Manteiga de manga_Setembro_299
2025-09-28,Manteiga de manga,Setembro,9,Industria,Sudeste,Farmacêutico,139.15,98.21,9.0,Manteiga de manga_Setembro_300
2025-09-07,Manteiga de manga,Setembro,9,Industria,Sul,Cosméticos,149.54,98.98,9.0,Manteiga de manga_Setembro_301
2025-09-10,Manteiga de manga,Setembro,9,Distribuidor,Norte,Ingredientes,106.8,87.47,8.0,Manteiga de manga_Setembro_302
2025-09-28,Manteiga de manga,Setembro,9,Exportacao,Exterior,Perfumaria,241.42,81.61,5.0,Manteiga de manga_Setembro_303
2025-09-20,Manteiga de manga,Setembro,9,Industria,Sul,Ingredientes,169.29,99.51,8.0,Manteiga de manga_Setembro_304
2025-09-27,Manteiga de manga,Setembro,9,Distribuidor,Sul,Farmacêutico,158.01,45.93,6.0,Manteiga de manga_Setembro_305
2025-09-23,Manteiga de manga,Setembro,9,Exportacao,Exterior,Cosméticos,100.27,64.98,10.0,Manteiga de manga_Setembro_306
2025-09-08,Manteiga de manga,Setembro,9,Industria,Sudeste,Perfumaria,81.45,102.17,8.0,Manteiga de manga_Setembro_307
2025-09-11,Manteiga de manga,Setembro,9,Distribuidor,Centro-Oeste,Sabonetes,141.7,47.51,8.0,Manteiga de manga_Setembro_308
2025-09-10,Manteiga de manga,Setembro,9,Industria,Sudeste,Farmacêutico,149.12,97.87,8.0,Manteiga de manga_Setembro_309
2025-09-07,Manteiga de manga,Setembro,9,Exportacao,Exterior,Perfumaria,57.62,81.56,7.0,Manteiga de manga_Setembro_310
2025-09-28,Manteiga de manga,Setembro,9,Industria,Norte,Farmacêutico,57.07,93.91,8.0,Manteiga de manga_Setembro_311
2025-09-07,Manteiga de manga,Setembro,9,Exportacao,Exterior,Perfumaria,78.86,126.6,8.0,Manteiga de manga_Setembro_312
2025-09-26,Manteiga de manga,Setembro,9,Industria,Sul,Farmacêutico,161.72,54.33,8.0,Manteiga de manga_Setembro_313
2025-09-28,Manteiga de manga,Setembro,9,Industria,Sudeste,Farmacêutico,76.41,74.58,8.0,Manteiga de manga_Setembro_314
2025-09-30,Manteiga de manga,Setembro,9,Distribuidor,Norte,Sabonetes,160.39,87.27,8.0,Manteiga de manga_Setembro_315
2025-09-16,Manteiga de manga,Setembro,9,Industria,Centro-Oeste,Sabonetes,161.96,56.56,9.0,Manteiga de manga_Setembro_316
2025-09-25,Manteiga de manga,Setembro,9,Industria,Sudeste,Farmacêutico,109.3,46.07,8.0,Manteiga de manga_Setembro_317
2025-09-06,Manteiga de manga,Setembro,9,Distribuidor,Centro-Oeste,Sabonetes,54.0,46.15,9.0,Manteiga de manga_Setembro_318
2025-09-28,Manteiga de manga,Setembro,9,Distribuidor,Nordeste,Farmacêutico,132.77,92.62,7.0,Manteiga de manga_Setembro_319
2025-09-25,Manteiga de manga,Setembro,9,Industria,Sul,Perfumaria,147.69,54.52,8.0,Manteiga de manga_Setembro_320
2025-09-30,Manteiga de manga,Setembro,9,Industria,Sul,Sabonetes,58.19,93.88,7.0,Manteiga de manga_Setembro_321
2025-09-21,Manteiga de manga,Setembro,9,Exportacao,Exterior,Sabonetes,147.59,81.34,9.0,Manteiga de manga_Setembro_322
2025-09-22,Manteiga de manga,Setembro,9,Industria,Nordeste,Sabonetes,15.59,77.71,7.0,Manteiga de manga_Setembro_323
2025-09-02,Manteiga de manga,Setembro,9,Industria,Sudeste,Ingredientes,55.92,97.2,9.0,Manteiga de manga_Setembro_324
2025-09-21,Manteiga de manga,Setembro,9,Distribuidor,Sudeste,Farmacêutico,169.96,91.11,6.0,Manteiga de manga_Setembro_325
2025-09-03,Manteiga de manga,Setembro,9,Industria,Sudeste,Cosméticos,82.15,56.9,7.0,Manteiga de manga_Setembro_326
2025-09-16,Manteiga de manga,Setembro,9,Industria,Nordeste,Ingredientes,163.19,46.18,8.0,Manteiga de manga_Setembro_327
2025-09-12,Manteiga de manga,Setembro,9,Industria,Sudeste,Perfumaria,41.99,101.4,7.0,Manteiga de manga_Setembro_328
2025-09-25,Manteiga de manga,Setembro,9,Distribuidor,Sudeste,Farmacêutico,105.73,47.74,10.0,Manteiga de manga_Setembro_329
2025-09-11,Manteiga de manga,Setembro,9,Industria,Sudeste,Perfumaria,137.58,87.62,7.0,Manteiga de manga_Setembro_330
2025-09-10,Manteiga de manga,Setembro,9,Industria,Sudeste,Cosméticos,164.1,81.45,7.0,Manteiga de manga_Setembro_331
2025-09-03,Manteiga de manga,Setembro,9,Industria,Nordeste,Perfumaria,14.79,63.85,7.0,Manteiga de manga_Setembro_332
2025-09-08,Manteiga de manga,Setembro,9,Exportacao,Exterior,Ingredientes,75.72,105.18,6.0,Manteiga de manga_Setembro_333
2025-09-05,Manteiga de manga,Setembro,9,Industria,Norte,Cosméticos,37.39,54.3,10.0,Manteiga de manga_Setembro_334
2025-09-05,Manteiga de manga,Setembro,9,Industria,Nordeste,Cosméticos,124.72,95.84,8.0,Manteiga de manga_Setembro_335
2025-09-21,Manteiga de manga,Setembro,9,Exportacao,Exterior,Cosméticos,195.27,99.7,8.0,Manteiga de manga_Setembro_336
2025-09-13,Manteiga de manga,Setembro,9,Industria,Nordeste,Cosméticos,56.17,80.78,9.0,Manteiga de manga_Setembro_337
2025-09-02,Manteiga de manga,Setembro,9,Industria,Nordeste,Sabonetes,135.35,98.38,6.0,Manteiga de manga_Setembro_338
2025-09-22,Manteiga de manga,Setembro,9,Industria,Sul,Cosméticos,209.59,62.06,9.0,Manteiga de manga_Setembro_339
2025-09-26,Manteiga de manga,Setembro,9,Industria,Sudeste,Ingredientes,75.76,80.92,8.0,Manteiga de manga_Setembro_340
2025-09-18,Manteiga de manga,Setembro,9,Industria,Nordeste,Ingredientes,183.23,66.16,7.0,Manteiga de manga_Setembro_341
2025-09-15,Manteiga de manga,Setembro,9,Industria,Sul,Ingredientes,225.78,115.51,8.0,Manteiga de manga_Setembro_342
2025-09-23,Manteiga de manga,Setembro,9,Distribuidor,Sudeste,Farmacêutico,65.47,86.22,6.0,Manteiga de manga_Setembro_343
2025-09-16,Manteiga de manga,Setembro,9,Distribuidor,Nordeste,Sabonetes,60.56,107.29,9.0,Manteiga de manga_Setembro_344
2025-09-29,Manteiga de manga,Setembro,9,Industria,Sudeste,Cosméticos,132.51,114.14,8.0,Manteiga de manga_Setembro_345
2025-09-12,Manteiga de manga,Setembro,9,Industria,Centro-Oeste,Farmacêutico,91.39,73.15,9.0,Manteiga de manga_Setembro_346
2025-09-12,Manteiga de manga,Setembro,9,Industria,Norte,Cosméticos,192.84,60.97,6.0,Manteiga de manga_Setembro_347
2025-09-24,Manteiga de manga,Setembro,9,Exportacao,Exterior,Cosméticos,103.72,87.48,8.0,Manteiga de manga_Setembro_348
2025-09-01,Manteiga de manga,Setembro,9,Distribuidor,Nordeste,Cosméticos,79.05,62.6,,Manteiga de manga_Setembro_349
2025-09-01,Manteiga de manga,Setembro,9,Distribuidor,Sudeste,Perfumaria,126.01,55.11,9.0,Manteiga de manga_Setembro_350
2025-09-24,Manteiga de manga,Setembro,9,Industria,Sudeste,Perfumaria,119.57,112.14,6.0,Manteiga de manga_Setembro_351
2025-09-03,Manteiga de manga,Setembro,9,Distribuidor,Sul,Farmacêutico,182.79,85.5,7.0,Manteiga de manga_Setembro_352
2025-09-25,Manteiga de manga,Setembro,9,Industria,Nordeste,Farmacêutico,26.05,71.54,9.0,Manteiga de manga_Setembro_353
2025-09-12,Manteiga de manga,Setembro,9,Industria,Sudeste,Ingredientes,29.25,65.03,9.0,Manteiga de manga_Setembro_354
2025-09-07,Manteiga de manga,Setembro,9,Industria,Nordeste,Ingredientes,16.88,80.88,9.0,Manteiga de manga_Setembro_355
2025-09-01,Manteiga de manga,Setembro,9,Industria,Sudeste,Perfumaria,60.01,115.23,9.0,Manteiga de manga_Setembro_356
2025-09-09,Manteiga de manga,Setembro,9,Industria,Sudeste,Perfumaria,17.27,97.27,9.0,Manteiga de manga_Setembro_357
2025-09-16,Manteiga de manga,Setembro,9,Industria,Sudeste,Sabonetes,214.16,73.84,7.0,Manteiga de manga_Setembro_358
2025-09-26,Manteiga de manga,Setembro,9,Industria,Sudeste,Farmacêutico,162.01,55.0,7.0,Manteiga de manga_Setembro_359
2025-09-16,Manteiga de manga,Setembro,9,Industria,Centro-Oeste,Perfumaria,199.34,69.53,7.0,Manteiga de manga_Setembro_360
2025-09-04,Manteiga de manga,Setembro,9,Exportacao,Exterior,Ingredientes,137.14,121.65,7.0,Manteiga de manga_Setembro_361
2025-09-01,Manteiga de manga,Setembro,9,Distribuidor,Sul,Sabonetes,171.52,69.93,9.0,Manteiga de manga_Setembro_362
2025-09-12,Manteiga de manga,Setembro,9,Industria,Sudeste,Cosméticos,124.29,85.12,9.0,Manteiga de manga_Setembro_363
2025-09-17,Manteiga de manga,Setembro,9,Exportacao,Exterior,Perfumaria,181.49,67.13,10.0,Manteiga de manga_Setembro_364
2025-09-10,Manteiga de manga,Setembro,9,Industria,Sudeste,Perfumaria,176.37,91.09,8.0,Manteiga de manga_Setembro_365
2025-09-21,Manteiga de manga,Setembro,9,Exportacao,Exterior,Ingredientes,66.86,111.44,10.0,Manteiga de manga_Setembro_366
2025-09-02,Manteiga de manga,Setembro,9,Industria,Sul,Ingredientes,11.28,70.32,8.0,Manteiga de manga_Setembro_367
2025-09-06,Manteiga de manga,Setembro,9,Industria,Sudeste,Ingredientes,17.98,88.09,6.0,Manteiga de manga_Setembro_368
2025-09-22,Manteiga de manga,Setembro,9,Industria,Nordeste,Sabonetes,222.08,49.38,8.0,Manteiga de manga_Setembro_369
2025-09-18,Manteiga de manga,Setembro,9,Industria,Sudeste,Sabonetes,62.4,98.05,7.0,Manteiga de manga_Setembro_370
2025-09-07,Manteiga de manga,Setembro,9,Industria,Sul,Cosméticos,53.54,55.91,9.0,Manteiga de manga_Setembro_371
2025-09-06,Manteiga de manga,Setembro,9,Exportacao,Exterior,Cosméticos,193.76,61.78,9.0,Manteiga de manga_Setembro_372
2025-09-14,Manteiga de manga,Setembro,9,Distribuidor,Norte,Perfumaria,46.21,75.76,8.0,Manteiga de manga_Setembro_373
2025-09-01,Manteiga de manga,Setembro,9,Industria,Sudeste,Sabonetes,15.81,54.78,7.0,Manteiga de manga_Setembro_374
2025-09-09,Manteiga de manga,Setembro,9,Industria,Sul,Cosméticos,94.15,83.6,10.0,Manteiga de manga_Setembro_375
2025-09-07,Manteiga de manga,Setembro,9,Industria,Nordeste,Cosméticos,198.55,107.56,7.0,Manteiga de manga_Setembro_376
2025-09-25,Manteiga de manga,Setembro,9,Industria,Nordeste,Perfumaria,198.99,77.95,9.0,Manteiga de manga_Setembro_377
2025-09-01,Manteiga de manga,Setembro,9,Industria,Centro-Oeste,Sabonetes,53.45,84.83,9.0,Manteiga de manga_Setembro_378
2025-09-30,Manteiga de manga,Setembro,9,Industria,Sudeste,Farmacêutico,68.11,68.49,9.0,Manteiga de manga_Setembro_379
2025-09-11,Manteiga de manga,Setembro,9,Industria,Sul,Perfumaria,88.24,89.96,9.0,Manteiga de manga_Setembro_380
2025-09-09,Manteiga de manga,Setembro,9,Industria,Sudeste,Farmacêutico,70.12,95.98,8.0,Manteiga de manga_Setembro_381
2025-09-28,Manteiga de manga,Setembro,9,Industria,Sudeste,Perfumaria,144.01,45.09,7.0,Manteiga de manga_Setembro_382
2025-09-17,Manteiga de manga,Setembro,9,Distribuidor,Sudeste,Perfumaria,107.78,49.57,9.0,Manteiga de manga_Setembro_383
2025-09-04,Manteiga de manga,Setembro,9,Industria,Sudeste,Ingredientes,48.04,56.71,6.0,Manteiga de manga_Setembro_384
2025-09-29,Manteiga de manga,Setembro,9,Industria,Sul,Sabonetes,39.62,117.29,6.0,Manteiga de manga_Setembro_385
2025-09-06,Manteiga de manga,Setembro,9,Industria,Sudeste,Perfumaria,70.46,71.17,8.0,Manteiga de manga_Setembro_386
2025-09-15,Manteiga de manga,Setembro,9,Industria,Sul,Ingredientes,130.18,113.91,8.0,Manteiga de manga_Setembro_387
2025-09-14,Manteiga de manga,Setembro,9,Industria,Sudeste,Cosméticos,176.11,112.54,8.0,Manteiga de manga_Setembro_388
2025-09-26,Manteiga de manga,Setembro,9,Industria,Sudeste,Ingredientes,172.7,108.51,10.0,Manteiga de manga_Setembro_389
2025-09-12,Manteiga de manga,Setembro,9,Industria,Sudeste,Cosméticos,47.91,95.82,8.0,Manteiga de manga_Setembro_390
2025-09-22,Manteiga de manga,Setembro,9,Industria,Nordeste,Ingredientes,40.72,63.48,9.0,Manteiga de manga_Setembro_391
2025-09-14,Manteiga de manga,Setembro,9,Industria,Sudeste,Sabonetes,137.12,84.68,8.0,Manteiga de manga_Setembro_392
2025-09-11,Manteiga de manga,Setembro,9,Industria,Sudeste,Sabonetes,30.21,114.46,8.0,Manteiga de manga_Setembro_393
2025-09-30,Manteiga de manga,Setembro,9,Industria,Sudeste,Sabonetes,65.86,59.01,7.0,Manteiga de manga_Setembro_394
2025-09-03,Manteiga de manga,Setembro,9,Industria,Sudeste,Sabonetes,220.01,97.51,9.0,Manteiga de manga_Setembro_395
2025-09-08,Manteiga de manga,Setembro,9,Distribuidor,Sudeste,Cosméticos,105.62,68.42,9.0,Manteiga de manga_Setembro_396
2025-09-28,Manteiga de manga,Setembro,9,Industria,Sul,Ingredientes,47.4,63.93,,Manteiga de manga_Setembro_397
2025-09-27,Manteiga de manga,Setembro,9,Distribuidor,Sudeste,Perfumaria,141.92,68.92,,Manteiga de manga_Setembro_398
2025-09-23,Manteiga de manga,Setembro,9,Industria,Norte,Cosméticos,143.57,95.33,9.0,Manteiga de manga_Setembro_399
2025-09-04,Manteiga de manga,Setembro,9,Industria,Nordeste,Cosméticos,229.29,45.77,10.0,Manteiga de manga_Setembro_400
2025-09-21,Manteiga de manga,Setembro,9,Industria,Centro-Oeste,Cosméticos,143.31,95.96,8.0,Manteiga de manga_Setembro_401
2025-09-22,Manteiga de manga,Setembro,9,Exportacao,Exterior,Sabonetes,97.15,83.52,8.0,Manteiga de manga_Setembro_402
2025-09-25,Manteiga de manga,Setembro,9,Distribuidor,Sul,Ingredientes,135.29,89.45,6.0,Manteiga de manga_Setembro_403
2025-09-29,Manteiga de manga,Setembro,9,Industria,Nordeste,Farmacêutico,93.21,55.85,8.0,Manteiga de manga_Setembro_404
2025-09-10,Manteiga de manga,Setembro,9,Exportacao,Exterior,Ingredientes,145.7,62.38,8.0,Manteiga de manga_Setembro_405
2025-09-02,Manteiga de manga,Setembro,9,Industria,Sul,Farmacêutico,88.41,66.27,8.0,Manteiga de manga_Setembro_406
2025-09-29,Manteiga de manga,Setembro,9,Industria,Sudeste,Sabonetes,182.55,64.98,9.0,Manteiga de manga_Setembro_407
2025-09-29,Manteiga de manga,Setembro,9,Distribuidor,Sul,Farmacêutico,110.05,49.28,,Manteiga de manga_Setembro_408
2025-09-10,Manteiga de manga,Setembro,9,Industria,Sul,Ingredientes,149.8,75.06,7.0,Manteiga de manga_Setembro_409
2025-09-21,Manteiga de manga,Setembro,9,Industria,Norte,Farmacêutico,185.6,86.31,8.0,Manteiga de manga_Setembro_410
2025-09-15,Manteiga de manga,Setembro,9,Exportacao,Exterior,Perfumaria,180.1,115.6,7.0,Manteiga de manga_Setembro_411
2025-09-13,Manteiga de manga,Setembro,9,Industria,Centro-Oeste,Sabonetes,142.19,113.45,10.0,Manteiga de manga_Setembro_412
2025-09-12,Manteiga de manga,Setembro,9,Industria,Sul,Sabonetes,126.45,92.01,9.0,Manteiga de manga_Setembro_413
2025-09-14,Manteiga de manga,Setembro,9,Industria,Nordeste,Farmacêutico,134.85,56.41,,Manteiga de manga_Setembro_414
2025-09-01,Manteiga de manga,Setembro,9,Industria,Nordeste,Farmacêutico,59.62,52.85,6.0,Manteiga de manga_Setembro_415
2025-09-17,Manteiga de manga,Setembro,9,Industria,Centro-Oeste,Ingredientes,56.0,118.6,8.0,Manteiga de manga_Setembro_416
2025-09-13,Manteiga de manga,Setembro,9,Exportacao,Exterior,Farmacêutico,65.43,49.08,7.0,Manteiga de manga_Setembro_417
2025-09-01,Manteiga de manga,Setembro,9,Industria,Sul,Ingredientes,103.96,68.28,8.0,Manteiga de manga_Setembro_418
2025-09-28,Manteiga de manga,Setembro,9,Industria,Centro-Oeste,Cosméticos,125.54,56.84,7.0,Manteiga de manga_Setembro_419
2025-09-13,Manteiga de manga,Setembro,9,Distribuidor,Sudeste,Ingredientes,103.11,45.88,7.0,Manteiga de manga_Setembro_420
2025-09-19,Manteiga de manga,Setembro,9,Distribuidor,Sul,Sabonetes,173.05,92.03,8.0,Manteiga de manga_Setembro_421
2025-09-15,Manteiga de manga,Setembro,9,Exportacao,Exterior,Ingredientes,90.18,72.99,10.0,Manteiga de manga_Setembro_422
2025-09-28,Manteiga de manga,Setembro,9,Distribuidor,Sudeste,Ingredientes,97.32,47.78,8.0,Manteiga de manga_Setembro_423
2025-09-12,Manteiga de manga,Setembro,9,Industria,Nordeste,Perfumaria,99.57,57.12,6.0,Manteiga de manga_Setembro_424
2025-09-19,Manteiga de manga,Setembro,9,Industria,Sudeste,Ingredientes,150.94,81.23,9.0,Manteiga de manga_Setembro_425
2025-09-22,Manteiga de manga,Setembro,9,Industria,Sudeste,Farmacêutico,187.18,110.01,8.0,Manteiga de manga_Setembro_426
2025-09-22,Manteiga de manga,Setembro,9,Industria,Norte,Sabonetes,82.46,48.34,9.0,Manteiga de manga_Setembro_427
2025-09-08,Manteiga de manga,Setembro,9,Industria,Centro-Oeste,Perfumaria,92.47,47.33,7.0,Manteiga de manga_Setembro_428
2025-09-07,Manteiga de manga,Setembro,9,Industria,Centro-Oeste,Ingredientes,151.17,81.3,7.0,Manteiga de manga_Setembro_429
2025-09-08,Manteiga de manga,Setembro,9,Industria,Centro-Oeste,Farmacêutico,53.97,56.04,10.0,Manteiga de manga_Setembro_430
2025-09-14,Manteiga de manga,Setembro,9,Exportacao,Exterior,Sabonetes,86.17,121.4,7.0,Manteiga de manga_Setembro_431
2025-09-08,Manteiga de manga,Setembro,9,Distribuidor,Sudeste,Ingredientes,39.13,81.66,10.0,Manteiga de manga_Setembro_432
2025-09-03,Manteiga de manga,Setembro,9,Industria,Sudeste,Farmacêutico,220.23,64.04,5.0,Manteiga de manga_Setembro_433
2025-09-26,Manteiga de manga,Setembro,9,Industria,Nordeste,Ingredientes,174.4,94.89,9.0,Manteiga de manga_Setembro_434
2025-09-26,Manteiga de manga,Setembro,9,Industria,Nordeste,Sabonetes,188.67,117.22,7.0,Manteiga de manga_Setembro_435
2025-09-05,Manteiga de manga,Setembro,9,Industria,Sudeste,Farmacêutico,179.59,94.55,10.0,Manteiga de manga_Setembro_436
2025-09-15,Manteiga de manga,Setembro,9,Industria,Nordeste,Perfumaria,142.94,72.03,9.0,Manteiga de manga_Setembro_437
2025-09-10,Manteiga de manga,Setembro,9,Distribuidor,Sudeste,Farmacêutico,186.7,103.33,8.0,Manteiga de manga_Setembro_438
2025-09-12,Manteiga de manga,Setembro,9,Distribuidor,Sudeste,Cosméticos,10.54,47.66,8.0,Manteiga de manga_Setembro_439
2025-09-03,Manteiga de manga,Setembro,9,Industria,Centro-Oeste,Perfumaria,53.38,89.73,6.0,Manteiga de manga_Setembro_440
2025-09-21,Manteiga de manga,Setembro,9,Industria,Sudeste,Ingredientes,14.75,111.22,7.0,Manteiga de manga_Setembro_441
2025-09-24,Manteiga de manga,Setembro,9,Industria,Nordeste,Ingredientes,14.37,61.01,8.0,Manteiga de manga_Setembro_442
2025-09-11,Manteiga de manga,Setembro,9,Industria,Norte,Perfumaria,172.71,59.39,7.0,Manteiga de manga_Setembro_443
2025-09-22,Manteiga de manga,Setembro,9,Industria,Nordeste,Perfumaria,63.25,62.28,7.0,Manteiga de manga_Setembro_444
2025-09-20,Manteiga de manga,Setembro,9,Industria,Centro-Oeste,Perfumaria,36.31,72.56,8.0,Manteiga de manga_Setembro_445
2025-09-25,Manteiga de manga,Setembro,9,Industria,Nordeste,Perfumaria,236.09,76.65,8.0,Manteiga de manga_Setembro_446
2025-09-09,Manteiga de manga,Setembro,9,Industria,Sudeste,Sabonetes,30.85,69.12,8.0,Manteiga de manga_Setembro_447
2025-09-24,Manteiga de manga,Setembro,9,Industria,Sul,Ingredientes,51.82,67.68,8.0,Manteiga de manga_Setembro_448
2025-09-19,Manteiga de manga,Setembro,9,Distribuidor,Norte,Cosméticos,54.75,45.52,8.0,Manteiga de manga_Setembro_449
2025-09-20,Manteiga de manga,Setembro,9,Distribuidor,Sudeste,Sabonetes,118.33,78.23,7.0,Manteiga de manga_Setembro_450
2025-09-29,Manteiga de manga,Setembro,9,Exportacao,Exterior,Ingredientes,81.37,74.98,5.0,Manteiga de manga_Setembro_451
2025-09-08,Manteiga de manga,Setembro,9,Exportacao,Exterior,Farmacêutico,59.5,120.97,8.0,Manteiga de manga_Setembro_452
2025-09-01,Manteiga de manga,Setembro,9,Distribuidor,Nordeste,Sabonetes,11.13,111.08,9.0,Manteiga de manga_Setembro_453
2025-09-27,Manteiga de manga,Setembro,9,Industria,Nordeste,Sabonetes,66.92,81.64,7.0,Manteiga de manga_Setembro_454
2025-09-08,Manteiga de manga,Setembro,9,Distribuidor,Sul,Ingredientes,38.01,101.43,9.0,Manteiga de manga_Setembro_455
2025-09-10,Manteiga de manga,Setembro,9,Industria,Sul,Ingredientes,144.48,100.13,8.0,Manteiga de manga_Setembro_456
2025-09-21,Manteiga de manga,Setembro,9,Exportacao,Exterior,Perfumaria,230.01,50.21,7.0,Manteiga de manga_Setembro_457
2025-09-06,Manteiga de manga,Setembro,9,Industria,Sul,Sabonetes,49.08,97.75,7.0,Manteiga de manga_Setembro_458
2025-09-14,Manteiga de manga,Setembro,9,Exportacao,Exterior,Ingredientes,114.9,63.92,7.0,Manteiga de manga_Setembro_459
2025-09-11,Manteiga de manga,Setembro,9,Industria,Centro-Oeste,Sabonetes,185.67,107.03,9.0,Manteiga de manga_Setembro_460
2025-09-03,Manteiga de manga,Setembro,9,Industria,Sul,Cosméticos,131.05,114.54,10.0,Manteiga de manga_Setembro_461
2025-09-16,Manteiga de manga,Setembro,9,Exportacao,Exterior,Ingredientes,228.22,50.31,6.0,Manteiga de manga_Setembro_462
2025-09-11,Manteiga de manga,Setembro,9,Distribuidor,Sudeste,Cosméticos,144.61,93.67,9.0,Manteiga de manga_Setembro_463
2025-09-03,Manteiga de manga,Setembro,9,Industria,Sul,Perfumaria,165.95,98.17,7.0,Manteiga de manga_Setembro_464
2025-09-25,Manteiga de manga,Setembro,9,Exportacao,Exterior,Cosméticos,194.17,107.81,6.0,Manteiga de manga_Setembro_465
2025-09-01,Manteiga de manga,Setembro,9,Industria,Sudeste,Farmacêutico,18.47,45.74,7.0,Manteiga de manga_Setembro_466
2025-09-10,Manteiga de manga,Setembro,9,Distribuidor,Sudeste,Sabonetes,157.7,108.92,8.0,Manteiga de manga_Setembro_467
2025-09-07,Manteiga de manga,Setembro,9,Industria,Nordeste,Sabonetes,145.29,74.51,7.0,Manteiga de manga_Setembro_468
2025-09-29,Manteiga de manga,Setembro,9,Exportacao,Exterior,Farmacêutico,120.32,66.43,7.0,Manteiga de manga_Setembro_469
2025-09-21,Manteiga de manga,Setembro,9,Industria,Sudeste,Cosméticos,231.5,92.02,9.0,Manteiga de manga_Setembro_470
2025-09-03,Manteiga de manga,Setembro,9,Industria,Nordeste,Sabonetes,13.82,56.36,10.0,Manteiga de manga_Setembro_471
2025-09-13,Manteiga de manga,Setembro,9,Industria,Nordeste,Sabonetes,43.32,106.3,7.0,Manteiga de manga_Setembro_472
2025-09-29,Manteiga de manga,Setembro,9,Industria,Sudeste,Perfumaria,224.77,78.93,7.0,Manteiga de manga_Setembro_473
2025-09-28,Manteiga de manga,Setembro,9,Industria,Sudeste,Cosméticos,131.83,79.69,8.0,Manteiga de manga_Setembro_474
2025-09-17,Manteiga de manga,Setembro,9,Industria,Nordeste,Sabonetes,187.49,72.11,8.0,Manteiga de manga_Setembro_475
2025-09-23,Manteiga de manga,Setembro,9,Industria,Nordeste,Perfumaria,74.66,114.06,8.0,Manteiga de manga_Setembro_476
2025-09-08,Manteiga de manga,Setembro,9,Industria,Nordeste,Farmacêutico,161.77,80.11,9.0,Manteiga de manga_Setembro_477
2025-09-18,Manteiga de manga,Setembro,9,Industria,Sudeste,Perfumaria,220.99,66.3,7.0,Manteiga de manga_Setembro_478
2025-09-08,Manteiga de manga,Setembro,9,Industria,Centro-Oeste,Perfumaria,110.68,55.13,6.0,Manteiga de manga_Setembro_479
2025-09-10,Manteiga de manga,Setembro,9,Distribuidor,Sudeste,Cosméticos,54.4,99.7,8.0,Manteiga de manga_Setembro_480
2025-09-16,Manteiga de manga,Setembro,9,Distribuidor,Norte,Perfumaria,86.43,71.42,8.0,Manteiga de manga_Setembro_481
2025-09-19,Manteiga de manga,Setembro,9,Industria,Sul,Farmacêutico,53.55,118.64,10.0,Manteiga de manga_Setembro_482
2025-09-04,Manteiga de manga,Setembro,9,Exportacao,Exterior,Sabonetes,160.63,73.28,6.0,Manteiga de manga_Setembro_483
2025-09-22,Manteiga de manga,Setembro,9,Industria,Sudeste,Sabonetes,126.23,81.75,7.0,Manteiga de manga_Setembro_484
2025-09-10,Manteiga de manga,Setembro,9,Industria,Nordeste,Cosméticos,104.86,116.69,8.0,Manteiga de manga_Setembro_485
2025-09-24,Manteiga de manga,Setembro,9,Distribuidor,Sul,Perfumaria,56.41,111.54,10.0,Manteiga de manga_Setembro_486
2025-09-28,Manteiga de manga,Setembro,9,Industria,Sul,Perfumaria,77.88,92.98,7.0,Manteiga de manga_Setembro_487
2025-09-22,Manteiga de manga,Setembro,9,Distribuidor,Sudeste,Ingredientes,75.03,45.62,8.0,Manteiga de manga_Setembro_488
2025-09-04,Manteiga de manga,Setembro,9,Exportacao,Exterior,Farmacêutico,166.48,93.61,8.0,Manteiga de manga_Setembro_489
2025-09-10,Manteiga de manga,Setembro,9,Industria,Sudeste,Perfumaria,78.98,106.35,8.0,Manteiga de manga_Setembro_490
2025-09-27,Manteiga de manga,Setembro,9,Exportacao,Exterior,Sabonetes,155.2,72.74,7.0,Manteiga de manga_Setembro_491
2025-09-04,Manteiga de manga,Setembro,9,Industria,Sul,Sabonetes,186.4,87.1,7.0,Manteiga de manga_Setembro_492
2025-09-10,Manteiga de manga,Setembro,9,Distribuidor,Nordeste,Perfumaria,14.15,49.96,10.0,Manteiga de manga_Setembro_493
2025-09-13,Manteiga de manga,Setembro,9,Distribuidor,Sul,Sabonetes,147.87,61.56,9.0,Manteiga de manga_Setembro_494
2025-09-13,Manteiga de manga,Setembro,9,Industria,Sudeste,Farmacêutico,245.1,103.35,7.0,Manteiga de manga_Setembro_495
2025-09-08,Manteiga de manga,Setembro,9,Distribuidor,Sul,Cosméticos,106.32,106.3,6.0,Manteiga de manga_Setembro_496
2025-09-11,Manteiga de manga,Setembro,9,Industria,Sudeste,Ingredientes,56.06,76.74,7.0,Manteiga de manga_Setembro_497
2025-09-18,Manteiga de manga,Setembro,9,Distribuidor,Sudeste,,78.8,74.53,6.0,Manteiga de manga_Setembro_498
2025-09-30,Manteiga de manga,Setembro,9,Industria,Norte,Cosméticos,223.09,64.09,8.0,Manteiga de manga_Setembro_499
2025-09-22,Manteiga de manga,Setembro,9,Distribuidor,Centro-Oeste,Perfumaria,119.02,105.83,7.0,Manteiga de manga_Setembro_500
2025-09-11,Manteiga de manga,Setembro,9,Exportacao,Exterior,Farmacêutico,35.92,66.54,8.0,Manteiga de manga_Setembro_501
2025-09-05,Manteiga de manga,Setembro,9,Industria,Nordeste,Cosméticos,27.86,50.06,8.0,Manteiga de manga_Setembro_502
2025-09-22,Manteiga de manga,Setembro,9,Industria,Sudeste,Cosméticos,118.97,101.22,8.0,Manteiga de manga_Setembro_503
2025-09-25,Manteiga de manga,Setembro,9,Industria,Sudeste,Farmacêutico,17.4,87.46,9.0,Manteiga de manga_Setembro_504
2025-09-11,Manteiga de manga,Setembro,9,Exportacao,Exterior,Farmacêutico,232.79,54.43,9.0,Manteiga de manga_Setembro_505
2025-09-01,Manteiga de manga,Setembro,9,Industria,Norte,Cosméticos,174.34,79.62,9.0,Manteiga de manga_Setembro_506
2025-09-27,Manteiga de manga,Setembro,9,Industria,Norte,Cosméticos,124.82,95.46,8.0,Manteiga de manga_Setembro_507
2025-09-09,Manteiga de manga,Setembro,9,Industria,Sul,Farmacêutico,191.14,51.27,7.0,Manteiga de manga_Setembro_508
2025-09-26,Manteiga de manga,Setembro,9,Industria,Sul,Perfumaria,201.52,87.35,7.0,Manteiga de manga_Setembro_509
2025-09-08,Manteiga de manga,Setembro,9,Industria,Norte,Farmacêutico,207.73,76.86,8.0,Manteiga de manga_Setembro_510
2025-09-24,Manteiga de manga,Setembro,9,Industria,Centro-Oeste,Cosméticos,203.19,114.12,,Manteiga de manga_Setembro_511
2025-09-08,Manteiga de manga,Setembro,9,Industria,Sul,Sabonetes,71.41,65.09,7.0,Manteiga de manga_Setembro_512
2025-09-13,Manteiga de manga,Setembro,9,Industria,Sudeste,Cosméticos,136.46,106.71,8.0,Manteiga de manga_Setembro_513
2025-09-16,Manteiga de manga,Setembro,9,Distribuidor,Centro-Oeste,Ingredientes,24.31,78.23,8.0,Manteiga de manga_Setembro_514
2025-09-01,Manteiga de manga,Setembro,9,Exportacao,Exterior,Cosméticos,32.73,66.19,8.0,Manteiga de manga_Setembro_515
2025-09-17,Manteiga de manga,Setembro,9,Industria,Centro-Oeste,Perfumaria,153.57,102.87,8.0,Manteiga de manga_Setembro_516
2025-09-22,Manteiga de manga,Setembro,9,Exportacao,Exterior,Sabonetes,57.74,53.43,9.0,Manteiga de manga_Setembro_517
2025-09-01,Manteiga de manga,Setembro,9,Industria,Centro-Oeste,Sabonetes,34.26,113.28,9.0,Manteiga de manga_Setembro_518
2025-09-10,Manteiga de manga,Setembro,9,Distribuidor,Sudeste,Perfumaria,114.01,79.25,8.0,Manteiga de manga_Setembro_519
2025-09-29,Manteiga de manga,Setembro,9,Industria,Norte,Farmacêutico,156.82,117.84,8.0,Manteiga de manga_Setembro_520
2025-09-01,Manteiga de manga,Setembro,9,Exportacao,Exterior,Perfumaria,184.23,68.16,7.0,Manteiga de manga_Setembro_521
2025-09-17,Manteiga de manga,Setembro,9,Industria,Nordeste,Cosméticos,179.67,66.58,8.0,Manteiga de manga_Setembro_522
2025-09-12,Manteiga de manga,Setembro,9,Industria,Nordeste,Ingredientes,217.97,82.09,10.0,Manteiga de manga_Setembro_523
2025-09-09,Manteiga de manga,Setembro,9,Distribuidor,Nordeste,Cosméticos,19.8,113.83,7.0,Manteiga de manga_Setembro_524
2025-09-03,Manteiga de manga,Setembro,9,Exportacao,Exterior,Ingredientes,56.26,75.54,8.0,Manteiga de manga_Setembro_525
2025-09-18,Manteiga de manga,Setembro,9,Distribuidor,Sul,Cosméticos,26.5,80.24,7.0,Manteiga de manga_Setembro_526
2025-09-02,Manteiga de manga,Setembro,9,Industria,Nordeste,Farmacêutico,157.54,94.81,7.0,Manteiga de manga_Setembro_527
2025-09-26,Manteiga de manga,Setembro,9,Industria,Nordeste,Farmacêutico,130.71,91.61,7.0,Manteiga de manga_Setembro_528
2025-09-15,Manteiga de manga,Setembro,9,Industria,Nordeste,Perfumaria,120.54,72.87,9.0,Manteiga de manga_Setembro_529
2025-09-12,Manteiga de manga,Setembro,9,Distribuidor,Sul,Sabonetes,101.02,45.54,7.0,Manteiga de manga_Setembro_530
2025-09-12,Manteiga de manga,Setembro,9,Industria,Centro-Oeste,Farmacêutico,18.24,66.24,9.0,Manteiga de manga_Setembro_531
2025-09-17,Manteiga de manga,Setembro,9,Exportacao,Exterior,Cosméticos,118.93,119.66,9.0,Manteiga de manga_Setembro_532
2025-09-19,Manteiga de manga,Setembro,9,Exportacao,Exterior,Ingredientes,131.0,105.12,8.0,Manteiga de manga_Setembro_533
2025-09-08,Manteiga de manga,Setembro,9,Industria,Nordeste,Sabonetes,78.82,105.76,9.0,Manteiga de manga_Setembro_534
2025-09-30,Manteiga de manga,Setembro,9,Distribuidor,Centro-Oeste,Farmacêutico,63.45,89.62,7.0,Manteiga de manga_Setembro_535
2025-09-14,Manteiga de manga,Setembro,9,Industria,Sudeste,Ingredientes,207.9,105.64,6.0,Manteiga de manga_Setembro_536
2025-09-05,Manteiga de manga,Setembro,9,Exportacao,Exterior,Perfumaria,169.9,68.09,8.0,Manteiga de manga_Setembro_537
2025-09-01,Manteiga de manga,Setembro,9,Exportacao,Exterior,Sabonetes,47.62,70.72,9.0,Manteiga de manga_Setembro_538
2025-09-29,Manteiga de manga,Setembro,9,Distribuidor,Sudeste,Perfumaria,41.99,61.51,9.0,Manteiga de manga_Setembro_539
2025-09-25,Manteiga de manga,Setembro,9,Industria,Nordeste,Perfumaria,73.21,113.58,8.0,Manteiga de manga_Setembro_540
2025-09-30,Manteiga de manga,Setembro,9,Industria,Centro-Oeste,Perfumaria,21.03,58.79,7.0,Manteiga de manga_Setembro_541
2025-09-19,Manteiga de manga,Setembro,9,Industria,Nordeste,Sabonetes,26.65,77.79,8.0,Manteiga de manga_Setembro_542
2025-09-14,Manteiga de manga,Setembro,9,Industria,Sul,Farmacêutico,22.17,96.21,9.0,Manteiga de manga_Setembro_543
2025-09-26,Manteiga de manga,Setembro,9,Industria,Sudeste,Perfumaria,94.33,50.64,9.0,Manteiga de manga_Setembro_544
2025-09-28,Manteiga de manga,Setembro,9,Distribuidor,Sul,Ingredientes,152.02,102.01,8.0,Manteiga de manga_Setembro_545
2025-09-18,Manteiga de manga,Setembro,9,Exportacao,Exterior,Perfumaria,38.33,121.79,8.0,Manteiga de manga_Setembro_546
2025-09-25,Manteiga de manga,Setembro,9,Distribuidor,Sul,Cosméticos,168.23,63.37,7.0,Manteiga de manga_Setembro_547
2025-09-12,Manteiga de manga,Setembro,9,Distribuidor,Nordeste,Sabonetes,85.6,66.69,9.0,Manteiga de manga_Setembro_548
2025-09-22,Manteiga de manga,Setembro,9,Industria,Sudeste,Sabonetes,56.17,54.21,8.0,Manteiga de manga_Setembro_549
2025-09-01,Manteiga de manga,Setembro,9,Exportacao,Exterior,Ingredientes,200.96,93.44,6.0,Manteiga de manga_Setembro_550
2025-09-01,Manteiga de manga,Setembro,9,Industria,Sudeste,Perfumaria,76.39,94.66,9.0,Manteiga de manga_Setembro_551
2025-09-03,Manteiga de manga,Setembro,9,Industria,Sudeste,Sabonetes,46.57,108.37,10.0,Manteiga de manga_Setembro_552
2025-09-10,Manteiga de manga,Setembro,9,Industria,Nordeste,Farmacêutico,68.42,61.34,9.0,Manteiga de manga_Setembro_553
2025-09-29,Manteiga de manga,Setembro,9,Industria,Sul,Cosméticos,111.39,97.74,8.0,Manteiga de manga_Setembro_554
2025-09-17,Manteiga de manga,Setembro,9,Industria,Sudeste,Farmacêutico,84.88,72.52,7.0,Manteiga de manga_Setembro_555
2025-09-24,Manteiga de manga,Setembro,9,Industria,Sul,Farmacêutico,161.29,97.78,7.0,Manteiga de manga_Setembro_556
2025-09-10,Manteiga de manga,Setembro,9,Industria,Sudeste,Ingredientes,14.02,67.32,8.0,Manteiga de manga_Setembro_557
2025-09-05,Manteiga de manga,Setembro,9,Industria,Centro-Oeste,Farmacêutico,195.46,52.11,6.0,Manteiga de manga_Setembro_558
2025-09-20,Manteiga de manga,Setembro,9,Distribuidor,Sudeste,Cosméticos,34.61,57.02,6.0,Manteiga de manga_Setembro_559
2025-09-24,Manteiga de manga,Setembro,9,Exportacao,Exterior,Sabonetes,142.36,105.56,9.0,Manteiga de manga_Setembro_560
2025-09-11,Manteiga de manga,Setembro,9,Distribuidor,Sudeste,Perfumaria,15.18,52.29,7.0,Manteiga de manga_Setembro_561
2025-09-19,Manteiga de manga,Setembro,9,Distribuidor,Centro-Oeste,Sabonetes,32.19,56.34,8.0,Manteiga de manga_Setembro_562
2025-09-25,Manteiga de manga,Setembro,9,Industria,Sul,Cosméticos,192.54,79.45,9.0,Manteiga de manga_Setembro_563
2025-09-29,Manteiga de manga,Setembro,9,Industria,Sul,Sabonetes,144.5,103.63,10.0,Manteiga de manga_Setembro_564
2025-09-30,Manteiga de manga,Setembro,9,Exportacao,Exterior,Ingredientes,198.57,89.99,7.0,Manteiga de manga_Setembro_565
2025-09-28,Manteiga de manga,Setembro,9,Industria,Norte,Farmacêutico,186.42,102.6,7.0,Manteiga de manga_Setembro_566
2025-09-07,Manteiga de manga,Setembro,9,Industria,Sudeste,Sabonetes,64.43,76.43,8.0,Manteiga de manga_Setembro_567
2025-09-23,Manteiga de manga,Setembro,9,Industria,Sudeste,Farmacêutico,225.16,77.59,8.0,Manteiga de manga_Setembro_568
2025-09-02,Manteiga de manga,Setembro,9,Industria,Centro-Oeste,Ingredientes,159.26,54.4,8.0,Manteiga de manga_Setembro_569
2025-09-30,Manteiga de manga,Setembro,9,Distribuidor,Nordeste,Perfumaria,38.74,98.42,9.0,Manteiga de manga_Setembro_570
2025-09-04,Manteiga de manga,Setembro,9,Industria,Norte,Ingredientes,202.69,91.98,9.0,Manteiga de manga_Setembro_571
2025-09-15,Manteiga de manga,Setembro,9,Distribuidor,Sudeste,Ingredientes,70.33,94.82,8.0,Manteiga de manga_Setembro_572
2025-09-25,Manteiga de manga,Setembro,9,Distribuidor,Sudeste,Perfumaria,114.77,67.82,8.0,Manteiga de manga_Setembro_573
2025-09-20,Manteiga de manga,Setembro,9,Exportacao,Exterior,Ingredientes,199.1,130.58,7.0,Manteiga de manga_Setembro_574
2025-09-04,Manteiga de manga,Setembro,9,Distribuidor,Sudeste,Cosméticos,107.33,57.54,9.0,Manteiga de manga_Setembro_575
2025-09-17,Manteiga de manga,Setembro,9,Industria,Nordeste,Ingredientes,54.61,106.96,8.0,Manteiga de manga_Setembro_576
2025-09-03,Manteiga de manga,Setembro,9,Industria,Centro-Oeste,Sabonetes,121.24,62.73,7.0,Manteiga de manga_Setembro_577
2025-09-11,Manteiga de manga,Setembro,9,Industria,Nordeste,Ingredientes,171.88,97.19,7.0,Manteiga de manga_Setembro_578
2025-09-24,Manteiga de manga,Setembro,9,Industria,Nordeste,Ingredientes,136.75,70.43,9.0,Manteiga de manga_Setembro_579
2025-09-21,Manteiga de manga,Setembro,9,Industria,Sudeste,Perfumaria,225.57,49.5,6.0,Manteiga de manga_Setembro_580
2025-09-28,Manteiga de manga,Setembro,9,Industria,Sudeste,Cosméticos,190.57,69.7,10.0,Manteiga de manga_Setembro_581
2025-09-06,Manteiga de manga,Setembro,9,Exportacao,Exterior,Ingredientes,58.2,110.96,9.0,Manteiga de manga_Setembro_582
2025-09-16,Manteiga de manga,Setembro,9,Distribuidor,Sudeste,Sabonetes,128.04,74.25,7.0,Manteiga de manga_Setembro_583
2025-09-16,Manteiga de manga,Setembro,9,Industria,Sul,Perfumaria,142.32,102.62,9.0,Manteiga de manga_Setembro_584
2025-09-27,Manteiga de manga,Setembro,9,Industria,Nordeste,Farmacêutico,181.92,54.21,7.0,Manteiga de manga_Setembro_585
2025-09-16,Manteiga de manga,Setembro,9,Industria,Sudeste,Ingredientes,22.1,49.55,6.0,Manteiga de manga_Setembro_586
2025-09-26,Manteiga de manga,Setembro,9,Industria,Sul,Farmacêutico,197.71,114.27,10.0,Manteiga de manga_Setembro_587
2025-09-05,Manteiga de manga,Setembro,9,Industria,Sul,Perfumaria,37.3,61.44,8.0,Manteiga de manga_Setembro_588
2025-09-10,Manteiga de manga,Setembro,9,Exportacao,Exterior,Perfumaria,48.17,57.71,9.0,Manteiga de manga_Setembro_589
2025-09-21,Manteiga de manga,Setembro,9,Industria,Centro-Oeste,Cosméticos,48.41,49.85,8.0,Manteiga de manga_Setembro_590
2025-09-14,Manteiga de manga,Setembro,9,Industria,Sudeste,Ingredientes,144.32,89.4,7.0,Manteiga de manga_Setembro_591
2025-09-01,Manteiga de manga,Setembro,9,Industria,Centro-Oeste,Cosméticos,122.28,45.58,9.0,Manteiga de manga_Setembro_592
2025-09-24,Manteiga de manga,Setembro,9,Industria,Sudeste,Sabonetes,107.17,102.04,9.0,Manteiga de manga_Setembro_593
2025-09-11,Manteiga de manga,Setembro,9,Distribuidor,Nordeste,Perfumaria,134.24,59.86,8.0,Manteiga de manga_Setembro_594
2025-09-01,Manteiga de manga,Setembro,9,Industria,Centro-Oeste,Farmacêutico,101.43,104.21,7.0,Manteiga de manga_Setembro_595
2025-09-23,Manteiga de manga,Setembro,9,Exportacao,Exterior,Farmacêutico,70.86,105.05,,Manteiga de manga_Setembro_596
2025-09-03,Manteiga de manga,Setembro,9,Industria,Centro-Oeste,Cosméticos,52.32,67.38,6.0,Manteiga de manga_Setembro_597
2025-09-03,Manteiga de manga,Setembro,9,Industria,Centro-Oeste,Sabonetes,108.87,88.56,8.0,Manteiga de manga_Setembro_598
2025-09-28,Manteiga de manga,Setembro,9,Distribuidor,Sudeste,Ingredientes,185.38,106.7,7.0,Manteiga de manga_Setembro_599
2025-09-14,Manteiga de manga,Setembro,9,Industria,Sudeste,Farmacêutico,164.82,58.89,8.0,Manteiga de manga_Setembro_600
2025-09-20,Manteiga de manga,Setembro,9,Industria,Nordeste,Cosméticos,219.49,52.12,7.0,Manteiga de manga_Setembro_601
2025-09-17,Manteiga de manga,Setembro,9,Industria,Sul,Ingredientes,157.99,93.6,8.0,Manteiga de manga_Setembro_602
2025-09-12,Manteiga de manga,Setembro,9,Industria,Sul,Farmacêutico,40.1,114.57,7.0,Manteiga de manga_Setembro_603
2025-09-08,Manteiga de manga,Setembro,9,Industria,Nordeste,Ingredientes,117.71,56.68,8.0,Manteiga de manga_Setembro_604
2025-09-16,Manteiga de manga,Setembro,9,Exportacao,Exterior,Sabonetes,194.97,123.27,8.0,Manteiga de manga_Setembro_605
2025-09-16,Manteiga de manga,Setembro,9,Industria,Sul,Ingredientes,30.84,108.35,10.0,Manteiga de manga_Setembro_606
2025-09-21,Manteiga de manga,Setembro,9,Industria,Nordeste,Cosméticos,57.51,104.68,10.0,Manteiga de manga_Setembro_607
2025-09-03,Manteiga de manga,Setembro,9,Industria,Sul,Sabonetes,72.96,54.33,7.0,Manteiga de manga_Setembro_608
2025-09-10,Manteiga de manga,Setembro,9,Distribuidor,Sul,Sabonetes,25.76,103.3,,Manteiga de manga_Setembro_609
2025-09-09,Manteiga de manga,Setembro,9,Industria,Sudeste,Sabonetes,216.09,46.68,10.0,Manteiga de manga_Setembro_610
2025-09-13,Manteiga de manga,Setembro,9,Industria,Sudeste,Perfumaria,162.31,54.53,9.0,Manteiga de manga_Setembro_611
2025-09-09,Manteiga de manga,Setembro,9,Industria,Sul,Ingredientes,190.72,87.68,8.0,Manteiga de manga_Setembro_612
2025-09-28,Manteiga de manga,Setembro,9,Industria,Norte,Ingredientes,165.78,67.07,10.0,Manteiga de manga_Setembro_613
2025-09-01,Manteiga de manga,Setembro,9,Distribuidor,Nordeste,Sabonetes,103.91,70.18,9.0,Manteiga de manga_Setembro_614
2025-09-05,Manteiga de manga,Setembro,9,Distribuidor,Nordeste,Perfumaria,168.17,80.34,7.0,Manteiga de manga_Setembro_615
2025-09-12,Manteiga de manga,Setembro,9,Industria,Norte,Perfumaria,49.29,98.02,9.0,Manteiga de manga_Setembro_616
2025-09-21,Manteiga de manga,Setembro,9,Industria,Sul,,101.36,65.4,7.0,Manteiga de manga_Setembro_617
2025-09-29,Manteiga de manga,Setembro,9,Industria,Sudeste,Farmacêutico,144.91,84.82,7.0,Manteiga de manga_Setembro_618
2025-09-24,Manteiga de manga,Setembro,9,Industria,Norte,Farmacêutico,58.54,89.12,9.0,Manteiga de manga_Setembro_619
2025-09-19,Manteiga de manga,Setembro,9,Industria,Nordeste,Ingredientes,171.46,118.24,7.0,Manteiga de manga_Setembro_620
2025-09-03,Manteiga de manga,Setembro,9,Industria,Sudeste,Sabonetes,154.78,47.83,7.0,Manteiga de manga_Setembro_621
2025-09-16,Manteiga de manga,Setembro,9,Industria,Sudeste,Sabonetes,120.28,115.16,8.0,Manteiga de manga_Setembro_622
2025-09-12,Manteiga de manga,Setembro,9,Exportacao,Exterior,Cosméticos,218.37,95.7,8.0,Manteiga de manga_Setembro_623
2025-09-14,Manteiga de manga,Setembro,9,Industria,Centro-Oeste,Sabonetes,98.19,69.18,10.0,Manteiga de manga_Setembro_624
2025-09-21,Manteiga de manga,Setembro,9,Industria,Sudeste,Cosméticos,187.42,58.25,7.0,Manteiga de manga_Setembro_625
2025-09-26,Manteiga de manga,Setembro,9,Industria,Sudeste,Farmacêutico,28.08,82.98,7.0,Manteiga de manga_Setembro_626
2025-09-02,Manteiga de manga,Setembro,9,Distribuidor,Sudeste,Sabonetes,111.41,65.39,9.0,Manteiga de manga_Setembro_627
2025-09-16,Manteiga de manga,Setembro,9,Industria,Sudeste,Sabonetes,27.66,97.69,9.0,Manteiga de manga_Setembro_628
2025-09-28,Manteiga de manga,Setembro,9,Industria,Sul,Cosméticos,223.47,81.4,,Manteiga de manga_Setembro_629
2025-09-21,Manteiga de manga,Setembro,9,Industria,Nordeste,Farmacêutico,115.57,65.75,6.0,Manteiga de manga_Setembro_630
2025-09-27,Manteiga de manga,Setembro,9,Industria,Sudeste,Sabonetes,15.03,61.78,9.0,Manteiga de manga_Setembro_631
2025-09-15,Manteiga de manga,Setembro,9,Industria,Sul,Cosméticos,113.9,61.38,9.0,Manteiga de manga_Setembro_632
2025-09-14,Manteiga de manga,Setembro,9,Industria,Nordeste,Farmacêutico,227.73,114.53,8.0,Manteiga de manga_Setembro_633
2025-09-03,Manteiga de manga,Setembro,9,Industria,Sudeste,Perfumaria,96.88,53.05,8.0,Manteiga de manga_Setembro_634
2025-09-06,Manteiga de manga,Setembro,9,Industria,Nordeste,Perfumaria,188.82,109.95,8.0,Manteiga de manga_Setembro_635
2025-09-16,Manteiga de manga,Setembro,9,Industria,Sudeste,Cosméticos,85.94,94.36,,Manteiga de manga_Setembro_636
2025-09-26,Manteiga de manga,Setembro,9,Exportacao,Exterior,Perfumaria,78.05,87.74,8.0,Manteiga de manga_Setembro_637
2025-09-26,Manteiga de manga,Setembro,9,Industria,Sul,Perfumaria,62.99,56.9,8.0,Manteiga de manga_Setembro_638
2025-09-12,Manteiga de manga,Setembro,9,Industria,Nordeste,Cosméticos,109.09,111.68,10.0,Manteiga de manga_Setembro_639
2025-09-23,Manteiga de manga,Setembro,9,Industria,Nordeste,Farmacêutico,22.63,50.57,8.0,Manteiga de manga_Setembro_640
2025-09-19,Manteiga de manga,Setembro,9,Distribuidor,Nordeste,Perfumaria,106.16,85.28,7.0,Manteiga de manga_Setembro_641
2025-09-02,Manteiga de manga,Setembro,9,Exportacao,Exterior,Sabonetes,24.2,105.57,8.0,Manteiga de manga_Setembro_642
2025-09-07,Manteiga de manga,Setembro,9,Exportacao,Exterior,Perfumaria,114.82,71.15,8.0,Manteiga de manga_Setembro_643
2025-09-02,Manteiga de manga,Setembro,9,Industria,Sudeste,Cosméticos,160.48,65.09,8.0,Manteiga de manga_Setembro_644
2025-09-15,Manteiga de manga,Setembro,9,Industria,Sudeste,Farmacêutico,156.69,96.55,8.0,Manteiga de manga_Setembro_645
2025-09-01,Manteiga de manga,Setembro,9,Exportacao,Exterior,Farmacêutico,115.87,54.86,9.0,Manteiga de manga_Setembro_646
2025-09-02,Manteiga de manga,Setembro,9,Industria,Sudeste,Perfumaria,57.49,104.85,9.0,Manteiga de manga_Setembro_647
2025-09-01,Manteiga de manga,Setembro,9,Distribuidor,Nordeste,Ingredientes,104.0,74.96,7.0,Manteiga de manga_Setembro_648
2025-09-16,Manteiga de manga,Setembro,9,Industria,Sudeste,Sabonetes,180.88,86.79,9.0,Manteiga de manga_Setembro_649
2025-09-22,Manteiga de manga,Setembro,9,Industria,Centro-Oeste,Farmacêutico,125.28,90.18,10.0,Manteiga de manga_Setembro_650
2025-09-18,Manteiga de manga,Setembro,9,Industria,Norte,Sabonetes,107.54,115.99,,Manteiga de manga_Setembro_651
2025-09-18,Manteiga de manga,Setembro,9,Industria,Sul,Ingredientes,73.64,99.38,9.0,Manteiga de manga_Setembro_652
2025-09-12,Manteiga de manga,Setembro,9,Industria,Sul,Perfumaria,184.16,58.81,8.0,Manteiga de manga_Setembro_653
2025-09-15,Manteiga de manga,Setembro,9,Industria,Centro-Oeste,Ingredientes,166.02,74.22,9.0,Manteiga de manga_Setembro_654
2025-09-17,Manteiga de manga,Setembro,9,Industria,Nordeste,Sabonetes,76.77,102.27,8.0,Manteiga de manga_Setembro_655
2025-09-01,Manteiga de manga,Setembro,9,Industria,Sul,Farmacêutico,68.44,105.79,8.0,Manteiga de manga_Setembro_656
2025-09-17,Manteiga de manga,Setembro,9,Distribuidor,Sudeste,Farmacêutico,59.08,102.72,9.0,Manteiga de manga_Setembro_657
2025-09-26,Manteiga de manga,Setembro,9,Industria,Sudeste,Cosméticos,147.98,60.87,9.0,Manteiga de manga_Setembro_658
2025-09-03,Manteiga de manga,Setembro,9,Distribuidor,Nordeste,Sabonetes,69.0,78.36,8.0,Manteiga de manga_Setembro_659
2025-09-06,Manteiga de manga,Setembro,9,Industria,Nordeste,Perfumaria,139.87,82.61,7.0,Manteiga de manga_Setembro_660
2025-09-25,Manteiga de manga,Setembro,9,Industria,Norte,Cosméticos,42.4,85.86,7.0,Manteiga de manga_Setembro_661
2025-09-05,Manteiga de manga,Setembro,9,Industria,Sudeste,Cosméticos,50.38,111.83,10.0,Manteiga de manga_Setembro_662
2025-09-01,Manteiga de manga,Setembro,9,Distribuidor,Sudeste,Sabonetes,85.07,55.1,7.0,Manteiga de manga_Setembro_663
2025-09-18,Manteiga de manga,Setembro,9,Exportacao,Exterior,Farmacêutico,116.29,116.49,8.0,Manteiga de manga_Setembro_664
2025-09-26,Manteiga de manga,Setembro,9,Industria,Nordeste,Farmacêutico,89.64,56.33,10.0,Manteiga de manga_Setembro_665
2025-09-07,Manteiga de manga,Setembro,9,Industria,Nordeste,Farmacêutico,214.55,102.72,9.0,Manteiga de manga_Setembro_666
2025-09-23,Manteiga de manga,Setembro,9,Industria,Sul,Farmacêutico,165.49,111.59,8.0,Manteiga de manga_Setembro_667
2025-09-05,Manteiga de manga,Setembro,9,Industria,Nordeste,Ingredientes,181.97,71.25,8.0,Manteiga de manga_Setembro_668
2025-09-29,Manteiga de manga,Setembro,9,Distribuidor,Sudeste,Farmacêutico,146.6,111.16,9.0,Manteiga de manga_Setembro_669
2025-09-12,Manteiga de manga,Setembro,9,Industria,Sul,Sabonetes,88.32,60.93,9.0,Manteiga de manga_Setembro_670
2025-09-27,Manteiga de manga,Setembro,9,Exportacao,Exterior,Farmacêutico,65.47,108.47,10.0,Manteiga de manga_Setembro_671
2025-09-22,Manteiga de manga,Setembro,9,Industria,Centro-Oeste,Cosméticos,18.04,54.0,9.0,Manteiga de manga_Setembro_672
2025-09-13,Manteiga de manga,Setembro,9,Industria,Sudeste,Perfumaria,110.91,79.83,9.0,Manteiga de manga_Setembro_673
2025-09-01,Manteiga de manga,Setembro,9,Industria,Centro-Oeste,Perfumaria,198.02,95.06,8.0,Manteiga de manga_Setembro_674
2025-09-13,Manteiga de manga,Setembro,9,Distribuidor,Sudeste,Perfumaria,59.8,93.31,8.0,Manteiga de manga_Setembro_675
2025-09-14,Manteiga de manga,Setembro,9,Distribuidor,Sudeste,Cosméticos,107.34,106.04,8.0,Manteiga de manga_Setembro_676
2025-09-30,Manteiga de manga,Setembro,9,Industria,Sudeste,Cosméticos,147.84,78.97,7.0,Manteiga de manga_Setembro_677
2025-09-02,Manteiga de manga,Setembro,9,Distribuidor,Sudeste,,19.45,59.59,9.0,Manteiga de manga_Setembro_678
2025-09-14,Manteiga de manga,Setembro,9,Industria,Sudeste,Sabonetes,76.14,105.51,7.0,Manteiga de manga_Setembro_679
2025-09-22,Manteiga de manga,Setembro,9,Industria,Nordeste,Sabonetes,129.83,57.58,8.0,Manteiga de manga_Setembro_680
2025-09-05,Manteiga de manga,Setembro,9,Industria,Sul,Ingredientes,151.76,115.67,7.0,Manteiga de manga_Setembro_681
2025-09-01,Manteiga de manga,Setembro,9,Distribuidor,Nordeste,Cosméticos,151.35,95.78,8.0,Manteiga de manga_Setembro_682
2025-09-16,Manteiga de manga,Setembro,9,Distribuidor,Sul,Farmacêutico,64.03,96.57,9.0,Manteiga de manga_Setembro_683
2025-09-22,Manteiga de manga,Setembro,9,Industria,Norte,Farmacêutico,144.58,87.49,7.0,Manteiga de manga_Setembro_684
2025-09-07,Manteiga de manga,Setembro,9,Exportacao,Exterior,Cosméticos,31.98,88.45,6.0,Manteiga de manga_Setembro_685
2025-09-16,Manteiga de manga,Setembro,9,Industria,Sul,Perfumaria,15.9,88.36,10.0,Manteiga de manga_Setembro_686
2025-09-20,Manteiga de manga,Setembro,9,Distribuidor,Sul,Ingredientes,104.93,92.51,7.0,Manteiga de manga_Setembro_687
2025-09-18,Manteiga de manga,Setembro,9,Exportacao,Exterior,Farmacêutico,72.31,122.5,8.0,Manteiga de manga_Setembro_688
2025-09-08,Manteiga de manga,Setembro,9,Industria,Nordeste,Sabonetes,232.46,99.1,9.0,Manteiga de manga_Setembro_689
2025-09-17,Manteiga de manga,Setembro,9,Industria,Nordeste,Farmacêutico,118.01,88.76,8.0,Manteiga de manga_Setembro_690
2025-09-14,Manteiga de manga,Setembro,9,Industria,Sul,Perfumaria,29.44,50.02,8.0,Manteiga de manga_Setembro_691
2025-09-25,Manteiga de manga,Setembro,9,Distribuidor,Nordeste,Ingredientes,151.48,106.66,10.0,Manteiga de manga_Setembro_692
2025-09-19,Manteiga de manga,Setembro,9,Industria,Sudeste,Sabonetes,26.55,105.49,6.0,Manteiga de manga_Setembro_693
2025-09-27,Manteiga de manga,Setembro,9,Distribuidor,Nordeste,Cosméticos,137.1,54.22,8.0,Manteiga de manga_Setembro_694
2025-09-04,Manteiga de manga,Setembro,9,Industria,Sul,Cosméticos,118.36,87.61,8.0,Manteiga de manga_Setembro_695
2025-09-02,Manteiga de manga,Setembro,9,Exportacao,Exterior,,210.5,66.97,9.0,Manteiga de manga_Setembro_696
2025-09-11,Manteiga de manga,Setembro,9,Distribuidor,Sudeste,Sabonetes,140.03,48.86,9.0,Manteiga de manga_Setembro_697
2025-09-23,Manteiga de manga,Setembro,9,Distribuidor,Centro-Oeste,Ingredientes,93.55,72.55,9.0,Manteiga de manga_Setembro_698
2025-09-01,Manteiga de manga,Setembro,9,Industria,Nordeste,Sabonetes,129.25,80.77,9.0,Manteiga de manga_Setembro_699
2025-10-30,Polpa congelada,Outubro,10,Industria,Sudeste,Indústria de laticínios,933.11,9.52,8.0,Polpa congelada_Outubro_0
2025-10-11,Polpa congelada,Outubro,10,Distribuidor,Sudeste,Distribuidor regional,854.33,7.94,10.0,Polpa congelada_Outubro_1
2025-10-07,Polpa congelada,Outubro,10,Exportacao,Exterior,Importador (UE),834.26,6.85,8.0,Polpa congelada_Outubro_2
2025-10-08,Polpa congelada,Outubro,10,Food Service,Sudeste,Confeitarias,990.93,11.67,8.0,Polpa congelada_Outubro_3
2025-10-23,Polpa congelada,Outubro,10,Distribuidor,Nordeste,Central de compras,960.12,8.95,7.0,Polpa congelada_Outubro_4
2025-10-08,Polpa congelada,Outubro,10,Exportacao,Exterior,Importador (EUA),848.24,14.77,9.0,Polpa congelada_Outubro_5
2025-10-23,Polpa congelada,Outubro,10,Industria,Sudeste,Indústria de sorvetes,994.73,11.09,9.0,Polpa congelada_Outubro_6
2025-10-03,Polpa congelada,Outubro,10,Food Service,Nordeste,Restaurantes,339.57,6.95,9.0,Polpa congelada_Outubro_7
2025-10-07,Polpa congelada,Outubro,10,Varejo,Sul,Atacarejo,887.08,9.0,9.0,Polpa congelada_Outubro_8
2025-10-23,Polpa congelada,Outubro,10,Industria,Sudeste,Indústria de ingredientes,439.09,7.27,9.0,Polpa congelada_Outubro_9
2025-10-29,Polpa congelada,Outubro,10,Distribuidor,Sudeste,Atacadista,480.65,6.58,8.0,Polpa congelada_Outubro_10
2025-10-02,Polpa congelada,Outubro,10,Exportacao,Exterior,Importador (MENA),743.17,14.45,8.0,Polpa congelada_Outubro_11
2025-10-01,Polpa congelada,Outubro,10,Distribuidor,Sudeste,Operador logístico,1022.5,11.72,9.0,Polpa congelada_Outubro_12
2025-10-07,Polpa congelada,Outubro,10,Food Service,Sudeste,Hotéis,439.37,12.24,10.0,Polpa congelada_Outubro_13
2025-10-21,Polpa congelada,Outubro,10,Distribuidor,Sudeste,Operador logístico,774.89,12.04,7.0,Polpa congelada_Outubro_14
2025-10-07,Polpa congelada,Outubro,10,Industria,Sul,Indústria de bebidas,1218.0,6.74,7.0,Polpa congelada_Outubro_15
2025-10-02,Polpa congelada,Outubro,10,Varejo,Norte,Loja natural,974.96,14.87,8.0,Polpa congelada_Outubro_16
2025-10-11,Polpa congelada,Outubro,10,Industria,Sul,Indústria de bebidas,492.99,7.74,7.0,Polpa congelada_Outubro_17
2025-10-13,Polpa congelada,Outubro,10,Exportacao,Exterior,Importador (MENA),153.09,9.18,7.0,Polpa congelada_Outubro_18
2025-10-24,Polpa congelada,Outubro,10,Industria,Sudeste,Indústria de ingredientes,688.4,10.33,8.0,Polpa congelada_Outubro_19
2025-10-20,Polpa congelada,Outubro,10,Varejo,Sudeste,Empórios,386.39,7.77,8.0,Polpa congelada_Outubro_20
2025-10-25,Polpa congelada,Outubro,10,Food Service,Sudeste,Restaurantes,545.92,12.08,6.0,Polpa congelada_Outubro_21
2025-10-20,Polpa congelada,Outubro,10,Industria,Norte,Indústria de ingredientes,978.42,9.09,7.0,Polpa congelada_Outubro_22
2025-10-07,Polpa congelada,Outubro,10,Industria,Centro-Oeste,Indústria de sorvetes,114.41,9.28,8.0,Polpa congelada_Outubro_23
2025-10-11,Polpa congelada,Outubro,10,Industria,Sudeste,Indústria de bebidas,1151.93,9.02,7.0,Polpa congelada_Outubro_24
2025-10-01,Polpa congelada,Outubro,10,Varejo,Nordeste,Empórios,213.95,12.03,9.0,Polpa congelada_Outubro_25
2025-10-17,Polpa congelada,Outubro,10,Distribuidor,Sudeste,Operador logístico,361.69,12.22,6.0,Polpa congelada_Outubro_26
2025-10-01,Polpa congelada,Outubro,10,Varejo,Nordeste,Atacarejo,550.22,14.13,8.0,Polpa congelada_Outubro_27
2025-10-01,Polpa congelada,Outubro,10,Food Service,Sul,Açaíterias,764.49,7.78,8.0,Polpa congelada_Outubro_28
2025-10-02,Polpa congelada,Outubro,10,Exportacao,Exterior,Importador (UE),244.69,8.69,6.0,Polpa congelada_Outubro_29
2025-10-27,Polpa congelada,Outubro,10,Industria,Sudeste,Indústria de ingredientes,424.59,7.97,9.0,Polpa congelada_Outubro_30
2025-10-17,Polpa congelada,Outubro,10,Food Service,Centro-Oeste,Cafeterias,295.48,13.68,9.0,Polpa congelada_Outubro_31
2025-10-12,Polpa congelada,Outubro,10,Distribuidor,Sudeste,Atacadista,860.29,6.12,8.0,Polpa congelada_Outubro_32
2025-10-21,Polpa congelada,Outubro,10,Industria,Sul,Indústria de sorvetes,535.85,7.79,6.0,Polpa congelada_Outubro_33
2025-10-19,Polpa congelada,Outubro,10,Exportacao,Exterior,Importador (UE),767.24,10.28,9.0,Polpa congelada_Outubro_34
2025-10-09,Polpa congelada,Outubro,10,Exportacao,Exterior,Importador (EUA),107.69,8.23,10.0,Polpa congelada_Outubro_35
2025-10-31,Polpa congelada,Outubro,10,Varejo,Nordeste,E-commerce,127.51,12.2,10.0,Polpa congelada_Outubro_36
2025-10-29,Polpa congelada,Outubro,10,Distribuidor,Sudeste,Distribuidor regional,980.3,7.97,,Polpa congelada_Outubro_37
2025-10-23,Polpa congelada,Outubro,10,Food Service,Nordeste,Confeitarias,568.65,10.47,8.0,Polpa congelada_Outubro_38
2025-10-14,Polpa congelada,Outubro,10,Distribuidor,Sudeste,Distribuidor regional,1052.16,10.13,9.0,Polpa congelada_Outubro_39
2025-10-28,Polpa congelada,Outubro,10,Industria,Sudeste,Indústria de bebidas,482.07,12.12,7.0,Polpa congelada_Outubro_40
2025-10-17,Polpa congelada,Outubro,10,Varejo,Nordeste,,810.87,14.77,9.0,Polpa congelada_Outubro_41
2025-10-02,Polpa congelada,Outubro,10,Food Service,Sudeste,Açaíterias,560.67,7.23,8.0,Polpa congelada_Outubro_42
2025-10-29,Polpa congelada,Outubro,10,Exportacao,Exterior,Trading,824.23,13.4,10.0,Polpa congelada_Outubro_43
2025-10-18,Polpa congelada,Outubro,10,Food Service,Sul,Restaurantes,375.07,13.57,7.0,Polpa congelada_Outubro_44
2025-10-24,Polpa congelada,Outubro,10,Industria,Nordeste,Indústria de sorvetes,690.61,8.58,7.0,Polpa congelada_Outubro_45
2025-10-09,Polpa congelada,Outubro,10,Industria,Sudeste,Indústria de sorvetes,542.99,7.75,8.0,Polpa congelada_Outubro_46
2025-10-03,Polpa congelada,Outubro,10,Industria,Nordeste,Indústria de bebidas,1308.54,7.33,8.0,Polpa congelada_Outubro_47
2025-10-04,Polpa congelada,Outubro,10,Industria,Nordeste,Indústria de bebidas,570.2,11.32,8.0,Polpa congelada_Outubro_48
2025-10-26,Polpa congelada,Outubro,10,Exportacao,Exterior,Importador (EUA),997.6,14.48,9.0,Polpa congelada_Outubro_49
2025-10-30,Polpa congelada,Outubro,10,Varejo,Sudeste,Supermercados,565.11,8.95,7.0,Polpa congelada_Outubro_50
2025-10-15,Polpa congelada,Outubro,10,Food Service,Nordeste,Restaurantes,655.44,9.36,9.0,Polpa congelada_Outubro_51
2025-10-15,Polpa congelada,Outubro,10,Food Service,Sul,Cafeterias,322.96,8.43,7.0,Polpa congelada_Outubro_52
2025-10-16,Polpa congelada,Outubro,10,Industria,Sudeste,Indústria de laticínios,952.46,12.09,9.0,Polpa congelada_Outubro_53
2025-10-08,Polpa congelada,Outubro,10,Industria,Sudeste,Indústria de ingredientes,368.33,7.27,,Polpa congelada_Outubro_54
2025-10-20,Polpa congelada,Outubro,10,Distribuidor,Sudeste,Central de compras,392.23,9.42,9.0,Polpa congelada_Outubro_55
2025-10-22,Polpa congelada,Outubro,10,Food Service,Nordeste,Cafeterias,764.91,11.89,7.0,Polpa congelada_Outubro_56
2025-10-10,Polpa congelada,Outubro,10,Industria,Norte,Indústria de alimentos,895.68,7.96,7.0,Polpa congelada_Outubro_57
2025-10-28,Polpa congelada,Outubro,10,Industria,Sudeste,Indústria de sorvetes,468.98,9.41,10.0,Polpa congelada_Outubro_58
2025-10-04,Polpa congelada,Outubro,10,Industria,Sul,Indústria de alimentos,412.31,12.47,7.0,Polpa congelada_Outubro_59
2025-10-23,Polpa congelada,Outubro,10,Industria,Sul,Indústria de bebidas,891.3,12.1,10.0,Polpa congelada_Outubro_60
2025-10-22,Polpa congelada,Outubro,10,Industria,Sudeste,Indústria de bebidas,227.6,7.58,8.0,Polpa congelada_Outubro_61
2025-10-08,Polpa congelada,Outubro,10,Industria,Nordeste,Indústria de alimentos,784.67,11.83,10.0,Polpa congelada_Outubro_62
2025-10-23,Polpa congelada,Outubro,10,Distribuidor,Nordeste,Central de compras,221.91,10.57,6.0,Polpa congelada_Outubro_63
2025-10-01,Polpa congelada,Outubro,10,Distribuidor,Sudeste,Operador logístico,697.17,11.57,10.0,Polpa congelada_Outubro_64
2025-10-17,Polpa congelada,Outubro,10,Industria,Sul,Indústria de laticínios,482.58,12.33,8.0,Polpa congelada_Outubro_65
2025-10-12,Polpa congelada,Outubro,10,Food Service,Centro-Oeste,Açaíterias,788.42,8.02,9.0,Polpa congelada_Outubro_66
2025-10-12,Polpa congelada,Outubro,10,Food Service,Sul,,728.7,7.27,9.0,Polpa congelada_Outubro_67
2025-10-17,Polpa congelada,Outubro,10,Industria,Sudeste,Indústria de ingredientes,337.93,11.85,10.0,Polpa congelada_Outubro_68
2025-10-25,Polpa congelada,Outubro,10,Distribuidor,Sudeste,Central de compras,911.62,10.14,9.0,Polpa congelada_Outubro_69
2025-10-19,Polpa congelada,Outubro,10,Food Service,Norte,Hotéis,834.3,7.84,7.0,Polpa congelada_Outubro_70
2025-10-20,Polpa congelada,Outubro,10,Industria,Sul,Indústria de laticínios,444.85,7.1,9.0,Polpa congelada_Outubro_71
2025-10-07,Polpa congelada,Outubro,10,Food Service,Sudeste,Confeitarias,393.59,13.32,9.0,Polpa congelada_Outubro_72
2025-10-12,Polpa congelada,Outubro,10,Exportacao,Exterior,Importador (MENA),318.96,13.45,9.0,Polpa congelada_Outubro_73
2025-10-26,Polpa congelada,Outubro,10,Industria,Sudeste,Indústria de laticínios,721.49,8.3,8.0,Polpa congelada_Outubro_74
2025-10-23,Polpa congelada,Outubro,10,Food Service,Nordeste,Restaurantes,291.93,8.39,8.0,Polpa congelada_Outubro_75
2025-10-30,Polpa congelada,Outubro,10,Industria,Sul,Indústria de alimentos,798.35,10.61,8.0,Polpa congelada_Outubro_76
2025-10-21,Polpa congelada,Outubro,10,Food Service,Nordeste,Confeitarias,560.91,13.22,9.0,Polpa congelada_Outubro_77
2025-10-01,Polpa congelada,Outubro,10,Industria,Nordeste,Indústria de sorvetes,949.48,6.33,9.0,Polpa congelada_Outubro_78
2025-10-08,Polpa congelada,Outubro,10,Industria,Sudeste,Indústria de laticínios,651.95,11.01,8.0,Polpa congelada_Outubro_79
2025-10-28,Polpa congelada,Outubro,10,Varejo,Sul,Supermercados,682.35,14.55,7.0,Polpa congelada_Outubro_80
2025-10-20,Polpa congelada,Outubro,10,Industria,Nordeste,Indústria de laticínios,356.94,12.45,8.0,Polpa congelada_Outubro_81
2025-10-05,Polpa congelada,Outubro,10,Industria,Centro-Oeste,Indústria de bebidas,399.53,10.26,9.0,Polpa congelada_Outubro_82
2025-10-18,Polpa congelada,Outubro,10,Industria,Nordeste,Indústria de alimentos,671.3,6.99,8.0,Polpa congelada_Outubro_83
2025-10-26,Polpa congelada,Outubro,10,Industria,Sudeste,Indústria de sorvetes,289.36,11.63,9.0,Polpa congelada_Outubro_84
2025-10-28,Polpa congelada,Outubro,10,Industria,Nordeste,Indústria de bebidas,327.52,9.93,9.0,Polpa congelada_Outubro_85
2025-10-20,Polpa congelada,Outubro,10,Distribuidor,Nordeste,Atacadista,866.84,7.09,8.0,Polpa congelada_Outubro_86
2025-10-03,Polpa congelada,Outubro,10,Distribuidor,Centro-Oeste,Atacadista,199.41,6.43,6.0,Polpa congelada_Outubro_87
2025-10-15,Polpa congelada,Outubro,10,Food Service,Sudeste,Açaíterias,750.22,10.26,8.0,Polpa congelada_Outubro_88
2025-10-14,Polpa congelada,Outubro,10,Industria,Centro-Oeste,Indústria de sorvetes,978.44,7.84,10.0,Polpa congelada_Outubro_89
2025-10-26,Polpa congelada,Outubro,10,Industria,Nordeste,Indústria de ingredientes,194.88,11.31,10.0,Polpa congelada_Outubro_90
2025-10-13,Polpa congelada,Outubro,10,Industria,Nordeste,Indústria de alimentos,560.68,13.67,8.0,Polpa congelada_Outubro_91
2025-10-10,Polpa congelada,Outubro,10,Exportacao,Exterior,Importador (MENA),506.13,13.69,9.0,Polpa congelada_Outubro_92
2025-10-10,Polpa congelada,Outubro,10,Exportacao,Exterior,Importador (LATAM),745.92,7.43,8.0,Polpa congelada_Outubro_93
2025-10-04,Polpa congelada,Outubro,10,Exportacao,Exterior,Importador (EUA),883.12,13.51,7.0,Polpa congelada_Outubro_94
2025-10-20,Polpa congelada,Outubro,10,Industria,Sul,Indústria de laticínios,463.87,10.86,10.0,Polpa congelada_Outubro_95
2025-10-10,Polpa congelada,Outubro,10,Food Service,Nordeste,Confeitarias,270.75,6.91,7.0,Polpa congelada_Outubro_96
2025-10-13,Polpa congelada,Outubro,10,Industria,Sul,Indústria de sorvetes,885.06,8.42,8.0,Polpa congelada_Outubro_97
2025-10-17,Polpa congelada,Outubro,10,Distribuidor,Sudeste,Distribuidor food service,917.91,8.22,8.0,Polpa congelada_Outubro_98
2025-10-12,Polpa congelada,Outubro,10,Food Service,Sudeste,Restaurantes,501.59,8.34,8.0,Polpa congelada_Outubro_99
2025-10-20,Polpa congelada,Outubro,10,Food Service,Sul,Confeitarias,644.64,7.59,8.0,Polpa congelada_Outubro_100
2025-10-16,Polpa congelada,Outubro,10,Distribuidor,Norte,Atacadista,506.64,6.11,10.0,Polpa congelada_Outubro_101
2025-10-15,Polpa congelada,Outubro,10,Varejo,Sul,Empórios,139.37,12.69,7.0,Polpa congelada_Outubro_102
2025-10-05,Polpa congelada,Outubro,10,Food Service,Sul,Cafeterias,617.15,11.88,8.0,Polpa congelada_Outubro_103
2025-10-03,Polpa congelada,Outubro,10,Exportacao,Exterior,Importador (EUA),1105.06,11.0,6.0,Polpa congelada_Outubro_104
2025-10-04,Polpa congelada,Outubro,10,Exportacao,Exterior,Importador (EUA),107.25,8.52,7.0,Polpa congelada_Outubro_105
2025-10-08,Polpa congelada,Outubro,10,Varejo,Sudeste,Empórios,355.42,9.17,10.0,Polpa congelada_Outubro_106
2025-10-02,Polpa congelada,Outubro,10,Industria,Sul,Indústria de alimentos,1093.04,12.02,9.0,Polpa congelada_Outubro_107
2025-10-01,Polpa congelada,Outubro,10,Varejo,Norte,Supermercados,774.42,11.92,8.0,Polpa congelada_Outubro_108
2025-10-20,Polpa congelada,Outubro,10,Industria,Sudeste,Indústria de laticínios,979.41,7.8,9.0,Polpa congelada_Outubro_109
2025-10-19,Polpa congelada,Outubro,10,Exportacao,Exterior,Importador (EUA),348.47,9.76,7.0,Polpa congelada_Outubro_110
2025-10-04,Polpa congelada,Outubro,10,Exportacao,Exterior,Importador (MENA),393.93,13.17,10.0,Polpa congelada_Outubro_111
2025-10-06,Polpa congelada,Outubro,10,Exportacao,Exterior,Importador (EUA),1157.68,14.32,8.0,Polpa congelada_Outubro_112
2025-10-10,Polpa congelada,Outubro,10,Industria,Sudeste,Indústria de laticínios,1102.43,10.76,7.0,Polpa congelada_Outubro_113
2025-10-06,Polpa congelada,Outubro,10,Food Service,Centro-Oeste,Açaíterias,621.37,7.1,7.0,Polpa congelada_Outubro_114
2025-10-01,Polpa congelada,Outubro,10,Industria,Sudeste,Indústria de ingredientes,1028.08,10.24,6.0,Polpa congelada_Outubro_115
2025-10-22,Polpa congelada,Outubro,10,Distribuidor,Sudeste,Operador logístico,596.28,10.06,6.0,Polpa congelada_Outubro_116
2025-10-27,Polpa congelada,Outubro,10,Food Service,Sul,Confeitarias,777.61,9.21,8.0,Polpa congelada_Outubro_117
2025-10-24,Polpa congelada,Outubro,10,Exportacao,Exterior,Importador (LATAM),1315.89,7.66,7.0,Polpa congelada_Outubro_118
2025-10-02,Polpa congelada,Outubro,10,Industria,Centro-Oeste,Indústria de ingredientes,120.43,13.24,8.0,Polpa congelada_Outubro_119
2025-10-20,Polpa congelada,Outubro,10,Food Service,Nordeste,Restaurantes,598.99,6.61,8.0,Polpa congelada_Outubro_120
2025-10-25,Polpa congelada,Outubro,10,Industria,Centro-Oeste,Indústria de laticínios,1103.43,10.24,9.0,Polpa congelada_Outubro_121
2025-10-07,Polpa congelada,Outubro,10,Food Service,Sudeste,Restaurantes,605.91,9.11,7.0,Polpa congelada_Outubro_122
2025-10-21,Polpa congelada,Outubro,10,Food Service,Sudeste,Hotéis,782.66,6.37,8.0,Polpa congelada_Outubro_123
2025-10-13,Polpa congelada,Outubro,10,Industria,Centro-Oeste,Indústria de sorvetes,949.9,11.92,9.0,Polpa congelada_Outubro_124
2025-10-09,Polpa congelada,Outubro,10,Exportacao,Exterior,Importador (LATAM),516.71,11.88,7.0,Polpa congelada_Outubro_125
2025-10-03,Polpa congelada,Outubro,10,Food Service,Sul,Açaíterias,451.1,11.22,10.0,Polpa congelada_Outubro_126
2025-10-14,Polpa congelada,Outubro,10,Industria,Nordeste,Indústria de bebidas,969.61,7.52,9.0,Polpa congelada_Outubro_127
2025-10-25,Polpa congelada,Outubro,10,Varejo,Nordeste,Atacarejo,508.27,11.16,8.0,Polpa congelada_Outubro_128
2025-10-16,Polpa congelada,Outubro,10,Industria,Centro-Oeste,Indústria de sorvetes,306.31,8.16,8.0,Polpa congelada_Outubro_129
2025-10-21,Polpa congelada,Outubro,10,Exportacao,Exterior,Importador (LATAM),877.52,10.65,8.0,Polpa congelada_Outubro_130
2025-10-07,Polpa congelada,Outubro,10,Distribuidor,Sudeste,Operador logístico,446.76,10.44,6.0,Polpa congelada_Outubro_131
2025-10-04,Polpa congelada,Outubro,10,Food Service,Centro-Oeste,Açaíterias,813.63,12.1,9.0,Polpa congelada_Outubro_132
2025-10-04,Polpa congelada,Outubro,10,Distribuidor,Centro-Oeste,Atacadista,614.37,7.15,8.0,Polpa congelada_Outubro_133
2025-10-05,Polpa congelada,Outubro,10,Food Service,Nordeste,Confeitarias,731.39,10.77,9.0,Polpa congelada_Outubro_134
2025-10-10,Polpa congelada,Outubro,10,Distribuidor,Sudeste,Distribuidor regional,1100.45,12.02,7.0,Polpa congelada_Outubro_135
2025-10-30,Polpa congelada,Outubro,10,Food Service,Sudeste,Açaíterias,212.16,11.98,7.0,Polpa congelada_Outubro_136
2025-10-31,Polpa congelada,Outubro,10,Distribuidor,Sudeste,Central de compras,610.65,12.93,8.0,Polpa congelada_Outubro_137
2025-10-26,Polpa congelada,Outubro,10,Industria,Centro-Oeste,Indústria de sorvetes,937.5,7.67,7.0,Polpa congelada_Outubro_138
2025-10-30,Polpa congelada,Outubro,10,Industria,Nordeste,Indústria de sorvetes,818.84,12.88,8.0,Polpa congelada_Outubro_139
2025-10-07,Polpa congelada,Outubro,10,Food Service,Sudeste,Confeitarias,168.94,11.99,7.0,Polpa congelada_Outubro_140
2025-10-04,Polpa congelada,Outubro,10,Food Service,Sudeste,Cafeterias,123.57,12.98,9.0,Polpa congelada_Outubro_141
2025-10-01,Polpa congelada,Outubro,10,Exportacao,Exterior,Importador (MENA),1027.73,7.21,8.0,Polpa congelada_Outubro_142
2025-10-17,Polpa congelada,Outubro,10,Varejo,Sudeste,Atacarejo,503.25,10.78,9.0,Polpa congelada_Outubro_143
2025-10-05,Polpa congelada,Outubro,10,Food Service,Sudeste,Confeitarias,954.41,9.53,8.0,Polpa congelada_Outubro_144
2025-10-08,Polpa congelada,Outubro,10,Distribuidor,Centro-Oeste,Operador logístico,769.55,6.53,8.0,Polpa congelada_Outubro_145
2025-10-25,Polpa congelada,Outubro,10,Distribuidor,Sudeste,Central de compras,1204.17,10.91,8.0,Polpa congelada_Outubro_146
2025-10-22,Polpa congelada,Outubro,10,Industria,Sul,Indústria de sorvetes,470.47,12.58,8.0,Polpa congelada_Outubro_147
2025-10-12,Polpa congelada,Outubro,10,Industria,Sul,Indústria de laticínios,455.27,12.25,7.0,Polpa congelada_Outubro_148
2025-10-30,Polpa congelada,Outubro,10,Food Service,Nordeste,Açaíterias,719.72,13.47,5.0,Polpa congelada_Outubro_149
2025-10-28,Polpa congelada,Outubro,10,Food Service,Centro-Oeste,Hotéis,674.34,11.92,9.0,Polpa congelada_Outubro_150
2025-10-03,Polpa congelada,Outubro,10,Industria,Nordeste,Indústria de ingredientes,222.97,7.35,8.0,Polpa congelada_Outubro_151
2025-10-29,Polpa congelada,Outubro,10,Industria,Nordeste,Indústria de alimentos,1025.4,11.69,7.0,Polpa congelada_Outubro_152
2025-10-25,Polpa congelada,Outubro,10,Industria,Sul,Indústria de bebidas,884.77,12.32,6.0,Polpa congelada_Outubro_153
2025-10-26,Polpa congelada,Outubro,10,Food Service,Centro-Oeste,Restaurantes,495.74,12.3,8.0,Polpa congelada_Outubro_154
2025-10-04,Polpa congelada,Outubro,10,Industria,Sul,Indústria de sorvetes,144.98,8.19,10.0,Polpa congelada_Outubro_155
2025-10-15,Polpa congelada,Outubro,10,Exportacao,Exterior,Importador (UE),609.24,7.76,9.0,Polpa congelada_Outubro_156
2025-10-17,Polpa congelada,Outubro,10,Food Service,Centro-Oeste,Hotéis,680.25,10.62,8.0,Polpa congelada_Outubro_157
2025-10-03,Polpa congelada,Outubro,10,Food Service,Sudeste,Confeitarias,920.28,11.05,8.0,Polpa congelada_Outubro_158
2025-10-06,Polpa congelada,Outubro,10,Industria,Nordeste,Indústria de sorvetes,523.92,6.71,9.0,Polpa congelada_Outubro_159
2025-10-28,Polpa congelada,Outubro,10,Distribuidor,Nordeste,Operador logístico,439.61,10.66,10.0,Polpa congelada_Outubro_160
2025-10-29,Polpa congelada,Outubro,10,Industria,Sudeste,Indústria de sorvetes,124.4,9.62,8.0,Polpa congelada_Outubro_161
2025-10-13,Polpa congelada,Outubro,10,Industria,Nordeste,Indústria de laticínios,1082.2,11.69,10.0,Polpa congelada_Outubro_162
2025-10-07,Polpa congelada,Outubro,10,Industria,Sul,Indústria de sorvetes,510.79,9.22,8.0,Polpa congelada_Outubro_163
2025-10-26,Polpa congelada,Outubro,10,Industria,Sudeste,Indústria de alimentos,469.15,12.5,8.0,Polpa congelada_Outubro_164
2025-10-27,Polpa congelada,Outubro,10,Distribuidor,Sudeste,Central de compras,675.27,8.62,9.0,Polpa congelada_Outubro_165
2025-10-17,Polpa congelada,Outubro,10,Industria,Centro-Oeste,Indústria de sorvetes,1069.83,12.8,10.0,Polpa congelada_Outubro_166
2025-10-08,Polpa congelada,Outubro,10,Food Service,Nordeste,Confeitarias,210.24,10.24,8.0,Polpa congelada_Outubro_167
2025-10-25,Polpa congelada,Outubro,10,Exportacao,Exterior,Importador (EUA),314.5,8.65,9.0,Polpa congelada_Outubro_168
2025-10-18,Polpa congelada,Outubro,10,Industria,Sudeste,,659.91,13.67,7.0,Polpa congelada_Outubro_169
2025-10-13,Polpa congelada,Outubro,10,Food Service,Nordeste,Restaurantes,597.79,13.11,8.0,Polpa congelada_Outubro_170
2025-10-02,Polpa congelada,Outubro,10,Industria,Sudeste,Indústria de bebidas,413.68,9.59,,Polpa congelada_Outubro_171
2025-10-07,Polpa congelada,Outubro,10,Food Service,Nordeste,Hotéis,709.52,13.5,8.0,Polpa congelada_Outubro_172
2025-10-07,Polpa congelada,Outubro,10,Industria,Sul,Indústria de sorvetes,220.68,10.06,7.0,Polpa congelada_Outubro_173
2025-10-12,Polpa congelada,Outubro,10,Industria,Nordeste,Indústria de laticínios,712.54,8.14,7.0,Polpa congelada_Outubro_174
2025-10-06,Polpa congelada,Outubro,10,Food Service,Nordeste,Hotéis,211.37,8.35,8.0,Polpa congelada_Outubro_175
2025-10-29,Polpa congelada,Outubro,10,Industria,Nordeste,Indústria de bebidas,130.57,10.35,7.0,Polpa congelada_Outubro_176
2025-10-01,Polpa congelada,Outubro,10,Industria,Sudeste,Indústria de sorvetes,464.67,9.58,7.0,Polpa congelada_Outubro_177
2025-10-12,Polpa congelada,Outubro,10,Food Service,Sul,Hotéis,799.68,12.79,8.0,Polpa congelada_Outubro_178
2025-10-06,Polpa congelada,Outubro,10,Food Service,Sul,Hotéis,279.51,8.55,5.0,Polpa congelada_Outubro_179
2025-10-22,Polpa congelada,Outubro,10,Varejo,Sul,E-commerce,382.73,14.14,10.0,Polpa congelada_Outubro_180
2025-10-05,Polpa congelada,Outubro,10,Distribuidor,Nordeste,Central de compras,723.63,13.71,9.0,Polpa congelada_Outubro_181
2025-10-13,Polpa congelada,Outubro,10,Varejo,Sul,Empórios,637.09,12.89,7.0,Polpa congelada_Outubro_182
2025-10-06,Polpa congelada,Outubro,10,Industria,Sudeste,Indústria de bebidas,706.01,7.24,7.0,Polpa congelada_Outubro_183
2025-10-23,Polpa congelada,Outubro,10,Industria,Centro-Oeste,,675.79,7.84,8.0,Polpa congelada_Outubro_184
2025-10-07,Polpa congelada,Outubro,10,Industria,Nordeste,Indústria de sorvetes,369.46,10.46,10.0,Polpa congelada_Outubro_185
2025-10-05,Polpa congelada,Outubro,10,Food Service,Nordeste,Hotéis,709.4,9.91,8.0,Polpa congelada_Outubro_186
2025-10-29,Polpa congelada,Outubro,10,Distribuidor,Sul,Atacadista,335.09,10.8,9.0,Polpa congelada_Outubro_187
2025-10-09,Polpa congelada,Outubro,10,Industria,Nordeste,Indústria de bebidas,880.72,10.25,9.0,Polpa congelada_Outubro_188
2025-10-08,Polpa congelada,Outubro,10,Exportacao,Exterior,Importador (LATAM),528.19,10.62,7.0,Polpa congelada_Outubro_189
2025-10-28,Polpa congelada,Outubro,10,Food Service,Sul,Cafeterias,176.86,7.61,7.0,Polpa congelada_Outubro_190
2025-10-02,Polpa congelada,Outubro,10,Food Service,Nordeste,Açaíterias,421.5,7.96,8.0,Polpa congelada_Outubro_191
2025-10-13,Polpa congelada,Outubro,10,Industria,Sudeste,Indústria de ingredientes,906.49,11.35,8.0,Polpa congelada_Outubro_192
2025-10-24,Polpa congelada,Outubro,10,Food Service,Norte,Restaurantes,875.57,7.41,10.0,Polpa congelada_Outubro_193
2025-10-11,Polpa congelada,Outubro,10,Exportacao,Exterior,Trading,1291.81,11.09,9.0,Polpa congelada_Outubro_194
2025-10-23,Polpa congelada,Outubro,10,Industria,Sul,Indústria de alimentos,912.23,7.07,8.0,Polpa congelada_Outubro_195
2025-10-01,Polpa congelada,Outubro,10,Food Service,Sudeste,Açaíterias,498.52,6.95,7.0,Polpa congelada_Outubro_196
2025-10-30,Polpa congelada,Outubro,10,Industria,Sul,Indústria de ingredientes,421.76,11.78,8.0,Polpa congelada_Outubro_197
2025-10-19,Polpa congelada,Outubro,10,Exportacao,Exterior,Importador (LATAM),417.15,9.25,7.0,Polpa congelada_Outubro_198
2025-10-08,Polpa congelada,Outubro,10,Industria,Nordeste,Indústria de alimentos,433.81,11.09,10.0,Polpa congelada_Outubro_199
2025-10-08,Polpa congelada,Outubro,10,Varejo,Sudeste,Empórios,706.72,7.47,10.0,Polpa congelada_Outubro_200
2025-10-02,Polpa congelada,Outubro,10,Industria,Sudeste,Indústria de ingredientes,1013.3,8.73,6.0,Polpa congelada_Outubro_201
2025-10-12,Polpa congelada,Outubro,10,Distribuidor,Sul,Distribuidor food service,1065.82,6.52,7.0,Polpa congelada_Outubro_202
2025-10-02,Polpa congelada,Outubro,10,Food Service,Sudeste,Hotéis,327.44,10.16,6.0,Polpa congelada_Outubro_203
2025-10-26,Polpa congelada,Outubro,10,Industria,Centro-Oeste,Indústria de bebidas,930.69,8.9,8.0,Polpa congelada_Outubro_204
2025-10-22,Polpa congelada,Outubro,10,Varejo,Sul,Loja natural,395.31,12.13,9.0,Polpa congelada_Outubro_205
2025-10-14,Polpa congelada,Outubro,10,Industria,Sul,Indústria de ingredientes,461.26,11.81,8.0,Polpa congelada_Outubro_206
2025-10-26,Polpa congelada,Outubro,10,Industria,Nordeste,Indústria de laticínios,723.33,6.22,8.0,Polpa congelada_Outubro_207
2025-10-11,Polpa congelada,Outubro,10,Industria,Sul,Indústria de sorvetes,703.93,12.56,10.0,Polpa congelada_Outubro_208
2025-10-31,Polpa congelada,Outubro,10,Exportacao,Exterior,Trading,350.69,7.74,9.0,Polpa congelada_Outubro_209
2025-10-29,Polpa congelada,Outubro,10,Distribuidor,Nordeste,Atacadista,798.09,8.39,6.0,Polpa congelada_Outubro_210
2025-10-11,Polpa congelada,Outubro,10,Food Service,Sul,Restaurantes,289.58,11.88,10.0,Polpa congelada_Outubro_211
2025-10-29,Polpa congelada,Outubro,10,Food Service,Nordeste,Hotéis,425.32,7.48,8.0,Polpa congelada_Outubro_212
2025-10-14,Polpa congelada,Outubro,10,Varejo,Sudeste,Supermercados,230.14,15.14,8.0,Polpa congelada_Outubro_213
2025-10-17,Polpa congelada,Outubro,10,Food Service,Sul,Açaíterias,410.65,9.95,9.0,Polpa congelada_Outubro_214
2025-10-28,Polpa congelada,Outubro,10,Distribuidor,Norte,Central de compras,177.88,6.85,8.0,Polpa congelada_Outubro_215
2025-10-17,Polpa congelada,Outubro,10,Exportacao,Exterior,Importador (MENA),282.97,14.01,10.0,Polpa congelada_Outubro_216
2025-10-14,Polpa congelada,Outubro,10,Distribuidor,Sudeste,,814.62,12.8,7.0,Polpa congelada_Outubro_217
2025-10-21,Polpa congelada,Outubro,10,Food Service,Centro-Oeste,Cafeterias,116.51,8.83,8.0,Polpa congelada_Outubro_218
2025-10-28,Polpa congelada,Outubro,10,Distribuidor,Sudeste,Operador logístico,711.97,9.61,8.0,Polpa congelada_Outubro_219
2025-10-07,Polpa congelada,Outubro,10,Industria,Sudeste,Indústria de sorvetes,759.85,9.64,8.0,Polpa congelada_Outubro_220
2025-10-18,Polpa congelada,Outubro,10,Distribuidor,Centro-Oeste,Atacadista,1223.43,7.45,7.0,Polpa congelada_Outubro_221
2025-10-03,Polpa congelada,Outubro,10,Industria,Sul,Indústria de laticínios,939.85,11.0,9.0,Polpa congelada_Outubro_222
2025-10-08,Polpa congelada,Outubro,10,Industria,Sudeste,Indústria de laticínios,481.77,8.58,7.0,Polpa congelada_Outubro_223
2025-10-18,Polpa congelada,Outubro,10,Food Service,Centro-Oeste,Hotéis,620.82,6.74,7.0,Polpa congelada_Outubro_224
2025-10-03,Polpa congelada,Outubro,10,Industria,Sudeste,Indústria de laticínios,538.39,8.8,7.0,Polpa congelada_Outubro_225
2025-10-26,Polpa congelada,Outubro,10,Industria,Centro-Oeste,Indústria de sorvetes,1079.94,11.42,9.0,Polpa congelada_Outubro_226
2025-10-19,Polpa congelada,Outubro,10,Industria,Nordeste,Indústria de ingredientes,178.04,12.96,9.0,Polpa congelada_Outubro_227
2025-10-01,Polpa congelada,Outubro,10,Industria,Nordeste,Indústria de laticínios,777.56,7.03,7.0,Polpa congelada_Outubro_228
2025-10-16,Polpa congelada,Outubro,10,Industria,Centro-Oeste,Indústria de ingredientes,1128.15,8.97,,Polpa congelada_Outubro_229
2025-10-14,Polpa congelada,Outubro,10,Exportacao,Exterior,Importador (MENA),538.12,10.18,6.0,Polpa congelada_Outubro_230
2025-10-18,Polpa congelada,Outubro,10,Industria,Norte,Indústria de laticínios,715.88,6.8,9.0,Polpa congelada_Outubro_231
2025-10-14,Polpa congelada,Outubro,10,Industria,Nordeste,Indústria de ingredientes,482.56,11.96,8.0,Polpa congelada_Outubro_232
2025-10-18,Polpa congelada,Outubro,10,Food Service,Nordeste,Cafeterias,623.86,13.51,6.0,Polpa congelada_Outubro_233
2025-10-29,Polpa congelada,Outubro,10,Industria,Norte,Indústria de alimentos,494.75,8.74,10.0,Polpa congelada_Outubro_234
2025-10-27,Polpa congelada,Outubro,10,Industria,Sudeste,Indústria de ingredientes,1249.08,10.1,9.0,Polpa congelada_Outubro_235
2025-10-09,Polpa congelada,Outubro,10,Industria,Nordeste,Indústria de sorvetes,478.93,13.35,8.0,Polpa congelada_Outubro_236
2025-10-25,Polpa congelada,Outubro,10,Exportacao,Exterior,Importador (UE),916.25,15.67,8.0,Polpa congelada_Outubro_237
2025-10-27,Polpa congelada,Outubro,10,Food Service,Sul,Açaíterias,295.39,8.71,10.0,Polpa congelada_Outubro_238
2025-10-18,Polpa congelada,Outubro,10,Varejo,Sul,Supermercados,244.7,7.9,8.0,Polpa congelada_Outubro_239
2025-10-12,Polpa congelada,Outubro,10,Food Service,Centro-Oeste,Hotéis,211.92,10.66,8.0,Polpa congelada_Outubro_240
2025-10-17,Polpa congelada,Outubro,10,Varejo,Sudeste,Loja natural,101.44,8.59,10.0,Polpa congelada_Outubro_241
2025-10-30,Polpa congelada,Outubro,10,Distribuidor,Nordeste,Central de compras,482.34,6.17,9.0,Polpa congelada_Outubro_242
2025-10-15,Polpa congelada,Outubro,10,Varejo,Norte,E-commerce,712.38,13.51,7.0,Polpa congelada_Outubro_243
2025-10-31,Polpa congelada,Outubro,10,Distribuidor,Sudeste,Central de compras,597.35,9.52,7.0,Polpa congelada_Outubro_244
2025-10-13,Polpa congelada,Outubro,10,Distribuidor,Nordeste,Distribuidor food service,146.54,9.9,9.0,Polpa congelada_Outubro_245
2025-10-13,Polpa congelada,Outubro,10,Industria,Centro-Oeste,Indústria de sorvetes,251.33,12.07,9.0,Polpa congelada_Outubro_246
2025-10-19,Polpa congelada,Outubro,10,Distribuidor,Sudeste,Central de compras,527.42,8.22,7.0,Polpa congelada_Outubro_247
2025-10-10,Polpa congelada,Outubro,10,Exportacao,Exterior,Importador (MENA),528.13,16.25,8.0,Polpa congelada_Outubro_248
2025-10-29,Polpa congelada,Outubro,10,Distribuidor,Nordeste,Operador logístico,120.47,8.36,6.0,Polpa congelada_Outubro_249
2025-10-21,Polpa congelada,Outubro,10,Distribuidor,Norte,Distribuidor regional,858.39,6.48,6.0,Polpa congelada_Outubro_250
2025-10-13,Polpa congelada,Outubro,10,Industria,Nordeste,Indústria de laticínios,1076.85,7.77,8.0,Polpa congelada_Outubro_251
2025-10-18,Polpa congelada,Outubro,10,Distribuidor,Nordeste,Atacadista,298.06,8.9,9.0,Polpa congelada_Outubro_252
2025-10-02,Polpa congelada,Outubro,10,Varejo,Sudeste,Loja natural,360.95,14.75,10.0,Polpa congelada_Outubro_253
2025-10-14,Polpa congelada,Outubro,10,Distribuidor,Sudeste,Atacadista,955.14,11.41,10.0,Polpa congelada_Outubro_254
2025-10-04,Polpa congelada,Outubro,10,Distribuidor,Sudeste,Operador logístico,519.4,6.07,7.0,Polpa congelada_Outubro_255
2025-10-20,Polpa congelada,Outubro,10,Food Service,Nordeste,Cafeterias,774.35,13.27,6.0,Polpa congelada_Outubro_256
2025-10-27,Polpa congelada,Outubro,10,Industria,Sudeste,Indústria de ingredientes,858.37,11.61,7.0,Polpa congelada_Outubro_257
2025-10-12,Polpa congelada,Outubro,10,Industria,Sul,Indústria de sorvetes,316.19,8.17,9.0,Polpa congelada_Outubro_258
2025-10-31,Polpa congelada,Outubro,10,Distribuidor,Nordeste,Distribuidor regional,1273.09,13.07,6.0,Polpa congelada_Outubro_259
2025-10-12,Polpa congelada,Outubro,10,Industria,Nordeste,Indústria de alimentos,766.02,11.51,9.0,Polpa congelada_Outubro_260
2025-10-16,Polpa congelada,Outubro,10,Exportacao,Exterior,Importador (EUA),469.81,14.08,7.0,Polpa congelada_Outubro_261
2025-10-31,Polpa congelada,Outubro,10,Food Service,Nordeste,Confeitarias,565.82,10.77,7.0,Polpa congelada_Outubro_262
2025-10-07,Polpa congelada,Outubro,10,Distribuidor,Centro-Oeste,Distribuidor regional,471.24,10.7,8.0,Polpa congelada_Outubro_263
2025-10-19,Polpa congelada,Outubro,10,Industria,Sudeste,Indústria de alimentos,415.69,8.27,7.0,Polpa congelada_Outubro_264
2025-10-26,Polpa congelada,Outubro,10,Food Service,Sudeste,Hotéis,158.22,6.45,9.0,Polpa congelada_Outubro_265
2025-10-30,Polpa congelada,Outubro,10,Industria,Centro-Oeste,Indústria de alimentos,400.89,10.82,7.0,Polpa congelada_Outubro_266
2025-10-18,Polpa congelada,Outubro,10,Food Service,Nordeste,Cafeterias,610.42,11.6,9.0,Polpa congelada_Outubro_267
2025-10-25,Polpa congelada,Outubro,10,Industria,Sudeste,Indústria de bebidas,906.72,7.88,7.0,Polpa congelada_Outubro_268
2025-10-24,Polpa congelada,Outubro,10,Industria,Centro-Oeste,Indústria de bebidas,739.61,13.25,10.0,Polpa congelada_Outubro_269
2025-10-30,Polpa congelada,Outubro,10,Food Service,Sudeste,Hotéis,605.24,13.65,8.0,Polpa congelada_Outubro_270
2025-10-31,Polpa congelada,Outubro,10,Industria,Centro-Oeste,Indústria de alimentos,707.47,7.05,7.0,Polpa congelada_Outubro_271
2025-10-11,Polpa congelada,Outubro,10,Distribuidor,Sul,Central de compras,206.35,8.8,10.0,Polpa congelada_Outubro_272
2025-10-15,Polpa congelada,Outubro,10,Industria,Sul,Indústria de ingredientes,533.19,10.12,9.0,Polpa congelada_Outubro_273
2025-10-20,Polpa congelada,Outubro,10,Food Service,Centro-Oeste,Hotéis,492.58,9.2,8.0,Polpa congelada_Outubro_274
2025-10-02,Polpa congelada,Outubro,10,Exportacao,Exterior,Trading,525.77,10.98,9.0,Polpa congelada_Outubro_275
2025-10-11,Polpa congelada,Outubro,10,Industria,Sudeste,Indústria de laticínios,984.57,10.93,9.0,Polpa congelada_Outubro_276
2025-10-22,Polpa congelada,Outubro,10,Varejo,Nordeste,Loja natural,163.74,9.63,7.0,Polpa congelada_Outubro_277
2025-10-22,Polpa congelada,Outubro,10,Industria,Sudeste,Indústria de alimentos,821.62,11.75,8.0,Polpa congelada_Outubro_278
2025-10-24,Polpa congelada,Outubro,10,Distribuidor,Sul,Operador logístico,928.57,10.79,10.0,Polpa congelada_Outubro_279
2025-10-11,Polpa congelada,Outubro,10,Industria,Nordeste,Indústria de ingredientes,726.35,6.95,,Polpa congelada_Outubro_280
2025-10-17,Polpa congelada,Outubro,10,Food Service,Centro-Oeste,Hotéis,671.5,7.66,8.0,Polpa congelada_Outubro_281
2025-10-06,Polpa congelada,Outubro,10,Exportacao,Exterior,Importador (LATAM),923.9,14.54,7.0,Polpa congelada_Outubro_282
2025-10-01,Polpa congelada,Outubro,10,Exportacao,Exterior,Importador (MENA),950.37,11.17,10.0,Polpa congelada_Outubro_283
2025-10-01,Polpa congelada,Outubro,10,Industria,Centro-Oeste,Indústria de bebidas,913.94,12.83,9.0,Polpa congelada_Outubro_284
2025-10-11,Polpa congelada,Outubro,10,Exportacao,Exterior,Importador (UE),232.8,12.5,7.0,Polpa congelada_Outubro_285
2025-10-06,Polpa congelada,Outubro,10,Varejo,Sul,E-commerce,188.2,11.07,7.0,Polpa congelada_Outubro_286
2025-10-08,Polpa congelada,Outubro,10,Industria,Nordeste,Indústria de bebidas,470.65,13.47,9.0,Polpa congelada_Outubro_287
2025-10-16,Polpa congelada,Outubro,10,Varejo,Nordeste,E-commerce,431.56,12.5,8.0,Polpa congelada_Outubro_288
2025-10-14,Polpa congelada,Outubro,10,Food Service,Sudeste,Açaíterias,221.29,11.69,8.0,Polpa congelada_Outubro_289
2025-10-09,Polpa congelada,Outubro,10,Industria,Norte,Indústria de laticínios,704.02,6.69,10.0,Polpa congelada_Outubro_290
2025-10-09,Polpa congelada,Outubro,10,Distribuidor,Sudeste,Distribuidor food service,633.04,13.67,9.0,Polpa congelada_Outubro_291
2025-10-09,Polpa congelada,Outubro,10,Distribuidor,Sudeste,Central de compras,354.32,7.91,10.0,Polpa congelada_Outubro_292
2025-10-27,Polpa congelada,Outubro,10,Industria,Nordeste,Indústria de laticínios,1246.27,9.4,8.0,Polpa congelada_Outubro_293
2025-10-29,Polpa congelada,Outubro,10,Food Service,Nordeste,Confeitarias,360.33,11.04,9.0,Polpa congelada_Outubro_294
2025-10-29,Polpa congelada,Outubro,10,Exportacao,Exterior,Importador (EUA),567.58,13.69,9.0,Polpa congelada_Outubro_295
2025-10-31,Polpa congelada,Outubro,10,Food Service,Nordeste,Hotéis,297.08,10.84,8.0,Polpa congelada_Outubro_296
2025-10-30,Polpa congelada,Outubro,10,Varejo,Sul,Supermercados,419.35,12.42,9.0,Polpa congelada_Outubro_297
2025-10-29,Polpa congelada,Outubro,10,Industria,Nordeste,,303.43,7.17,7.0,Polpa congelada_Outubro_298
2025-10-31,Polpa congelada,Outubro,10,Exportacao,Exterior,Importador (LATAM),490.46,11.67,7.0,Polpa congelada_Outubro_299
2025-10-19,Polpa congelada,Outubro,10,Food Service,Sudeste,Açaíterias,356.62,10.94,8.0,Polpa congelada_Outubro_300
2025-10-20,Polpa congelada,Outubro,10,Varejo,Sudeste,Loja natural,971.38,9.63,9.0,Polpa congelada_Outubro_301
2025-10-19,Polpa congelada,Outubro,10,Industria,Sudeste,Indústria de alimentos,188.33,7.44,7.0,Polpa congelada_Outubro_302
2025-10-02,Polpa congelada,Outubro,10,Food Service,Nordeste,Açaíterias,161.72,6.28,7.0,Polpa congelada_Outubro_303
2025-10-07,Polpa congelada,Outubro,10,Industria,Sudeste,Indústria de sorvetes,418.23,12.15,8.0,Polpa congelada_Outubro_304
2025-10-23,Polpa congelada,Outubro,10,Varejo,Sudeste,Supermercados,138.29,6.73,9.0,Polpa congelada_Outubro_305
2025-10-26,Polpa congelada,Outubro,10,Varejo,Nordeste,Supermercados,260.65,12.28,7.0,Polpa congelada_Outubro_306
2025-10-21,Polpa congelada,Outubro,10,Food Service,Sudeste,Confeitarias,966.57,9.11,8.0,Polpa congelada_Outubro_307
2025-10-10,Polpa congelada,Outubro,10,Food Service,Nordeste,Restaurantes,822.56,9.19,8.0,Polpa congelada_Outubro_308
2025-10-03,Polpa congelada,Outubro,10,Food Service,Sudeste,Açaíterias,991.69,6.02,7.0,Polpa congelada_Outubro_309
2025-10-17,Polpa congelada,Outubro,10,Industria,Sudeste,Indústria de ingredientes,573.6,7.13,9.0,Polpa congelada_Outubro_310
2025-10-15,Polpa congelada,Outubro,10,Distribuidor,Sul,Atacadista,704.87,9.06,8.0,Polpa congelada_Outubro_311
2025-10-14,Polpa congelada,Outubro,10,Varejo,Sul,,189.92,7.04,8.0,Polpa congelada_Outubro_312
2025-10-31,Polpa congelada,Outubro,10,Varejo,Sudeste,Loja natural,619.65,9.6,8.0,Polpa congelada_Outubro_313
2025-10-01,Polpa congelada,Outubro,10,Food Service,Sudeste,Cafeterias,510.86,8.21,8.0,Polpa congelada_Outubro_314
2025-10-15,Polpa congelada,Outubro,10,Industria,Sul,Indústria de bebidas,902.79,7.14,10.0,Polpa congelada_Outubro_315
2025-10-16,Polpa congelada,Outubro,10,Distribuidor,Nordeste,Distribuidor regional,403.51,7.42,9.0,Polpa congelada_Outubro_316
2025-10-15,Polpa congelada,Outubro,10,Industria,Sudeste,Indústria de bebidas,375.89,9.37,6.0,Polpa congelada_Outubro_317
2025-10-18,Polpa congelada,Outubro,10,Food Service,Nordeste,Açaíterias,387.7,12.47,8.0,Polpa congelada_Outubro_318
2025-10-04,Polpa congelada,Outubro,10,Exportacao,Exterior,Importador (UE),179.75,7.64,6.0,Polpa congelada_Outubro_319
2025-10-05,Polpa congelada,Outubro,10,Industria,Sudeste,Indústria de alimentos,204.9,7.04,7.0,Polpa congelada_Outubro_320
2025-10-02,Polpa congelada,Outubro,10,Varejo,Nordeste,Loja natural,290.72,14.57,10.0,Polpa congelada_Outubro_321
2025-10-23,Polpa congelada,Outubro,10,Food Service,Sudeste,Hotéis,767.94,11.48,7.0,Polpa congelada_Outubro_322
2025-10-10,Polpa congelada,Outubro,10,Varejo,Nordeste,Empórios,791.13,7.67,10.0,Polpa congelada_Outubro_323
2025-10-11,Polpa congelada,Outubro,10,Food Service,Sudeste,Restaurantes,859.08,6.32,7.0,Polpa congelada_Outubro_324
2025-10-17,Polpa congelada,Outubro,10,Distribuidor,Norte,Distribuidor regional,615.88,7.79,8.0,Polpa congelada_Outubro_325
2025-10-29,Polpa congelada,Outubro,10,Exportacao,Exterior,Trading,988.33,12.66,8.0,Polpa congelada_Outubro_326
2025-10-30,Polpa congelada,Outubro,10,Distribuidor,Sudeste,Central de compras,1062.31,7.85,9.0,Polpa congelada_Outubro_327
2025-10-08,Polpa congelada,Outubro,10,Industria,Centro-Oeste,Indústria de ingredientes,336.1,11.57,9.0,Polpa congelada_Outubro_328
2025-10-14,Polpa congelada,Outubro,10,Industria,Centro-Oeste,Indústria de laticínios,188.84,10.52,9.0,Polpa congelada_Outubro_329
2025-10-08,Polpa congelada,Outubro,10,Industria,Sul,Indústria de laticínios,1288.0,7.61,9.0,Polpa congelada_Outubro_330
2025-10-13,Polpa congelada,Outubro,10,Distribuidor,Sudeste,Operador logístico,496.72,6.85,,Polpa congelada_Outubro_331
2025-10-16,Polpa congelada,Outubro,10,Distribuidor,Sul,Distribuidor food service,656.26,12.82,8.0,Polpa congelada_Outubro_332
2025-10-16,Polpa congelada,Outubro,10,Varejo,Nordeste,Atacarejo,941.76,8.27,10.0,Polpa congelada_Outubro_333
2025-10-29,Polpa congelada,Outubro,10,Industria,Sudeste,Indústria de sorvetes,284.89,8.23,,Polpa congelada_Outubro_334
2025-10-28,Polpa congelada,Outubro,10,Industria,Sudeste,Indústria de laticínios,850.92,7.22,10.0,Polpa congelada_Outubro_335
2025-10-21,Polpa congelada,Outubro,10,Food Service,Nordeste,Restaurantes,781.74,11.12,10.0,Polpa congelada_Outubro_336
2025-10-31,Polpa congelada,Outubro,10,Food Service,Sudeste,Hotéis,367.19,7.67,6.0,Polpa congelada_Outubro_337
2025-10-16,Polpa congelada,Outubro,10,Industria,Nordeste,Indústria de ingredientes,1153.09,10.72,8.0,Polpa congelada_Outubro_338
2025-10-21,Polpa congelada,Outubro,10,Industria,Norte,Indústria de laticínios,448.55,13.01,6.0,Polpa congelada_Outubro_339
2025-10-18,Polpa congelada,Outubro,10,Distribuidor,Sudeste,Central de compras,417.13,12.04,7.0,Polpa congelada_Outubro_340
2025-10-18,Polpa congelada,Outubro,10,Food Service,Centro-Oeste,Restaurantes,190.57,13.68,10.0,Polpa congelada_Outubro_341
2025-10-11,Polpa congelada,Outubro,10,Varejo,Nordeste,Supermercados,800.07,8.5,8.0,Polpa congelada_Outubro_342
2025-10-02,Polpa congelada,Outubro,10,Food Service,Sudeste,Cafeterias,596.28,10.97,4.0,Polpa congelada_Outubro_343
2025-10-07,Polpa congelada,Outubro,10,Distribuidor,Sudeste,Distribuidor regional,217.99,6.98,10.0,Polpa congelada_Outubro_344
2025-10-03,Polpa congelada,Outubro,10,Industria,Sudeste,Indústria de laticínios,245.32,12.15,9.0,Polpa congelada_Outubro_345
2025-10-02,Polpa congelada,Outubro,10,Distribuidor,Centro-Oeste,Distribuidor food service,615.01,10.12,8.0,Polpa congelada_Outubro_346
2025-10-15,Polpa congelada,Outubro,10,Distribuidor,Sul,Operador logístico,456.91,6.31,6.0,Polpa congelada_Outubro_347
2025-10-14,Polpa congelada,Outubro,10,Food Service,Nordeste,Açaíterias,255.88,11.12,7.0,Polpa congelada_Outubro_348
2025-10-08,Polpa congelada,Outubro,10,Varejo,Sudeste,Atacarejo,164.19,10.76,9.0,Polpa congelada_Outubro_349
2025-10-20,Polpa congelada,Outubro,10,Industria,Centro-Oeste,Indústria de alimentos,378.3,7.33,8.0,Polpa congelada_Outubro_350
2025-10-23,Polpa congelada,Outubro,10,Food Service,Nordeste,Açaíterias,823.95,8.02,8.0,Polpa congelada_Outubro_351
2025-10-28,Polpa congelada,Outubro,10,Industria,Sul,Indústria de ingredientes,287.04,7.64,9.0,Polpa congelada_Outubro_352
2025-10-07,Polpa congelada,Outubro,10,Industria,Sul,Indústria de alimentos,152.67,7.38,9.0,Polpa congelada_Outubro_353
2025-10-26,Polpa congelada,Outubro,10,Food Service,Sudeste,Confeitarias,154.55,6.12,10.0,Polpa congelada_Outubro_354
2025-10-22,Polpa congelada,Outubro,10,Industria,Nordeste,Indústria de sorvetes,702.5,7.57,7.0,Polpa congelada_Outubro_355
2025-10-12,Polpa congelada,Outubro,10,Distribuidor,Sul,Atacadista,561.35,13.55,8.0,Polpa congelada_Outubro_356
2025-10-26,Polpa congelada,Outubro,10,Industria,Sul,Indústria de bebidas,234.63,10.51,8.0,Polpa congelada_Outubro_357
2025-10-12,Polpa congelada,Outubro,10,Food Service,Sudeste,Açaíterias,715.99,13.79,8.0,Polpa congelada_Outubro_358
2025-10-26,Polpa congelada,Outubro,10,Distribuidor,Sul,Central de compras,968.52,9.45,9.0,Polpa congelada_Outubro_359
2025-10-24,Polpa congelada,Outubro,10,Distribuidor,Sudeste,Atacadista,1118.44,8.97,10.0,Polpa congelada_Outubro_360
2025-10-27,Polpa congelada,Outubro,10,Food Service,Nordeste,Açaíterias,139.31,7.16,9.0,Polpa congelada_Outubro_361
2025-10-11,Polpa congelada,Outubro,10,Food Service,Sudeste,Hotéis,875.8,13.61,9.0,Polpa congelada_Outubro_362
2025-10-11,Polpa congelada,Outubro,10,Food Service,Sudeste,Açaíterias,238.77,12.38,9.0,Polpa congelada_Outubro_363
2025-10-27,Polpa congelada,Outubro,10,Varejo,Sul,Supermercados,532.52,8.88,7.0,Polpa congelada_Outubro_364
2025-10-17,Polpa congelada,Outubro,10,Food Service,Sul,Cafeterias,319.45,10.78,10.0,Polpa congelada_Outubro_365
2025-10-13,Polpa congelada,Outubro,10,Food Service,Sudeste,Cafeterias,738.42,10.06,8.0,Polpa congelada_Outubro_366
2025-10-26,Polpa congelada,Outubro,10,Food Service,Centro-Oeste,Açaíterias,547.73,6.44,10.0,Polpa congelada_Outubro_367
2025-10-17,Polpa congelada,Outubro,10,Exportacao,Exterior,Importador (LATAM),713.8,14.63,10.0,Polpa congelada_Outubro_368
2025-10-13,Polpa congelada,Outubro,10,Exportacao,Exterior,Importador (EUA),594.41,9.2,9.0,Polpa congelada_Outubro_369
2025-10-30,Polpa congelada,Outubro,10,Industria,Sul,Indústria de laticínios,404.36,10.45,8.0,Polpa congelada_Outubro_370
2025-10-29,Polpa congelada,Outubro,10,Distribuidor,Centro-Oeste,Atacadista,161.39,13.1,6.0,Polpa congelada_Outubro_371
2025-10-31,Polpa congelada,Outubro,10,Industria,Norte,Indústria de laticínios,1196.59,11.38,8.0,Polpa congelada_Outubro_372
2025-10-13,Polpa congelada,Outubro,10,Industria,Sudeste,Indústria de alimentos,889.26,10.91,9.0,Polpa congelada_Outubro_373
2025-10-01,Polpa congelada,Outubro,10,Industria,Centro-Oeste,Indústria de alimentos,936.44,10.86,7.0,Polpa congelada_Outubro_374
2025-10-09,Polpa congelada,Outubro,10,Food Service,Sul,Açaíterias,459.02,10.1,10.0,Polpa congelada_Outubro_375
2025-10-03,Polpa congelada,Outubro,10,Distribuidor,Sudeste,Distribuidor regional,908.78,11.45,9.0,Polpa congelada_Outubro_376
2025-10-21,Polpa congelada,Outubro,10,Industria,Sudeste,Indústria de laticínios,1043.52,8.91,8.0,Polpa congelada_Outubro_377
2025-10-12,Polpa congelada,Outubro,10,Industria,Sudeste,Indústria de ingredientes,364.92,9.22,7.0,Polpa congelada_Outubro_378
2025-10-24,Polpa congelada,Outubro,10,Industria,Centro-Oeste,Indústria de bebidas,152.1,11.42,7.0,Polpa congelada_Outubro_379
2025-10-21,Polpa congelada,Outubro,10,Distribuidor,Sudeste,Central de compras,478.86,7.53,8.0,Polpa congelada_Outubro_380
2025-10-02,Polpa congelada,Outubro,10,Industria,Sudeste,Indústria de sorvetes,1020.74,12.59,8.0,Polpa congelada_Outubro_381
2025-10-13,Polpa congelada,Outubro,10,Industria,Norte,Indústria de alimentos,1013.15,12.81,9.0,Polpa congelada_Outubro_382
2025-10-05,Polpa congelada,Outubro,10,Industria,Sudeste,Indústria de bebidas,225.4,9.77,7.0,Polpa congelada_Outubro_383
2025-10-08,Polpa congelada,Outubro,10,Distribuidor,Sul,Distribuidor food service,638.02,11.89,7.0,Polpa congelada_Outubro_384
2025-10-17,Polpa congelada,Outubro,10,Industria,Sudeste,Indústria de sorvetes,846.22,9.6,8.0,Polpa congelada_Outubro_385
2025-10-18,Polpa congelada,Outubro,10,Industria,Nordeste,Indústria de sorvetes,669.16,6.18,7.0,Polpa congelada_Outubro_386
2025-10-29,Polpa congelada,Outubro,10,Exportacao,Exterior,Importador (UE),997.51,9.95,9.0,Polpa congelada_Outubro_387
2025-10-06,Polpa congelada,Outubro,10,Industria,Norte,Indústria de laticínios,583.88,12.48,9.0,Polpa congelada_Outubro_388
2025-10-10,Polpa congelada,Outubro,10,Exportacao,Exterior,Trading,220.35,10.61,8.0,Polpa congelada_Outubro_389
2025-10-11,Polpa congelada,Outubro,10,Industria,Sudeste,Indústria de alimentos,544.95,7.88,8.0,Polpa congelada_Outubro_390
2025-10-25,Polpa congelada,Outubro,10,Distribuidor,Nordeste,Operador logístico,562.32,7.34,6.0,Polpa congelada_Outubro_391
2025-10-20,Polpa congelada,Outubro,10,Industria,Sul,Indústria de bebidas,715.61,10.77,6.0,Polpa congelada_Outubro_392
2025-10-02,Polpa congelada,Outubro,10,Food Service,Nordeste,Restaurantes,553.78,8.64,9.0,Polpa congelada_Outubro_393
2025-10-14,Polpa congelada,Outubro,10,Industria,Sul,Indústria de sorvetes,188.17,8.21,10.0,Polpa congelada_Outubro_394
2025-10-05,Polpa congelada,Outubro,10,Food Service,Nordeste,Açaíterias,971.45,12.18,9.0,Polpa congelada_Outubro_395
2025-10-10,Polpa congelada,Outubro,10,Food Service,Norte,Restaurantes,692.15,9.98,8.0,Polpa congelada_Outubro_396
2025-10-12,Polpa congelada,Outubro,10,Varejo,Nordeste,Supermercados,682.84,13.77,10.0,Polpa congelada_Outubro_397
2025-10-02,Polpa congelada,Outubro,10,Industria,Nordeste,Indústria de sorvetes,1112.85,9.0,7.0,Polpa congelada_Outubro_398
2025-10-05,Polpa congelada,Outubro,10,Industria,Nordeste,Indústria de bebidas,148.21,12.38,7.0,Polpa congelada_Outubro_399
2025-10-02,Polpa congelada,Outubro,10,Distribuidor,Nordeste,Atacadista,1087.51,9.76,9.0,Polpa congelada_Outubro_400
2025-10-04,Polpa congelada,Outubro,10,Distribuidor,Norte,Atacadista,530.95,7.43,9.0,Polpa congelada_Outubro_401
2025-10-02,Polpa congelada,Outubro,10,Food Service,Centro-Oeste,Restaurantes,454.93,10.18,8.0,Polpa congelada_Outubro_402
2025-10-10,Polpa congelada,Outubro,10,Exportacao,Exterior,Importador (EUA),125.17,11.02,8.0,Polpa congelada_Outubro_403
2025-10-18,Polpa congelada,Outubro,10,Industria,Sudeste,Indústria de bebidas,583.31,11.09,9.0,Polpa congelada_Outubro_404
2025-10-05,Polpa congelada,Outubro,10,Industria,Centro-Oeste,Indústria de laticínios,1222.61,6.17,7.0,Polpa congelada_Outubro_405
2025-10-11,Polpa congelada,Outubro,10,Food Service,Sudeste,Cafeterias,255.7,9.22,8.0,Polpa congelada_Outubro_406
2025-10-28,Polpa congelada,Outubro,10,Exportacao,Exterior,Importador (MENA),1051.21,7.26,8.0,Polpa congelada_Outubro_407
2025-10-26,Polpa congelada,Outubro,10,Industria,Sul,Indústria de ingredientes,229.52,10.88,9.0,Polpa congelada_Outubro_408
2025-10-14,Polpa congelada,Outubro,10,Industria,Centro-Oeste,Indústria de alimentos,932.18,10.46,8.0,Polpa congelada_Outubro_409
2025-10-03,Polpa congelada,Outubro,10,Distribuidor,Norte,Distribuidor food service,520.78,12.67,9.0,Polpa congelada_Outubro_410
2025-10-13,Polpa congelada,Outubro,10,Industria,Sul,Indústria de sorvetes,861.73,8.04,9.0,Polpa congelada_Outubro_411
2025-10-24,Polpa congelada,Outubro,10,Food Service,Nordeste,Açaíterias,599.35,8.36,9.0,Polpa congelada_Outubro_412
2025-10-20,Polpa congelada,Outubro,10,Distribuidor,Nordeste,Operador logístico,486.08,7.94,9.0,Polpa congelada_Outubro_413
2025-10-27,Polpa congelada,Outubro,10,Industria,Sul,Indústria de laticínios,897.44,6.77,7.0,Polpa congelada_Outubro_414
2025-10-02,Polpa congelada,Outubro,10,Distribuidor,Sul,Distribuidor food service,782.9,6.7,9.0,Polpa congelada_Outubro_415
2025-10-29,Polpa congelada,Outubro,10,Distribuidor,Norte,Central de compras,617.68,13.74,7.0,Polpa congelada_Outubro_416
2025-10-28,Polpa congelada,Outubro,10,Distribuidor,Norte,Central de compras,1134.56,8.58,7.0,Polpa congelada_Outubro_417
2025-10-02,Polpa congelada,Outubro,10,Food Service,Sudeste,Confeitarias,786.64,11.04,6.0,Polpa congelada_Outubro_418
2025-10-10,Polpa congelada,Outubro,10,Exportacao,Exterior,Trading,1160.75,11.97,8.0,Polpa congelada_Outubro_419
2025-10-06,Polpa congelada,Outubro,10,Distribuidor,Centro-Oeste,Central de compras,639.86,12.93,10.0,Polpa congelada_Outubro_420
2025-10-16,Polpa congelada,Outubro,10,Distribuidor,Sudeste,Atacadista,691.34,9.55,8.0,Polpa congelada_Outubro_421
2025-10-01,Polpa congelada,Outubro,10,Exportacao,Exterior,Importador (UE),1147.81,8.47,8.0,Polpa congelada_Outubro_422
2025-10-03,Polpa congelada,Outubro,10,Industria,Sudeste,Indústria de alimentos,564.2,11.77,7.0,Polpa congelada_Outubro_423
2025-10-16,Polpa congelada,Outubro,10,Distribuidor,Sudeste,Operador logístico,1211.55,7.0,9.0,Polpa congelada_Outubro_424
2025-10-09,Polpa congelada,Outubro,10,Industria,Nordeste,Indústria de alimentos,718.48,9.15,6.0,Polpa congelada_Outubro_425
2025-10-06,Polpa congelada,Outubro,10,Industria,Sudeste,Indústria de laticínios,1211.82,10.07,9.0,Polpa congelada_Outubro_426
2025-10-12,Polpa congelada,Outubro,10,Food Service,Sudeste,Restaurantes,904.59,8.35,8.0,Polpa congelada_Outubro_427
2025-10-05,Polpa congelada,Outubro,10,Industria,Sudeste,Indústria de sorvetes,995.1,13.15,7.0,Polpa congelada_Outubro_428
2025-10-16,Polpa congelada,Outubro,10,Food Service,Nordeste,Confeitarias,127.42,9.72,10.0,Polpa congelada_Outubro_429
2025-10-31,Polpa congelada,Outubro,10,Distribuidor,Sudeste,Distribuidor regional,1144.36,10.72,10.0,Polpa congelada_Outubro_430
2025-10-13,Polpa congelada,Outubro,10,Industria,Sudeste,Indústria de alimentos,841.37,12.66,7.0,Polpa congelada_Outubro_431
2025-10-01,Polpa congelada,Outubro,10,Industria,Sul,Indústria de bebidas,923.41,11.95,7.0,Polpa congelada_Outubro_432
2025-10-19,Polpa congelada,Outubro,10,Varejo,Sudeste,Supermercados,230.13,12.42,7.0,Polpa congelada_Outubro_433
2025-10-30,Polpa congelada,Outubro,10,Distribuidor,Sudeste,Central de compras,129.02,8.01,10.0,Polpa congelada_Outubro_434
2025-10-29,Polpa congelada,Outubro,10,Varejo,Nordeste,Supermercados,809.87,10.38,7.0,Polpa congelada_Outubro_435
2025-10-27,Polpa congelada,Outubro,10,Industria,Norte,Indústria de laticínios,902.36,6.09,8.0,Polpa congelada_Outubro_436
2025-10-25,Polpa congelada,Outubro,10,Food Service,Sudeste,Restaurantes,895.7,8.29,10.0,Polpa congelada_Outubro_437
2025-10-06,Polpa congelada,Outubro,10,Distribuidor,Norte,Distribuidor regional,414.89,8.42,9.0,Polpa congelada_Outubro_438
2025-10-20,Polpa congelada,Outubro,10,Industria,Sudeste,Indústria de sorvetes,840.05,12.9,7.0,Polpa congelada_Outubro_439
2025-10-20,Polpa congelada,Outubro,10,Food Service,Sudeste,Restaurantes,236.48,11.73,9.0,Polpa congelada_Outubro_440
2025-10-14,Polpa congelada,Outubro,10,Varejo,Centro-Oeste,Atacarejo,486.98,13.82,8.0,Polpa congelada_Outubro_441
2025-10-24,Polpa congelada,Outubro,10,Varejo,Sul,Supermercados,401.25,12.49,8.0,Polpa congelada_Outubro_442
2025-10-13,Polpa congelada,Outubro,10,Industria,Centro-Oeste,Indústria de sorvetes,846.83,8.68,8.0,Polpa congelada_Outubro_443
2025-10-02,Polpa congelada,Outubro,10,Industria,Sul,Indústria de ingredientes,529.94,6.19,9.0,Polpa congelada_Outubro_444
2025-10-02,Polpa congelada,Outubro,10,Industria,Sul,Indústria de ingredientes,1158.31,13.51,8.0,Polpa congelada_Outubro_445
2025-10-12,Polpa congelada,Outubro,10,Industria,Sudeste,Indústria de bebidas,1219.8,12.27,10.0,Polpa congelada_Outubro_446
2025-10-30,Polpa congelada,Outubro,10,Industria,Sudeste,Indústria de ingredientes,537.68,8.4,8.0,Polpa congelada_Outubro_447
2025-10-21,Polpa congelada,Outubro,10,Industria,Sudeste,Indústria de laticínios,716.96,10.34,7.0,Polpa congelada_Outubro_448
2025-10-04,Polpa congelada,Outubro,10,Distribuidor,Sul,Distribuidor regional,217.88,9.19,7.0,Polpa congelada_Outubro_449
2025-10-09,Polpa congelada,Outubro,10,Food Service,Nordeste,Açaíterias,357.12,9.18,10.0,Polpa congelada_Outubro_450
2025-10-26,Polpa congelada,Outubro,10,Industria,Norte,Indústria de ingredientes,582.14,9.42,10.0,Polpa congelada_Outubro_451
2025-10-06,Polpa congelada,Outubro,10,Industria,Sudeste,Indústria de ingredientes,449.07,6.03,7.0,Polpa congelada_Outubro_452
2025-10-30,Polpa congelada,Outubro,10,Distribuidor,Centro-Oeste,Central de compras,421.64,7.68,8.0,Polpa congelada_Outubro_453
2025-10-27,Polpa congelada,Outubro,10,Distribuidor,Sudeste,Central de compras,305.62,11.12,4.0,Polpa congelada_Outubro_454
2025-10-26,Polpa congelada,Outubro,10,Exportacao,Exterior,Importador (UE),249.38,7.26,8.0,Polpa congelada_Outubro_455
2025-10-01,Polpa congelada,Outubro,10,Varejo,Nordeste,E-commerce,877.59,10.85,8.0,Polpa congelada_Outubro_456
2025-10-24,Polpa congelada,Outubro,10,Food Service,Nordeste,Hotéis,668.5,11.61,9.0,Polpa congelada_Outubro_457
2025-10-01,Polpa congelada,Outubro,10,Food Service,Norte,Açaíterias,676.87,6.2,9.0,Polpa congelada_Outubro_458
2025-10-02,Polpa congelada,Outubro,10,Food Service,Sul,Hotéis,984.01,6.15,7.0,Polpa congelada_Outubro_459
2025-10-14,Polpa congelada,Outubro,10,Distribuidor,Sudeste,Operador logístico,528.68,12.92,8.0,Polpa congelada_Outubro_460
2025-10-08,Polpa congelada,Outubro,10,Food Service,Nordeste,Cafeterias,269.91,8.15,9.0,Polpa congelada_Outubro_461
2025-10-10,Polpa congelada,Outubro,10,Varejo,Nordeste,,237.57,7.81,7.0,Polpa congelada_Outubro_462
2025-10-05,Polpa congelada,Outubro,10,Food Service,Nordeste,Hotéis,829.02,10.26,9.0,Polpa congelada_Outubro_463
2025-10-09,Polpa congelada,Outubro,10,Industria,Norte,Indústria de bebidas,274.91,9.89,9.0,Polpa congelada_Outubro_464
2025-10-15,Polpa congelada,Outubro,10,Industria,Sul,Indústria de bebidas,1168.06,12.57,7.0,Polpa congelada_Outubro_465
2025-10-16,Polpa congelada,Outubro,10,Industria,Sudeste,Indústria de laticínios,257.19,10.96,7.0,Polpa congelada_Outubro_466
2025-10-10,Polpa congelada,Outubro,10,Food Service,Nordeste,Açaíterias,870.97,12.08,7.0,Polpa congelada_Outubro_467
2025-10-22,Polpa congelada,Outubro,10,Industria,Sul,Indústria de bebidas,603.07,10.47,8.0,Polpa congelada_Outubro_468
2025-10-18,Polpa congelada,Outubro,10,Industria,Norte,Indústria de laticínios,267.23,13.56,9.0,Polpa congelada_Outubro_469
2025-10-01,Polpa congelada,Outubro,10,Distribuidor,Centro-Oeste,Distribuidor food service,1162.77,13.74,10.0,Polpa congelada_Outubro_470
2025-10-05,Polpa congelada,Outubro,10,Food Service,Nordeste,Hotéis,533.73,13.55,9.0,Polpa congelada_Outubro_471
2025-10-17,Polpa congelada,Outubro,10,Food Service,Nordeste,Restaurantes,477.15,12.63,9.0,Polpa congelada_Outubro_472
2025-10-13,Polpa congelada,Outubro,10,Distribuidor,Sul,Operador logístico,502.61,9.49,9.0,Polpa congelada_Outubro_473
2025-10-31,Polpa congelada,Outubro,10,Industria,Sudeste,Indústria de bebidas,478.97,8.89,10.0,Polpa congelada_Outubro_474
2025-10-21,Polpa congelada,Outubro,10,Food Service,Sudeste,Restaurantes,877.9,13.39,8.0,Polpa congelada_Outubro_475
2025-10-04,Polpa congelada,Outubro,10,Industria,Nordeste,Indústria de sorvetes,1033.39,10.39,8.0,Polpa congelada_Outubro_476
2025-10-25,Polpa congelada,Outubro,10,Food Service,Norte,Cafeterias,361.51,7.75,7.0,Polpa congelada_Outubro_477
2025-10-08,Polpa congelada,Outubro,10,Food Service,Sudeste,Hotéis,967.74,12.1,9.0,Polpa congelada_Outubro_478
2025-10-17,Polpa congelada,Outubro,10,Food Service,Sul,Açaíterias,979.4,10.31,9.0,Polpa congelada_Outubro_479
2025-10-10,Polpa congelada,Outubro,10,Food Service,Sudeste,Açaíterias,234.08,13.5,8.0,Polpa congelada_Outubro_480
2025-10-02,Polpa congelada,Outubro,10,Industria,Sudeste,Indústria de ingredientes,602.05,13.13,8.0,Polpa congelada_Outubro_481
2025-10-31,Polpa congelada,Outubro,10,Distribuidor,Nordeste,Operador logístico,366.89,11.35,6.0,Polpa congelada_Outubro_482
2025-10-03,Polpa congelada,Outubro,10,Food Service,Nordeste,Hotéis,629.75,10.42,9.0,Polpa congelada_Outubro_483
2025-10-24,Polpa congelada,Outubro,10,Industria,Norte,Indústria de laticínios,703.48,6.89,7.0,Polpa congelada_Outubro_484
2025-10-20,Polpa congelada,Outubro,10,Food Service,Centro-Oeste,Cafeterias,151.1,8.89,10.0,Polpa congelada_Outubro_485
2025-10-25,Polpa congelada,Outubro,10,Industria,Sudeste,Indústria de alimentos,516.92,10.51,8.0,Polpa congelada_Outubro_486
2025-10-05,Polpa congelada,Outubro,10,Industria,Sudeste,Indústria de bebidas,843.31,10.21,9.0,Polpa congelada_Outubro_487
2025-10-14,Polpa congelada,Outubro,10,Industria,Nordeste,Indústria de alimentos,459.39,11.46,6.0,Polpa congelada_Outubro_488
2025-10-07,Polpa congelada,Outubro,10,Exportacao,Exterior,Trading,1054.69,9.27,7.0,Polpa congelada_Outubro_489
2025-10-02,Polpa congelada,Outubro,10,Distribuidor,Sul,Distribuidor regional,142.12,13.23,8.0,Polpa congelada_Outubro_490
2025-10-15,Polpa congelada,Outubro,10,Industria,Norte,Indústria de sorvetes,478.62,6.5,7.0,Polpa congelada_Outubro_491
2025-10-04,Polpa congelada,Outubro,10,Industria,Centro-Oeste,Indústria de laticínios,316.39,12.2,8.0,Polpa congelada_Outubro_492
2025-10-24,Polpa congelada,Outubro,10,Industria,Nordeste,Indústria de bebidas,734.65,9.62,8.0,Polpa congelada_Outubro_493
2025-10-03,Polpa congelada,Outubro,10,Exportacao,Exterior,Importador (UE),899.29,8.27,8.0,Polpa congelada_Outubro_494
2025-10-28,Polpa congelada,Outubro,10,Food Service,Sul,Açaíterias,835.73,8.25,9.0,Polpa congelada_Outubro_495
2025-10-29,Polpa congelada,Outubro,10,Distribuidor,Sudeste,Distribuidor regional,1168.62,12.1,9.0,Polpa congelada_Outubro_496
2025-10-29,Polpa congelada,Outubro,10,Industria,Centro-Oeste,Indústria de alimentos,523.96,6.3,9.0,Polpa congelada_Outubro_497
2025-10-24,Polpa congelada,Outubro,10,Food Service,Sudeste,Confeitarias,830.83,11.74,8.0,Polpa congelada_Outubro_498
2025-10-11,Polpa congelada,Outubro,10,Food Service,Sudeste,Hotéis,292.26,10.23,9.0,Polpa congelada_Outubro_499
2025-10-13,Polpa congelada,Outubro,10,Distribuidor,Sudeste,Atacadista,1100.28,10.08,9.0,Polpa congelada_Outubro_500
2025-10-19,Polpa congelada,Outubro,10,Industria,Sudeste,Indústria de alimentos,643.74,11.47,7.0,Polpa congelada_Outubro_501
2025-10-30,Polpa congelada,Outubro,10,Food Service,Sudeste,Restaurantes,336.98,11.57,7.0,Polpa congelada_Outubro_502
2025-10-26,Polpa congelada,Outubro,10,Industria,Sudeste,Indústria de sorvetes,481.12,7.71,9.0,Polpa congelada_Outubro_503
2025-10-08,Polpa congelada,Outubro,10,Food Service,Norte,Confeitarias,322.27,10.51,7.0,Polpa congelada_Outubro_504
2025-10-11,Polpa congelada,Outubro,10,Food Service,Norte,Restaurantes,419.64,11.63,8.0,Polpa congelada_Outubro_505
2025-10-14,Polpa congelada,Outubro,10,Industria,Sudeste,Indústria de ingredientes,113.24,7.96,7.0,Polpa congelada_Outubro_506
2025-10-15,Polpa congelada,Outubro,10,Industria,Norte,Indústria de ingredientes,1145.2,12.49,9.0,Polpa congelada_Outubro_507
2025-10-11,Polpa congelada,Outubro,10,Food Service,Sudeste,Restaurantes,988.18,6.47,7.0,Polpa congelada_Outubro_508
2025-10-17,Polpa congelada,Outubro,10,Food Service,Centro-Oeste,Cafeterias,94.11,11.91,5.0,Polpa congelada_Outubro_509
2025-10-01,Polpa congelada,Outubro,10,Exportacao,Exterior,Importador (LATAM),435.25,6.43,8.0,Polpa congelada_Outubro_510
2025-10-06,Polpa congelada,Outubro,10,Distribuidor,Nordeste,Distribuidor food service,1200.09,9.42,8.0,Polpa congelada_Outubro_511
2025-10-16,Polpa congelada,Outubro,10,Distribuidor,Sudeste,Central de compras,1010.66,7.88,10.0,Polpa congelada_Outubro_512
2025-10-29,Polpa congelada,Outubro,10,Exportacao,Exterior,Importador (LATAM),323.26,9.21,7.0,Polpa congelada_Outubro_513
2025-10-16,Polpa congelada,Outubro,10,Industria,Nordeste,Indústria de ingredientes,986.16,9.63,7.0,Polpa congelada_Outubro_514
2025-10-18,Polpa congelada,Outubro,10,Distribuidor,Sul,Operador logístico,336.77,9.73,9.0,Polpa congelada_Outubro_515
2025-10-31,Polpa congelada,Outubro,10,Industria,Sudeste,Indústria de ingredientes,774.02,12.17,8.0,Polpa congelada_Outubro_516
2025-10-30,Polpa congelada,Outubro,10,Varejo,Sul,E-commerce,566.82,13.27,8.0,Polpa congelada_Outubro_517
2025-10-02,Polpa congelada,Outubro,10,Industria,Centro-Oeste,Indústria de sorvetes,969.71,10.93,6.0,Polpa congelada_Outubro_518
2025-10-28,Polpa congelada,Outubro,10,Distribuidor,Nordeste,Atacadista,576.87,13.08,6.0,Polpa congelada_Outubro_519
2025-10-22,Polpa congelada,Outubro,10,Food Service,Nordeste,Hotéis,403.77,9.43,8.0,Polpa congelada_Outubro_520
2025-10-12,Polpa congelada,Outubro,10,Distribuidor,Nordeste,Atacadista,912.65,11.9,7.0,Polpa congelada_Outubro_521
2025-10-19,Polpa congelada,Outubro,10,Exportacao,Exterior,Importador (MENA),697.0,11.49,8.0,Polpa congelada_Outubro_522
2025-10-04,Polpa congelada,Outubro,10,Food Service,Nordeste,Confeitarias,442.42,11.86,7.0,Polpa congelada_Outubro_523
2025-10-27,Polpa congelada,Outubro,10,Varejo,Sudeste,Atacarejo,490.28,12.44,10.0,Polpa congelada_Outubro_524
2025-10-14,Polpa congelada,Outubro,10,Food Service,Sul,Cafeterias,602.94,9.0,9.0,Polpa congelada_Outubro_525
2025-10-27,Polpa congelada,Outubro,10,Industria,Sul,Indústria de bebidas,714.25,11.64,8.0,Polpa congelada_Outubro_526
2025-10-26,Polpa congelada,Outubro,10,Distribuidor,Norte,,196.86,6.67,8.0,Polpa congelada_Outubro_527
2025-10-17,Polpa congelada,Outubro,10,Distribuidor,Sul,Operador logístico,165.35,6.94,6.0,Polpa congelada_Outubro_528
2025-10-19,Polpa congelada,Outubro,10,Industria,Nordeste,Indústria de ingredientes,136.68,11.13,8.0,Polpa congelada_Outubro_529
2025-10-20,Polpa congelada,Outubro,10,Industria,Sudeste,Indústria de bebidas,493.79,9.37,9.0,Polpa congelada_Outubro_530
2025-10-17,Polpa congelada,Outubro,10,Food Service,Centro-Oeste,Confeitarias,576.94,10.95,8.0,Polpa congelada_Outubro_531
2025-10-16,Polpa congelada,Outubro,10,Food Service,Sudeste,Restaurantes,387.06,6.85,8.0,Polpa congelada_Outubro_532
2025-10-19,Polpa congelada,Outubro,10,Industria,Sul,Indústria de sorvetes,650.94,8.03,10.0,Polpa congelada_Outubro_533
2025-10-26,Polpa congelada,Outubro,10,Industria,Sul,,201.96,10.42,9.0,Polpa congelada_Outubro_534
2025-10-05,Polpa congelada,Outubro,10,Food Service,Norte,Açaíterias,720.04,9.08,6.0,Polpa congelada_Outubro_535
2025-10-28,Polpa congelada,Outubro,10,Exportacao,Exterior,Importador (UE),855.54,10.32,10.0,Polpa congelada_Outubro_536
2025-10-27,Polpa congelada,Outubro,10,Exportacao,Exterior,Trading,121.27,13.38,9.0,Polpa congelada_Outubro_537
2025-10-09,Polpa congelada,Outubro,10,Food Service,Nordeste,Hotéis,918.94,13.57,9.0,Polpa congelada_Outubro_538
2025-10-04,Polpa congelada,Outubro,10,Industria,Sudeste,Indústria de laticínios,800.69,13.1,9.0,Polpa congelada_Outubro_539
2025-10-03,Polpa congelada,Outubro,10,Industria,Sul,,760.23,8.0,8.0,Polpa congelada_Outubro_540
2025-10-23,Polpa congelada,Outubro,10,Industria,Sul,Indústria de bebidas,134.02,13.32,8.0,Polpa congelada_Outubro_541
2025-10-13,Polpa congelada,Outubro,10,Industria,Sudeste,Indústria de ingredientes,846.37,7.76,9.0,Polpa congelada_Outubro_542
2025-10-16,Polpa congelada,Outubro,10,Distribuidor,Sul,Atacadista,430.87,7.97,8.0,Polpa congelada_Outubro_543
2025-10-22,Polpa congelada,Outubro,10,Exportacao,Exterior,Trading,200.4,12.28,10.0,Polpa congelada_Outubro_544
2025-10-23,Polpa congelada,Outubro,10,Distribuidor,Sudeste,Distribuidor food service,880.39,10.8,7.0,Polpa congelada_Outubro_545
2025-10-19,Polpa congelada,Outubro,10,Exportacao,Exterior,Importador (EUA),874.38,12.97,10.0,Polpa congelada_Outubro_546
2025-10-02,Polpa congelada,Outubro,10,Varejo,Sul,Loja natural,717.54,9.81,8.0,Polpa congelada_Outubro_547
2025-10-01,Polpa congelada,Outubro,10,Industria,Sudeste,Indústria de bebidas,1122.7,12.07,10.0,Polpa congelada_Outubro_548
2025-10-11,Polpa congelada,Outubro,10,Exportacao,Exterior,Importador (LATAM),454.37,10.61,9.0,Polpa congelada_Outubro_549
2025-10-16,Polpa congelada,Outubro,10,Distribuidor,Centro-Oeste,Distribuidor regional,426.17,7.3,9.0,Polpa congelada_Outubro_550
2025-10-21,Polpa congelada,Outubro,10,Food Service,Nordeste,Cafeterias,740.55,9.25,9.0,Polpa congelada_Outubro_551
2025-10-18,Polpa congelada,Outubro,10,Industria,Nordeste,Indústria de laticínios,793.0,9.29,9.0,Polpa congelada_Outubro_552
2025-10-12,Polpa congelada,Outubro,10,Varejo,Centro-Oeste,Atacarejo,297.47,7.08,10.0,Polpa congelada_Outubro_553
2025-10-28,Polpa congelada,Outubro,10,Industria,Norte,Indústria de alimentos,955.22,9.96,9.0,Polpa congelada_Outubro_554
2025-10-04,Polpa congelada,Outubro,10,Varejo,Sudeste,Atacarejo,523.62,8.17,9.0,Polpa congelada_Outubro_555
2025-10-29,Polpa congelada,Outubro,10,Industria,Nordeste,Indústria de bebidas,941.53,10.6,6.0,Polpa congelada_Outubro_556
2025-10-24,Polpa congelada,Outubro,10,Distribuidor,Sudeste,Distribuidor food service,306.49,9.84,9.0,Polpa congelada_Outubro_557
2025-10-21,Polpa congelada,Outubro,10,Distribuidor,Sul,Distribuidor food service,647.46,11.03,8.0,Polpa congelada_Outubro_558
2025-10-20,Polpa congelada,Outubro,10,Industria,Nordeste,Indústria de alimentos,130.47,12.73,8.0,Polpa congelada_Outubro_559
2025-10-06,Polpa congelada,Outubro,10,Varejo,Sudeste,Loja natural,981.61,10.72,10.0,Polpa congelada_Outubro_560
2025-10-21,Polpa congelada,Outubro,10,Industria,Sudeste,Indústria de bebidas,1109.85,8.59,7.0,Polpa congelada_Outubro_561
2025-10-04,Polpa congelada,Outubro,10,Varejo,Nordeste,Empórios,162.13,9.01,7.0,Polpa congelada_Outubro_562
2025-10-05,Polpa congelada,Outubro,10,Distribuidor,Norte,Atacadista,1049.75,13.18,9.0,Polpa congelada_Outubro_563
2025-10-18,Polpa congelada,Outubro,10,Varejo,Centro-Oeste,Loja natural,602.69,14.94,8.0,Polpa congelada_Outubro_564
2025-10-17,Polpa congelada,Outubro,10,Food Service,Nordeste,Açaíterias,429.56,9.12,9.0,Polpa congelada_Outubro_565
2025-10-11,Polpa congelada,Outubro,10,Food Service,Nordeste,Hotéis,340.32,13.34,8.0,Polpa congelada_Outubro_566
2025-10-17,Polpa congelada,Outubro,10,Distribuidor,Sudeste,Distribuidor regional,1127.11,7.44,8.0,Polpa congelada_Outubro_567
2025-10-29,Polpa congelada,Outubro,10,Varejo,Sudeste,Empórios,266.12,9.14,8.0,Polpa congelada_Outubro_568
2025-10-23,Polpa congelada,Outubro,10,Industria,Sudeste,Indústria de alimentos,556.01,6.77,8.0,Polpa congelada_Outubro_569
2025-10-18,Polpa congelada,Outubro,10,Food Service,Sudeste,Hotéis,265.13,11.2,9.0,Polpa congelada_Outubro_570
2025-10-27,Polpa congelada,Outubro,10,Distribuidor,Centro-Oeste,Distribuidor regional,326.44,9.38,9.0,Polpa congelada_Outubro_571
2025-10-31,Polpa congelada,Outubro,10,Industria,Sudeste,Indústria de bebidas,287.67,13.62,9.0,Polpa congelada_Outubro_572
2025-10-06,Polpa congelada,Outubro,10,Industria,Sul,Indústria de sorvetes,857.78,6.22,9.0,Polpa congelada_Outubro_573
2025-10-31,Polpa congelada,Outubro,10,Varejo,Centro-Oeste,Atacarejo,360.9,12.14,8.0,Polpa congelada_Outubro_574
2025-10-25,Polpa congelada,Outubro,10,Food Service,Sul,Cafeterias,214.14,6.66,7.0,Polpa congelada_Outubro_575
2025-10-17,Polpa congelada,Outubro,10,Varejo,Sul,Supermercados,117.19,8.87,9.0,Polpa congelada_Outubro_576
2025-10-26,Polpa congelada,Outubro,10,Industria,Sudeste,Indústria de alimentos,1038.16,11.86,8.0,Polpa congelada_Outubro_577
2025-10-20,Polpa congelada,Outubro,10,Industria,Sudeste,Indústria de alimentos,964.15,8.08,8.0,Polpa congelada_Outubro_578
2025-10-21,Polpa congelada,Outubro,10,Distribuidor,Sudeste,Distribuidor food service,126.18,6.56,6.0,Polpa congelada_Outubro_579
2025-10-27,Polpa congelada,Outubro,10,Industria,Nordeste,Indústria de bebidas,779.38,10.74,8.0,Polpa congelada_Outubro_580
2025-10-06,Polpa congelada,Outubro,10,Distribuidor,Sudeste,Distribuidor regional,915.82,10.65,9.0,Polpa congelada_Outubro_581
2025-10-11,Polpa congelada,Outubro,10,Food Service,Centro-Oeste,Restaurantes,545.44,9.71,6.0,Polpa congelada_Outubro_582
2025-10-03,Polpa congelada,Outubro,10,Distribuidor,Sudeste,Central de compras,671.55,7.54,8.0,Polpa congelada_Outubro_583
2025-10-09,Polpa congelada,Outubro,10,Varejo,Sul,E-commerce,930.79,11.44,10.0,Polpa congelada_Outubro_584
2025-10-28,Polpa congelada,Outubro,10,Exportacao,Exterior,Trading,1117.18,9.23,8.0,Polpa congelada_Outubro_585
2025-10-03,Polpa congelada,Outubro,10,Industria,Sul,Indústria de ingredientes,432.89,6.31,9.0,Polpa congelada_Outubro_586
2025-10-24,Polpa congelada,Outubro,10,Exportacao,Exterior,Importador (MENA),547.33,11.48,8.0,Polpa congelada_Outubro_587
2025-10-01,Polpa congelada,Outubro,10,Industria,Centro-Oeste,Indústria de bebidas,346.03,11.62,10.0,Polpa congelada_Outubro_588
2025-10-20,Polpa congelada,Outubro,10,Industria,Nordeste,Indústria de bebidas,1130.66,9.47,9.0,Polpa congelada_Outubro_589
2025-10-07,Polpa congelada,Outubro,10,Distribuidor,Nordeste,Atacadista,649.81,12.0,7.0,Polpa congelada_Outubro_590
2025-10-11,Polpa congelada,Outubro,10,Industria,Sudeste,Indústria de alimentos,119.11,11.68,10.0,Polpa congelada_Outubro_591
2025-10-11,Polpa congelada,Outubro,10,Industria,Nordeste,Indústria de sorvetes,699.75,13.16,9.0,Polpa congelada_Outubro_592
2025-10-05,Polpa congelada,Outubro,10,Food Service,Nordeste,Açaíterias,870.32,9.38,7.0,Polpa congelada_Outubro_593
2025-10-21,Polpa congelada,Outubro,10,Food Service,Sudeste,Açaíterias,666.66,13.13,8.0,Polpa congelada_Outubro_594
2025-10-14,Polpa congelada,Outubro,10,Distribuidor,Sul,Atacadista,952.74,11.12,10.0,Polpa congelada_Outubro_595
2025-10-19,Polpa congelada,Outubro,10,Varejo,Sudeste,Atacarejo,562.07,7.64,6.0,Polpa congelada_Outubro_596
2025-10-10,Polpa congelada,Outubro,10,Industria,Sudeste,Indústria de alimentos,844.51,8.73,7.0,Polpa congelada_Outubro_597
2025-10-04,Polpa congelada,Outubro,10,Industria,Sudeste,Indústria de ingredientes,532.63,12.69,8.0,Polpa congelada_Outubro_598
2025-10-20,Polpa congelada,Outubro,10,Varejo,Nordeste,E-commerce,609.87,14.06,7.0,Polpa congelada_Outubro_599
2025-10-01,Polpa congelada,Outubro,10,Exportacao,Exterior,Importador (EUA),212.73,13.14,8.0,Polpa congelada_Outubro_600
2025-10-02,Polpa congelada,Outubro,10,Industria,Sudeste,Indústria de laticínios,797.11,9.94,10.0,Polpa congelada_Outubro_601
2025-10-30,Polpa congelada,Outubro,10,Food Service,Norte,Cafeterias,291.28,12.29,8.0,Polpa congelada_Outubro_602
2025-10-25,Polpa congelada,Outubro,10,Varejo,Sul,Supermercados,598.25,12.98,9.0,Polpa congelada_Outubro_603
2025-10-10,Polpa congelada,Outubro,10,Food Service,Sul,Restaurantes,480.4,7.24,9.0,Polpa congelada_Outubro_604
2025-10-15,Polpa congelada,Outubro,10,Food Service,Sudeste,Açaíterias,426.85,11.41,6.0,Polpa congelada_Outubro_605
2025-10-26,Polpa congelada,Outubro,10,Industria,Sul,Indústria de alimentos,144.51,7.94,8.0,Polpa congelada_Outubro_606
2025-10-28,Polpa congelada,Outubro,10,Food Service,Sul,Açaíterias,699.9,13.57,7.0,Polpa congelada_Outubro_607
2025-10-10,Polpa congelada,Outubro,10,Food Service,Sul,Confeitarias,146.02,9.4,8.0,Polpa congelada_Outubro_608
2025-10-04,Polpa congelada,Outubro,10,Food Service,Centro-Oeste,Restaurantes,780.56,12.65,9.0,Polpa congelada_Outubro_609
2025-10-15,Polpa congelada,Outubro,10,Industria,Sudeste,Indústria de bebidas,1063.45,12.09,7.0,Polpa congelada_Outubro_610
2025-10-09,Polpa congelada,Outubro,10,Distribuidor,Sudeste,Distribuidor food service,622.53,12.58,7.0,Polpa congelada_Outubro_611
2025-10-07,Polpa congelada,Outubro,10,Industria,Sul,Indústria de laticínios,661.69,11.91,7.0,Polpa congelada_Outubro_612
2025-10-11,Polpa congelada,Outubro,10,Distribuidor,Nordeste,Operador logístico,133.67,6.66,8.0,Polpa congelada_Outubro_613
2025-10-06,Polpa congelada,Outubro,10,Industria,Norte,Indústria de sorvetes,422.73,9.89,7.0,Polpa congelada_Outubro_614
2025-10-20,Polpa congelada,Outubro,10,Distribuidor,Nordeste,Atacadista,1211.45,11.87,8.0,Polpa congelada_Outubro_615
2025-10-19,Polpa congelada,Outubro,10,Industria,Nordeste,Indústria de sorvetes,1185.7,7.66,8.0,Polpa congelada_Outubro_616
2025-10-30,Polpa congelada,Outubro,10,Varejo,Sudeste,Atacarejo,123.68,7.21,10.0,Polpa congelada_Outubro_617
2025-10-25,Polpa congelada,Outubro,10,Industria,Sul,Indústria de sorvetes,1129.87,8.89,9.0,Polpa congelada_Outubro_618
2025-10-15,Polpa congelada,Outubro,10,Industria,Nordeste,Indústria de sorvetes,402.42,8.38,10.0,Polpa congelada_Outubro_619
2025-10-03,Polpa congelada,Outubro,10,Varejo,Sul,Empórios,834.07,6.56,10.0,Polpa congelada_Outubro_620
2025-10-30,Polpa congelada,Outubro,10,Industria,Centro-Oeste,Indústria de laticínios,643.84,11.63,9.0,Polpa congelada_Outubro_621
2025-10-19,Polpa congelada,Outubro,10,Industria,Sul,Indústria de laticínios,972.1,12.98,7.0,Polpa congelada_Outubro_622
2025-10-19,Polpa congelada,Outubro,10,Industria,Centro-Oeste,Indústria de ingredientes,715.86,12.89,8.0,Polpa congelada_Outubro_623
2025-10-05,Polpa congelada,Outubro,10,Industria,Norte,Indústria de ingredientes,1008.12,12.08,8.0,Polpa congelada_Outubro_624
2025-10-23,Polpa congelada,Outubro,10,Industria,Sudeste,Indústria de alimentos,581.71,9.87,7.0,Polpa congelada_Outubro_625
2025-10-06,Polpa congelada,Outubro,10,Food Service,Sudeste,Hotéis,669.66,7.24,9.0,Polpa congelada_Outubro_626
2025-10-07,Polpa congelada,Outubro,10,Food Service,Nordeste,Confeitarias,430.77,8.83,10.0,Polpa congelada_Outubro_627
2025-10-01,Polpa congelada,Outubro,10,Varejo,Centro-Oeste,Loja natural,451.96,14.29,7.0,Polpa congelada_Outubro_628
2025-10-17,Polpa congelada,Outubro,10,Food Service,Sudeste,Confeitarias,687.46,7.3,4.0,Polpa congelada_Outubro_629
2025-10-27,Polpa congelada,Outubro,10,Food Service,Norte,Hotéis,269.75,13.38,8.0,Polpa congelada_Outubro_630
2025-10-14,Polpa congelada,Outubro,10,Industria,Centro-Oeste,Indústria de ingredientes,345.61,12.86,7.0,Polpa congelada_Outubro_631
2025-10-26,Polpa congelada,Outubro,10,Industria,Centro-Oeste,Indústria de alimentos,448.77,12.29,9.0,Polpa congelada_Outubro_632
2025-10-09,Polpa congelada,Outubro,10,Exportacao,Exterior,Trading,162.01,12.01,8.0,Polpa congelada_Outubro_633
2025-10-09,Polpa congelada,Outubro,10,Exportacao,Exterior,Importador (LATAM),139.02,10.82,8.0,Polpa congelada_Outubro_634
2025-10-27,Polpa congelada,Outubro,10,Food Service,Sudeste,Restaurantes,918.13,6.1,6.0,Polpa congelada_Outubro_635
2025-10-17,Polpa congelada,Outubro,10,Exportacao,Exterior,Importador (LATAM),750.23,11.37,7.0,Polpa congelada_Outubro_636
2025-10-10,Polpa congelada,Outubro,10,Industria,Sudeste,Indústria de ingredientes,623.7,8.51,8.0,Polpa congelada_Outubro_637
2025-10-23,Polpa congelada,Outubro,10,Food Service,Sudeste,Restaurantes,404.12,8.58,10.0,Polpa congelada_Outubro_638
2025-10-18,Polpa congelada,Outubro,10,Industria,Sudeste,Indústria de sorvetes,244.48,7.1,8.0,Polpa congelada_Outubro_639
2025-10-01,Polpa congelada,Outubro,10,Food Service,Nordeste,Hotéis,103.3,7.68,7.0,Polpa congelada_Outubro_640
2025-10-08,Polpa congelada,Outubro,10,Industria,Sudeste,Indústria de laticínios,579.85,9.65,7.0,Polpa congelada_Outubro_641
2025-10-05,Polpa congelada,Outubro,10,Industria,Nordeste,,737.1,6.94,7.0,Polpa congelada_Outubro_642
2025-10-28,Polpa congelada,Outubro,10,Industria,Sudeste,Indústria de ingredientes,1055.35,6.58,9.0,Polpa congelada_Outubro_643
2025-10-23,Polpa congelada,Outubro,10,Distribuidor,Sul,Central de compras,682.64,13.63,9.0,Polpa congelada_Outubro_644
2025-10-21,Polpa congelada,Outubro,10,Industria,Sudeste,Indústria de laticínios,582.87,7.7,10.0,Polpa congelada_Outubro_645
2025-10-08,Polpa congelada,Outubro,10,Food Service,Sudeste,Confeitarias,498.71,7.4,8.0,Polpa congelada_Outubro_646
2025-10-26,Polpa congelada,Outubro,10,Varejo,Sul,Empórios,619.9,7.59,10.0,Polpa congelada_Outubro_647
2025-10-27,Polpa congelada,Outubro,10,Varejo,Nordeste,Atacarejo,778.88,9.38,7.0,Polpa congelada_Outubro_648
2025-10-23,Polpa congelada,Outubro,10,Exportacao,Exterior,Importador (LATAM),516.11,8.95,10.0,Polpa congelada_Outubro_649
2025-10-13,Polpa congelada,Outubro,10,Industria,Sul,Indústria de sorvetes,774.79,13.45,7.0,Polpa congelada_Outubro_650
2025-10-23,Polpa congelada,Outubro,10,Industria,Centro-Oeste,Indústria de bebidas,109.3,10.42,7.0,Polpa congelada_Outubro_651
2025-10-18,Polpa congelada,Outubro,10,Distribuidor,Sudeste,Operador logístico,1010.41,6.06,6.0,Polpa congelada_Outubro_652
2025-10-07,Polpa congelada,Outubro,10,Distribuidor,Sudeste,Distribuidor food service,541.08,11.97,9.0,Polpa congelada_Outubro_653
2025-10-03,Polpa congelada,Outubro,10,Industria,Nordeste,Indústria de ingredientes,387.37,9.25,6.0,Polpa congelada_Outubro_654
2025-10-24,Polpa congelada,Outubro,10,Distribuidor,Sudeste,Atacadista,957.28,10.7,10.0,Polpa congelada_Outubro_655
2025-10-26,Polpa congelada,Outubro,10,Industria,Nordeste,Indústria de bebidas,669.16,8.06,8.0,Polpa congelada_Outubro_656
2025-10-21,Polpa congelada,Outubro,10,Exportacao,Exterior,Importador (LATAM),565.11,14.46,8.0,Polpa congelada_Outubro_657
2025-10-20,Polpa congelada,Outubro,10,Industria,Sudeste,Indústria de ingredientes,470.62,6.78,8.0,Polpa congelada_Outubro_658
2025-10-07,Polpa congelada,Outubro,10,Industria,Centro-Oeste,Indústria de sorvetes,949.17,8.7,10.0,Polpa congelada_Outubro_659
2025-10-11,Polpa congelada,Outubro,10,Food Service,Centro-Oeste,Confeitarias,413.51,11.65,8.0,Polpa congelada_Outubro_660
2025-10-10,Polpa congelada,Outubro,10,Food Service,Sudeste,Restaurantes,695.79,12.91,7.0,Polpa congelada_Outubro_661
2025-10-03,Polpa congelada,Outubro,10,Distribuidor,Sudeste,Operador logístico,746.18,7.52,9.0,Polpa congelada_Outubro_662
2025-10-11,Polpa congelada,Outubro,10,Food Service,Sudeste,Hotéis,509.25,7.84,,Polpa congelada_Outubro_663
2025-10-13,Polpa congelada,Outubro,10,Food Service,Sul,Restaurantes,332.93,9.62,7.0,Polpa congelada_Outubro_664
2025-10-13,Polpa congelada,Outubro,10,Distribuidor,Sul,Central de compras,458.92,7.38,9.0,Polpa congelada_Outubro_665
2025-10-01,Polpa congelada,Outubro,10,Varejo,Norte,Atacarejo,762.33,10.36,6.0,Polpa congelada_Outubro_666
2025-10-18,Polpa congelada,Outubro,10,Distribuidor,Nordeste,Central de compras,713.79,13.22,8.0,Polpa congelada_Outubro_667
2025-10-11,Polpa congelada,Outubro,10,Food Service,Centro-Oeste,Restaurantes,987.11,8.39,9.0,Polpa congelada_Outubro_668
2025-10-20,Polpa congelada,Outubro,10,Food Service,Sul,Confeitarias,760.04,9.94,10.0,Polpa congelada_Outubro_669
2025-10-25,Polpa congelada,Outubro,10,Distribuidor,Nordeste,Distribuidor regional,839.78,11.36,7.0,Polpa congelada_Outubro_670
2025-10-05,Polpa congelada,Outubro,10,Distribuidor,Centro-Oeste,Operador logístico,241.67,9.43,7.0,Polpa congelada_Outubro_671
2025-10-15,Polpa congelada,Outubro,10,Industria,Nordeste,Indústria de alimentos,336.18,10.12,7.0,Polpa congelada_Outubro_672
2025-10-13,Polpa congelada,Outubro,10,Industria,Sul,Indústria de laticínios,395.91,6.01,8.0,Polpa congelada_Outubro_673
2025-10-09,Polpa congelada,Outubro,10,Distribuidor,Sudeste,Operador logístico,233.23,9.68,7.0,Polpa congelada_Outubro_674
2025-10-30,Polpa congelada,Outubro,10,Varejo,Sudeste,Empórios,611.94,13.35,8.0,Polpa congelada_Outubro_675
2025-10-31,Polpa congelada,Outubro,10,Distribuidor,Sudeste,Distribuidor regional,795.38,11.0,7.0,Polpa congelada_Outubro_676
2025-10-23,Polpa congelada,Outubro,10,Food Service,Centro-Oeste,Cafeterias,481.73,7.22,9.0,Polpa congelada_Outubro_677
2025-10-23,Polpa congelada,Outubro,10,Industria,Sudeste,Indústria de laticínios,339.53,10.16,10.0,Polpa congelada_Outubro_678
2025-10-08,Polpa congelada,Outubro,10,Industria,Sul,Indústria de sorvetes,1043.68,6.98,10.0,Polpa congelada_Outubro_679
2025-10-18,Polpa congelada,Outubro,10,Distribuidor,Sudeste,Atacadista,726.81,11.56,9.0,Polpa congelada_Outubro_680
2025-10-14,Polpa congelada,Outubro,10,Exportacao,Exterior,Importador (MENA),509.73,11.08,8.0,Polpa congelada_Outubro_681
2025-10-27,Polpa congelada,Outubro,10,Varejo,Sudeste,,331.65,7.22,10.0,Polpa congelada_Outubro_682
2025-10-07,Polpa congelada,Outubro,10,Industria,Sul,Indústria de bebidas,132.95,11.8,8.0,Polpa congelada_Outubro_683
2025-10-31,Polpa congelada,Outubro,10,Industria,Nordeste,Indústria de alimentos,553.32,9.68,8.0,Polpa congelada_Outubro_684
2025-10-02,Polpa congelada,Outubro,10,Distribuidor,Sul,Distribuidor regional,190.9,12.35,8.0,Polpa congelada_Outubro_685
2025-10-05,Polpa congelada,Outubro,10,Varejo,Sul,Empórios,558.76,10.66,8.0,Polpa congelada_Outubro_686
2025-10-15,Polpa congelada,Outubro,10,Food Service,Sul,Hotéis,728.13,6.28,10.0,Polpa congelada_Outubro_687
2025-10-17,Polpa congelada,Outubro,10,Distribuidor,Centro-Oeste,Distribuidor food service,618.75,8.14,8.0,Polpa congelada_Outubro_688
2025-10-14,Polpa congelada,Outubro,10,Varejo,Sul,Supermercados,399.22,14.57,7.0,Polpa congelada_Outubro_689
2025-10-05,Polpa congelada,Outubro,10,Industria,Nordeste,Indústria de ingredientes,1211.46,9.49,8.0,Polpa congelada_Outubro_690
2025-10-15,Polpa congelada,Outubro,10,Industria,Sudeste,Indústria de sorvetes,441.3,9.35,10.0,Polpa congelada_Outubro_691
2025-10-05,Polpa congelada,Outubro,10,Food Service,Nordeste,Açaíterias,574.99,7.34,8.0,Polpa congelada_Outubro_692
2025-10-04,Polpa congelada,Outubro,10,Food Service,Sul,Confeitarias,863.15,6.04,,Polpa congelada_Outubro_693
2025-10-16,Polpa congelada,Outubro,10,Distribuidor,Sudeste,Distribuidor regional,666.89,7.66,9.0,Polpa congelada_Outubro_694
2025-10-10,Polpa congelada,Outubro,10,Distribuidor,Nordeste,Distribuidor food service,235.87,11.21,9.0,Polpa congelada_Outubro_695
2025-10-11,Polpa congelada,Outubro,10,Food Service,Nordeste,Açaíterias,463.78,9.72,9.0,Polpa congelada_Outubro_696
2025-10-12,Polpa congelada,Outubro,10,Industria,Nordeste,Indústria de sorvetes,689.55,10.07,9.0,Polpa congelada_Outubro_697
2025-10-06,Polpa congelada,Outubro,10,Food Service,Sul,Açaíterias,407.06,8.67,9.0,Polpa congelada_Outubro_698
2025-10-03,Polpa congelada,Outubro,10,Industria,Sudeste,Indústria de bebidas,1181.47,9.25,6.0,Polpa congelada_Outubro_699
2025-10-10,Manteiga de manga,Outubro,10,Industria,Nordeste,Ingredientes,197.77,78.32,9.0,Manteiga de manga_Outubro_0
2025-10-06,Manteiga de manga,Outubro,10,Industria,Sul,Sabonetes,11.83,56.77,10.0,Manteiga de manga_Outubro_1
2025-10-27,Manteiga de manga,Outubro,10,Industria,Sul,Sabonetes,30.33,105.57,9.0,Manteiga de manga_Outubro_2
2025-10-16,Manteiga de manga,Outubro,10,Industria,Sul,Farmacêutico,122.11,50.14,7.0,Manteiga de manga_Outubro_3
2025-10-22,Manteiga de manga,Outubro,10,Industria,Sul,Ingredientes,54.66,86.33,7.0,Manteiga de manga_Outubro_4
2025-10-17,Manteiga de manga,Outubro,10,Exportacao,Exterior,Sabonetes,47.64,116.86,8.0,Manteiga de manga_Outubro_5
2025-10-14,Manteiga de manga,Outubro,10,Industria,Nordeste,Farmacêutico,141.17,46.8,9.0,Manteiga de manga_Outubro_6
2025-10-16,Manteiga de manga,Outubro,10,Distribuidor,Norte,Farmacêutico,43.52,88.46,10.0,Manteiga de manga_Outubro_7
2025-10-09,Manteiga de manga,Outubro,10,Industria,Nordeste,Sabonetes,101.93,46.06,8.0,Manteiga de manga_Outubro_8
2025-10-23,Manteiga de manga,Outubro,10,Industria,Nordeste,Cosméticos,149.7,100.63,8.0,Manteiga de manga_Outubro_9
2025-10-10,Manteiga de manga,Outubro,10,Industria,Centro-Oeste,Perfumaria,93.48,92.31,7.0,Manteiga de manga_Outubro_10
2025-10-25,Manteiga de manga,Outubro,10,Industria,Sudeste,Perfumaria,113.22,64.84,6.0,Manteiga de manga_Outubro_11
2025-10-06,Manteiga de manga,Outubro,10,Industria,Nordeste,Cosméticos,92.3,93.46,7.0,Manteiga de manga_Outubro_12
2025-10-21,Manteiga de manga,Outubro,10,Industria,Sudeste,,173.0,84.28,9.0,Manteiga de manga_Outubro_13
2025-10-14,Manteiga de manga,Outubro,10,Distribuidor,Nordeste,Farmacêutico,128.9,59.18,10.0,Manteiga de manga_Outubro_14
2025-10-03,Manteiga de manga,Outubro,10,Industria,Sudeste,Ingredientes,198.95,50.34,9.0,Manteiga de manga_Outubro_15
2025-10-09,Manteiga de manga,Outubro,10,Industria,Sul,Cosméticos,180.61,100.89,7.0,Manteiga de manga_Outubro_16
2025-10-24,Manteiga de manga,Outubro,10,Industria,Sudeste,Cosméticos,153.15,102.93,9.0,Manteiga de manga_Outubro_17
2025-10-01,Manteiga de manga,Outubro,10,Distribuidor,Sul,Sabonetes,9.37,50.74,7.0,Manteiga de manga_Outubro_18
2025-10-17,Manteiga de manga,Outubro,10,Industria,Nordeste,Cosméticos,121.56,61.1,10.0,Manteiga de manga_Outubro_19
2025-10-16,Manteiga de manga,Outubro,10,Industria,Sudeste,Farmacêutico,186.6,95.47,,Manteiga de manga_Outubro_20
2025-10-17,Manteiga de manga,Outubro,10,Industria,Centro-Oeste,,14.52,51.02,8.0,Manteiga de manga_Outubro_21
2025-10-24,Manteiga de manga,Outubro,10,Industria,Sul,Ingredientes,55.8,81.23,8.0,Manteiga de manga_Outubro_22
2025-10-02,Manteiga de manga,Outubro,10,Industria,Sudeste,Farmacêutico,72.68,54.49,8.0,Manteiga de manga_Outubro_23
2025-10-01,Manteiga de manga,Outubro,10,Industria,Sudeste,Farmacêutico,182.53,55.24,8.0,Manteiga de manga_Outubro_24
2025-10-31,Manteiga de manga,Outubro,10,Industria,Nordeste,Cosméticos,142.56,64.38,9.0,Manteiga de manga_Outubro_25
2025-10-21,Manteiga de manga,Outubro,10,Industria,Nordeste,Perfumaria,40.55,57.6,,Manteiga de manga_Outubro_26
2025-10-12,Manteiga de manga,Outubro,10,Distribuidor,Nordeste,Ingredientes,27.25,67.14,9.0,Manteiga de manga_Outubro_27
2025-10-31,Manteiga de manga,Outubro,10,Exportacao,Exterior,Farmacêutico,165.72,88.5,7.0,Manteiga de manga_Outubro_28
2025-10-04,Manteiga de manga,Outubro,10,Exportacao,Exterior,Ingredientes,197.21,75.0,8.0,Manteiga de manga_Outubro_29
2025-10-29,Manteiga de manga,Outubro,10,Exportacao,Exterior,Farmacêutico,80.93,118.73,8.0,Manteiga de manga_Outubro_30
2025-10-07,Manteiga de manga,Outubro,10,Industria,Nordeste,Perfumaria,153.02,115.66,9.0,Manteiga de manga_Outubro_31
2025-10-28,Manteiga de manga,Outubro,10,Industria,Sudeste,Perfumaria,62.71,77.05,9.0,Manteiga de manga_Outubro_32
2025-10-19,Manteiga de manga,Outubro,10,Industria,Sul,Ingredientes,62.44,46.24,8.0,Manteiga de manga_Outubro_33
2025-10-12,Manteiga de manga,Outubro,10,Industria,Centro-Oeste,Cosméticos,109.3,46.0,6.0,Manteiga de manga_Outubro_34
2025-10-13,Manteiga de manga,Outubro,10,Industria,Sul,Farmacêutico,33.26,70.63,8.0,Manteiga de manga_Outubro_35
2025-10-12,Manteiga de manga,Outubro,10,Exportacao,Exterior,Farmacêutico,61.11,140.06,6.0,Manteiga de manga_Outubro_36
2025-10-25,Manteiga de manga,Outubro,10,Exportacao,Exterior,Perfumaria,221.61,115.44,8.0,Manteiga de manga_Outubro_37
2025-10-27,Manteiga de manga,Outubro,10,Industria,Sudeste,Perfumaria,136.81,113.04,8.0,Manteiga de manga_Outubro_38
2025-10-20,Manteiga de manga,Outubro,10,Industria,Sul,Perfumaria,216.69,104.14,8.0,Manteiga de manga_Outubro_39
2025-10-04,Manteiga de manga,Outubro,10,Industria,Sul,Ingredientes,184.56,68.3,9.0,Manteiga de manga_Outubro_40
2025-10-10,Manteiga de manga,Outubro,10,Exportacao,Exterior,Cosméticos,163.55,120.15,8.0,Manteiga de manga_Outubro_41
2025-10-16,Manteiga de manga,Outubro,10,Industria,Sudeste,Sabonetes,40.33,108.77,6.0,Manteiga de manga_Outubro_42
2025-10-21,Manteiga de manga,Outubro,10,Exportacao,Exterior,Perfumaria,196.96,126.09,7.0,Manteiga de manga_Outubro_43
2025-10-02,Manteiga de manga,Outubro,10,Distribuidor,Sul,Perfumaria,135.37,60.02,9.0,Manteiga de manga_Outubro_44
2025-10-30,Manteiga de manga,Outubro,10,Distribuidor,Sudeste,Farmacêutico,40.57,108.19,5.0,Manteiga de manga_Outubro_45
2025-10-02,Manteiga de manga,Outubro,10,Exportacao,Exterior,Perfumaria,28.28,125.79,9.0,Manteiga de manga_Outubro_46
2025-10-26,Manteiga de manga,Outubro,10,Industria,Sudeste,Sabonetes,11.26,56.33,9.0,Manteiga de manga_Outubro_47
2025-10-19,Manteiga de manga,Outubro,10,Industria,Centro-Oeste,Farmacêutico,87.94,106.45,8.0,Manteiga de manga_Outubro_48
2025-10-30,Manteiga de manga,Outubro,10,Industria,Sudeste,Sabonetes,32.14,112.52,7.0,Manteiga de manga_Outubro_49
2025-10-27,Manteiga de manga,Outubro,10,Industria,Norte,Farmacêutico,39.7,102.9,7.0,Manteiga de manga_Outubro_50
2025-10-14,Manteiga de manga,Outubro,10,Industria,Sudeste,Farmacêutico,146.38,114.42,9.0,Manteiga de manga_Outubro_51
2025-10-29,Manteiga de manga,Outubro,10,Industria,Centro-Oeste,Ingredientes,92.69,71.23,6.0,Manteiga de manga_Outubro_52
2025-10-07,Manteiga de manga,Outubro,10,Industria,Nordeste,Farmacêutico,32.52,89.25,9.0,Manteiga de manga_Outubro_53
2025-10-05,Manteiga de manga,Outubro,10,Industria,Norte,Perfumaria,27.94,45.59,6.0,Manteiga de manga_Outubro_54
2025-10-28,Manteiga de manga,Outubro,10,Industria,Sul,Cosméticos,184.85,103.72,8.0,Manteiga de manga_Outubro_55
2025-10-15,Manteiga de manga,Outubro,10,Exportacao,Exterior,Farmacêutico,21.04,142.6,9.0,Manteiga de manga_Outubro_56
2025-10-23,Manteiga de manga,Outubro,10,Distribuidor,Sudeste,Sabonetes,99.92,54.61,8.0,Manteiga de manga_Outubro_57
2025-10-16,Manteiga de manga,Outubro,10,Distribuidor,Sudeste,Ingredientes,160.23,100.83,8.0,Manteiga de manga_Outubro_58
2025-10-09,Manteiga de manga,Outubro,10,Distribuidor,Sudeste,Cosméticos,123.44,71.93,8.0,Manteiga de manga_Outubro_59
2025-10-09,Manteiga de manga,Outubro,10,Industria,Sudeste,Farmacêutico,143.34,83.85,9.0,Manteiga de manga_Outubro_60
2025-10-15,Manteiga de manga,Outubro,10,Industria,Nordeste,Farmacêutico,128.65,97.56,8.0,Manteiga de manga_Outubro_61
2025-10-31,Manteiga de manga,Outubro,10,Industria,Norte,Sabonetes,43.14,82.14,,Manteiga de manga_Outubro_62
2025-10-26,Manteiga de manga,Outubro,10,Industria,Sudeste,Farmacêutico,107.29,53.28,9.0,Manteiga de manga_Outubro_63
2025-10-13,Manteiga de manga,Outubro,10,Industria,Sudeste,Cosméticos,154.65,91.36,9.0,Manteiga de manga_Outubro_64
2025-10-16,Manteiga de manga,Outubro,10,Industria,Nordeste,Perfumaria,41.81,117.16,6.0,Manteiga de manga_Outubro_65
2025-10-11,Manteiga de manga,Outubro,10,Distribuidor,Nordeste,Perfumaria,74.51,91.74,,Manteiga de manga_Outubro_66
2025-10-31,Manteiga de manga,Outubro,10,Industria,Nordeste,Perfumaria,145.26,109.18,6.0,Manteiga de manga_Outubro_67
2025-10-07,Manteiga de manga,Outubro,10,Distribuidor,Sudeste,Sabonetes,120.88,100.47,8.0,Manteiga de manga_Outubro_68
2025-10-21,Manteiga de manga,Outubro,10,Exportacao,Exterior,Ingredientes,197.75,78.57,9.0,Manteiga de manga_Outubro_69
2025-10-13,Manteiga de manga,Outubro,10,Industria,Nordeste,Sabonetes,177.35,113.35,10.0,Manteiga de manga_Outubro_70
2025-10-29,Manteiga de manga,Outubro,10,Distribuidor,Centro-Oeste,Farmacêutico,44.94,76.71,8.0,Manteiga de manga_Outubro_71
2025-10-13,Manteiga de manga,Outubro,10,Industria,Sudeste,Cosméticos,221.88,72.12,9.0,Manteiga de manga_Outubro_72
2025-10-19,Manteiga de manga,Outubro,10,Industria,Norte,Sabonetes,108.0,62.02,8.0,Manteiga de manga_Outubro_73
2025-10-30,Manteiga de manga,Outubro,10,Distribuidor,Sudeste,Ingredientes,160.26,117.95,7.0,Manteiga de manga_Outubro_74
2025-10-14,Manteiga de manga,Outubro,10,Distribuidor,Sudeste,Ingredientes,41.21,49.57,10.0,Manteiga de manga_Outubro_75
2025-10-31,Manteiga de manga,Outubro,10,Industria,Nordeste,Farmacêutico,72.77,97.82,8.0,Manteiga de manga_Outubro_76
2025-10-16,Manteiga de manga,Outubro,10,Distribuidor,Nordeste,Ingredientes,45.02,94.59,7.0,Manteiga de manga_Outubro_77
2025-10-17,Manteiga de manga,Outubro,10,Industria,Nordeste,Farmacêutico,177.9,99.77,7.0,Manteiga de manga_Outubro_78
2025-10-06,Manteiga de manga,Outubro,10,Industria,Nordeste,Farmacêutico,193.21,92.63,9.0,Manteiga de manga_Outubro_79
2025-10-28,Manteiga de manga,Outubro,10,Exportacao,Exterior,Farmacêutico,141.64,92.68,9.0,Manteiga de manga_Outubro_80
2025-10-01,Manteiga de manga,Outubro,10,Industria,Sudeste,Farmacêutico,124.41,87.45,9.0,Manteiga de manga_Outubro_81
2025-10-30,Manteiga de manga,Outubro,10,Exportacao,Exterior,Ingredientes,81.91,106.96,7.0,Manteiga de manga_Outubro_82
2025-10-03,Manteiga de manga,Outubro,10,Industria,Sudeste,Perfumaria,65.27,102.39,8.0,Manteiga de manga_Outubro_83
2025-10-16,Manteiga de manga,Outubro,10,Industria,Sul,Sabonetes,89.21,106.41,7.0,Manteiga de manga_Outubro_84
2025-10-25,Manteiga de manga,Outubro,10,Industria,Sul,Cosméticos,83.27,112.15,10.0,Manteiga de manga_Outubro_85
2025-10-18,Manteiga de manga,Outubro,10,Industria,Sudeste,Cosméticos,194.05,116.81,10.0,Manteiga de manga_Outubro_86
2025-10-23,Manteiga de manga,Outubro,10,Industria,Centro-Oeste,Farmacêutico,57.12,46.26,8.0,Manteiga de manga_Outubro_87
2025-10-15,Manteiga de manga,Outubro,10,Industria,Sul,Sabonetes,195.93,107.46,9.0,Manteiga de manga_Outubro_88
2025-10-15,Manteiga de manga,Outubro,10,Exportacao,Exterior,Sabonetes,43.61,68.84,7.0,Manteiga de manga_Outubro_89
2025-10-20,Manteiga de manga,Outubro,10,Exportacao,Exterior,Ingredientes,215.14,91.23,9.0,Manteiga de manga_Outubro_90
2025-10-08,Manteiga de manga,Outubro,10,Industria,Sudeste,Farmacêutico,147.67,51.88,8.0,Manteiga de manga_Outubro_91
2025-10-19,Manteiga de manga,Outubro,10,Distribuidor,Sudeste,Cosméticos,127.36,52.54,8.0,Manteiga de manga_Outubro_92
2025-10-28,Manteiga de manga,Outubro,10,Industria,Sudeste,Ingredientes,28.46,69.15,10.0,Manteiga de manga_Outubro_93
2025-10-27,Manteiga de manga,Outubro,10,Industria,Sul,Farmacêutico,50.66,65.31,6.0,Manteiga de manga_Outubro_94
2025-10-30,Manteiga de manga,Outubro,10,Industria,Sudeste,Ingredientes,114.7,67.96,8.0,Manteiga de manga_Outubro_95
2025-10-31,Manteiga de manga,Outubro,10,Industria,Sudeste,Sabonetes,25.0,67.66,9.0,Manteiga de manga_Outubro_96
2025-10-02,Manteiga de manga,Outubro,10,Distribuidor,Norte,Ingredientes,80.23,69.1,6.0,Manteiga de manga_Outubro_97
2025-10-23,Manteiga de manga,Outubro,10,Industria,Norte,Ingredientes,167.86,72.68,9.0,Manteiga de manga_Outubro_98
2025-10-30,Manteiga de manga,Outubro,10,Industria,Norte,Ingredientes,184.97,114.01,9.0,Manteiga de manga_Outubro_99
2025-10-24,Manteiga de manga,Outubro,10,Distribuidor,Nordeste,Sabonetes,118.23,91.91,10.0,Manteiga de manga_Outubro_100
2025-10-22,Manteiga de manga,Outubro,10,Industria,Sudeste,Ingredientes,107.4,48.78,9.0,Manteiga de manga_Outubro_101
2025-10-06,Manteiga de manga,Outubro,10,Industria,Nordeste,Cosméticos,49.95,49.23,9.0,Manteiga de manga_Outubro_102
2025-10-28,Manteiga de manga,Outubro,10,Industria,Nordeste,Cosméticos,24.79,96.82,7.0,Manteiga de manga_Outubro_103
2025-10-21,Manteiga de manga,Outubro,10,Industria,Sudeste,Perfumaria,190.51,99.95,6.0,Manteiga de manga_Outubro_104
2025-10-18,Manteiga de manga,Outubro,10,Industria,Nordeste,Perfumaria,79.74,118.67,6.0,Manteiga de manga_Outubro_105
2025-10-20,Manteiga de manga,Outubro,10,Industria,Sul,Perfumaria,167.06,72.5,8.0,Manteiga de manga_Outubro_106
2025-10-24,Manteiga de manga,Outubro,10,Distribuidor,Nordeste,Sabonetes,71.46,107.86,9.0,Manteiga de manga_Outubro_107
2025-10-08,Manteiga de manga,Outubro,10,Industria,Nordeste,Ingredientes,20.76,86.61,7.0,Manteiga de manga_Outubro_108
2025-10-30,Manteiga de manga,Outubro,10,Distribuidor,Nordeste,Farmacêutico,96.44,95.89,8.0,Manteiga de manga_Outubro_109
2025-10-08,Manteiga de manga,Outubro,10,Industria,Norte,Cosméticos,84.31,76.73,8.0,Manteiga de manga_Outubro_110
2025-10-12,Manteiga de manga,Outubro,10,Industria,Centro-Oeste,Sabonetes,172.37,109.56,8.0,Manteiga de manga_Outubro_111
2025-10-24,Manteiga de manga,Outubro,10,Distribuidor,Nordeste,Perfumaria,80.9,70.21,9.0,Manteiga de manga_Outubro_112
2025-10-03,Manteiga de manga,Outubro,10,Exportacao,Exterior,Cosméticos,146.95,92.49,7.0,Manteiga de manga_Outubro_113
2025-10-26,Manteiga de manga,Outubro,10,Industria,Sudeste,Sabonetes,22.01,113.83,8.0,Manteiga de manga_Outubro_114
2025-10-04,Manteiga de manga,Outubro,10,Distribuidor,Sudeste,Farmacêutico,110.69,76.97,7.0,Manteiga de manga_Outubro_115
2025-10-16,Manteiga de manga,Outubro,10,Industria,Sudeste,Perfumaria,104.43,51.27,8.0,Manteiga de manga_Outubro_116
2025-10-27,Manteiga de manga,Outubro,10,Industria,Nordeste,Cosméticos,50.76,64.69,7.0,Manteiga de manga_Outubro_117
2025-10-16,Manteiga de manga,Outubro,10,Industria,Centro-Oeste,Farmacêutico,108.41,83.47,10.0,Manteiga de manga_Outubro_118
2025-10-14,Manteiga de manga,Outubro,10,Industria,Nordeste,Sabonetes,101.07,46.28,9.0,Manteiga de manga_Outubro_119
2025-10-30,Manteiga de manga,Outubro,10,Industria,Sudeste,Sabonetes,203.64,118.09,10.0,Manteiga de manga_Outubro_120
2025-10-31,Manteiga de manga,Outubro,10,Industria,Sudeste,Perfumaria,216.62,94.96,7.0,Manteiga de manga_Outubro_121
2025-10-28,Manteiga de manga,Outubro,10,Industria,Sudeste,Farmacêutico,146.21,111.79,8.0,Manteiga de manga_Outubro_122
2025-10-13,Manteiga de manga,Outubro,10,Industria,Sudeste,Perfumaria,125.58,50.17,10.0,Manteiga de manga_Outubro_123
2025-10-20,Manteiga de manga,Outubro,10,Distribuidor,Sul,Cosméticos,39.51,84.13,10.0,Manteiga de manga_Outubro_124
2025-10-30,Manteiga de manga,Outubro,10,Distribuidor,Nordeste,Perfumaria,106.12,113.1,7.0,Manteiga de manga_Outubro_125
2025-10-26,Manteiga de manga,Outubro,10,Industria,Norte,Ingredientes,56.6,79.84,6.0,Manteiga de manga_Outubro_126
2025-10-10,Manteiga de manga,Outubro,10,Industria,Centro-Oeste,Farmacêutico,109.51,75.97,10.0,Manteiga de manga_Outubro_127
2025-10-05,Manteiga de manga,Outubro,10,Distribuidor,Sudeste,Sabonetes,126.37,49.75,8.0,Manteiga de manga_Outubro_128
2025-10-04,Manteiga de manga,Outubro,10,Distribuidor,Sudeste,Farmacêutico,109.67,77.5,7.0,Manteiga de manga_Outubro_129
2025-10-19,Manteiga de manga,Outubro,10,Distribuidor,Sudeste,Perfumaria,37.02,58.17,8.0,Manteiga de manga_Outubro_130
2025-10-31,Manteiga de manga,Outubro,10,Industria,Sudeste,Perfumaria,173.77,53.08,7.0,Manteiga de manga_Outubro_131
2025-10-22,Manteiga de manga,Outubro,10,Distribuidor,Sudeste,Farmacêutico,56.08,87.39,10.0,Manteiga de manga_Outubro_132
2025-10-27,Manteiga de manga,Outubro,10,Industria,Sudeste,Perfumaria,82.92,62.85,8.0,Manteiga de manga_Outubro_133
2025-10-17,Manteiga de manga,Outubro,10,Industria,Sul,,164.81,100.58,8.0,Manteiga de manga_Outubro_134
2025-10-13,Manteiga de manga,Outubro,10,Industria,Centro-Oeste,Farmacêutico,171.46,107.86,8.0,Manteiga de manga_Outubro_135
2025-10-12,Manteiga de manga,Outubro,10,Industria,Nordeste,Sabonetes,52.73,99.2,8.0,Manteiga de manga_Outubro_136
2025-10-25,Manteiga de manga,Outubro,10,Exportacao,Exterior,Ingredientes,57.82,58.75,7.0,Manteiga de manga_Outubro_137
2025-10-18,Manteiga de manga,Outubro,10,Distribuidor,Nordeste,Farmacêutico,57.11,77.65,10.0,Manteiga de manga_Outubro_138
2025-10-07,Manteiga de manga,Outubro,10,Distribuidor,Sudeste,Sabonetes,21.72,119.76,,Manteiga de manga_Outubro_139
2025-10-19,Manteiga de manga,Outubro,10,Industria,Sudeste,Sabonetes,169.8,75.39,8.0,Manteiga de manga_Outubro_140
2025-10-13,Manteiga de manga,Outubro,10,Industria,Sul,Perfumaria,180.59,57.18,8.0,Manteiga de manga_Outubro_141
2025-10-14,Manteiga de manga,Outubro,10,Distribuidor,Centro-Oeste,Sabonetes,176.55,56.15,9.0,Manteiga de manga_Outubro_142
2025-10-25,Manteiga de manga,Outubro,10,Distribuidor,Sul,Ingredientes,119.42,105.72,8.0,Manteiga de manga_Outubro_143
2025-10-07,Manteiga de manga,Outubro,10,Industria,Sudeste,Sabonetes,221.44,72.73,9.0,Manteiga de manga_Outubro_144
2025-10-07,Manteiga de manga,Outubro,10,Industria,Nordeste,Farmacêutico,227.21,83.02,9.0,Manteiga de manga_Outubro_145
2025-10-19,Manteiga de manga,Outubro,10,Industria,Centro-Oeste,Perfumaria,43.38,90.89,9.0,Manteiga de manga_Outubro_146
2025-10-26,Manteiga de manga,Outubro,10,Industria,Sul,Ingredientes,122.56,111.76,8.0,Manteiga de manga_Outubro_147
2025-10-30,Manteiga de manga,Outubro,10,Industria,Norte,Sabonetes,68.74,119.58,8.0,Manteiga de manga_Outubro_148
2025-10-18,Manteiga de manga,Outubro,10,Distribuidor,Norte,Farmacêutico,52.82,52.28,9.0,Manteiga de manga_Outubro_149
2025-10-15,Manteiga de manga,Outubro,10,Distribuidor,Nordeste,Perfumaria,105.95,68.23,8.0,Manteiga de manga_Outubro_150
2025-10-06,Manteiga de manga,Outubro,10,Industria,Sudeste,Ingredientes,16.63,55.37,9.0,Manteiga de manga_Outubro_151
2025-10-10,Manteiga de manga,Outubro,10,Distribuidor,Norte,Cosméticos,109.68,97.89,9.0,Manteiga de manga_Outubro_152
2025-10-05,Manteiga de manga,Outubro,10,Distribuidor,Sul,Farmacêutico,70.7,70.29,9.0,Manteiga de manga_Outubro_153
2025-10-22,Manteiga de manga,Outubro,10,Industria,Sudeste,Ingredientes,144.88,104.21,8.0,Manteiga de manga_Outubro_154
2025-10-09,Manteiga de manga,Outubro,10,Industria,Nordeste,Cosméticos,136.0,64.92,10.0,Manteiga de manga_Outubro_155
2025-10-06,Manteiga de manga,Outubro,10,Industria,Sudeste,Perfumaria,188.73,55.63,9.0,Manteiga de manga_Outubro_156
2025-10-11,Manteiga de manga,Outubro,10,Distribuidor,Sudeste,Sabonetes,64.17,47.99,7.0,Manteiga de manga_Outubro_157
2025-10-03,Manteiga de manga,Outubro,10,Industria,Nordeste,Perfumaria,71.81,115.36,8.0,Manteiga de manga_Outubro_158
2025-10-10,Manteiga de manga,Outubro,10,Industria,Sudeste,Perfumaria,227.1,69.11,9.0,Manteiga de manga_Outubro_159
2025-10-15,Manteiga de manga,Outubro,10,Industria,Sul,Perfumaria,40.51,46.47,9.0,Manteiga de manga_Outubro_160
2025-10-24,Manteiga de manga,Outubro,10,Industria,Sudeste,Perfumaria,103.74,84.58,8.0,Manteiga de manga_Outubro_161
2025-10-03,Manteiga de manga,Outubro,10,Industria,Sudeste,Perfumaria,92.89,89.36,7.0,Manteiga de manga_Outubro_162
2025-10-22,Manteiga de manga,Outubro,10,Industria,Sudeste,Ingredientes,37.26,48.1,5.0,Manteiga de manga_Outubro_163
2025-10-27,Manteiga de manga,Outubro,10,Industria,Nordeste,Sabonetes,153.53,86.23,8.0,Manteiga de manga_Outubro_164
2025-10-21,Manteiga de manga,Outubro,10,Industria,Sudeste,Cosméticos,180.85,90.57,8.0,Manteiga de manga_Outubro_165
2025-10-17,Manteiga de manga,Outubro,10,Distribuidor,Nordeste,Perfumaria,102.24,80.83,8.0,Manteiga de manga_Outubro_166
2025-10-03,Manteiga de manga,Outubro,10,Industria,Sudeste,Ingredientes,161.98,73.88,7.0,Manteiga de manga_Outubro_167
2025-10-13,Manteiga de manga,Outubro,10,Industria,Norte,Perfumaria,86.59,58.79,8.0,Manteiga de manga_Outubro_168
2025-10-30,Manteiga de manga,Outubro,10,Exportacao,Exterior,Sabonetes,125.13,103.22,8.0,Manteiga de manga_Outubro_169
2025-10-20,Manteiga de manga,Outubro,10,Industria,Norte,Ingredientes,39.13,60.05,6.0,Manteiga de manga_Outubro_170
2025-10-28,Manteiga de manga,Outubro,10,Industria,Sul,Perfumaria,69.91,106.16,10.0,Manteiga de manga_Outubro_171
2025-10-29,Manteiga de manga,Outubro,10,Industria,Sul,Cosméticos,180.49,69.44,8.0,Manteiga de manga_Outubro_172
2025-10-28,Manteiga de manga,Outubro,10,Industria,Sul,Perfumaria,14.25,63.95,7.0,Manteiga de manga_Outubro_173
2025-10-09,Manteiga de manga,Outubro,10,Industria,Sudeste,Farmacêutico,172.1,69.5,7.0,Manteiga de manga_Outubro_174
2025-10-23,Manteiga de manga,Outubro,10,Industria,Sudeste,Sabonetes,100.74,94.87,7.0,Manteiga de manga_Outubro_175
2025-10-02,Manteiga de manga,Outubro,10,Distribuidor,Sudeste,Ingredientes,58.31,75.05,10.0,Manteiga de manga_Outubro_176
2025-10-30,Manteiga de manga,Outubro,10,Industria,Nordeste,Cosméticos,56.21,67.93,7.0,Manteiga de manga_Outubro_177
2025-10-20,Manteiga de manga,Outubro,10,Distribuidor,Sudeste,Ingredientes,91.9,50.8,6.0,Manteiga de manga_Outubro_178
2025-10-27,Manteiga de manga,Outubro,10,Exportacao,Exterior,Ingredientes,135.6,78.29,6.0,Manteiga de manga_Outubro_179
2025-10-25,Manteiga de manga,Outubro,10,Industria,Sul,Perfumaria,14.83,106.36,10.0,Manteiga de manga_Outubro_180
2025-10-10,Manteiga de manga,Outubro,10,Industria,Centro-Oeste,Farmacêutico,67.4,92.29,7.0,Manteiga de manga_Outubro_181
2025-10-03,Manteiga de manga,Outubro,10,Industria,Sul,Sabonetes,107.06,62.2,7.0,Manteiga de manga_Outubro_182
2025-10-19,Manteiga de manga,Outubro,10,Industria,Nordeste,Cosméticos,189.39,117.39,8.0,Manteiga de manga_Outubro_183
2025-10-28,Manteiga de manga,Outubro,10,Distribuidor,Nordeste,Cosméticos,18.77,70.25,9.0,Manteiga de manga_Outubro_184
2025-10-09,Manteiga de manga,Outubro,10,Industria,Sul,Farmacêutico,210.57,106.21,8.0,Manteiga de manga_Outubro_185
2025-10-12,Manteiga de manga,Outubro,10,Distribuidor,Sul,Perfumaria,159.99,78.55,8.0,Manteiga de manga_Outubro_186
2025-10-19,Manteiga de manga,Outubro,10,Industria,Sudeste,Perfumaria,171.63,86.99,9.0,Manteiga de manga_Outubro_187
2025-10-13,Manteiga de manga,Outubro,10,Industria,Centro-Oeste,Perfumaria,186.32,68.07,9.0,Manteiga de manga_Outubro_188
2025-10-07,Manteiga de manga,Outubro,10,Industria,Sudeste,Ingredientes,40.65,54.41,7.0,Manteiga de manga_Outubro_189
2025-10-13,Manteiga de manga,Outubro,10,Industria,Sudeste,Perfumaria,128.36,48.65,8.0,Manteiga de manga_Outubro_190
2025-10-28,Manteiga de manga,Outubro,10,Industria,Centro-Oeste,Sabonetes,54.66,47.02,9.0,Manteiga de manga_Outubro_191
2025-10-13,Manteiga de manga,Outubro,10,Industria,Sudeste,Sabonetes,20.75,92.95,8.0,Manteiga de manga_Outubro_192
2025-10-15,Manteiga de manga,Outubro,10,Industria,Nordeste,Sabonetes,44.57,86.35,6.0,Manteiga de manga_Outubro_193
2025-10-10,Manteiga de manga,Outubro,10,Distribuidor,Sudeste,Sabonetes,114.88,85.88,9.0,Manteiga de manga_Outubro_194
2025-10-07,Manteiga de manga,Outubro,10,Distribuidor,Sudeste,Farmacêutico,103.03,105.88,10.0,Manteiga de manga_Outubro_195
2025-10-15,Manteiga de manga,Outubro,10,Exportacao,Exterior,Farmacêutico,18.01,78.99,8.0,Manteiga de manga_Outubro_196
2025-10-11,Manteiga de manga,Outubro,10,Industria,Sudeste,Cosméticos,24.35,71.53,9.0,Manteiga de manga_Outubro_197
2025-10-04,Manteiga de manga,Outubro,10,Industria,Nordeste,Sabonetes,93.03,81.47,5.0,Manteiga de manga_Outubro_198
2025-10-14,Manteiga de manga,Outubro,10,Industria,Nordeste,Perfumaria,211.47,89.59,8.0,Manteiga de manga_Outubro_199
2025-10-19,Manteiga de manga,Outubro,10,Industria,Sudeste,Sabonetes,119.24,78.76,7.0,Manteiga de manga_Outubro_200
2025-10-04,Manteiga de manga,Outubro,10,Industria,Nordeste,Ingredientes,143.01,114.93,9.0,Manteiga de manga_Outubro_201
2025-10-21,Manteiga de manga,Outubro,10,Distribuidor,Nordeste,Perfumaria,75.07,114.51,7.0,Manteiga de manga_Outubro_202
2025-10-10,Manteiga de manga,Outubro,10,Industria,Norte,Farmacêutico,141.88,59.7,9.0,Manteiga de manga_Outubro_203
2025-10-02,Manteiga de manga,Outubro,10,Distribuidor,Sudeste,Ingredientes,36.8,95.46,8.0,Manteiga de manga_Outubro_204
2025-10-10,Manteiga de manga,Outubro,10,Exportacao,Exterior,Ingredientes,106.92,74.13,8.0,Manteiga de manga_Outubro_205
2025-10-10,Manteiga de manga,Outubro,10,Exportacao,Exterior,Ingredientes,109.11,80.9,9.0,Manteiga de manga_Outubro_206
2025-10-30,Manteiga de manga,Outubro,10,Industria,Sul,Farmacêutico,95.33,115.15,7.0,Manteiga de manga_Outubro_207
2025-10-01,Manteiga de manga,Outubro,10,Distribuidor,Sudeste,Cosméticos,147.98,76.09,8.0,Manteiga de manga_Outubro_208
2025-10-24,Manteiga de manga,Outubro,10,Industria,Norte,Perfumaria,139.54,63.36,9.0,Manteiga de manga_Outubro_209
2025-10-20,Manteiga de manga,Outubro,10,Industria,Nordeste,Sabonetes,23.57,97.02,9.0,Manteiga de manga_Outubro_210
2025-10-06,Manteiga de manga,Outubro,10,Industria,Centro-Oeste,Perfumaria,82.27,105.24,8.0,Manteiga de manga_Outubro_211
2025-10-06,Manteiga de manga,Outubro,10,Industria,Norte,Perfumaria,202.76,46.34,6.0,Manteiga de manga_Outubro_212
2025-10-18,Manteiga de manga,Outubro,10,Industria,Sudeste,Farmacêutico,152.57,65.85,8.0,Manteiga de manga_Outubro_213
2025-10-29,Manteiga de manga,Outubro,10,Industria,Centro-Oeste,Farmacêutico,203.88,108.27,7.0,Manteiga de manga_Outubro_214
2025-10-31,Manteiga de manga,Outubro,10,Industria,Sudeste,Cosméticos,35.06,86.11,10.0,Manteiga de manga_Outubro_215
2025-10-15,Manteiga de manga,Outubro,10,Distribuidor,Sul,,46.21,71.59,6.0,Manteiga de manga_Outubro_216
2025-10-30,Manteiga de manga,Outubro,10,Distribuidor,Sudeste,Farmacêutico,159.38,46.52,9.0,Manteiga de manga_Outubro_217
2025-10-28,Manteiga de manga,Outubro,10,Distribuidor,Nordeste,,41.99,97.41,9.0,Manteiga de manga_Outubro_218
2025-10-19,Manteiga de manga,Outubro,10,Industria,Norte,Farmacêutico,131.27,58.66,9.0,Manteiga de manga_Outubro_219
2025-10-21,Manteiga de manga,Outubro,10,Industria,Norte,Sabonetes,53.15,78.76,6.0,Manteiga de manga_Outubro_220
2025-10-22,Manteiga de manga,Outubro,10,Industria,Norte,Cosméticos,148.82,66.33,9.0,Manteiga de manga_Outubro_221
2025-10-06,Manteiga de manga,Outubro,10,Distribuidor,Sul,Cosméticos,41.71,60.11,8.0,Manteiga de manga_Outubro_222
2025-10-16,Manteiga de manga,Outubro,10,Exportacao,Exterior,Perfumaria,94.96,90.67,8.0,Manteiga de manga_Outubro_223
2025-10-20,Manteiga de manga,Outubro,10,Distribuidor,Centro-Oeste,Cosméticos,175.94,54.62,8.0,Manteiga de manga_Outubro_224
2025-10-28,Manteiga de manga,Outubro,10,Exportacao,Exterior,Ingredientes,146.96,106.94,9.0,Manteiga de manga_Outubro_225
2025-10-07,Manteiga de manga,Outubro,10,Industria,Sul,Perfumaria,197.78,68.37,7.0,Manteiga de manga_Outubro_226
2025-10-13,Manteiga de manga,Outubro,10,Industria,Sudeste,Perfumaria,145.3,71.01,10.0,Manteiga de manga_Outubro_227
2025-10-16,Manteiga de manga,Outubro,10,Industria,Centro-Oeste,Perfumaria,167.0,87.16,10.0,Manteiga de manga_Outubro_228
2025-10-19,Manteiga de manga,Outubro,10,Industria,Nordeste,Ingredientes,120.47,46.7,7.0,Manteiga de manga_Outubro_229
2025-10-06,Manteiga de manga,Outubro,10,Distribuidor,Sudeste,Ingredientes,10.16,115.98,10.0,Manteiga de manga_Outubro_230
2025-10-21,Manteiga de manga,Outubro,10,Industria,Sul,Ingredientes,63.11,99.89,7.0,Manteiga de manga_Outubro_231
2025-10-09,Manteiga de manga,Outubro,10,Industria,Sudeste,Farmacêutico,64.68,69.42,8.0,Manteiga de manga_Outubro_232
2025-10-27,Manteiga de manga,Outubro,10,Industria,Centro-Oeste,Sabonetes,98.02,110.27,6.0,Manteiga de manga_Outubro_233
2025-10-10,Manteiga de manga,Outubro,10,Industria,Sudeste,Cosméticos,177.66,115.61,6.0,Manteiga de manga_Outubro_234
2025-10-25,Manteiga de manga,Outubro,10,Industria,Sudeste,,55.21,77.21,7.0,Manteiga de manga_Outubro_235
2025-10-31,Manteiga de manga,Outubro,10,Industria,Centro-Oeste,Ingredientes,101.99,67.17,9.0,Manteiga de manga_Outubro_236
2025-10-01,Manteiga de manga,Outubro,10,Exportacao,Exterior,Farmacêutico,53.43,88.78,6.0,Manteiga de manga_Outubro_237
2025-10-30,Manteiga de manga,Outubro,10,Industria,Sudeste,,199.93,49.89,7.0,Manteiga de manga_Outubro_238
2025-10-27,Manteiga de manga,Outubro,10,Industria,Norte,Cosméticos,205.66,79.81,8.0,Manteiga de manga_Outubro_239
2025-10-10,Manteiga de manga,Outubro,10,Industria,Norte,Cosméticos,37.35,118.8,10.0,Manteiga de manga_Outubro_240
2025-10-16,Manteiga de manga,Outubro,10,Industria,Sudeste,Cosméticos,214.87,78.32,7.0,Manteiga de manga_Outubro_241
2025-10-31,Manteiga de manga,Outubro,10,Distribuidor,Sul,Sabonetes,136.43,68.03,8.0,Manteiga de manga_Outubro_242
2025-10-28,Manteiga de manga,Outubro,10,Exportacao,Exterior,Ingredientes,177.45,112.7,10.0,Manteiga de manga_Outubro_243
2025-10-19,Manteiga de manga,Outubro,10,Distribuidor,Sudeste,Sabonetes,92.74,57.93,8.0,Manteiga de manga_Outubro_244
2025-10-28,Manteiga de manga,Outubro,10,Industria,Sul,Farmacêutico,42.55,90.29,8.0,Manteiga de manga_Outubro_245
2025-10-22,Manteiga de manga,Outubro,10,Exportacao,Exterior,Sabonetes,61.97,87.68,7.0,Manteiga de manga_Outubro_246
2025-10-24,Manteiga de manga,Outubro,10,Industria,Norte,Ingredientes,213.34,64.91,7.0,Manteiga de manga_Outubro_247
2025-10-04,Manteiga de manga,Outubro,10,Industria,Nordeste,Ingredientes,152.71,102.33,8.0,Manteiga de manga_Outubro_248
2025-10-01,Manteiga de manga,Outubro,10,Industria,Sudeste,Ingredientes,88.71,114.7,8.0,Manteiga de manga_Outubro_249
2025-10-25,Manteiga de manga,Outubro,10,Distribuidor,Sul,Sabonetes,123.37,71.26,7.0,Manteiga de manga_Outubro_250
2025-10-08,Manteiga de manga,Outubro,10,Industria,Norte,Perfumaria,55.12,95.71,10.0,Manteiga de manga_Outubro_251
2025-10-31,Manteiga de manga,Outubro,10,Distribuidor,Nordeste,Farmacêutico,133.93,119.59,8.0,Manteiga de manga_Outubro_252
2025-10-10,Manteiga de manga,Outubro,10,Industria,Sudeste,,144.1,78.75,7.0,Manteiga de manga_Outubro_253
2025-10-25,Manteiga de manga,Outubro,10,Industria,Sudeste,Cosméticos,167.23,110.17,6.0,Manteiga de manga_Outubro_254
2025-10-31,Manteiga de manga,Outubro,10,Exportacao,Exterior,Perfumaria,216.36,148.45,7.0,Manteiga de manga_Outubro_255
2025-10-16,Manteiga de manga,Outubro,10,Exportacao,Exterior,Cosméticos,143.28,58.98,8.0,Manteiga de manga_Outubro_256
2025-10-17,Manteiga de manga,Outubro,10,Industria,Sudeste,Cosméticos,127.86,71.17,10.0,Manteiga de manga_Outubro_257
2025-10-21,Manteiga de manga,Outubro,10,Industria,Sudeste,Cosméticos,72.2,45.99,7.0,Manteiga de manga_Outubro_258
2025-10-01,Manteiga de manga,Outubro,10,Distribuidor,Sudeste,Sabonetes,95.58,72.12,9.0,Manteiga de manga_Outubro_259
2025-10-26,Manteiga de manga,Outubro,10,Industria,Sudeste,Perfumaria,139.47,105.31,8.0,Manteiga de manga_Outubro_260
2025-10-10,Manteiga de manga,Outubro,10,Distribuidor,Sudeste,Ingredientes,60.65,55.5,10.0,Manteiga de manga_Outubro_261
2025-10-15,Manteiga de manga,Outubro,10,Industria,Sul,Perfumaria,25.0,115.31,9.0,Manteiga de manga_Outubro_262
2025-10-07,Manteiga de manga,Outubro,10,Industria,Norte,Perfumaria,122.79,109.21,10.0,Manteiga de manga_Outubro_263
2025-10-09,Manteiga de manga,Outubro,10,Industria,Sul,Perfumaria,68.72,89.46,9.0,Manteiga de manga_Outubro_264
2025-10-27,Manteiga de manga,Outubro,10,Exportacao,Exterior,Cosméticos,147.78,67.15,6.0,Manteiga de manga_Outubro_265
2025-10-14,Manteiga de manga,Outubro,10,Industria,Sul,Sabonetes,159.24,62.64,9.0,Manteiga de manga_Outubro_266
2025-10-08,Manteiga de manga,Outubro,10,Industria,Sudeste,Ingredientes,76.77,59.23,7.0,Manteiga de manga_Outubro_267
2025-10-11,Manteiga de manga,Outubro,10,Distribuidor,Sudeste,Ingredientes,99.41,90.47,9.0,Manteiga de manga_Outubro_268
2025-10-27,Manteiga de manga,Outubro,10,Distribuidor,Nordeste,Cosméticos,66.65,98.92,7.0,Manteiga de manga_Outubro_269
2025-10-01,Manteiga de manga,Outubro,10,Exportacao,Exterior,Perfumaria,125.41,77.58,9.0,Manteiga de manga_Outubro_270
2025-10-06,Manteiga de manga,Outubro,10,Industria,Sudeste,Farmacêutico,159.05,70.72,9.0,Manteiga de manga_Outubro_271
2025-10-21,Manteiga de manga,Outubro,10,Industria,Nordeste,Ingredientes,181.42,51.13,8.0,Manteiga de manga_Outubro_272
2025-10-03,Manteiga de manga,Outubro,10,Exportacao,Exterior,Cosméticos,183.92,64.47,8.0,Manteiga de manga_Outubro_273
2025-10-06,Manteiga de manga,Outubro,10,Exportacao,Exterior,Perfumaria,160.71,102.86,9.0,Manteiga de manga_Outubro_274
2025-10-13,Manteiga de manga,Outubro,10,Exportacao,Exterior,Farmacêutico,43.38,94.28,6.0,Manteiga de manga_Outubro_275
2025-10-26,Manteiga de manga,Outubro,10,Industria,Sudeste,Farmacêutico,165.64,95.96,8.0,Manteiga de manga_Outubro_276
2025-10-17,Manteiga de manga,Outubro,10,Distribuidor,Norte,Ingredientes,160.36,59.01,9.0,Manteiga de manga_Outubro_277
2025-10-01,Manteiga de manga,Outubro,10,Distribuidor,Nordeste,Ingredientes,16.44,86.46,7.0,Manteiga de manga_Outubro_278
2025-10-09,Manteiga de manga,Outubro,10,Distribuidor,Sudeste,Ingredientes,76.76,56.99,8.0,Manteiga de manga_Outubro_279
2025-10-11,Manteiga de manga,Outubro,10,Industria,Nordeste,Perfumaria,98.46,91.1,7.0,Manteiga de manga_Outubro_280
2025-10-10,Manteiga de manga,Outubro,10,Industria,Nordeste,Cosméticos,63.86,93.59,7.0,Manteiga de manga_Outubro_281
2025-10-01,Manteiga de manga,Outubro,10,Distribuidor,Sudeste,Sabonetes,156.6,109.94,9.0,Manteiga de manga_Outubro_282
2025-10-22,Manteiga de manga,Outubro,10,Industria,Nordeste,Ingredientes,167.23,57.07,7.0,Manteiga de manga_Outubro_283
2025-10-28,Manteiga de manga,Outubro,10,Distribuidor,Nordeste,Perfumaria,25.87,67.92,7.0,Manteiga de manga_Outubro_284
2025-10-27,Manteiga de manga,Outubro,10,Industria,Centro-Oeste,Sabonetes,182.12,74.67,9.0,Manteiga de manga_Outubro_285
2025-10-24,Manteiga de manga,Outubro,10,Industria,Centro-Oeste,Ingredientes,211.04,89.53,9.0,Manteiga de manga_Outubro_286
2025-10-03,Manteiga de manga,Outubro,10,Industria,Norte,Perfumaria,15.46,97.57,10.0,Manteiga de manga_Outubro_287
2025-10-15,Manteiga de manga,Outubro,10,Distribuidor,Nordeste,Sabonetes,75.77,68.95,10.0,Manteiga de manga_Outubro_288
2025-10-02,Manteiga de manga,Outubro,10,Exportacao,Exterior,Ingredientes,97.42,87.17,8.0,Manteiga de manga_Outubro_289
2025-10-11,Manteiga de manga,Outubro,10,Exportacao,Exterior,Ingredientes,51.3,101.58,5.0,Manteiga de manga_Outubro_290
2025-10-31,Manteiga de manga,Outubro,10,Distribuidor,Sudeste,Sabonetes,87.47,98.5,8.0,Manteiga de manga_Outubro_291
2025-10-24,Manteiga de manga,Outubro,10,Industria,Sul,Cosméticos,126.72,105.64,6.0,Manteiga de manga_Outubro_292
2025-10-29,Manteiga de manga,Outubro,10,Exportacao,Exterior,Ingredientes,86.33,64.31,9.0,Manteiga de manga_Outubro_293
2025-10-01,Manteiga de manga,Outubro,10,Exportacao,Exterior,Cosméticos,103.03,69.93,7.0,Manteiga de manga_Outubro_294
2025-10-30,Manteiga de manga,Outubro,10,Distribuidor,Sudeste,Ingredientes,111.73,83.33,7.0,Manteiga de manga_Outubro_295
2025-10-21,Manteiga de manga,Outubro,10,Industria,Sul,Farmacêutico,199.45,85.36,10.0,Manteiga de manga_Outubro_296
2025-10-07,Manteiga de manga,Outubro,10,Industria,Nordeste,Ingredientes,43.7,114.38,8.0,Manteiga de manga_Outubro_297
2025-10-22,Manteiga de manga,Outubro,10,Industria,Sudeste,Farmacêutico,239.17,56.68,10.0,Manteiga de manga_Outubro_298
2025-10-04,Manteiga de manga,Outubro,10,Industria,Sudeste,Perfumaria,37.42,64.67,6.0,Manteiga de manga_Outubro_299
2025-10-01,Manteiga de manga,Outubro,10,Industria,Sul,Cosméticos,69.05,104.07,7.0,Manteiga de manga_Outubro_300
2025-10-14,Manteiga de manga,Outubro,10,Exportacao,Exterior,Ingredientes,48.46,55.94,8.0,Manteiga de manga_Outubro_301
2025-10-22,Manteiga de manga,Outubro,10,Distribuidor,Nordeste,Sabonetes,76.72,110.7,8.0,Manteiga de manga_Outubro_302
2025-10-24,Manteiga de manga,Outubro,10,Industria,Centro-Oeste,Cosméticos,78.93,57.63,8.0,Manteiga de manga_Outubro_303
2025-10-28,Manteiga de manga,Outubro,10,Industria,Sudeste,Sabonetes,237.73,45.82,8.0,Manteiga de manga_Outubro_304
2025-10-30,Manteiga de manga,Outubro,10,Industria,Nordeste,Perfumaria,188.9,105.36,9.0,Manteiga de manga_Outubro_305
2025-10-18,Manteiga de manga,Outubro,10,Industria,Sudeste,Sabonetes,196.85,56.2,8.0,Manteiga de manga_Outubro_306
2025-10-31,Manteiga de manga,Outubro,10,Distribuidor,Sul,Perfumaria,39.89,64.07,7.0,Manteiga de manga_Outubro_307
2025-10-19,Manteiga de manga,Outubro,10,Distribuidor,Sudeste,Perfumaria,96.77,55.9,7.0,Manteiga de manga_Outubro_308
2025-10-01,Manteiga de manga,Outubro,10,Industria,Nordeste,Sabonetes,163.77,45.34,7.0,Manteiga de manga_Outubro_309
2025-10-08,Manteiga de manga,Outubro,10,Exportacao,Exterior,Ingredientes,144.95,127.84,8.0,Manteiga de manga_Outubro_310
2025-10-07,Manteiga de manga,Outubro,10,Industria,Sul,Sabonetes,26.7,85.42,8.0,Manteiga de manga_Outubro_311
2025-10-09,Manteiga de manga,Outubro,10,Industria,Centro-Oeste,Sabonetes,97.82,91.11,6.0,Manteiga de manga_Outubro_312
2025-10-11,Manteiga de manga,Outubro,10,Distribuidor,Nordeste,Ingredientes,143.4,117.19,6.0,Manteiga de manga_Outubro_313
2025-10-22,Manteiga de manga,Outubro,10,Exportacao,Exterior,Perfumaria,119.55,129.22,6.0,Manteiga de manga_Outubro_314
2025-10-21,Manteiga de manga,Outubro,10,Industria,Norte,Ingredientes,114.93,75.31,7.0,Manteiga de manga_Outubro_315
2025-10-17,Manteiga de manga,Outubro,10,Distribuidor,Nordeste,Ingredientes,114.39,115.73,10.0,Manteiga de manga_Outubro_316
2025-10-12,Manteiga de manga,Outubro,10,Industria,Nordeste,Ingredientes,189.83,53.56,,Manteiga de manga_Outubro_317
2025-10-05,Manteiga de manga,Outubro,10,Industria,Sul,Cosméticos,104.01,107.8,8.0,Manteiga de manga_Outubro_318
2025-10-15,Manteiga de manga,Outubro,10,Industria,Sul,Perfumaria,74.57,61.28,8.0,Manteiga de manga_Outubro_319
2025-10-24,Manteiga de manga,Outubro,10,Distribuidor,Norte,Cosméticos,115.41,101.34,6.0,Manteiga de manga_Outubro_320
2025-10-13,Manteiga de manga,Outubro,10,Distribuidor,Nordeste,Farmacêutico,156.99,86.88,8.0,Manteiga de manga_Outubro_321
2025-10-20,Manteiga de manga,Outubro,10,Industria,Nordeste,Ingredientes,217.97,92.07,7.0,Manteiga de manga_Outubro_322
2025-10-15,Manteiga de manga,Outubro,10,Exportacao,Exterior,Cosméticos,107.86,129.3,10.0,Manteiga de manga_Outubro_323
2025-10-18,Manteiga de manga,Outubro,10,Industria,Sudeste,Perfumaria,40.53,105.11,8.0,Manteiga de manga_Outubro_324
2025-10-02,Manteiga de manga,Outubro,10,Industria,Nordeste,Farmacêutico,15.97,70.22,8.0,Manteiga de manga_Outubro_325
2025-10-05,Manteiga de manga,Outubro,10,Exportacao,Exterior,Cosméticos,113.37,104.3,9.0,Manteiga de manga_Outubro_326
2025-10-09,Manteiga de manga,Outubro,10,Industria,Centro-Oeste,Farmacêutico,73.14,57.51,8.0,Manteiga de manga_Outubro_327
2025-10-03,Manteiga de manga,Outubro,10,Distribuidor,Sudeste,Cosméticos,141.18,48.42,8.0,Manteiga de manga_Outubro_328
2025-10-17,Manteiga de manga,Outubro,10,Exportacao,Exterior,Cosméticos,144.36,55.41,8.0,Manteiga de manga_Outubro_329
2025-10-06,Manteiga de manga,Outubro,10,Industria,Sudeste,Farmacêutico,157.79,90.51,10.0,Manteiga de manga_Outubro_330
2025-10-05,Manteiga de manga,Outubro,10,Distribuidor,Nordeste,Cosméticos,85.15,79.06,6.0,Manteiga de manga_Outubro_331
2025-10-06,Manteiga de manga,Outubro,10,Industria,Sul,Ingredientes,67.65,98.17,6.0,Manteiga de manga_Outubro_332
2025-10-29,Manteiga de manga,Outubro,10,Industria,Sul,,18.89,111.2,9.0,Manteiga de manga_Outubro_333
2025-10-09,Manteiga de manga,Outubro,10,Distribuidor,Sul,Sabonetes,36.87,117.14,9.0,Manteiga de manga_Outubro_334
2025-10-28,Manteiga de manga,Outubro,10,Industria,Sudeste,Farmacêutico,63.39,73.17,7.0,Manteiga de manga_Outubro_335
2025-10-29,Manteiga de manga,Outubro,10,Distribuidor,Sudeste,Farmacêutico,103.36,58.51,9.0,Manteiga de manga_Outubro_336
2025-10-24,Manteiga de manga,Outubro,10,Industria,Sudeste,Farmacêutico,10.26,58.48,8.0,Manteiga de manga_Outubro_337
2025-10-07,Manteiga de manga,Outubro,10,Industria,Sudeste,Farmacêutico,88.74,59.59,8.0,Manteiga de manga_Outubro_338
2025-10-13,Manteiga de manga,Outubro,10,Exportacao,Exterior,Farmacêutico,48.16,71.38,9.0,Manteiga de manga_Outubro_339
2025-10-25,Manteiga de manga,Outubro,10,Industria,Sudeste,Perfumaria,135.64,116.27,7.0,Manteiga de manga_Outubro_340
2025-10-10,Manteiga de manga,Outubro,10,Industria,Sul,Perfumaria,90.17,62.59,8.0,Manteiga de manga_Outubro_341
2025-10-09,Manteiga de manga,Outubro,10,Industria,Sudeste,Sabonetes,130.13,52.56,9.0,Manteiga de manga_Outubro_342
2025-10-02,Manteiga de manga,Outubro,10,Industria,Sul,Perfumaria,237.98,113.59,9.0,Manteiga de manga_Outubro_343
2025-10-18,Manteiga de manga,Outubro,10,Exportacao,Exterior,,78.01,57.03,9.0,Manteiga de manga_Outubro_344
2025-10-04,Manteiga de manga,Outubro,10,Industria,Centro-Oeste,Sabonetes,129.39,50.94,8.0,Manteiga de manga_Outubro_345
2025-10-24,Manteiga de manga,Outubro,10,Industria,Sudeste,Cosméticos,230.53,56.14,7.0,Manteiga de manga_Outubro_346
2025-10-03,Manteiga de manga,Outubro,10,Industria,Norte,Sabonetes,178.47,96.19,8.0,Manteiga de manga_Outubro_347
2025-10-17,Manteiga de manga,Outubro,10,Industria,Centro-Oeste,Ingredientes,105.75,114.38,7.0,Manteiga de manga_Outubro_348
2025-10-08,Manteiga de manga,Outubro,10,Industria,Centro-Oeste,Sabonetes,89.63,81.98,10.0,Manteiga de manga_Outubro_349
2025-10-09,Manteiga de manga,Outubro,10,Industria,Sudeste,Farmacêutico,46.76,115.34,10.0,Manteiga de manga_Outubro_350
2025-10-15,Manteiga de manga,Outubro,10,Distribuidor,Nordeste,Farmacêutico,77.11,67.64,9.0,Manteiga de manga_Outubro_351
2025-10-24,Manteiga de manga,Outubro,10,Industria,Sudeste,Ingredientes,109.08,45.39,6.0,Manteiga de manga_Outubro_352
2025-10-23,Manteiga de manga,Outubro,10,Distribuidor,Nordeste,Sabonetes,12.08,79.47,7.0,Manteiga de manga_Outubro_353
2025-10-20,Manteiga de manga,Outubro,10,Distribuidor,Nordeste,Ingredientes,55.56,79.82,9.0,Manteiga de manga_Outubro_354
2025-10-31,Manteiga de manga,Outubro,10,Industria,Sudeste,Cosméticos,147.27,111.96,8.0,Manteiga de manga_Outubro_355
2025-10-23,Manteiga de manga,Outubro,10,Industria,Centro-Oeste,Ingredientes,110.72,62.58,8.0,Manteiga de manga_Outubro_356
2025-10-10,Manteiga de manga,Outubro,10,Distribuidor,Nordeste,Ingredientes,100.52,69.86,8.0,Manteiga de manga_Outubro_357
2025-10-17,Manteiga de manga,Outubro,10,Distribuidor,Sul,Ingredientes,9.26,107.08,8.0,Manteiga de manga_Outubro_358
2025-10-20,Manteiga de manga,Outubro,10,Industria,Nordeste,Perfumaria,30.05,86.44,,Manteiga de manga_Outubro_359
2025-10-13,Manteiga de manga,Outubro,10,Industria,Centro-Oeste,Cosméticos,37.24,99.6,8.0,Manteiga de manga_Outubro_360
2025-10-30,Manteiga de manga,Outubro,10,Industria,Sudeste,Cosméticos,145.79,106.26,9.0,Manteiga de manga_Outubro_361
2025-10-09,Manteiga de manga,Outubro,10,Industria,Nordeste,Sabonetes,66.94,90.17,8.0,Manteiga de manga_Outubro_362
2025-10-02,Manteiga de manga,Outubro,10,Distribuidor,Sul,Ingredientes,30.46,106.17,7.0,Manteiga de manga_Outubro_363
2025-10-21,Manteiga de manga,Outubro,10,Exportacao,Exterior,Farmacêutico,80.77,86.03,7.0,Manteiga de manga_Outubro_364
2025-10-23,Manteiga de manga,Outubro,10,Industria,Centro-Oeste,Sabonetes,143.52,71.55,7.0,Manteiga de manga_Outubro_365
2025-10-25,Manteiga de manga,Outubro,10,Exportacao,Exterior,Ingredientes,15.48,110.14,7.0,Manteiga de manga_Outubro_366
2025-10-06,Manteiga de manga,Outubro,10,Industria,Centro-Oeste,Farmacêutico,118.43,60.49,7.0,Manteiga de manga_Outubro_367
2025-10-14,Manteiga de manga,Outubro,10,Industria,Norte,Sabonetes,205.87,108.45,6.0,Manteiga de manga_Outubro_368
2025-10-29,Manteiga de manga,Outubro,10,Distribuidor,Sudeste,Sabonetes,146.47,71.74,10.0,Manteiga de manga_Outubro_369
2025-10-23,Manteiga de manga,Outubro,10,Industria,Nordeste,Farmacêutico,177.51,101.35,8.0,Manteiga de manga_Outubro_370
2025-10-27,Manteiga de manga,Outubro,10,Industria,Centro-Oeste,Perfumaria,19.31,50.96,6.0,Manteiga de manga_Outubro_371
2025-10-16,Manteiga de manga,Outubro,10,Distribuidor,Norte,Farmacêutico,90.91,78.7,7.0,Manteiga de manga_Outubro_372
2025-10-24,Manteiga de manga,Outubro,10,Industria,Nordeste,Sabonetes,176.59,111.04,10.0,Manteiga de manga_Outubro_373
2025-10-20,Manteiga de manga,Outubro,10,Distribuidor,Centro-Oeste,Ingredientes,149.35,98.18,7.0,Manteiga de manga_Outubro_374
2025-10-14,Manteiga de manga,Outubro,10,Industria,Sudeste,Cosméticos,154.0,60.07,7.0,Manteiga de manga_Outubro_375
2025-10-22,Manteiga de manga,Outubro,10,Industria,Sul,Farmacêutico,167.35,70.58,5.0,Manteiga de manga_Outubro_376
2025-10-20,Manteiga de manga,Outubro,10,Industria,Sul,Cosméticos,75.62,110.4,10.0,Manteiga de manga_Outubro_377
2025-10-02,Manteiga de manga,Outubro,10,Industria,Norte,Ingredientes,137.7,73.67,6.0,Manteiga de manga_Outubro_378
2025-10-11,Manteiga de manga,Outubro,10,Industria,Sul,Sabonetes,48.5,48.15,8.0,Manteiga de manga_Outubro_379
2025-10-31,Manteiga de manga,Outubro,10,Industria,Sul,Sabonetes,74.43,82.21,6.0,Manteiga de manga_Outubro_380
2025-10-04,Manteiga de manga,Outubro,10,Industria,Sudeste,Perfumaria,44.39,105.13,8.0,Manteiga de manga_Outubro_381
2025-10-04,Manteiga de manga,Outubro,10,Industria,Sudeste,Farmacêutico,205.88,75.04,8.0,Manteiga de manga_Outubro_382
2025-10-03,Manteiga de manga,Outubro,10,Distribuidor,Sul,Farmacêutico,172.51,59.26,8.0,Manteiga de manga_Outubro_383
2025-10-30,Manteiga de manga,Outubro,10,Exportacao,Exterior,Perfumaria,187.52,99.29,9.0,Manteiga de manga_Outubro_384
2025-10-21,Manteiga de manga,Outubro,10,Industria,Nordeste,Sabonetes,199.81,102.38,8.0,Manteiga de manga_Outubro_385
2025-10-02,Manteiga de manga,Outubro,10,Industria,Centro-Oeste,Farmacêutico,128.73,112.11,8.0,Manteiga de manga_Outubro_386
2025-10-30,Manteiga de manga,Outubro,10,Exportacao,Exterior,Ingredientes,60.45,144.54,9.0,Manteiga de manga_Outubro_387
2025-10-19,Manteiga de manga,Outubro,10,Industria,Norte,Farmacêutico,163.08,46.32,8.0,Manteiga de manga_Outubro_388
2025-10-06,Manteiga de manga,Outubro,10,Industria,Nordeste,Sabonetes,14.43,95.07,8.0,Manteiga de manga_Outubro_389
2025-10-12,Manteiga de manga,Outubro,10,Industria,Nordeste,Sabonetes,166.84,81.06,10.0,Manteiga de manga_Outubro_390
2025-10-08,Manteiga de manga,Outubro,10,Exportacao,Exterior,Farmacêutico,28.88,92.95,7.0,Manteiga de manga_Outubro_391
2025-10-16,Manteiga de manga,Outubro,10,Industria,Nordeste,Cosméticos,192.98,73.18,8.0,Manteiga de manga_Outubro_392
2025-10-31,Manteiga de manga,Outubro,10,Industria,Sudeste,Farmacêutico,110.55,100.66,7.0,Manteiga de manga_Outubro_393
2025-10-27,Manteiga de manga,Outubro,10,Exportacao,Exterior,Sabonetes,127.55,141.8,9.0,Manteiga de manga_Outubro_394
2025-10-10,Manteiga de manga,Outubro,10,Industria,Sudeste,Cosméticos,174.42,119.89,10.0,Manteiga de manga_Outubro_395
2025-10-02,Manteiga de manga,Outubro,10,Distribuidor,Sudeste,Perfumaria,123.22,99.12,7.0,Manteiga de manga_Outubro_396
2025-10-25,Manteiga de manga,Outubro,10,Industria,Sudeste,Sabonetes,171.66,88.96,6.0,Manteiga de manga_Outubro_397
2025-10-19,Manteiga de manga,Outubro,10,Industria,Sudeste,Sabonetes,96.76,115.74,8.0,Manteiga de manga_Outubro_398
2025-10-09,Manteiga de manga,Outubro,10,Industria,Sudeste,Ingredientes,204.34,64.69,9.0,Manteiga de manga_Outubro_399
2025-10-09,Manteiga de manga,Outubro,10,Industria,Sul,Sabonetes,187.38,51.19,8.0,Manteiga de manga_Outubro_400
2025-10-23,Manteiga de manga,Outubro,10,Exportacao,Exterior,Perfumaria,27.47,84.39,7.0,Manteiga de manga_Outubro_401
2025-10-01,Manteiga de manga,Outubro,10,Distribuidor,Sudeste,Farmacêutico,56.68,93.52,10.0,Manteiga de manga_Outubro_402
2025-10-01,Manteiga de manga,Outubro,10,Industria,Centro-Oeste,Sabonetes,55.44,105.59,8.0,Manteiga de manga_Outubro_403
2025-10-28,Manteiga de manga,Outubro,10,Industria,Sul,Ingredientes,18.93,117.66,10.0,Manteiga de manga_Outubro_404
2025-10-03,Manteiga de manga,Outubro,10,Exportacao,Exterior,Ingredientes,21.19,66.24,8.0,Manteiga de manga_Outubro_405
2025-10-16,Manteiga de manga,Outubro,10,Distribuidor,Sudeste,Sabonetes,84.06,53.55,8.0,Manteiga de manga_Outubro_406
2025-10-19,Manteiga de manga,Outubro,10,Industria,Centro-Oeste,Farmacêutico,117.44,113.75,8.0,Manteiga de manga_Outubro_407
2025-10-09,Manteiga de manga,Outubro,10,Industria,Centro-Oeste,Cosméticos,75.69,97.86,6.0,Manteiga de manga_Outubro_408
2025-10-06,Manteiga de manga,Outubro,10,Distribuidor,Sudeste,Ingredientes,82.56,115.11,8.0,Manteiga de manga_Outubro_409
2025-10-21,Manteiga de manga,Outubro,10,Distribuidor,Sudeste,Sabonetes,178.13,91.38,6.0,Manteiga de manga_Outubro_410
2025-10-25,Manteiga de manga,Outubro,10,Distribuidor,Sudeste,Cosméticos,156.31,103.17,8.0,Manteiga de manga_Outubro_411
2025-10-17,Manteiga de manga,Outubro,10,Industria,Sul,Sabonetes,72.72,64.7,8.0,Manteiga de manga_Outubro_412
2025-10-11,Manteiga de manga,Outubro,10,Industria,Centro-Oeste,Sabonetes,35.28,83.84,6.0,Manteiga de manga_Outubro_413
2025-10-30,Manteiga de manga,Outubro,10,Industria,Sudeste,Farmacêutico,35.19,107.78,8.0,Manteiga de manga_Outubro_414
2025-10-06,Manteiga de manga,Outubro,10,Industria,Nordeste,Sabonetes,113.45,67.67,9.0,Manteiga de manga_Outubro_415
2025-10-13,Manteiga de manga,Outubro,10,Industria,Sudeste,Perfumaria,71.69,113.23,10.0,Manteiga de manga_Outubro_416
2025-10-30,Manteiga de manga,Outubro,10,Industria,Sudeste,Farmacêutico,103.78,57.15,7.0,Manteiga de manga_Outubro_417
2025-10-07,Manteiga de manga,Outubro,10,Industria,Sul,Ingredientes,75.88,58.04,9.0,Manteiga de manga_Outubro_418
2025-10-05,Manteiga de manga,Outubro,10,Industria,Nordeste,Cosméticos,83.24,98.68,9.0,Manteiga de manga_Outubro_419
2025-10-05,Manteiga de manga,Outubro,10,Exportacao,Exterior,Perfumaria,194.94,118.85,10.0,Manteiga de manga_Outubro_420
2025-10-01,Manteiga de manga,Outubro,10,Exportacao,Exterior,Perfumaria,23.68,101.5,8.0,Manteiga de manga_Outubro_421
2025-10-30,Manteiga de manga,Outubro,10,Industria,Sudeste,Perfumaria,175.33,53.44,7.0,Manteiga de manga_Outubro_422
2025-10-24,Manteiga de manga,Outubro,10,Distribuidor,Nordeste,Sabonetes,26.77,112.55,9.0,Manteiga de manga_Outubro_423
2025-10-06,Manteiga de manga,Outubro,10,Distribuidor,Nordeste,Ingredientes,133.96,113.84,8.0,Manteiga de manga_Outubro_424
2025-10-26,Manteiga de manga,Outubro,10,Industria,Centro-Oeste,Sabonetes,200.86,101.92,8.0,Manteiga de manga_Outubro_425
2025-10-06,Manteiga de manga,Outubro,10,Industria,Sul,Ingredientes,39.39,81.49,9.0,Manteiga de manga_Outubro_426
2025-10-24,Manteiga de manga,Outubro,10,Exportacao,Exterior,Sabonetes,104.6,131.41,9.0,Manteiga de manga_Outubro_427
2025-10-02,Manteiga de manga,Outubro,10,Industria,Sul,Ingredientes,56.86,69.13,10.0,Manteiga de manga_Outubro_428
2025-10-23,Manteiga de manga,Outubro,10,Distribuidor,Nordeste,Cosméticos,70.05,77.8,9.0,Manteiga de manga_Outubro_429
2025-10-06,Manteiga de manga,Outubro,10,Industria,Nordeste,Sabonetes,95.43,117.64,8.0,Manteiga de manga_Outubro_430
2025-10-03,Manteiga de manga,Outubro,10,Industria,Sudeste,Farmacêutico,77.33,98.31,7.0,Manteiga de manga_Outubro_431
2025-10-02,Manteiga de manga,Outubro,10,Industria,Sudeste,Perfumaria,52.68,46.1,9.0,Manteiga de manga_Outubro_432
2025-10-15,Manteiga de manga,Outubro,10,Distribuidor,Sudeste,Farmacêutico,106.58,62.96,6.0,Manteiga de manga_Outubro_433
2025-10-11,Manteiga de manga,Outubro,10,Industria,Sudeste,Sabonetes,141.57,54.61,8.0,Manteiga de manga_Outubro_434
2025-10-02,Manteiga de manga,Outubro,10,Industria,Sudeste,Perfumaria,135.75,53.24,7.0,Manteiga de manga_Outubro_435
2025-10-07,Manteiga de manga,Outubro,10,Industria,Sul,Ingredientes,154.48,71.34,8.0,Manteiga de manga_Outubro_436
2025-10-09,Manteiga de manga,Outubro,10,Industria,Sudeste,Cosméticos,214.93,109.08,8.0,Manteiga de manga_Outubro_437
2025-10-17,Manteiga de manga,Outubro,10,Distribuidor,Nordeste,Cosméticos,12.22,72.47,10.0,Manteiga de manga_Outubro_438
2025-10-04,Manteiga de manga,Outubro,10,Industria,Sudeste,Farmacêutico,45.95,119.38,7.0,Manteiga de manga_Outubro_439
2025-10-24,Manteiga de manga,Outubro,10,Distribuidor,Sudeste,Cosméticos,83.94,70.31,8.0,Manteiga de manga_Outubro_440
2025-10-01,Manteiga de manga,Outubro,10,Distribuidor,Norte,Perfumaria,24.6,106.4,7.0,Manteiga de manga_Outubro_441
2025-10-03,Manteiga de manga,Outubro,10,Industria,Norte,Ingredientes,223.75,74.66,6.0,Manteiga de manga_Outubro_442
2025-10-05,Manteiga de manga,Outubro,10,Distribuidor,Sudeste,Perfumaria,11.2,64.88,6.0,Manteiga de manga_Outubro_443
2025-10-03,Manteiga de manga,Outubro,10,Industria,Sudeste,Ingredientes,171.84,89.13,8.0,Manteiga de manga_Outubro_444
2025-10-05,Manteiga de manga,Outubro,10,Industria,Nordeste,Sabonetes,79.05,66.47,7.0,Manteiga de manga_Outubro_445
2025-10-12,Manteiga de manga,Outubro,10,Industria,Nordeste,Sabonetes,28.51,90.41,7.0,Manteiga de manga_Outubro_446
2025-10-24,Manteiga de manga,Outubro,10,Industria,Sul,Cosméticos,184.57,81.17,9.0,Manteiga de manga_Outubro_447
2025-10-24,Manteiga de manga,Outubro,10,Exportacao,Exterior,Farmacêutico,188.63,71.54,8.0,Manteiga de manga_Outubro_448
2025-10-10,Manteiga de manga,Outubro,10,Industria,Sudeste,Perfumaria,67.34,47.97,7.0,Manteiga de manga_Outubro_449
2025-10-12,Manteiga de manga,Outubro,10,Industria,Sudeste,Farmacêutico,211.96,90.75,9.0,Manteiga de manga_Outubro_450
2025-10-09,Manteiga de manga,Outubro,10,Industria,Sudeste,Sabonetes,179.57,66.75,7.0,Manteiga de manga_Outubro_451
2025-10-31,Manteiga de manga,Outubro,10,Industria,Nordeste,Ingredientes,28.66,69.81,9.0,Manteiga de manga_Outubro_452
2025-10-04,Manteiga de manga,Outubro,10,Industria,Sudeste,Ingredientes,60.79,101.76,9.0,Manteiga de manga_Outubro_453
2025-10-31,Manteiga de manga,Outubro,10,Industria,Sudeste,Perfumaria,40.62,63.24,8.0,Manteiga de manga_Outubro_454
2025-10-20,Manteiga de manga,Outubro,10,Exportacao,Exterior,Sabonetes,25.58,121.35,8.0,Manteiga de manga_Outubro_455
2025-10-31,Manteiga de manga,Outubro,10,Exportacao,Exterior,Perfumaria,83.25,67.85,10.0,Manteiga de manga_Outubro_456
2025-10-11,Manteiga de manga,Outubro,10,Industria,Sudeste,Ingredientes,36.3,108.83,8.0,Manteiga de manga_Outubro_457
2025-10-13,Manteiga de manga,Outubro,10,Exportacao,Exterior,Perfumaria,146.96,117.35,7.0,Manteiga de manga_Outubro_458
2025-10-17,Manteiga de manga,Outubro,10,Industria,Nordeste,Cosméticos,100.1,108.65,9.0,Manteiga de manga_Outubro_459
2025-10-02,Manteiga de manga,Outubro,10,Distribuidor,Sudeste,Sabonetes,177.09,87.36,10.0,Manteiga de manga_Outubro_460
2025-10-27,Manteiga de manga,Outubro,10,Industria,Nordeste,Perfumaria,114.34,99.17,8.0,Manteiga de manga_Outubro_461
2025-10-01,Manteiga de manga,Outubro,10,Industria,Norte,Cosméticos,63.59,83.85,9.0,Manteiga de manga_Outubro_462
2025-10-04,Manteiga de manga,Outubro,10,Exportacao,Exterior,Cosméticos,91.5,94.2,8.0,Manteiga de manga_Outubro_463
2025-10-10,Manteiga de manga,Outubro,10,Industria,Nordeste,Ingredientes,145.93,48.87,7.0,Manteiga de manga_Outubro_464
2025-10-18,Manteiga de manga,Outubro,10,Industria,Nordeste,Ingredientes,159.59,52.41,,Manteiga de manga_Outubro_465
2025-10-27,Manteiga de manga,Outubro,10,Exportacao,Exterior,Farmacêutico,86.83,83.68,7.0,Manteiga de manga_Outubro_466
2025-10-24,Manteiga de manga,Outubro,10,Industria,Centro-Oeste,Farmacêutico,13.05,65.32,9.0,Manteiga de manga_Outubro_467
2025-10-08,Manteiga de manga,Outubro,10,Industria,Norte,Farmacêutico,183.74,80.2,7.0,Manteiga de manga_Outubro_468
2025-10-04,Manteiga de manga,Outubro,10,Industria,Sudeste,Perfumaria,149.34,104.86,9.0,Manteiga de manga_Outubro_469
2025-10-11,Manteiga de manga,Outubro,10,Industria,Norte,Cosméticos,143.28,118.97,6.0,Manteiga de manga_Outubro_470
2025-10-02,Manteiga de manga,Outubro,10,Industria,Sudeste,Ingredientes,130.86,99.71,10.0,Manteiga de manga_Outubro_471
2025-10-04,Manteiga de manga,Outubro,10,Exportacao,Exterior,Farmacêutico,101.31,79.65,7.0,Manteiga de manga_Outubro_472
2025-10-23,Manteiga de manga,Outubro,10,Industria,Norte,Sabonetes,155.93,103.25,7.0,Manteiga de manga_Outubro_473
2025-10-12,Manteiga de manga,Outubro,10,Industria,Sudeste,Farmacêutico,67.82,85.46,10.0,Manteiga de manga_Outubro_474
2025-10-04,Manteiga de manga,Outubro,10,Exportacao,Exterior,Perfumaria,111.43,115.07,8.0,Manteiga de manga_Outubro_475
2025-10-24,Manteiga de manga,Outubro,10,Exportacao,Exterior,Farmacêutico,118.1,102.0,6.0,Manteiga de manga_Outubro_476
2025-10-29,Manteiga de manga,Outubro,10,Exportacao,Exterior,Ingredientes,35.7,93.93,10.0,Manteiga de manga_Outubro_477
2025-10-07,Manteiga de manga,Outubro,10,Industria,Nordeste,Ingredientes,101.79,86.62,7.0,Manteiga de manga_Outubro_478
2025-10-28,Manteiga de manga,Outubro,10,Industria,Sudeste,Perfumaria,118.85,52.36,8.0,Manteiga de manga_Outubro_479
2025-10-24,Manteiga de manga,Outubro,10,Distribuidor,Sul,Farmacêutico,119.13,52.6,8.0,Manteiga de manga_Outubro_480
2025-10-10,Manteiga de manga,Outubro,10,Distribuidor,Sudeste,Sabonetes,110.18,79.81,8.0,Manteiga de manga_Outubro_481
2025-10-09,Manteiga de manga,Outubro,10,Industria,Sul,Cosméticos,100.14,107.04,7.0,Manteiga de manga_Outubro_482
2025-10-30,Manteiga de manga,Outubro,10,Distribuidor,Sul,Farmacêutico,41.23,97.35,10.0,Manteiga de manga_Outubro_483
2025-10-31,Manteiga de manga,Outubro,10,Industria,Nordeste,Perfumaria,162.22,54.64,9.0,Manteiga de manga_Outubro_484
2025-10-23,Manteiga de manga,Outubro,10,Distribuidor,Centro-Oeste,Cosméticos,33.5,50.4,10.0,Manteiga de manga_Outubro_485
2025-10-27,Manteiga de manga,Outubro,10,Industria,Norte,Farmacêutico,31.99,56.05,9.0,Manteiga de manga_Outubro_486
2025-10-14,Manteiga de manga,Outubro,10,Industria,Sudeste,Ingredientes,238.8,70.97,7.0,Manteiga de manga_Outubro_487
2025-10-23,Manteiga de manga,Outubro,10,Industria,Sudeste,Farmacêutico,149.97,102.39,9.0,Manteiga de manga_Outubro_488
2025-10-15,Manteiga de manga,Outubro,10,Industria,Nordeste,Cosméticos,209.43,65.68,5.0,Manteiga de manga_Outubro_489
2025-10-29,Manteiga de manga,Outubro,10,Industria,Centro-Oeste,Sabonetes,54.13,54.45,7.0,Manteiga de manga_Outubro_490
2025-10-08,Manteiga de manga,Outubro,10,Industria,Norte,Sabonetes,104.95,69.02,8.0,Manteiga de manga_Outubro_491
2025-10-06,Manteiga de manga,Outubro,10,Distribuidor,Nordeste,Perfumaria,168.22,117.76,8.0,Manteiga de manga_Outubro_492
2025-10-17,Manteiga de manga,Outubro,10,Industria,Sudeste,Sabonetes,151.31,63.01,7.0,Manteiga de manga_Outubro_493
2025-10-14,Manteiga de manga,Outubro,10,Industria,Sul,Cosméticos,179.66,106.69,6.0,Manteiga de manga_Outubro_494
2025-10-22,Manteiga de manga,Outubro,10,Distribuidor,Sudeste,Cosméticos,50.39,47.97,9.0,Manteiga de manga_Outubro_495
2025-10-21,Manteiga de manga,Outubro,10,Industria,Sudeste,Cosméticos,198.8,55.78,7.0,Manteiga de manga_Outubro_496
2025-10-23,Manteiga de manga,Outubro,10,Industria,Sul,Perfumaria,228.33,95.01,7.0,Manteiga de manga_Outubro_497
2025-10-17,Manteiga de manga,Outubro,10,Industria,Centro-Oeste,Ingredientes,60.38,46.9,9.0,Manteiga de manga_Outubro_498
2025-10-29,Manteiga de manga,Outubro,10,Industria,Nordeste,Ingredientes,74.67,101.86,9.0,Manteiga de manga_Outubro_499
2025-10-01,Manteiga de manga,Outubro,10,Industria,Sudeste,Cosméticos,169.2,112.71,8.0,Manteiga de manga_Outubro_500
2025-10-14,Manteiga de manga,Outubro,10,Industria,Nordeste,Cosméticos,116.47,108.85,6.0,Manteiga de manga_Outubro_501
2025-10-23,Manteiga de manga,Outubro,10,Industria,Nordeste,Sabonetes,135.9,49.32,9.0,Manteiga de manga_Outubro_502
2025-10-14,Manteiga de manga,Outubro,10,Exportacao,Exterior,Farmacêutico,76.64,73.29,10.0,Manteiga de manga_Outubro_503
2025-10-14,Manteiga de manga,Outubro,10,Exportacao,Exterior,Cosméticos,136.41,117.31,9.0,Manteiga de manga_Outubro_504
2025-10-29,Manteiga de manga,Outubro,10,Industria,Sudeste,Cosméticos,207.75,73.8,9.0,Manteiga de manga_Outubro_505
2025-10-20,Manteiga de manga,Outubro,10,Industria,Sudeste,Farmacêutico,234.13,109.08,7.0,Manteiga de manga_Outubro_506
2025-10-19,Manteiga de manga,Outubro,10,Distribuidor,Nordeste,Perfumaria,127.65,74.96,9.0,Manteiga de manga_Outubro_507
2025-10-16,Manteiga de manga,Outubro,10,Industria,Sudeste,Farmacêutico,45.13,45.75,8.0,Manteiga de manga_Outubro_508
2025-10-27,Manteiga de manga,Outubro,10,Industria,Sudeste,Cosméticos,181.33,84.49,8.0,Manteiga de manga_Outubro_509
2025-10-31,Manteiga de manga,Outubro,10,Distribuidor,Sudeste,Perfumaria,74.68,72.11,8.0,Manteiga de manga_Outubro_510
2025-10-06,Manteiga de manga,Outubro,10,Industria,Sudeste,Sabonetes,187.64,116.42,10.0,Manteiga de manga_Outubro_511
2025-10-06,Manteiga de manga,Outubro,10,Distribuidor,Nordeste,Farmacêutico,59.66,85.68,8.0,Manteiga de manga_Outubro_512
2025-10-10,Manteiga de manga,Outubro,10,Distribuidor,Nordeste,Farmacêutico,106.02,76.72,9.0,Manteiga de manga_Outubro_513
2025-10-17,Manteiga de manga,Outubro,10,Industria,Sul,Cosméticos,204.2,56.92,9.0,Manteiga de manga_Outubro_514
2025-10-18,Manteiga de manga,Outubro,10,Industria,Sudeste,Perfumaria,12.21,110.5,8.0,Manteiga de manga_Outubro_515
2025-10-11,Manteiga de manga,Outubro,10,Industria,Nordeste,Cosméticos,32.78,103.72,8.0,Manteiga de manga_Outubro_516
2025-10-12,Manteiga de manga,Outubro,10,Exportacao,Exterior,Sabonetes,101.44,75.93,9.0,Manteiga de manga_Outubro_517
2025-10-03,Manteiga de manga,Outubro,10,Distribuidor,Sudeste,Cosméticos,142.62,64.19,8.0,Manteiga de manga_Outubro_518
2025-10-06,Manteiga de manga,Outubro,10,Industria,Sul,Perfumaria,224.88,50.25,8.0,Manteiga de manga_Outubro_519
2025-10-13,Manteiga de manga,Outubro,10,Industria,Sul,Sabonetes,160.24,111.71,8.0,Manteiga de manga_Outubro_520
2025-10-05,Manteiga de manga,Outubro,10,Industria,Sudeste,Cosméticos,174.77,113.15,7.0,Manteiga de manga_Outubro_521
2025-10-04,Manteiga de manga,Outubro,10,Industria,Nordeste,Farmacêutico,118.84,87.32,10.0,Manteiga de manga_Outubro_522
2025-10-30,Manteiga de manga,Outubro,10,Industria,Nordeste,Sabonetes,83.84,63.95,9.0,Manteiga de manga_Outubro_523
2025-10-24,Manteiga de manga,Outubro,10,Industria,Sudeste,Cosméticos,12.46,114.25,8.0,Manteiga de manga_Outubro_524
2025-10-30,Manteiga de manga,Outubro,10,Distribuidor,Nordeste,Farmacêutico,35.1,94.31,8.0,Manteiga de manga_Outubro_525
2025-10-07,Manteiga de manga,Outubro,10,Distribuidor,Nordeste,Sabonetes,161.52,82.75,8.0,Manteiga de manga_Outubro_526
2025-10-04,Manteiga de manga,Outubro,10,Exportacao,Exterior,Ingredientes,77.53,118.29,8.0,Manteiga de manga_Outubro_527
2025-10-10,Manteiga de manga,Outubro,10,Exportacao,Exterior,Ingredientes,56.7,114.03,9.0,Manteiga de manga_Outubro_528
2025-10-30,Manteiga de manga,Outubro,10,Exportacao,Exterior,Sabonetes,17.28,71.7,9.0,Manteiga de manga_Outubro_529
2025-10-27,Manteiga de manga,Outubro,10,Distribuidor,Sudeste,Farmacêutico,67.53,114.35,7.0,Manteiga de manga_Outubro_530
2025-10-31,Manteiga de manga,Outubro,10,Industria,Sudeste,Farmacêutico,88.99,83.39,10.0,Manteiga de manga_Outubro_531
2025-10-21,Manteiga de manga,Outubro,10,Distribuidor,Nordeste,Sabonetes,162.38,101.8,7.0,Manteiga de manga_Outubro_532
2025-10-23,Manteiga de manga,Outubro,10,Industria,Nordeste,Ingredientes,145.56,48.89,7.0,Manteiga de manga_Outubro_533
2025-10-12,Manteiga de manga,Outubro,10,Industria,Sul,Sabonetes,162.07,68.31,8.0,Manteiga de manga_Outubro_534
2025-10-12,Manteiga de manga,Outubro,10,Exportacao,Exterior,Ingredientes,40.02,72.52,7.0,Manteiga de manga_Outubro_535
2025-10-26,Manteiga de manga,Outubro,10,Industria,Sudeste,Sabonetes,114.42,79.99,8.0,Manteiga de manga_Outubro_536
2025-10-31,Manteiga de manga,Outubro,10,Industria,Sul,Farmacêutico,123.96,118.16,10.0,Manteiga de manga_Outubro_537
2025-10-20,Manteiga de manga,Outubro,10,Industria,Sul,Cosméticos,26.09,95.24,8.0,Manteiga de manga_Outubro_538
2025-10-30,Manteiga de manga,Outubro,10,Industria,Sudeste,Perfumaria,169.05,84.42,10.0,Manteiga de manga_Outubro_539
2025-10-21,Manteiga de manga,Outubro,10,Industria,Sudeste,Ingredientes,126.4,54.82,8.0,Manteiga de manga_Outubro_540
2025-10-16,Manteiga de manga,Outubro,10,Industria,Sudeste,Cosméticos,82.52,71.07,8.0,Manteiga de manga_Outubro_541
2025-10-27,Manteiga de manga,Outubro,10,Industria,Sul,Sabonetes,30.82,92.42,,Manteiga de manga_Outubro_542
2025-10-09,Manteiga de manga,Outubro,10,Distribuidor,Sudeste,Cosméticos,16.18,115.88,8.0,Manteiga de manga_Outubro_543
2025-10-30,Manteiga de manga,Outubro,10,Industria,Sudeste,Cosméticos,131.83,94.3,8.0,Manteiga de manga_Outubro_544
2025-10-17,Manteiga de manga,Outubro,10,Exportacao,Exterior,Cosméticos,127.48,84.02,9.0,Manteiga de manga_Outubro_545
2025-10-27,Manteiga de manga,Outubro,10,Industria,Norte,Ingredientes,92.74,86.29,9.0,Manteiga de manga_Outubro_546
2025-10-07,Manteiga de manga,Outubro,10,Distribuidor,Sudeste,Ingredientes,15.87,78.64,8.0,Manteiga de manga_Outubro_547
2025-10-07,Manteiga de manga,Outubro,10,Industria,Nordeste,Perfumaria,25.34,85.79,8.0,Manteiga de manga_Outubro_548
2025-10-14,Manteiga de manga,Outubro,10,Distribuidor,Norte,Farmacêutico,38.27,113.17,6.0,Manteiga de manga_Outubro_549
2025-10-16,Manteiga de manga,Outubro,10,Industria,Sul,Cosméticos,36.54,94.71,8.0,Manteiga de manga_Outubro_550
2025-10-26,Manteiga de manga,Outubro,10,Industria,Sudeste,Sabonetes,150.91,52.8,8.0,Manteiga de manga_Outubro_551
2025-10-26,Manteiga de manga,Outubro,10,Distribuidor,Sul,Sabonetes,115.52,107.87,10.0,Manteiga de manga_Outubro_552
2025-10-19,Manteiga de manga,Outubro,10,Exportacao,Exterior,Farmacêutico,204.76,87.23,7.0,Manteiga de manga_Outubro_553
2025-10-22,Manteiga de manga,Outubro,10,Industria,Nordeste,,17.45,69.38,10.0,Manteiga de manga_Outubro_554
2025-10-01,Manteiga de manga,Outubro,10,Industria,Nordeste,Sabonetes,74.45,65.47,8.0,Manteiga de manga_Outubro_555
2025-10-01,Manteiga de manga,Outubro,10,Industria,Nordeste,Sabonetes,32.25,119.17,8.0,Manteiga de manga_Outubro_556
2025-10-21,Manteiga de manga,Outubro,10,Industria,Nordeste,Ingredientes,112.42,48.76,8.0,Manteiga de manga_Outubro_557
2025-10-25,Manteiga de manga,Outubro,10,Industria,Sudeste,Perfumaria,70.74,113.06,7.0,Manteiga de manga_Outubro_558
2025-10-23,Manteiga de manga,Outubro,10,Distribuidor,Sul,Ingredientes,133.2,77.87,7.0,Manteiga de manga_Outubro_559
2025-10-07,Manteiga de manga,Outubro,10,Industria,Sul,Ingredientes,217.28,54.99,8.0,Manteiga de manga_Outubro_560
2025-10-15,Manteiga de manga,Outubro,10,Industria,Nordeste,Farmacêutico,98.52,94.5,7.0,Manteiga de manga_Outubro_561
2025-10-13,Manteiga de manga,Outubro,10,Distribuidor,Sudeste,Farmacêutico,93.88,111.19,8.0,Manteiga de manga_Outubro_562
2025-10-30,Manteiga de manga,Outubro,10,Distribuidor,Sudeste,Ingredientes,50.03,77.68,7.0,Manteiga de manga_Outubro_563
2025-10-21,Manteiga de manga,Outubro,10,Industria,Sudeste,Sabonetes,12.91,58.67,7.0,Manteiga de manga_Outubro_564
2025-10-21,Manteiga de manga,Outubro,10,Industria,Sudeste,Sabonetes,145.29,69.01,6.0,Manteiga de manga_Outubro_565
2025-10-21,Manteiga de manga,Outubro,10,Distribuidor,Sudeste,Farmacêutico,91.77,106.55,8.0,Manteiga de manga_Outubro_566
2025-10-17,Manteiga de manga,Outubro,10,Exportacao,Exterior,Sabonetes,174.66,108.77,9.0,Manteiga de manga_Outubro_567
2025-10-07,Manteiga de manga,Outubro,10,Industria,Nordeste,,56.26,116.24,9.0,Manteiga de manga_Outubro_568
2025-10-28,Manteiga de manga,Outubro,10,Industria,Sudeste,Sabonetes,105.9,96.95,10.0,Manteiga de manga_Outubro_569
2025-10-22,Manteiga de manga,Outubro,10,Industria,Nordeste,Sabonetes,179.85,62.07,8.0,Manteiga de manga_Outubro_570
2025-10-27,Manteiga de manga,Outubro,10,Industria,Nordeste,Perfumaria,132.22,85.16,7.0,Manteiga de manga_Outubro_571
2025-10-20,Manteiga de manga,Outubro,10,Distribuidor,Sudeste,Cosméticos,115.78,98.65,8.0,Manteiga de manga_Outubro_572
2025-10-06,Manteiga de manga,Outubro,10,Industria,Sudeste,Perfumaria,118.24,116.11,10.0,Manteiga de manga_Outubro_573
2025-10-08,Manteiga de manga,Outubro,10,Industria,Sudeste,Farmacêutico,166.82,111.24,7.0,Manteiga de manga_Outubro_574
2025-10-18,Manteiga de manga,Outubro,10,Exportacao,Exterior,Perfumaria,35.71,114.41,10.0,Manteiga de manga_Outubro_575
2025-10-31,Manteiga de manga,Outubro,10,Industria,Sudeste,Cosméticos,201.98,102.0,10.0,Manteiga de manga_Outubro_576
2025-10-23,Manteiga de manga,Outubro,10,Distribuidor,Sudeste,Farmacêutico,64.03,49.14,8.0,Manteiga de manga_Outubro_577
2025-10-18,Manteiga de manga,Outubro,10,Industria,Sudeste,Perfumaria,113.12,96.29,9.0,Manteiga de manga_Outubro_578
2025-10-15,Manteiga de manga,Outubro,10,Industria,Sul,Ingredientes,199.85,87.0,7.0,Manteiga de manga_Outubro_579
2025-10-16,Manteiga de manga,Outubro,10,Exportacao,Exterior,Cosméticos,51.29,99.87,9.0,Manteiga de manga_Outubro_580
2025-10-21,Manteiga de manga,Outubro,10,Distribuidor,Sudeste,Sabonetes,178.45,113.35,7.0,Manteiga de manga_Outubro_581
2025-10-29,Manteiga de manga,Outubro,10,Exportacao,Exterior,Perfumaria,33.69,108.97,8.0,Manteiga de manga_Outubro_582
2025-10-26,Manteiga de manga,Outubro,10,Industria,Sudeste,Farmacêutico,193.23,45.58,9.0,Manteiga de manga_Outubro_583
2025-10-17,Manteiga de manga,Outubro,10,Industria,Nordeste,Cosméticos,134.39,50.4,8.0,Manteiga de manga_Outubro_584
2025-10-05,Manteiga de manga,Outubro,10,Industria,Sul,Cosméticos,196.81,109.84,10.0,Manteiga de manga_Outubro_585
2025-10-30,Manteiga de manga,Outubro,10,Industria,Nordeste,Farmacêutico,103.5,66.05,8.0,Manteiga de manga_Outubro_586
2025-10-13,Manteiga de manga,Outubro,10,Industria,Centro-Oeste,Ingredientes,197.87,112.48,7.0,Manteiga de manga_Outubro_587
2025-10-16,Manteiga de manga,Outubro,10,Industria,Centro-Oeste,Ingredientes,63.89,87.75,9.0,Manteiga de manga_Outubro_588
2025-10-12,Manteiga de manga,Outubro,10,Industria,Centro-Oeste,Perfumaria,178.62,63.63,9.0,Manteiga de manga_Outubro_589
2025-10-27,Manteiga de manga,Outubro,10,Industria,Sudeste,Cosméticos,181.63,91.9,6.0,Manteiga de manga_Outubro_590
2025-10-08,Manteiga de manga,Outubro,10,Industria,Nordeste,Perfumaria,148.82,87.89,9.0,Manteiga de manga_Outubro_591
2025-10-26,Manteiga de manga,Outubro,10,Industria,Norte,Farmacêutico,200.99,73.13,7.0,Manteiga de manga_Outubro_592
2025-10-21,Manteiga de manga,Outubro,10,Industria,Nordeste,Ingredientes,105.79,116.17,10.0,Manteiga de manga_Outubro_593
2025-10-12,Manteiga de manga,Outubro,10,Industria,Norte,Ingredientes,185.63,90.3,8.0,Manteiga de manga_Outubro_594
2025-10-09,Manteiga de manga,Outubro,10,Industria,Sudeste,Ingredientes,237.35,52.93,9.0,Manteiga de manga_Outubro_595
2025-10-04,Manteiga de manga,Outubro,10,Exportacao,Exterior,Cosméticos,241.52,80.2,8.0,Manteiga de manga_Outubro_596
2025-10-28,Manteiga de manga,Outubro,10,Industria,Nordeste,Ingredientes,104.72,47.3,6.0,Manteiga de manga_Outubro_597
2025-10-05,Manteiga de manga,Outubro,10,Industria,Nordeste,Perfumaria,101.65,48.69,8.0,Manteiga de manga_Outubro_598
2025-10-01,Manteiga de manga,Outubro,10,Distribuidor,Centro-Oeste,Sabonetes,62.97,49.59,8.0,Manteiga de manga_Outubro_599
2025-10-03,Manteiga de manga,Outubro,10,Industria,Sul,Cosméticos,209.16,60.56,10.0,Manteiga de manga_Outubro_600
2025-10-07,Manteiga de manga,Outubro,10,Industria,Sudeste,Perfumaria,220.63,46.57,8.0,Manteiga de manga_Outubro_601
2025-10-29,Manteiga de manga,Outubro,10,Distribuidor,Sudeste,Farmacêutico,71.14,54.69,7.0,Manteiga de manga_Outubro_602
2025-10-26,Manteiga de manga,Outubro,10,Industria,Nordeste,Perfumaria,50.47,58.06,8.0,Manteiga de manga_Outubro_603
2025-10-02,Manteiga de manga,Outubro,10,Distribuidor,Sudeste,Ingredientes,47.2,56.4,9.0,Manteiga de manga_Outubro_604
2025-10-13,Manteiga de manga,Outubro,10,Industria,Nordeste,Cosméticos,58.42,89.29,8.0,Manteiga de manga_Outubro_605
2025-10-31,Manteiga de manga,Outubro,10,Distribuidor,Nordeste,Cosméticos,91.45,83.34,8.0,Manteiga de manga_Outubro_606
2025-10-21,Manteiga de manga,Outubro,10,Industria,Sudeste,Sabonetes,121.85,81.03,6.0,Manteiga de manga_Outubro_607
2025-10-07,Manteiga de manga,Outubro,10,Industria,Centro-Oeste,Ingredientes,176.95,94.39,8.0,Manteiga de manga_Outubro_608
2025-10-17,Manteiga de manga,Outubro,10,Industria,Sudeste,Perfumaria,229.82,54.86,10.0,Manteiga de manga_Outubro_609
2025-10-06,Manteiga de manga,Outubro,10,Industria,Sudeste,Ingredientes,17.45,88.45,7.0,Manteiga de manga_Outubro_610
2025-10-27,Manteiga de manga,Outubro,10,Industria,Sul,Sabonetes,67.27,111.75,8.0,Manteiga de manga_Outubro_611
2025-10-23,Manteiga de manga,Outubro,10,Industria,Centro-Oeste,Sabonetes,12.07,57.01,8.0,Manteiga de manga_Outubro_612
2025-10-27,Manteiga de manga,Outubro,10,Distribuidor,Centro-Oeste,Ingredientes,177.65,101.04,9.0,Manteiga de manga_Outubro_613
2025-10-04,Manteiga de manga,Outubro,10,Industria,Sul,Perfumaria,57.66,87.48,8.0,Manteiga de manga_Outubro_614
2025-10-20,Manteiga de manga,Outubro,10,Industria,Sudeste,Cosméticos,79.52,96.24,8.0,Manteiga de manga_Outubro_615
2025-10-16,Manteiga de manga,Outubro,10,Industria,Nordeste,Perfumaria,170.32,62.71,7.0,Manteiga de manga_Outubro_616
2025-10-11,Manteiga de manga,Outubro,10,Industria,Sul,Ingredientes,78.17,87.66,7.0,Manteiga de manga_Outubro_617
2025-10-21,Manteiga de manga,Outubro,10,Distribuidor,Sul,Sabonetes,94.45,99.49,8.0,Manteiga de manga_Outubro_618
2025-10-29,Manteiga de manga,Outubro,10,Industria,Sudeste,Cosméticos,231.97,72.71,10.0,Manteiga de manga_Outubro_619
2025-10-28,Manteiga de manga,Outubro,10,Industria,Nordeste,Ingredientes,138.48,64.57,6.0,Manteiga de manga_Outubro_620
2025-10-27,Manteiga de manga,Outubro,10,Exportacao,Exterior,Cosméticos,66.93,105.13,8.0,Manteiga de manga_Outubro_621
2025-10-30,Manteiga de manga,Outubro,10,Industria,Sudeste,Sabonetes,30.63,90.42,6.0,Manteiga de manga_Outubro_622
2025-10-15,Manteiga de manga,Outubro,10,Industria,Sudeste,Ingredientes,109.05,59.56,10.0,Manteiga de manga_Outubro_623
2025-10-01,Manteiga de manga,Outubro,10,Industria,Norte,Sabonetes,126.33,49.68,8.0,Manteiga de manga_Outubro_624
2025-10-28,Manteiga de manga,Outubro,10,Industria,Norte,Ingredientes,83.2,86.19,7.0,Manteiga de manga_Outubro_625
2025-10-25,Manteiga de manga,Outubro,10,Distribuidor,Sudeste,Ingredientes,98.19,90.12,6.0,Manteiga de manga_Outubro_626
2025-10-12,Manteiga de manga,Outubro,10,Industria,Nordeste,Perfumaria,34.75,101.79,10.0,Manteiga de manga_Outubro_627
2025-10-30,Manteiga de manga,Outubro,10,Distribuidor,Sudeste,Cosméticos,173.26,111.91,8.0,Manteiga de manga_Outubro_628
2025-10-31,Manteiga de manga,Outubro,10,Industria,Sul,Perfumaria,212.88,94.71,7.0,Manteiga de manga_Outubro_629
2025-10-08,Manteiga de manga,Outubro,10,Industria,Sul,Sabonetes,11.95,83.03,6.0,Manteiga de manga_Outubro_630
2025-10-31,Manteiga de manga,Outubro,10,Industria,Sudeste,Farmacêutico,34.35,65.03,8.0,Manteiga de manga_Outubro_631
2025-10-15,Manteiga de manga,Outubro,10,Industria,Centro-Oeste,Ingredientes,128.38,48.25,7.0,Manteiga de manga_Outubro_632
2025-10-21,Manteiga de manga,Outubro,10,Industria,Norte,Farmacêutico,216.23,66.22,9.0,Manteiga de manga_Outubro_633
2025-10-04,Manteiga de manga,Outubro,10,Distribuidor,Norte,Perfumaria,127.02,80.39,7.0,Manteiga de manga_Outubro_634
2025-10-19,Manteiga de manga,Outubro,10,Industria,Sudeste,Perfumaria,107.07,50.41,9.0,Manteiga de manga_Outubro_635
2025-10-16,Manteiga de manga,Outubro,10,Exportacao,Exterior,Farmacêutico,232.95,82.88,7.0,Manteiga de manga_Outubro_636
2025-10-01,Manteiga de manga,Outubro,10,Industria,Sudeste,Sabonetes,137.91,116.29,7.0,Manteiga de manga_Outubro_637
2025-10-02,Manteiga de manga,Outubro,10,Distribuidor,Nordeste,Ingredientes,25.2,113.3,6.0,Manteiga de manga_Outubro_638
2025-10-28,Manteiga de manga,Outubro,10,Exportacao,Exterior,Sabonetes,94.93,80.55,9.0,Manteiga de manga_Outubro_639
2025-10-23,Manteiga de manga,Outubro,10,Exportacao,Exterior,Ingredientes,130.11,100.8,9.0,Manteiga de manga_Outubro_640
2025-10-10,Manteiga de manga,Outubro,10,Distribuidor,Sul,Sabonetes,174.16,76.18,7.0,Manteiga de manga_Outubro_641
2025-10-07,Manteiga de manga,Outubro,10,Industria,Nordeste,Farmacêutico,230.1,69.36,7.0,Manteiga de manga_Outubro_642
2025-10-20,Manteiga de manga,Outubro,10,Industria,Sudeste,Sabonetes,19.75,49.89,9.0,Manteiga de manga_Outubro_643
2025-10-21,Manteiga de manga,Outubro,10,Industria,Nordeste,Ingredientes,149.9,89.85,10.0,Manteiga de manga_Outubro_644
2025-10-27,Manteiga de manga,Outubro,10,Industria,Nordeste,Perfumaria,113.77,109.36,8.0,Manteiga de manga_Outubro_645
2025-10-25,Manteiga de manga,Outubro,10,Exportacao,Exterior,Cosméticos,136.03,73.79,10.0,Manteiga de manga_Outubro_646
2025-10-10,Manteiga de manga,Outubro,10,Industria,Sudeste,Ingredientes,134.47,71.27,9.0,Manteiga de manga_Outubro_647
2025-10-14,Manteiga de manga,Outubro,10,Industria,Nordeste,Perfumaria,82.63,96.26,8.0,Manteiga de manga_Outubro_648
2025-10-10,Manteiga de manga,Outubro,10,Exportacao,Exterior,Cosméticos,107.24,68.72,7.0,Manteiga de manga_Outubro_649
2025-10-12,Manteiga de manga,Outubro,10,Industria,Nordeste,Farmacêutico,240.96,96.33,10.0,Manteiga de manga_Outubro_650
2025-10-11,Manteiga de manga,Outubro,10,Industria,Sudeste,Ingredientes,55.35,50.35,6.0,Manteiga de manga_Outubro_651
2025-10-12,Manteiga de manga,Outubro,10,Industria,Sudeste,,69.48,93.95,8.0,Manteiga de manga_Outubro_652
2025-10-22,Manteiga de manga,Outubro,10,Industria,Nordeste,Perfumaria,18.02,106.73,7.0,Manteiga de manga_Outubro_653
2025-10-23,Manteiga de manga,Outubro,10,Industria,Sudeste,Cosméticos,89.59,97.94,9.0,Manteiga de manga_Outubro_654
2025-10-10,Manteiga de manga,Outubro,10,Industria,Nordeste,Ingredientes,15.97,80.35,10.0,Manteiga de manga_Outubro_655
2025-10-01,Manteiga de manga,Outubro,10,Industria,Sudeste,Sabonetes,76.71,92.18,10.0,Manteiga de manga_Outubro_656
2025-10-05,Manteiga de manga,Outubro,10,Industria,Sudeste,Ingredientes,14.81,73.25,7.0,Manteiga de manga_Outubro_657
2025-10-12,Manteiga de manga,Outubro,10,Industria,Sudeste,Ingredientes,240.87,50.5,9.0,Manteiga de manga_Outubro_658
2025-10-28,Manteiga de manga,Outubro,10,Industria,Nordeste,Cosméticos,96.12,110.75,8.0,Manteiga de manga_Outubro_659
2025-10-31,Manteiga de manga,Outubro,10,Distribuidor,Sudeste,Sabonetes,135.08,64.99,7.0,Manteiga de manga_Outubro_660
2025-10-01,Manteiga de manga,Outubro,10,Industria,Sudeste,Sabonetes,142.25,82.99,8.0,Manteiga de manga_Outubro_661
2025-10-14,Manteiga de manga,Outubro,10,Industria,Sudeste,Perfumaria,208.16,56.76,9.0,Manteiga de manga_Outubro_662
2025-10-05,Manteiga de manga,Outubro,10,Industria,Sudeste,Ingredientes,28.78,70.05,7.0,Manteiga de manga_Outubro_663
2025-10-08,Manteiga de manga,Outubro,10,Distribuidor,Sudeste,Perfumaria,83.48,70.09,6.0,Manteiga de manga_Outubro_664
2025-10-03,Manteiga de manga,Outubro,10,Distribuidor,Nordeste,Cosméticos,56.1,48.87,8.0,Manteiga de manga_Outubro_665
2025-10-28,Manteiga de manga,Outubro,10,Industria,Sudeste,Ingredientes,74.3,107.25,8.0,Manteiga de manga_Outubro_666
2025-10-31,Manteiga de manga,Outubro,10,Distribuidor,Nordeste,Sabonetes,158.65,45.39,7.0,Manteiga de manga_Outubro_667
2025-10-11,Manteiga de manga,Outubro,10,Industria,Sudeste,Farmacêutico,24.17,81.74,6.0,Manteiga de manga_Outubro_668
2025-10-20,Manteiga de manga,Outubro,10,Industria,Sudeste,Sabonetes,80.24,109.21,6.0,Manteiga de manga_Outubro_669
2025-10-16,Manteiga de manga,Outubro,10,Industria,Sudeste,Farmacêutico,168.36,75.6,,Manteiga de manga_Outubro_670
2025-10-05,Manteiga de manga,Outubro,10,Distribuidor,Nordeste,Ingredientes,58.77,100.22,8.0,Manteiga de manga_Outubro_671
2025-10-08,Manteiga de manga,Outubro,10,Exportacao,Exterior,Perfumaria,174.48,103.23,7.0,Manteiga de manga_Outubro_672
2025-10-25,Manteiga de manga,Outubro,10,Industria,Sudeste,Ingredientes,167.52,87.02,9.0,Manteiga de manga_Outubro_673
2025-10-28,Manteiga de manga,Outubro,10,Distribuidor,Sul,Ingredientes,50.07,110.85,10.0,Manteiga de manga_Outubro_674
2025-10-14,Manteiga de manga,Outubro,10,Exportacao,Exterior,Perfumaria,80.66,125.12,8.0,Manteiga de manga_Outubro_675
2025-10-15,Manteiga de manga,Outubro,10,Industria,Sudeste,Ingredientes,224.79,59.65,7.0,Manteiga de manga_Outubro_676
2025-10-11,Manteiga de manga,Outubro,10,Industria,Norte,Cosméticos,151.0,108.72,9.0,Manteiga de manga_Outubro_677
2025-10-02,Manteiga de manga,Outubro,10,Industria,Sul,Sabonetes,151.6,86.18,8.0,Manteiga de manga_Outubro_678
2025-10-13,Manteiga de manga,Outubro,10,Industria,Nordeste,Ingredientes,42.77,58.3,7.0,Manteiga de manga_Outubro_679
2025-10-02,Manteiga de manga,Outubro,10,Distribuidor,Sudeste,Farmacêutico,51.11,67.14,8.0,Manteiga de manga_Outubro_680
2025-10-07,Manteiga de manga,Outubro,10,Exportacao,Exterior,Farmacêutico,28.76,129.36,8.0,Manteiga de manga_Outubro_681
2025-10-04,Manteiga de manga,Outubro,10,Distribuidor,Nordeste,Ingredientes,73.1,85.1,8.0,Manteiga de manga_Outubro_682
2025-10-29,Manteiga de manga,Outubro,10,Distribuidor,Sudeste,Sabonetes,175.02,112.49,7.0,Manteiga de manga_Outubro_683
2025-10-08,Manteiga de manga,Outubro,10,Industria,Nordeste,Cosméticos,169.15,117.44,9.0,Manteiga de manga_Outubro_684
2025-10-28,Manteiga de manga,Outubro,10,Industria,Norte,Cosméticos,10.82,65.07,,Manteiga de manga_Outubro_685
2025-10-25,Manteiga de manga,Outubro,10,Industria,Sudeste,Cosméticos,99.39,102.64,9.0,Manteiga de manga_Outubro_686
2025-10-03,Manteiga de manga,Outubro,10,Distribuidor,Sudeste,Farmacêutico,88.31,83.43,9.0,Manteiga de manga_Outubro_687
2025-10-23,Manteiga de manga,Outubro,10,Industria,Norte,Perfumaria,38.25,76.91,7.0,Manteiga de manga_Outubro_688
2025-10-31,Manteiga de manga,Outubro,10,Distribuidor,Nordeste,Farmacêutico,92.37,72.82,8.0,Manteiga de manga_Outubro_689
2025-10-15,Manteiga de manga,Outubro,10,Distribuidor,Sudeste,Perfumaria,120.26,67.11,9.0,Manteiga de manga_Outubro_690
2025-10-10,Manteiga de manga,Outubro,10,Industria,Sudeste,Farmacêutico,176.19,111.49,6.0,Manteiga de manga_Outubro_691
2025-10-12,Manteiga de manga,Outubro,10,Industria,Sudeste,Farmacêutico,175.6,110.47,8.0,Manteiga de manga_Outubro_692
2025-10-17,Manteiga de manga,Outubro,10,Industria,Nordeste,Cosméticos,165.75,113.78,10.0,Manteiga de manga_Outubro_693
2025-10-09,Manteiga de manga,Outubro,10,Industria,Centro-Oeste,Sabonetes,172.61,51.12,8.0,Manteiga de manga_Outubro_694
2025-10-01,Manteiga de manga,Outubro,10,Distribuidor,Sudeste,Sabonetes,124.21,67.67,10.0,Manteiga de manga_Outubro_695
2025-10-18,Manteiga de manga,Outubro,10,Distribuidor,Sudeste,Sabonetes,160.67,103.13,6.0,Manteiga de manga_Outubro_696
2025-10-17,Manteiga de manga,Outubro,10,Industria,Centro-Oeste,Sabonetes,51.78,60.26,9.0,Manteiga de manga_Outubro_697
2025-10-24,Manteiga de manga,Outubro,10,Distribuidor,Nordeste,Sabonetes,176.71,55.64,6.0,Manteiga de manga_Outubro_698
2025-10-25,Manteiga de manga,Outubro,10,Exportacao,Exterior,Sabonetes,69.03,123.69,7.0,Manteiga de manga_Outubro_699
2025-11-27,Polpa congelada,Novembro,11,Industria,Sudeste,Indústria de laticínios,643.81,9.22,6.0,Polpa congelada_Novembro_0
2025-11-11,Polpa congelada,Novembro,11,Distribuidor,Sul,Distribuidor regional,673.44,13.27,9.0,Polpa congelada_Novembro_1
2025-11-26,Polpa congelada,Novembro,11,Industria,Sudeste,Indústria de alimentos,473.43,13.38,10.0,Polpa congelada_Novembro_2
2025-11-22,Polpa congelada,Novembro,11,Industria,Nordeste,Indústria de alimentos,393.0,12.69,9.0,Polpa congelada_Novembro_3
2025-11-23,Polpa congelada,Novembro,11,Exportacao,Exterior,Importador (EUA),771.84,7.86,8.0,Polpa congelada_Novembro_4
2025-11-26,Polpa congelada,Novembro,11,Food Service,Centro-Oeste,Hotéis,494.51,11.42,9.0,Polpa congelada_Novembro_5
2025-11-10,Polpa congelada,Novembro,11,Food Service,Sudeste,Hotéis,211.16,7.12,7.0,Polpa congelada_Novembro_6
2025-11-01,Polpa congelada,Novembro,11,Distribuidor,Sudeste,Central de compras,719.83,8.54,9.0,Polpa congelada_Novembro_7
2025-11-23,Polpa congelada,Novembro,11,Food Service,Centro-Oeste,Confeitarias,230.68,13.78,7.0,Polpa congelada_Novembro_8
2025-11-01,Polpa congelada,Novembro,11,Exportacao,Exterior,Importador (MENA),732.42,9.36,5.0,Polpa congelada_Novembro_9
2025-11-08,Polpa congelada,Novembro,11,Food Service,Sudeste,Cafeterias,844.22,12.29,8.0,Polpa congelada_Novembro_10
2025-11-22,Polpa congelada,Novembro,11,Food Service,Sul,Confeitarias,445.95,12.39,10.0,Polpa congelada_Novembro_11
2025-11-06,Polpa congelada,Novembro,11,Exportacao,Exterior,Importador (EUA),344.67,14.47,9.0,Polpa congelada_Novembro_12
2025-11-06,Polpa congelada,Novembro,11,Industria,Norte,Indústria de bebidas,535.13,12.58,10.0,Polpa congelada_Novembro_13
2025-11-21,Polpa congelada,Novembro,11,Industria,Sudeste,Indústria de ingredientes,477.22,6.66,9.0,Polpa congelada_Novembro_14
2025-11-04,Polpa congelada,Novembro,11,Distribuidor,Sul,Operador logístico,526.96,13.73,8.0,Polpa congelada_Novembro_15
2025-11-09,Polpa congelada,Novembro,11,Distribuidor,Sudeste,Central de compras,961.68,7.62,7.0,Polpa congelada_Novembro_16
2025-11-13,Polpa congelada,Novembro,11,Food Service,Nordeste,Hotéis,201.18,6.85,7.0,Polpa congelada_Novembro_17
2025-11-24,Polpa congelada,Novembro,11,Distribuidor,Centro-Oeste,Distribuidor regional,1234.99,9.31,8.0,Polpa congelada_Novembro_18
2025-11-16,Polpa congelada,Novembro,11,Exportacao,Exterior,Importador (MENA),308.7,14.98,8.0,Polpa congelada_Novembro_19
2025-11-29,Polpa congelada,Novembro,11,Exportacao,Exterior,Importador (MENA),277.36,14.47,8.0,Polpa congelada_Novembro_20
2025-11-19,Polpa congelada,Novembro,11,Food Service,Norte,Cafeterias,493.58,7.28,8.0,Polpa congelada_Novembro_21
2025-11-18,Polpa congelada,Novembro,11,Industria,Sudeste,Indústria de ingredientes,409.49,9.87,7.0,Polpa congelada_Novembro_22
2025-11-10,Polpa congelada,Novembro,11,Exportacao,Exterior,Importador (EUA),712.88,9.7,7.0,Polpa congelada_Novembro_23
2025-11-26,Polpa congelada,Novembro,11,Food Service,Sudeste,Restaurantes,575.02,7.36,8.0,Polpa congelada_Novembro_24
2025-11-21,Polpa congelada,Novembro,11,Varejo,Centro-Oeste,,579.42,8.08,7.0,Polpa congelada_Novembro_25
2025-11-26,Polpa congelada,Novembro,11,Industria,Sudeste,Indústria de alimentos,373.53,6.31,9.0,Polpa congelada_Novembro_26
2025-11-08,Polpa congelada,Novembro,11,Industria,Norte,Indústria de sorvetes,266.81,11.23,7.0,Polpa congelada_Novembro_27
2025-11-05,Polpa congelada,Novembro,11,Distribuidor,Sul,Distribuidor regional,836.81,7.13,9.0,Polpa congelada_Novembro_28
2025-11-24,Polpa congelada,Novembro,11,Industria,Sul,Indústria de sorvetes,473.75,12.56,7.0,Polpa congelada_Novembro_29
2025-11-12,Polpa congelada,Novembro,11,Varejo,Norte,E-commerce,809.0,11.05,9.0,Polpa congelada_Novembro_30
2025-11-07,Polpa congelada,Novembro,11,Food Service,Nordeste,Cafeterias,517.86,11.36,8.0,Polpa congelada_Novembro_31
2025-11-15,Polpa congelada,Novembro,11,Distribuidor,Sul,Distribuidor food service,334.91,10.99,7.0,Polpa congelada_Novembro_32
2025-11-18,Polpa congelada,Novembro,11,Food Service,Sudeste,Restaurantes,212.65,10.73,7.0,Polpa congelada_Novembro_33
2025-11-01,Polpa congelada,Novembro,11,Industria,Sudeste,Indústria de bebidas,939.05,13.73,7.0,Polpa congelada_Novembro_34
2025-11-18,Polpa congelada,Novembro,11,Food Service,Sudeste,Restaurantes,344.19,7.37,7.0,Polpa congelada_Novembro_35
2025-11-30,Polpa congelada,Novembro,11,Varejo,Sudeste,Supermercados,554.83,10.71,,Polpa congelada_Novembro_36
2025-11-13,Polpa congelada,Novembro,11,Food Service,Norte,Cafeterias,713.85,9.07,8.0,Polpa congelada_Novembro_37
2025-11-22,Polpa congelada,Novembro,11,Food Service,Sul,Açaíterias,854.21,11.26,10.0,Polpa congelada_Novembro_38
2025-11-21,Polpa congelada,Novembro,11,Industria,Nordeste,Indústria de sorvetes,1114.22,7.71,9.0,Polpa congelada_Novembro_39
2025-11-12,Polpa congelada,Novembro,11,Industria,Sudeste,Indústria de bebidas,913.2,11.13,9.0,Polpa congelada_Novembro_40
2025-11-18,Polpa congelada,Novembro,11,Industria,Sul,Indústria de laticínios,952.9,7.49,10.0,Polpa congelada_Novembro_41
2025-11-12,Polpa congelada,Novembro,11,Varejo,Norte,Loja natural,788.63,7.46,10.0,Polpa congelada_Novembro_42
2025-11-07,Polpa congelada,Novembro,11,Food Service,Nordeste,Restaurantes,302.38,6.16,9.0,Polpa congelada_Novembro_43
2025-11-16,Polpa congelada,Novembro,11,Industria,Norte,Indústria de sorvetes,330.03,12.19,7.0,Polpa congelada_Novembro_44
2025-11-10,Polpa congelada,Novembro,11,Industria,Sudeste,Indústria de ingredientes,340.9,11.33,9.0,Polpa congelada_Novembro_45
2025-11-04,Polpa congelada,Novembro,11,Varejo,Sudeste,E-commerce,575.73,12.01,7.0,Polpa congelada_Novembro_46
2025-11-09,Polpa congelada,Novembro,11,Food Service,Sul,Confeitarias,853.24,7.02,8.0,Polpa congelada_Novembro_47
2025-11-17,Polpa congelada,Novembro,11,Industria,Norte,Indústria de bebidas,666.98,13.4,7.0,Polpa congelada_Novembro_48
2025-11-22,Polpa congelada,Novembro,11,Exportacao,Exterior,Trading,360.13,7.56,8.0,Polpa congelada_Novembro_49
2025-11-15,Polpa congelada,Novembro,11,Food Service,Sudeste,Cafeterias,287.14,7.48,9.0,Polpa congelada_Novembro_50
2025-11-18,Polpa congelada,Novembro,11,Food Service,Sudeste,Restaurantes,680.7,6.12,7.0,Polpa congelada_Novembro_51
2025-11-30,Polpa congelada,Novembro,11,Distribuidor,Sul,Atacadista,464.85,7.43,8.0,Polpa congelada_Novembro_52
2025-11-29,Polpa congelada,Novembro,11,Industria,Sudeste,Indústria de laticínios,904.19,8.69,7.0,Polpa congelada_Novembro_53
2025-11-03,Polpa congelada,Novembro,11,Distribuidor,Sul,Atacadista,779.38,12.44,8.0,Polpa congelada_Novembro_54
2025-11-20,Polpa congelada,Novembro,11,Industria,Nordeste,Indústria de laticínios,330.25,13.3,8.0,Polpa congelada_Novembro_55
2025-11-05,Polpa congelada,Novembro,11,Exportacao,Exterior,Importador (MENA),868.22,14.23,8.0,Polpa congelada_Novembro_56
2025-11-03,Polpa congelada,Novembro,11,Distribuidor,Nordeste,Central de compras,638.19,8.3,6.0,Polpa congelada_Novembro_57
2025-11-16,Polpa congelada,Novembro,11,Food Service,Centro-Oeste,Açaíterias,643.28,13.72,10.0,Polpa congelada_Novembro_58
2025-11-16,Polpa congelada,Novembro,11,Varejo,Sudeste,Atacarejo,397.43,10.25,8.0,Polpa congelada_Novembro_59
2025-11-08,Polpa congelada,Novembro,11,Food Service,Nordeste,Confeitarias,268.84,9.81,10.0,Polpa congelada_Novembro_60
2025-11-11,Polpa congelada,Novembro,11,Industria,Nordeste,Indústria de sorvetes,496.29,8.33,7.0,Polpa congelada_Novembro_61
2025-11-24,Polpa congelada,Novembro,11,Distribuidor,Sudeste,Operador logístico,642.21,6.48,7.0,Polpa congelada_Novembro_62
2025-11-08,Polpa congelada,Novembro,11,Exportacao,Exterior,Importador (MENA),588.48,9.59,7.0,Polpa congelada_Novembro_63
2025-11-21,Polpa congelada,Novembro,11,Distribuidor,Nordeste,Distribuidor regional,413.16,8.44,8.0,Polpa congelada_Novembro_64
2025-11-04,Polpa congelada,Novembro,11,Exportacao,Exterior,Importador (MENA),219.67,10.14,8.0,Polpa congelada_Novembro_65
2025-11-11,Polpa congelada,Novembro,11,Distribuidor,Sudeste,Central de compras,506.48,9.26,8.0,Polpa congelada_Novembro_66
2025-11-30,Polpa congelada,Novembro,11,Industria,Sul,Indústria de alimentos,1022.89,9.57,8.0,Polpa congelada_Novembro_67
2025-11-18,Polpa congelada,Novembro,11,Distribuidor,Norte,Atacadista,938.09,7.51,8.0,Polpa congelada_Novembro_68
2025-11-02,Polpa congelada,Novembro,11,Exportacao,Exterior,Importador (EUA),798.79,8.01,7.0,Polpa congelada_Novembro_69
2025-11-16,Polpa congelada,Novembro,11,Food Service,Centro-Oeste,Confeitarias,259.2,9.57,7.0,Polpa congelada_Novembro_70
2025-11-12,Polpa congelada,Novembro,11,Food Service,Sul,Cafeterias,345.22,7.91,9.0,Polpa congelada_Novembro_71
2025-11-19,Polpa congelada,Novembro,11,Food Service,Sul,Hotéis,275.87,11.52,8.0,Polpa congelada_Novembro_72
2025-11-19,Polpa congelada,Novembro,11,Varejo,Sudeste,Loja natural,922.98,14.52,9.0,Polpa congelada_Novembro_73
2025-11-23,Polpa congelada,Novembro,11,Industria,Nordeste,Indústria de ingredientes,926.7,10.66,9.0,Polpa congelada_Novembro_74
2025-11-17,Polpa congelada,Novembro,11,Food Service,Sul,Confeitarias,230.36,9.35,10.0,Polpa congelada_Novembro_75
2025-11-30,Polpa congelada,Novembro,11,Distribuidor,Sudeste,Operador logístico,884.57,8.24,7.0,Polpa congelada_Novembro_76
2025-11-26,Polpa congelada,Novembro,11,Exportacao,Exterior,Importador (UE),542.34,9.82,7.0,Polpa congelada_Novembro_77
2025-11-18,Polpa congelada,Novembro,11,Industria,Sudeste,Indústria de alimentos,115.57,9.26,9.0,Polpa congelada_Novembro_78
2025-11-10,Polpa congelada,Novembro,11,Food Service,Sudeste,Confeitarias,276.52,7.09,8.0,Polpa congelada_Novembro_79
2025-11-02,Polpa congelada,Novembro,11,Industria,Sudeste,Indústria de sorvetes,931.11,9.75,10.0,Polpa congelada_Novembro_80
2025-11-01,Polpa congelada,Novembro,11,Industria,Sudeste,Indústria de sorvetes,706.21,9.67,7.0,Polpa congelada_Novembro_81
2025-11-20,Polpa congelada,Novembro,11,Distribuidor,Sudeste,Operador logístico,774.16,7.75,10.0,Polpa congelada_Novembro_82
2025-11-05,Polpa congelada,Novembro,11,Food Service,Sudeste,Confeitarias,283.97,11.14,10.0,Polpa congelada_Novembro_83
2025-11-06,Polpa congelada,Novembro,11,Industria,Nordeste,Indústria de sorvetes,158.36,13.23,9.0,Polpa congelada_Novembro_84
2025-11-11,Polpa congelada,Novembro,11,Industria,Nordeste,Indústria de ingredientes,200.0,11.02,8.0,Polpa congelada_Novembro_85
2025-11-28,Polpa congelada,Novembro,11,Industria,Norte,Indústria de alimentos,716.89,6.45,10.0,Polpa congelada_Novembro_86
2025-11-03,Polpa congelada,Novembro,11,Distribuidor,Sudeste,Central de compras,959.85,9.95,8.0,Polpa congelada_Novembro_87
2025-11-12,Polpa congelada,Novembro,11,Industria,Sul,Indústria de laticínios,175.25,13.37,9.0,Polpa congelada_Novembro_88
2025-11-24,Polpa congelada,Novembro,11,Varejo,Sudeste,Loja natural,500.24,13.61,6.0,Polpa congelada_Novembro_89
2025-11-21,Polpa congelada,Novembro,11,Distribuidor,Sudeste,,909.51,12.63,8.0,Polpa congelada_Novembro_90
2025-11-19,Polpa congelada,Novembro,11,Industria,Centro-Oeste,Indústria de laticínios,119.89,10.48,7.0,Polpa congelada_Novembro_91
2025-11-03,Polpa congelada,Novembro,11,Food Service,Sudeste,Hotéis,566.08,11.2,8.0,Polpa congelada_Novembro_92
2025-11-27,Polpa congelada,Novembro,11,Industria,Centro-Oeste,Indústria de bebidas,742.88,9.93,8.0,Polpa congelada_Novembro_93
2025-11-26,Polpa congelada,Novembro,11,Distribuidor,Centro-Oeste,Central de compras,608.06,7.55,10.0,Polpa congelada_Novembro_94
2025-11-02,Polpa congelada,Novembro,11,Distribuidor,Sudeste,Central de compras,355.5,7.95,7.0,Polpa congelada_Novembro_95
2025-11-29,Polpa congelada,Novembro,11,Food Service,Norte,Hotéis,568.72,11.7,7.0,Polpa congelada_Novembro_96
2025-11-02,Polpa congelada,Novembro,11,Distribuidor,Sudeste,Operador logístico,956.2,7.22,8.0,Polpa congelada_Novembro_97
2025-11-17,Polpa congelada,Novembro,11,Varejo,Nordeste,E-commerce,324.44,11.74,9.0,Polpa congelada_Novembro_98
2025-11-25,Polpa congelada,Novembro,11,Exportacao,Exterior,Importador (EUA),335.93,11.58,9.0,Polpa congelada_Novembro_99
2025-11-29,Polpa congelada,Novembro,11,Varejo,Sul,Supermercados,599.64,14.58,9.0,Polpa congelada_Novembro_100
2025-11-29,Polpa congelada,Novembro,11,Varejo,Sudeste,,723.53,10.8,9.0,Polpa congelada_Novembro_101
2025-11-17,Polpa congelada,Novembro,11,Food Service,Sudeste,Confeitarias,187.82,10.76,8.0,Polpa congelada_Novembro_102
2025-11-27,Polpa congelada,Novembro,11,Food Service,Nordeste,Açaíterias,784.24,11.96,6.0,Polpa congelada_Novembro_103
2025-11-14,Polpa congelada,Novembro,11,Food Service,Nordeste,Cafeterias,852.06,8.38,8.0,Polpa congelada_Novembro_104
2025-11-22,Polpa congelada,Novembro,11,Distribuidor,Norte,Distribuidor regional,797.5,6.71,9.0,Polpa congelada_Novembro_105
2025-11-21,Polpa congelada,Novembro,11,Food Service,Sul,Açaíterias,487.61,10.31,8.0,Polpa congelada_Novembro_106
2025-11-24,Polpa congelada,Novembro,11,Industria,Sudeste,Indústria de bebidas,945.93,7.36,8.0,Polpa congelada_Novembro_107
2025-11-03,Polpa congelada,Novembro,11,Distribuidor,Sul,Distribuidor regional,620.01,9.11,8.0,Polpa congelada_Novembro_108
2025-11-18,Polpa congelada,Novembro,11,Food Service,Sul,Açaíterias,367.44,6.79,4.0,Polpa congelada_Novembro_109
2025-11-12,Polpa congelada,Novembro,11,Varejo,Sudeste,Empórios,213.02,7.81,8.0,Polpa congelada_Novembro_110
2025-11-30,Polpa congelada,Novembro,11,Food Service,Norte,Confeitarias,631.73,12.36,8.0,Polpa congelada_Novembro_111
2025-11-11,Polpa congelada,Novembro,11,Food Service,Sudeste,Confeitarias,418.21,6.62,8.0,Polpa congelada_Novembro_112
2025-11-18,Polpa congelada,Novembro,11,Varejo,Sul,Loja natural,869.25,9.93,10.0,Polpa congelada_Novembro_113
2025-11-11,Polpa congelada,Novembro,11,Varejo,Sul,Loja natural,183.47,8.0,9.0,Polpa congelada_Novembro_114
2025-11-23,Polpa congelada,Novembro,11,Industria,Sudeste,Indústria de alimentos,215.77,10.46,7.0,Polpa congelada_Novembro_115
2025-11-28,Polpa congelada,Novembro,11,Distribuidor,Sudeste,Operador logístico,1093.0,8.94,7.0,Polpa congelada_Novembro_116
2025-11-08,Polpa congelada,Novembro,11,Food Service,Sul,Açaíterias,252.84,7.96,8.0,Polpa congelada_Novembro_117
2025-11-06,Polpa congelada,Novembro,11,Distribuidor,Sul,Distribuidor regional,1042.12,11.99,10.0,Polpa congelada_Novembro_118
2025-11-21,Polpa congelada,Novembro,11,Food Service,Nordeste,Confeitarias,267.01,8.58,7.0,Polpa congelada_Novembro_119
2025-11-06,Polpa congelada,Novembro,11,Industria,Nordeste,Indústria de laticínios,540.15,8.34,9.0,Polpa congelada_Novembro_120
2025-11-21,Polpa congelada,Novembro,11,Industria,Sudeste,Indústria de alimentos,315.59,9.13,6.0,Polpa congelada_Novembro_121
2025-11-27,Polpa congelada,Novembro,11,Varejo,Nordeste,Loja natural,222.53,8.05,7.0,Polpa congelada_Novembro_122
2025-11-27,Polpa congelada,Novembro,11,Distribuidor,Sudeste,Distribuidor food service,212.56,13.74,6.0,Polpa congelada_Novembro_123
2025-11-06,Polpa congelada,Novembro,11,Exportacao,Exterior,Trading,347.62,8.74,9.0,Polpa congelada_Novembro_124
2025-11-21,Polpa congelada,Novembro,11,Distribuidor,Sul,Distribuidor food service,946.84,7.63,10.0,Polpa congelada_Novembro_125
2025-11-11,Polpa congelada,Novembro,11,Food Service,Sudeste,Cafeterias,836.28,13.2,7.0,Polpa congelada_Novembro_126
2025-11-11,Polpa congelada,Novembro,11,Industria,Nordeste,Indústria de bebidas,839.24,9.92,9.0,Polpa congelada_Novembro_127
2025-11-22,Polpa congelada,Novembro,11,Industria,Norte,Indústria de laticínios,877.37,12.19,9.0,Polpa congelada_Novembro_128
2025-11-30,Polpa congelada,Novembro,11,Exportacao,Exterior,Importador (MENA),962.22,9.38,9.0,Polpa congelada_Novembro_129
2025-11-07,Polpa congelada,Novembro,11,Industria,Nordeste,Indústria de sorvetes,115.67,11.84,6.0,Polpa congelada_Novembro_130
2025-11-09,Polpa congelada,Novembro,11,Industria,Sudeste,Indústria de sorvetes,662.25,8.46,9.0,Polpa congelada_Novembro_131
2025-11-23,Polpa congelada,Novembro,11,Varejo,Nordeste,Supermercados,863.42,14.26,9.0,Polpa congelada_Novembro_132
2025-11-12,Polpa congelada,Novembro,11,Food Service,Sul,Hotéis,830.49,11.74,10.0,Polpa congelada_Novembro_133
2025-11-17,Polpa congelada,Novembro,11,Industria,Sul,Indústria de laticínios,170.5,9.46,10.0,Polpa congelada_Novembro_134
2025-11-18,Polpa congelada,Novembro,11,Industria,Sul,Indústria de ingredientes,131.71,8.99,9.0,Polpa congelada_Novembro_135
2025-11-11,Polpa congelada,Novembro,11,Industria,Norte,Indústria de laticínios,735.96,12.2,9.0,Polpa congelada_Novembro_136
2025-11-26,Polpa congelada,Novembro,11,Food Service,Nordeste,Confeitarias,251.37,9.23,8.0,Polpa congelada_Novembro_137
2025-11-30,Polpa congelada,Novembro,11,Distribuidor,Sul,Atacadista,364.73,8.84,10.0,Polpa congelada_Novembro_138
2025-11-13,Polpa congelada,Novembro,11,Distribuidor,Sul,Distribuidor regional,936.31,8.93,10.0,Polpa congelada_Novembro_139
2025-11-11,Polpa congelada,Novembro,11,Industria,Nordeste,Indústria de laticínios,644.26,12.72,7.0,Polpa congelada_Novembro_140
2025-11-19,Polpa congelada,Novembro,11,Distribuidor,Sudeste,Central de compras,509.67,13.09,10.0,Polpa congelada_Novembro_141
2025-11-01,Polpa congelada,Novembro,11,Varejo,Sul,Atacarejo,628.5,11.47,9.0,Polpa congelada_Novembro_142
2025-11-03,Polpa congelada,Novembro,11,Food Service,Sudeste,Confeitarias,233.75,13.7,8.0,Polpa congelada_Novembro_143
2025-11-27,Polpa congelada,Novembro,11,Food Service,Sul,Hotéis,910.09,11.86,9.0,Polpa congelada_Novembro_144
2025-11-05,Polpa congelada,Novembro,11,Industria,Sudeste,Indústria de sorvetes,1100.61,6.56,9.0,Polpa congelada_Novembro_145
2025-11-23,Polpa congelada,Novembro,11,Industria,Sul,Indústria de alimentos,663.66,12.76,9.0,Polpa congelada_Novembro_146
2025-11-25,Polpa congelada,Novembro,11,Industria,Norte,Indústria de alimentos,430.73,9.93,7.0,Polpa congelada_Novembro_147
2025-11-17,Polpa congelada,Novembro,11,Food Service,Norte,Hotéis,271.69,8.85,8.0,Polpa congelada_Novembro_148
2025-11-26,Polpa congelada,Novembro,11,Food Service,Nordeste,Hotéis,488.88,7.32,9.0,Polpa congelada_Novembro_149
2025-11-25,Polpa congelada,Novembro,11,Distribuidor,Nordeste,Atacadista,830.85,10.87,7.0,Polpa congelada_Novembro_150
2025-11-27,Polpa congelada,Novembro,11,Exportacao,Exterior,Importador (MENA),742.72,12.56,9.0,Polpa congelada_Novembro_151
2025-11-04,Polpa congelada,Novembro,11,Varejo,Nordeste,Supermercados,707.8,9.07,9.0,Polpa congelada_Novembro_152
2025-11-17,Polpa congelada,Novembro,11,Distribuidor,Sul,Central de compras,621.32,11.7,8.0,Polpa congelada_Novembro_153
2025-11-22,Polpa congelada,Novembro,11,Industria,Sudeste,Indústria de sorvetes,493.78,11.49,8.0,Polpa congelada_Novembro_154
2025-11-04,Polpa congelada,Novembro,11,Industria,Centro-Oeste,Indústria de sorvetes,872.45,6.53,10.0,Polpa congelada_Novembro_155
2025-11-02,Polpa congelada,Novembro,11,Industria,Sudeste,Indústria de laticínios,707.16,6.52,10.0,Polpa congelada_Novembro_156
2025-11-16,Polpa congelada,Novembro,11,Food Service,Norte,Confeitarias,629.2,12.49,8.0,Polpa congelada_Novembro_157
2025-11-25,Polpa congelada,Novembro,11,Food Service,Sudeste,Cafeterias,781.5,12.41,9.0,Polpa congelada_Novembro_158
2025-11-05,Polpa congelada,Novembro,11,Distribuidor,Sudeste,Atacadista,157.58,10.67,10.0,Polpa congelada_Novembro_159
2025-11-02,Polpa congelada,Novembro,11,Food Service,Nordeste,Açaíterias,361.16,8.78,9.0,Polpa congelada_Novembro_160
2025-11-18,Polpa congelada,Novembro,11,Food Service,Sudeste,Cafeterias,871.25,11.11,7.0,Polpa congelada_Novembro_161
2025-11-25,Polpa congelada,Novembro,11,Industria,Nordeste,Indústria de ingredientes,817.02,13.19,7.0,Polpa congelada_Novembro_162
2025-11-27,Polpa congelada,Novembro,11,Industria,Sudeste,Indústria de ingredientes,364.58,13.07,9.0,Polpa congelada_Novembro_163
2025-11-09,Polpa congelada,Novembro,11,Exportacao,Exterior,Importador (LATAM),1043.35,14.06,7.0,Polpa congelada_Novembro_164
2025-11-10,Polpa congelada,Novembro,11,Varejo,Sul,Atacarejo,735.1,10.13,10.0,Polpa congelada_Novembro_165
2025-11-29,Polpa congelada,Novembro,11,Distribuidor,Sudeste,Atacadista,644.7,9.33,10.0,Polpa congelada_Novembro_166
2025-11-18,Polpa congelada,Novembro,11,Exportacao,Exterior,Importador (EUA),974.15,16.43,9.0,Polpa congelada_Novembro_167
2025-11-14,Polpa congelada,Novembro,11,Industria,Sul,Indústria de sorvetes,340.91,10.89,10.0,Polpa congelada_Novembro_168
2025-11-11,Polpa congelada,Novembro,11,Industria,Sudeste,Indústria de ingredientes,904.51,10.93,10.0,Polpa congelada_Novembro_169
2025-11-27,Polpa congelada,Novembro,11,Industria,Sudeste,Indústria de laticínios,383.42,6.92,7.0,Polpa congelada_Novembro_170
2025-11-19,Polpa congelada,Novembro,11,Industria,Nordeste,Indústria de laticínios,351.0,9.41,8.0,Polpa congelada_Novembro_171
2025-11-02,Polpa congelada,Novembro,11,Distribuidor,Norte,Central de compras,1055.38,12.36,8.0,Polpa congelada_Novembro_172
2025-11-06,Polpa congelada,Novembro,11,Industria,Norte,Indústria de alimentos,253.94,11.36,8.0,Polpa congelada_Novembro_173
2025-11-29,Polpa congelada,Novembro,11,Food Service,Sudeste,Cafeterias,410.48,9.61,8.0,Polpa congelada_Novembro_174
2025-11-30,Polpa congelada,Novembro,11,Distribuidor,Norte,Central de compras,331.43,7.81,8.0,Polpa congelada_Novembro_175
2025-11-24,Polpa congelada,Novembro,11,Industria,Nordeste,Indústria de alimentos,575.33,7.44,10.0,Polpa congelada_Novembro_176
2025-11-05,Polpa congelada,Novembro,11,Distribuidor,Nordeste,Distribuidor food service,951.81,7.91,4.0,Polpa congelada_Novembro_177
2025-11-17,Polpa congelada,Novembro,11,Food Service,Sudeste,Cafeterias,96.94,7.97,9.0,Polpa congelada_Novembro_178
2025-11-17,Polpa congelada,Novembro,11,Exportacao,Exterior,Trading,328.84,11.12,9.0,Polpa congelada_Novembro_179
2025-11-06,Polpa congelada,Novembro,11,Industria,Sul,Indústria de ingredientes,224.33,10.83,6.0,Polpa congelada_Novembro_180
2025-11-16,Polpa congelada,Novembro,11,Industria,Norte,Indústria de alimentos,295.41,10.03,9.0,Polpa congelada_Novembro_181
2025-11-18,Polpa congelada,Novembro,11,Industria,Centro-Oeste,Indústria de laticínios,493.27,12.3,6.0,Polpa congelada_Novembro_182
2025-11-09,Polpa congelada,Novembro,11,Food Service,Nordeste,,756.05,7.21,9.0,Polpa congelada_Novembro_183
2025-11-07,Polpa congelada,Novembro,11,Industria,Norte,Indústria de ingredientes,984.48,7.04,9.0,Polpa congelada_Novembro_184
2025-11-14,Polpa congelada,Novembro,11,Industria,Centro-Oeste,Indústria de sorvetes,611.73,8.99,8.0,Polpa congelada_Novembro_185
2025-11-18,Polpa congelada,Novembro,11,Exportacao,Exterior,Importador (MENA),982.7,9.66,9.0,Polpa congelada_Novembro_186
2025-11-16,Polpa congelada,Novembro,11,Food Service,Sul,Açaíterias,437.44,11.24,10.0,Polpa congelada_Novembro_187
2025-11-04,Polpa congelada,Novembro,11,Industria,Sudeste,Indústria de alimentos,753.39,6.72,10.0,Polpa congelada_Novembro_188
2025-11-30,Polpa congelada,Novembro,11,Food Service,Nordeste,Açaíterias,695.29,10.55,8.0,Polpa congelada_Novembro_189
2025-11-29,Polpa congelada,Novembro,11,Varejo,Nordeste,Empórios,704.67,15.58,9.0,Polpa congelada_Novembro_190
2025-11-15,Polpa congelada,Novembro,11,Distribuidor,Sul,Distribuidor food service,723.79,13.31,9.0,Polpa congelada_Novembro_191
2025-11-18,Polpa congelada,Novembro,11,Industria,Norte,Indústria de bebidas,137.5,6.75,7.0,Polpa congelada_Novembro_192
2025-11-30,Polpa congelada,Novembro,11,Industria,Sudeste,Indústria de alimentos,656.03,13.08,9.0,Polpa congelada_Novembro_193
2025-11-18,Polpa congelada,Novembro,11,Varejo,Sul,E-commerce,555.38,13.4,10.0,Polpa congelada_Novembro_194
2025-11-29,Polpa congelada,Novembro,11,Industria,Sudeste,Indústria de laticínios,986.4,9.35,8.0,Polpa congelada_Novembro_195
2025-11-17,Polpa congelada,Novembro,11,Food Service,Nordeste,Restaurantes,152.18,8.49,8.0,Polpa congelada_Novembro_196
2025-11-14,Polpa congelada,Novembro,11,Industria,Sudeste,Indústria de alimentos,262.14,8.26,10.0,Polpa congelada_Novembro_197
2025-11-24,Polpa congelada,Novembro,11,Food Service,Sul,Hotéis,656.03,11.01,7.0,Polpa congelada_Novembro_198
2025-11-05,Polpa congelada,Novembro,11,Industria,Nordeste,Indústria de sorvetes,144.0,12.16,9.0,Polpa congelada_Novembro_199
2025-11-12,Polpa congelada,Novembro,11,Food Service,Centro-Oeste,Hotéis,547.73,11.49,8.0,Polpa congelada_Novembro_200
2025-11-17,Polpa congelada,Novembro,11,Industria,Sudeste,Indústria de bebidas,851.8,6.36,9.0,Polpa congelada_Novembro_201
2025-11-03,Polpa congelada,Novembro,11,Distribuidor,Sul,Distribuidor regional,946.6,9.99,9.0,Polpa congelada_Novembro_202
2025-11-18,Polpa congelada,Novembro,11,Food Service,Sudeste,Açaíterias,331.84,7.66,9.0,Polpa congelada_Novembro_203
2025-11-26,Polpa congelada,Novembro,11,Distribuidor,Nordeste,Central de compras,600.74,8.91,9.0,Polpa congelada_Novembro_204
2025-11-04,Polpa congelada,Novembro,11,Industria,Sul,,494.65,12.67,8.0,Polpa congelada_Novembro_205
2025-11-27,Polpa congelada,Novembro,11,Varejo,Nordeste,Supermercados,370.82,6.93,8.0,Polpa congelada_Novembro_206
2025-11-27,Polpa congelada,Novembro,11,Industria,Nordeste,Indústria de sorvetes,305.85,6.52,9.0,Polpa congelada_Novembro_207
2025-11-24,Polpa congelada,Novembro,11,Food Service,Sudeste,Cafeterias,419.84,6.7,8.0,Polpa congelada_Novembro_208
2025-11-20,Polpa congelada,Novembro,11,Distribuidor,Nordeste,Distribuidor regional,761.44,7.34,9.0,Polpa congelada_Novembro_209
2025-11-14,Polpa congelada,Novembro,11,Varejo,Sudeste,E-commerce,700.64,11.46,10.0,Polpa congelada_Novembro_210
2025-11-30,Polpa congelada,Novembro,11,Varejo,Sudeste,Empórios,230.45,14.41,8.0,Polpa congelada_Novembro_211
2025-11-15,Polpa congelada,Novembro,11,Food Service,Centro-Oeste,Confeitarias,103.88,6.08,9.0,Polpa congelada_Novembro_212
2025-11-15,Polpa congelada,Novembro,11,Food Service,Sudeste,Restaurantes,449.88,11.65,7.0,Polpa congelada_Novembro_213
2025-11-25,Polpa congelada,Novembro,11,Industria,Sudeste,Indústria de laticínios,1003.02,7.54,9.0,Polpa congelada_Novembro_214
2025-11-02,Polpa congelada,Novembro,11,Exportacao,Exterior,Importador (LATAM),423.09,12.5,8.0,Polpa congelada_Novembro_215
2025-11-27,Polpa congelada,Novembro,11,Food Service,Centro-Oeste,Restaurantes,106.54,13.7,7.0,Polpa congelada_Novembro_216
2025-11-24,Polpa congelada,Novembro,11,Distribuidor,Sudeste,Distribuidor food service,986.19,6.79,7.0,Polpa congelada_Novembro_217
2025-11-04,Polpa congelada,Novembro,11,Distribuidor,Centro-Oeste,Atacadista,550.36,12.14,8.0,Polpa congelada_Novembro_218
2025-11-15,Polpa congelada,Novembro,11,Industria,Sudeste,Indústria de bebidas,1073.0,8.72,7.0,Polpa congelada_Novembro_219
2025-11-20,Polpa congelada,Novembro,11,Food Service,Norte,Restaurantes,870.29,12.74,7.0,Polpa congelada_Novembro_220
2025-11-25,Polpa congelada,Novembro,11,Food Service,Nordeste,Hotéis,353.07,7.41,9.0,Polpa congelada_Novembro_221
2025-11-13,Polpa congelada,Novembro,11,Food Service,Sudeste,Confeitarias,899.39,12.06,9.0,Polpa congelada_Novembro_222
2025-11-21,Polpa congelada,Novembro,11,Varejo,Nordeste,Empórios,132.18,11.2,8.0,Polpa congelada_Novembro_223
2025-11-23,Polpa congelada,Novembro,11,Distribuidor,Nordeste,Central de compras,158.79,13.5,10.0,Polpa congelada_Novembro_224
2025-11-19,Polpa congelada,Novembro,11,Industria,Centro-Oeste,Indústria de alimentos,1061.91,12.26,9.0,Polpa congelada_Novembro_225
2025-11-02,Polpa congelada,Novembro,11,Industria,Sul,Indústria de bebidas,790.67,10.28,7.0,Polpa congelada_Novembro_226
2025-11-24,Polpa congelada,Novembro,11,Food Service,Nordeste,Confeitarias,131.26,8.79,9.0,Polpa congelada_Novembro_227
2025-11-06,Polpa congelada,Novembro,11,Varejo,Centro-Oeste,E-commerce,754.45,9.1,8.0,Polpa congelada_Novembro_228
2025-11-06,Polpa congelada,Novembro,11,Industria,Nordeste,,408.5,12.41,8.0,Polpa congelada_Novembro_229
2025-11-07,Polpa congelada,Novembro,11,Varejo,Sudeste,E-commerce,162.82,9.52,8.0,Polpa congelada_Novembro_230
2025-11-01,Polpa congelada,Novembro,11,Food Service,Sudeste,Açaíterias,827.75,12.74,,Polpa congelada_Novembro_231
2025-11-21,Polpa congelada,Novembro,11,Food Service,Sudeste,Cafeterias,236.54,9.49,9.0,Polpa congelada_Novembro_232
2025-11-29,Polpa congelada,Novembro,11,Distribuidor,Sudeste,Atacadista,410.28,12.44,8.0,Polpa congelada_Novembro_233
2025-11-05,Polpa congelada,Novembro,11,Industria,Sudeste,Indústria de bebidas,143.32,11.97,8.0,Polpa congelada_Novembro_234
2025-11-09,Polpa congelada,Novembro,11,Industria,Centro-Oeste,Indústria de alimentos,694.41,8.69,9.0,Polpa congelada_Novembro_235
2025-11-12,Polpa congelada,Novembro,11,Industria,Sul,Indústria de alimentos,447.24,10.46,9.0,Polpa congelada_Novembro_236
2025-11-04,Polpa congelada,Novembro,11,Food Service,Nordeste,Confeitarias,902.96,9.88,7.0,Polpa congelada_Novembro_237
2025-11-29,Polpa congelada,Novembro,11,Varejo,Sudeste,E-commerce,783.68,13.15,8.0,Polpa congelada_Novembro_238
2025-11-13,Polpa congelada,Novembro,11,Industria,Sudeste,Indústria de bebidas,824.93,8.81,6.0,Polpa congelada_Novembro_239
2025-11-01,Polpa congelada,Novembro,11,Food Service,Sudeste,Açaíterias,218.99,13.04,8.0,Polpa congelada_Novembro_240
2025-11-25,Polpa congelada,Novembro,11,Exportacao,Exterior,Importador (EUA),539.03,10.62,7.0,Polpa congelada_Novembro_241
2025-11-13,Polpa congelada,Novembro,11,Distribuidor,Sudeste,Operador logístico,434.31,9.13,7.0,Polpa congelada_Novembro_242
2025-11-03,Polpa congelada,Novembro,11,Industria,Nordeste,Indústria de sorvetes,201.52,11.66,8.0,Polpa congelada_Novembro_243
2025-11-17,Polpa congelada,Novembro,11,Food Service,Nordeste,Açaíterias,310.72,6.16,9.0,Polpa congelada_Novembro_244
2025-11-20,Polpa congelada,Novembro,11,Industria,Sudeste,Indústria de sorvetes,1108.43,12.89,8.0,Polpa congelada_Novembro_245
2025-11-21,Polpa congelada,Novembro,11,Industria,Sul,Indústria de laticínios,664.13,7.89,7.0,Polpa congelada_Novembro_246
2025-11-01,Polpa congelada,Novembro,11,Varejo,Sudeste,Supermercados,464.85,9.25,9.0,Polpa congelada_Novembro_247
2025-11-04,Polpa congelada,Novembro,11,Food Service,Sul,Confeitarias,764.25,6.09,9.0,Polpa congelada_Novembro_248
2025-11-25,Polpa congelada,Novembro,11,Food Service,Sudeste,Açaíterias,584.25,7.26,9.0,Polpa congelada_Novembro_249
2025-11-03,Polpa congelada,Novembro,11,Varejo,Nordeste,Loja natural,164.02,11.52,10.0,Polpa congelada_Novembro_250
2025-11-12,Polpa congelada,Novembro,11,Distribuidor,Sudeste,Operador logístico,302.87,8.7,6.0,Polpa congelada_Novembro_251
2025-11-27,Polpa congelada,Novembro,11,Industria,Nordeste,Indústria de ingredientes,544.87,11.99,9.0,Polpa congelada_Novembro_252
2025-11-30,Polpa congelada,Novembro,11,Food Service,Nordeste,Cafeterias,812.56,13.49,8.0,Polpa congelada_Novembro_253
2025-11-18,Polpa congelada,Novembro,11,Distribuidor,Norte,Distribuidor food service,436.06,9.9,6.0,Polpa congelada_Novembro_254
2025-11-20,Polpa congelada,Novembro,11,Industria,Sudeste,Indústria de bebidas,635.43,8.97,7.0,Polpa congelada_Novembro_255
2025-11-28,Polpa congelada,Novembro,11,Industria,Sudeste,Indústria de alimentos,964.36,10.31,8.0,Polpa congelada_Novembro_256
2025-11-01,Polpa congelada,Novembro,11,Food Service,Nordeste,Cafeterias,192.87,12.61,7.0,Polpa congelada_Novembro_257
2025-11-25,Polpa congelada,Novembro,11,Industria,Sudeste,Indústria de bebidas,117.04,6.19,8.0,Polpa congelada_Novembro_258
2025-11-14,Polpa congelada,Novembro,11,Industria,Nordeste,Indústria de alimentos,1098.97,7.28,9.0,Polpa congelada_Novembro_259
2025-11-07,Polpa congelada,Novembro,11,Distribuidor,Sudeste,Distribuidor food service,404.42,11.06,10.0,Polpa congelada_Novembro_260
2025-11-15,Polpa congelada,Novembro,11,Varejo,Sudeste,Loja natural,155.83,14.96,8.0,Polpa congelada_Novembro_261
2025-11-13,Polpa congelada,Novembro,11,Distribuidor,Sudeste,Operador logístico,135.44,11.72,8.0,Polpa congelada_Novembro_262
2025-11-03,Polpa congelada,Novembro,11,Food Service,Sudeste,Hotéis,347.39,13.11,6.0,Polpa congelada_Novembro_263
2025-11-23,Polpa congelada,Novembro,11,Industria,Nordeste,Indústria de laticínios,845.65,8.18,8.0,Polpa congelada_Novembro_264
2025-11-26,Polpa congelada,Novembro,11,Distribuidor,Sudeste,Distribuidor regional,840.58,7.65,7.0,Polpa congelada_Novembro_265
2025-11-08,Polpa congelada,Novembro,11,Exportacao,Exterior,Trading,537.51,10.24,8.0,Polpa congelada_Novembro_266
2025-11-20,Polpa congelada,Novembro,11,Distribuidor,Centro-Oeste,Operador logístico,337.31,6.01,7.0,Polpa congelada_Novembro_267
2025-11-10,Polpa congelada,Novembro,11,Industria,Centro-Oeste,Indústria de sorvetes,273.23,8.01,8.0,Polpa congelada_Novembro_268
2025-11-05,Polpa congelada,Novembro,11,Distribuidor,Sudeste,Distribuidor food service,835.93,7.75,8.0,Polpa congelada_Novembro_269
2025-11-09,Polpa congelada,Novembro,11,Food Service,Centro-Oeste,Confeitarias,462.02,6.17,7.0,Polpa congelada_Novembro_270
2025-11-11,Polpa congelada,Novembro,11,Exportacao,Exterior,Importador (EUA),524.62,7.87,10.0,Polpa congelada_Novembro_271
2025-11-16,Polpa congelada,Novembro,11,Food Service,Sudeste,Confeitarias,547.65,8.02,5.0,Polpa congelada_Novembro_272
2025-11-11,Polpa congelada,Novembro,11,Distribuidor,Sudeste,Operador logístico,465.17,10.04,8.0,Polpa congelada_Novembro_273
2025-11-23,Polpa congelada,Novembro,11,Industria,Sul,Indústria de laticínios,202.5,8.66,9.0,Polpa congelada_Novembro_274
2025-11-25,Polpa congelada,Novembro,11,Industria,Nordeste,Indústria de laticínios,135.01,6.97,8.0,Polpa congelada_Novembro_275
2025-11-18,Polpa congelada,Novembro,11,Industria,Sudeste,Indústria de ingredientes,587.97,9.9,8.0,Polpa congelada_Novembro_276
2025-11-06,Polpa congelada,Novembro,11,Distribuidor,Sudeste,Distribuidor food service,673.55,7.43,8.0,Polpa congelada_Novembro_277
2025-11-28,Polpa congelada,Novembro,11,Varejo,Nordeste,Empórios,367.23,13.49,8.0,Polpa congelada_Novembro_278
2025-11-19,Polpa congelada,Novembro,11,Food Service,Nordeste,Hotéis,391.9,9.34,9.0,Polpa congelada_Novembro_279
2025-11-09,Polpa congelada,Novembro,11,Distribuidor,Sudeste,Atacadista,622.79,6.95,7.0,Polpa congelada_Novembro_280
2025-11-14,Polpa congelada,Novembro,11,Exportacao,Exterior,Importador (EUA),807.35,9.86,8.0,Polpa congelada_Novembro_281
2025-11-13,Polpa congelada,Novembro,11,Industria,Centro-Oeste,Indústria de ingredientes,713.22,13.52,8.0,Polpa congelada_Novembro_282
2025-11-21,Polpa congelada,Novembro,11,Industria,Sul,Indústria de laticínios,715.64,12.7,9.0,Polpa congelada_Novembro_283
2025-11-02,Polpa congelada,Novembro,11,Industria,Sul,Indústria de alimentos,1196.19,7.34,8.0,Polpa congelada_Novembro_284
2025-11-13,Polpa congelada,Novembro,11,Varejo,Sul,E-commerce,757.38,12.01,9.0,Polpa congelada_Novembro_285
2025-11-20,Polpa congelada,Novembro,11,Food Service,Sudeste,Hotéis,356.74,13.35,7.0,Polpa congelada_Novembro_286
2025-11-22,Polpa congelada,Novembro,11,Industria,Norte,Indústria de alimentos,871.16,6.27,7.0,Polpa congelada_Novembro_287
2025-11-29,Polpa congelada,Novembro,11,Industria,Sudeste,Indústria de sorvetes,501.72,6.09,9.0,Polpa congelada_Novembro_288
2025-11-02,Polpa congelada,Novembro,11,Industria,Sudeste,Indústria de sorvetes,391.7,12.0,7.0,Polpa congelada_Novembro_289
2025-11-14,Polpa congelada,Novembro,11,Industria,Sudeste,Indústria de ingredientes,1179.43,11.8,10.0,Polpa congelada_Novembro_290
2025-11-13,Polpa congelada,Novembro,11,Food Service,Nordeste,Cafeterias,788.07,6.74,8.0,Polpa congelada_Novembro_291
2025-11-10,Polpa congelada,Novembro,11,Exportacao,Exterior,Importador (LATAM),1162.54,7.86,10.0,Polpa congelada_Novembro_292
2025-11-26,Polpa congelada,Novembro,11,Industria,Centro-Oeste,Indústria de ingredientes,657.43,8.47,5.0,Polpa congelada_Novembro_293
2025-11-05,Polpa congelada,Novembro,11,Exportacao,Exterior,Importador (UE),633.88,13.28,8.0,Polpa congelada_Novembro_294
2025-11-13,Polpa congelada,Novembro,11,Exportacao,Exterior,Importador (EUA),138.23,11.47,7.0,Polpa congelada_Novembro_295
2025-11-26,Polpa congelada,Novembro,11,Industria,Sul,Indústria de sorvetes,612.9,8.77,7.0,Polpa congelada_Novembro_296
2025-11-29,Polpa congelada,Novembro,11,Food Service,Sudeste,Cafeterias,122.56,10.93,9.0,Polpa congelada_Novembro_297
2025-11-20,Polpa congelada,Novembro,11,Industria,Sudeste,Indústria de ingredientes,578.35,6.39,7.0,Polpa congelada_Novembro_298
2025-11-24,Polpa congelada,Novembro,11,Industria,Norte,Indústria de ingredientes,861.03,6.75,10.0,Polpa congelada_Novembro_299
2025-11-10,Polpa congelada,Novembro,11,Industria,Sul,Indústria de bebidas,394.86,9.94,7.0,Polpa congelada_Novembro_300
2025-11-29,Polpa congelada,Novembro,11,Distribuidor,Centro-Oeste,Distribuidor food service,861.92,7.09,9.0,Polpa congelada_Novembro_301
2025-11-25,Polpa congelada,Novembro,11,Industria,Sul,Indústria de alimentos,429.47,12.45,7.0,Polpa congelada_Novembro_302
2025-11-20,Polpa congelada,Novembro,11,Distribuidor,Sul,Operador logístico,942.75,12.04,9.0,Polpa congelada_Novembro_303
2025-11-29,Polpa congelada,Novembro,11,Varejo,Sudeste,Empórios,369.41,13.74,8.0,Polpa congelada_Novembro_304
2025-11-09,Polpa congelada,Novembro,11,Industria,Nordeste,Indústria de alimentos,311.76,7.04,10.0,Polpa congelada_Novembro_305
2025-11-17,Polpa congelada,Novembro,11,Varejo,Sudeste,Atacarejo,228.79,11.34,10.0,Polpa congelada_Novembro_306
2025-11-04,Polpa congelada,Novembro,11,Food Service,Nordeste,Restaurantes,182.45,6.38,6.0,Polpa congelada_Novembro_307
2025-11-19,Polpa congelada,Novembro,11,Industria,Sudeste,Indústria de sorvetes,993.89,12.68,8.0,Polpa congelada_Novembro_308
2025-11-09,Polpa congelada,Novembro,11,Distribuidor,Sudeste,Distribuidor regional,1019.28,6.6,8.0,Polpa congelada_Novembro_309
2025-11-15,Polpa congelada,Novembro,11,Industria,Norte,Indústria de sorvetes,144.88,11.4,7.0,Polpa congelada_Novembro_310
2025-11-14,Polpa congelada,Novembro,11,Food Service,Centro-Oeste,Confeitarias,541.66,6.52,6.0,Polpa congelada_Novembro_311
2025-11-29,Polpa congelada,Novembro,11,Varejo,Sudeste,Supermercados,256.61,13.93,9.0,Polpa congelada_Novembro_312
2025-11-10,Polpa congelada,Novembro,11,Industria,Sudeste,Indústria de alimentos,806.2,12.34,8.0,Polpa congelada_Novembro_313
2025-11-06,Polpa congelada,Novembro,11,Industria,Centro-Oeste,Indústria de sorvetes,476.49,8.37,6.0,Polpa congelada_Novembro_314
2025-11-13,Polpa congelada,Novembro,11,Industria,Sul,Indústria de sorvetes,512.97,10.98,8.0,Polpa congelada_Novembro_315
2025-11-04,Polpa congelada,Novembro,11,Industria,Sudeste,Indústria de sorvetes,699.2,8.91,8.0,Polpa congelada_Novembro_316
2025-11-12,Polpa congelada,Novembro,11,Industria,Centro-Oeste,Indústria de sorvetes,999.17,11.24,8.0,Polpa congelada_Novembro_317
2025-11-17,Polpa congelada,Novembro,11,Industria,Nordeste,Indústria de ingredientes,228.47,12.23,7.0,Polpa congelada_Novembro_318
2025-11-03,Polpa congelada,Novembro,11,Distribuidor,Sudeste,Distribuidor regional,236.09,6.03,7.0,Polpa congelada_Novembro_319
2025-11-24,Polpa congelada,Novembro,11,Food Service,Nordeste,Hotéis,140.27,8.1,8.0,Polpa congelada_Novembro_320
2025-11-27,Polpa congelada,Novembro,11,Distribuidor,Sul,Central de compras,625.29,10.36,8.0,Polpa congelada_Novembro_321
2025-11-17,Polpa congelada,Novembro,11,Food Service,Sudeste,,876.9,7.36,9.0,Polpa congelada_Novembro_322
2025-11-05,Polpa congelada,Novembro,11,Industria,Nordeste,Indústria de sorvetes,615.36,6.93,8.0,Polpa congelada_Novembro_323
2025-11-08,Polpa congelada,Novembro,11,Food Service,Sul,Hotéis,654.6,11.52,6.0,Polpa congelada_Novembro_324
2025-11-14,Polpa congelada,Novembro,11,Distribuidor,Sudeste,Atacadista,866.96,10.94,7.0,Polpa congelada_Novembro_325
2025-11-29,Polpa congelada,Novembro,11,Industria,Sul,Indústria de bebidas,97.57,7.45,9.0,Polpa congelada_Novembro_326
2025-11-25,Polpa congelada,Novembro,11,Distribuidor,Sudeste,Distribuidor regional,771.5,7.41,6.0,Polpa congelada_Novembro_327
2025-11-18,Polpa congelada,Novembro,11,Food Service,Norte,Hotéis,530.77,9.07,9.0,Polpa congelada_Novembro_328
2025-11-30,Polpa congelada,Novembro,11,Exportacao,Exterior,Importador (UE),247.9,10.36,8.0,Polpa congelada_Novembro_329
2025-11-07,Polpa congelada,Novembro,11,Varejo,Sudeste,Supermercados,535.62,7.1,7.0,Polpa congelada_Novembro_330
2025-11-27,Polpa congelada,Novembro,11,Food Service,Sudeste,Cafeterias,379.55,10.61,9.0,Polpa congelada_Novembro_331
2025-11-04,Polpa congelada,Novembro,11,Exportacao,Exterior,Importador (LATAM),334.88,8.76,7.0,Polpa congelada_Novembro_332
2025-11-14,Polpa congelada,Novembro,11,Industria,Nordeste,Indústria de sorvetes,763.1,6.17,9.0,Polpa congelada_Novembro_333
2025-11-04,Polpa congelada,Novembro,11,Varejo,Sul,Loja natural,489.11,9.48,9.0,Polpa congelada_Novembro_334
2025-11-28,Polpa congelada,Novembro,11,Food Service,Sudeste,Cafeterias,829.78,10.59,8.0,Polpa congelada_Novembro_335
2025-11-24,Polpa congelada,Novembro,11,Industria,Nordeste,Indústria de laticínios,634.07,8.92,7.0,Polpa congelada_Novembro_336
2025-11-21,Polpa congelada,Novembro,11,Food Service,Sudeste,Restaurantes,463.34,6.6,8.0,Polpa congelada_Novembro_337
2025-11-16,Polpa congelada,Novembro,11,Varejo,Sul,Empórios,155.87,14.12,10.0,Polpa congelada_Novembro_338
2025-11-24,Polpa congelada,Novembro,11,Distribuidor,Centro-Oeste,Operador logístico,234.14,6.16,6.0,Polpa congelada_Novembro_339
2025-11-04,Polpa congelada,Novembro,11,Distribuidor,Sudeste,Atacadista,696.96,6.3,8.0,Polpa congelada_Novembro_340
2025-11-17,Polpa congelada,Novembro,11,Varejo,Sudeste,Empórios,513.76,9.26,8.0,Polpa congelada_Novembro_341
2025-11-20,Polpa congelada,Novembro,11,Food Service,Sul,Hotéis,565.49,8.45,8.0,Polpa congelada_Novembro_342
2025-11-10,Polpa congelada,Novembro,11,Food Service,Sudeste,Cafeterias,243.92,12.14,7.0,Polpa congelada_Novembro_343
2025-11-11,Polpa congelada,Novembro,11,Varejo,Sul,E-commerce,780.72,7.55,9.0,Polpa congelada_Novembro_344
2025-11-11,Polpa congelada,Novembro,11,Industria,Nordeste,Indústria de alimentos,906.61,7.19,8.0,Polpa congelada_Novembro_345
2025-11-27,Polpa congelada,Novembro,11,Food Service,Centro-Oeste,Açaíterias,227.4,10.75,9.0,Polpa congelada_Novembro_346
2025-11-01,Polpa congelada,Novembro,11,Industria,Nordeste,Indústria de laticínios,822.11,8.9,8.0,Polpa congelada_Novembro_347
2025-11-14,Polpa congelada,Novembro,11,Distribuidor,Sudeste,Central de compras,777.26,12.64,7.0,Polpa congelada_Novembro_348
2025-11-15,Polpa congelada,Novembro,11,Varejo,Sudeste,E-commerce,875.63,13.37,9.0,Polpa congelada_Novembro_349
2025-11-06,Polpa congelada,Novembro,11,Industria,Sul,Indústria de ingredientes,1109.03,12.91,8.0,Polpa congelada_Novembro_350
2025-11-15,Polpa congelada,Novembro,11,Distribuidor,Centro-Oeste,,778.61,10.96,7.0,Polpa congelada_Novembro_351
2025-11-22,Polpa congelada,Novembro,11,Distribuidor,Sul,Central de compras,596.94,6.55,9.0,Polpa congelada_Novembro_352
2025-11-11,Polpa congelada,Novembro,11,Varejo,Sudeste,E-commerce,722.31,12.84,6.0,Polpa congelada_Novembro_353
2025-11-30,Polpa congelada,Novembro,11,Industria,Sul,Indústria de ingredientes,130.3,10.95,7.0,Polpa congelada_Novembro_354
2025-11-16,Polpa congelada,Novembro,11,Exportacao,Exterior,Importador (UE),1108.71,9.76,8.0,Polpa congelada_Novembro_355
2025-11-07,Polpa congelada,Novembro,11,Varejo,Nordeste,Empórios,90.12,12.44,10.0,Polpa congelada_Novembro_356
2025-11-23,Polpa congelada,Novembro,11,Industria,Sul,Indústria de laticínios,872.27,9.42,10.0,Polpa congelada_Novembro_357
2025-11-11,Polpa congelada,Novembro,11,Exportacao,Exterior,Trading,751.37,9.77,9.0,Polpa congelada_Novembro_358
2025-11-25,Polpa congelada,Novembro,11,Food Service,Nordeste,Cafeterias,121.53,10.05,10.0,Polpa congelada_Novembro_359
2025-11-07,Polpa congelada,Novembro,11,Food Service,Sudeste,Açaíterias,918.55,10.18,10.0,Polpa congelada_Novembro_360
2025-11-22,Polpa congelada,Novembro,11,Industria,Nordeste,Indústria de sorvetes,374.94,7.31,9.0,Polpa congelada_Novembro_361
2025-11-18,Polpa congelada,Novembro,11,Food Service,Sudeste,Restaurantes,484.37,6.0,8.0,Polpa congelada_Novembro_362
2025-11-03,Polpa congelada,Novembro,11,Distribuidor,Centro-Oeste,Central de compras,139.59,13.64,6.0,Polpa congelada_Novembro_363
2025-11-20,Polpa congelada,Novembro,11,Food Service,Sudeste,Confeitarias,587.64,12.5,9.0,Polpa congelada_Novembro_364
2025-11-25,Polpa congelada,Novembro,11,Industria,Nordeste,Indústria de alimentos,1128.56,11.97,10.0,Polpa congelada_Novembro_365
2025-11-01,Polpa congelada,Novembro,11,Food Service,Nordeste,Hotéis,296.7,10.76,7.0,Polpa congelada_Novembro_366
2025-11-07,Polpa congelada,Novembro,11,Industria,Centro-Oeste,Indústria de bebidas,485.34,10.12,9.0,Polpa congelada_Novembro_367
2025-11-07,Polpa congelada,Novembro,11,Industria,Sul,Indústria de alimentos,716.44,11.81,7.0,Polpa congelada_Novembro_368
2025-11-09,Polpa congelada,Novembro,11,Exportacao,Exterior,Importador (MENA),331.88,10.76,8.0,Polpa congelada_Novembro_369
2025-11-27,Polpa congelada,Novembro,11,Food Service,Sul,Hotéis,699.45,12.25,8.0,Polpa congelada_Novembro_370
2025-11-07,Polpa congelada,Novembro,11,Food Service,Sul,Restaurantes,587.38,12.85,8.0,Polpa congelada_Novembro_371
2025-11-10,Polpa congelada,Novembro,11,Distribuidor,Nordeste,Operador logístico,236.36,9.5,7.0,Polpa congelada_Novembro_372
2025-11-02,Polpa congelada,Novembro,11,Industria,Norte,Indústria de laticínios,1180.61,11.48,9.0,Polpa congelada_Novembro_373
2025-11-01,Polpa congelada,Novembro,11,Industria,Centro-Oeste,Indústria de sorvetes,979.7,7.79,7.0,Polpa congelada_Novembro_374
2025-11-11,Polpa congelada,Novembro,11,Distribuidor,Sudeste,Distribuidor food service,461.48,11.58,8.0,Polpa congelada_Novembro_375
2025-11-29,Polpa congelada,Novembro,11,Food Service,Sudeste,Hotéis,396.26,7.11,8.0,Polpa congelada_Novembro_376
2025-11-21,Polpa congelada,Novembro,11,Industria,Sudeste,Indústria de ingredientes,701.81,8.58,6.0,Polpa congelada_Novembro_377
2025-11-25,Polpa congelada,Novembro,11,Food Service,Sudeste,Açaíterias,414.89,12.42,9.0,Polpa congelada_Novembro_378
2025-11-11,Polpa congelada,Novembro,11,Industria,Sudeste,Indústria de bebidas,576.22,11.7,7.0,Polpa congelada_Novembro_379
2025-11-10,Polpa congelada,Novembro,11,Industria,Sul,Indústria de laticínios,539.17,8.14,7.0,Polpa congelada_Novembro_380
2025-11-09,Polpa congelada,Novembro,11,Industria,Nordeste,Indústria de ingredientes,1175.11,8.09,9.0,Polpa congelada_Novembro_381
2025-11-05,Polpa congelada,Novembro,11,Industria,Sudeste,Indústria de sorvetes,812.35,13.43,9.0,Polpa congelada_Novembro_382
2025-11-02,Polpa congelada,Novembro,11,Industria,Sudeste,Indústria de sorvetes,502.5,11.34,9.0,Polpa congelada_Novembro_383
2025-11-26,Polpa congelada,Novembro,11,Exportacao,Exterior,Importador (UE),343.31,11.2,9.0,Polpa congelada_Novembro_384
2025-11-19,Polpa congelada,Novembro,11,Distribuidor,Sul,Distribuidor food service,592.31,7.56,8.0,Polpa congelada_Novembro_385
2025-11-14,Polpa congelada,Novembro,11,Industria,Sudeste,Indústria de bebidas,956.92,6.03,8.0,Polpa congelada_Novembro_386
2025-11-21,Polpa congelada,Novembro,11,Industria,Sul,Indústria de laticínios,204.88,12.95,9.0,Polpa congelada_Novembro_387
2025-11-20,Polpa congelada,Novembro,11,Food Service,Norte,,238.01,13.75,8.0,Polpa congelada_Novembro_388
2025-11-28,Polpa congelada,Novembro,11,Distribuidor,Sudeste,Distribuidor regional,127.67,10.24,8.0,Polpa congelada_Novembro_389
2025-11-05,Polpa congelada,Novembro,11,Distribuidor,Sudeste,Central de compras,259.28,7.9,9.0,Polpa congelada_Novembro_390
2025-11-08,Polpa congelada,Novembro,11,Distribuidor,Sudeste,Distribuidor regional,490.74,9.54,9.0,Polpa congelada_Novembro_391
2025-11-07,Polpa congelada,Novembro,11,Food Service,Sul,Restaurantes,117.64,8.08,7.0,Polpa congelada_Novembro_392
2025-11-03,Polpa congelada,Novembro,11,Food Service,Nordeste,Cafeterias,440.73,12.9,8.0,Polpa congelada_Novembro_393
2025-11-12,Polpa congelada,Novembro,11,Exportacao,Exterior,Importador (UE),796.14,7.97,8.0,Polpa congelada_Novembro_394
2025-11-12,Polpa congelada,Novembro,11,Varejo,Norte,,455.31,12.55,7.0,Polpa congelada_Novembro_395
2025-11-05,Polpa congelada,Novembro,11,Distribuidor,Nordeste,Distribuidor regional,1057.53,8.82,6.0,Polpa congelada_Novembro_396
2025-11-10,Polpa congelada,Novembro,11,Varejo,Nordeste,Empórios,898.91,12.49,10.0,Polpa congelada_Novembro_397
2025-11-26,Polpa congelada,Novembro,11,Industria,Sudeste,Indústria de bebidas,1046.31,9.32,7.0,Polpa congelada_Novembro_398
2025-11-27,Polpa congelada,Novembro,11,Distribuidor,Norte,Central de compras,95.26,9.72,6.0,Polpa congelada_Novembro_399
2025-11-29,Polpa congelada,Novembro,11,Industria,Sudeste,Indústria de laticínios,1159.36,11.06,8.0,Polpa congelada_Novembro_400
2025-11-09,Polpa congelada,Novembro,11,Industria,Centro-Oeste,Indústria de laticínios,381.76,8.52,7.0,Polpa congelada_Novembro_401
2025-11-26,Polpa congelada,Novembro,11,Exportacao,Exterior,Importador (MENA),619.75,15.5,8.0,Polpa congelada_Novembro_402
2025-11-27,Polpa congelada,Novembro,11,Food Service,Sul,Confeitarias,714.84,8.16,7.0,Polpa congelada_Novembro_403
2025-11-16,Polpa congelada,Novembro,11,Industria,Norte,Indústria de ingredientes,515.9,10.1,8.0,Polpa congelada_Novembro_404
2025-11-05,Polpa congelada,Novembro,11,Distribuidor,Sudeste,Operador logístico,1054.53,7.58,8.0,Polpa congelada_Novembro_405
2025-11-26,Polpa congelada,Novembro,11,Industria,Nordeste,Indústria de ingredientes,750.42,10.03,7.0,Polpa congelada_Novembro_406
2025-11-05,Polpa congelada,Novembro,11,Distribuidor,Sul,Distribuidor regional,240.0,7.24,9.0,Polpa congelada_Novembro_407
2025-11-07,Polpa congelada,Novembro,11,Food Service,Nordeste,Açaíterias,421.84,12.65,7.0,Polpa congelada_Novembro_408
2025-11-27,Polpa congelada,Novembro,11,Exportacao,Exterior,Importador (MENA),563.38,10.14,10.0,Polpa congelada_Novembro_409
2025-11-11,Polpa congelada,Novembro,11,Exportacao,Exterior,Importador (UE),408.65,10.1,6.0,Polpa congelada_Novembro_410
2025-11-19,Polpa congelada,Novembro,11,Distribuidor,Sudeste,,536.17,8.2,8.0,Polpa congelada_Novembro_411
2025-11-03,Polpa congelada,Novembro,11,Industria,Sul,Indústria de laticínios,783.21,8.67,7.0,Polpa congelada_Novembro_412
2025-11-04,Polpa congelada,Novembro,11,Industria,Centro-Oeste,Indústria de bebidas,602.94,10.19,6.0,Polpa congelada_Novembro_413
2025-11-17,Polpa congelada,Novembro,11,Distribuidor,Nordeste,Operador logístico,938.35,9.83,8.0,Polpa congelada_Novembro_414
2025-11-07,Polpa congelada,Novembro,11,Food Service,Nordeste,Açaíterias,404.97,7.55,7.0,Polpa congelada_Novembro_415
2025-11-17,Polpa congelada,Novembro,11,Distribuidor,Sul,Distribuidor food service,965.19,9.93,9.0,Polpa congelada_Novembro_416
2025-11-30,Polpa congelada,Novembro,11,Industria,Sul,Indústria de alimentos,921.66,11.78,7.0,Polpa congelada_Novembro_417
2025-11-15,Polpa congelada,Novembro,11,Industria,Sudeste,Indústria de alimentos,293.82,13.17,7.0,Polpa congelada_Novembro_418
2025-11-22,Polpa congelada,Novembro,11,Industria,Sudeste,Indústria de sorvetes,775.78,10.32,8.0,Polpa congelada_Novembro_419
2025-11-07,Polpa congelada,Novembro,11,Distribuidor,Sudeste,,1186.5,7.98,9.0,Polpa congelada_Novembro_420
2025-11-16,Polpa congelada,Novembro,11,Varejo,Nordeste,Supermercados,855.35,13.81,8.0,Polpa congelada_Novembro_421
2025-11-10,Polpa congelada,Novembro,11,Exportacao,Exterior,Importador (UE),718.9,13.71,8.0,Polpa congelada_Novembro_422
2025-11-16,Polpa congelada,Novembro,11,Industria,Nordeste,Indústria de laticínios,774.74,7.07,8.0,Polpa congelada_Novembro_423
2025-11-18,Polpa congelada,Novembro,11,Exportacao,Exterior,Importador (MENA),752.66,9.64,9.0,Polpa congelada_Novembro_424
2025-11-15,Polpa congelada,Novembro,11,Industria,Sudeste,Indústria de bebidas,344.21,11.25,8.0,Polpa congelada_Novembro_425
2025-11-24,Polpa congelada,Novembro,11,Food Service,Sudeste,Confeitarias,288.31,13.08,8.0,Polpa congelada_Novembro_426
2025-11-20,Polpa congelada,Novembro,11,Food Service,Sul,Confeitarias,510.45,9.61,8.0,Polpa congelada_Novembro_427
2025-11-22,Polpa congelada,Novembro,11,Distribuidor,Centro-Oeste,Distribuidor regional,234.93,8.7,7.0,Polpa congelada_Novembro_428
2025-11-14,Polpa congelada,Novembro,11,Distribuidor,Nordeste,Central de compras,1034.35,9.2,8.0,Polpa congelada_Novembro_429
2025-11-09,Polpa congelada,Novembro,11,Exportacao,Exterior,Importador (LATAM),890.29,7.78,8.0,Polpa congelada_Novembro_430
2025-11-15,Polpa congelada,Novembro,11,Food Service,Nordeste,Açaíterias,623.45,11.92,8.0,Polpa congelada_Novembro_431
2025-11-07,Polpa congelada,Novembro,11,Distribuidor,Nordeste,Distribuidor regional,1132.54,13.27,7.0,Polpa congelada_Novembro_432
2025-11-20,Polpa congelada,Novembro,11,Industria,Sudeste,Indústria de sorvetes,442.06,7.88,9.0,Polpa congelada_Novembro_433
2025-11-08,Polpa congelada,Novembro,11,Food Service,Sudeste,Hotéis,914.63,11.07,8.0,Polpa congelada_Novembro_434
2025-11-03,Polpa congelada,Novembro,11,Industria,Sul,Indústria de bebidas,249.47,8.84,7.0,Polpa congelada_Novembro_435
2025-11-11,Polpa congelada,Novembro,11,Food Service,Sul,Restaurantes,906.21,12.08,10.0,Polpa congelada_Novembro_436
2025-11-09,Polpa congelada,Novembro,11,Food Service,Sudeste,Hotéis,721.12,10.15,8.0,Polpa congelada_Novembro_437
2025-11-19,Polpa congelada,Novembro,11,Food Service,Sul,Hotéis,254.24,10.93,8.0,Polpa congelada_Novembro_438
2025-11-23,Polpa congelada,Novembro,11,Exportacao,Exterior,Importador (UE),148.0,10.0,8.0,Polpa congelada_Novembro_439
2025-11-12,Polpa congelada,Novembro,11,Distribuidor,Nordeste,Distribuidor food service,275.19,7.98,,Polpa congelada_Novembro_440
2025-11-08,Polpa congelada,Novembro,11,Food Service,Nordeste,Confeitarias,454.8,9.07,8.0,Polpa congelada_Novembro_441
2025-11-26,Polpa congelada,Novembro,11,Industria,Sudeste,Indústria de sorvetes,255.36,11.96,8.0,Polpa congelada_Novembro_442
2025-11-25,Polpa congelada,Novembro,11,Distribuidor,Sudeste,Operador logístico,367.62,11.4,7.0,Polpa congelada_Novembro_443
2025-11-15,Polpa congelada,Novembro,11,Distribuidor,Sudeste,Operador logístico,349.32,10.15,9.0,Polpa congelada_Novembro_444
2025-11-01,Polpa congelada,Novembro,11,Exportacao,Exterior,,1161.78,10.28,9.0,Polpa congelada_Novembro_445
2025-11-21,Polpa congelada,Novembro,11,Distribuidor,Centro-Oeste,Atacadista,678.41,11.05,8.0,Polpa congelada_Novembro_446
2025-11-09,Polpa congelada,Novembro,11,Distribuidor,Sudeste,Atacadista,858.2,10.71,8.0,Polpa congelada_Novembro_447
2025-11-02,Polpa congelada,Novembro,11,Varejo,Sul,Empórios,742.11,10.32,8.0,Polpa congelada_Novembro_448
2025-11-22,Polpa congelada,Novembro,11,Exportacao,Exterior,Importador (UE),313.5,14.33,6.0,Polpa congelada_Novembro_449
2025-11-10,Polpa congelada,Novembro,11,Industria,Sul,Indústria de bebidas,567.78,9.37,9.0,Polpa congelada_Novembro_450
2025-11-27,Polpa congelada,Novembro,11,Distribuidor,Centro-Oeste,Atacadista,110.19,8.09,9.0,Polpa congelada_Novembro_451
2025-11-26,Polpa congelada,Novembro,11,Distribuidor,Sudeste,Central de compras,984.38,10.33,7.0,Polpa congelada_Novembro_452
2025-11-23,Polpa congelada,Novembro,11,Food Service,Norte,Restaurantes,614.88,9.86,7.0,Polpa congelada_Novembro_453
2025-11-23,Polpa congelada,Novembro,11,Varejo,Sul,Supermercados,763.8,9.48,8.0,Polpa congelada_Novembro_454
2025-11-01,Polpa congelada,Novembro,11,Varejo,Centro-Oeste,Loja natural,651.88,12.66,6.0,Polpa congelada_Novembro_455
2025-11-27,Polpa congelada,Novembro,11,Food Service,Sul,Confeitarias,357.46,12.07,8.0,Polpa congelada_Novembro_456
2025-11-13,Polpa congelada,Novembro,11,Food Service,Nordeste,Cafeterias,286.6,9.24,10.0,Polpa congelada_Novembro_457
2025-11-14,Polpa congelada,Novembro,11,Exportacao,Exterior,Importador (LATAM),699.28,9.37,,Polpa congelada_Novembro_458
2025-11-25,Polpa congelada,Novembro,11,Distribuidor,Nordeste,Distribuidor regional,147.19,12.15,7.0,Polpa congelada_Novembro_459
2025-11-25,Polpa congelada,Novembro,11,Distribuidor,Sul,Central de compras,173.04,13.49,7.0,Polpa congelada_Novembro_460
2025-11-15,Polpa congelada,Novembro,11,Food Service,Nordeste,Cafeterias,573.92,10.55,9.0,Polpa congelada_Novembro_461
2025-11-03,Polpa congelada,Novembro,11,Distribuidor,Norte,Distribuidor regional,967.94,9.07,7.0,Polpa congelada_Novembro_462
2025-11-11,Polpa congelada,Novembro,11,Food Service,Sul,Confeitarias,920.25,8.54,9.0,Polpa congelada_Novembro_463
2025-11-07,Polpa congelada,Novembro,11,Food Service,Sul,Confeitarias,540.2,6.48,10.0,Polpa congelada_Novembro_464
2025-11-25,Polpa congelada,Novembro,11,Food Service,Sudeste,Hotéis,217.02,9.98,10.0,Polpa congelada_Novembro_465
2025-11-05,Polpa congelada,Novembro,11,Exportacao,Exterior,Importador (EUA),695.49,13.93,8.0,Polpa congelada_Novembro_466
2025-11-15,Polpa congelada,Novembro,11,Industria,Sudeste,Indústria de laticínios,933.98,9.36,8.0,Polpa congelada_Novembro_467
2025-11-25,Polpa congelada,Novembro,11,Varejo,Sudeste,Supermercados,893.86,10.68,7.0,Polpa congelada_Novembro_468
2025-11-02,Polpa congelada,Novembro,11,Industria,Sudeste,Indústria de ingredientes,361.38,11.16,8.0,Polpa congelada_Novembro_469
2025-11-30,Polpa congelada,Novembro,11,Varejo,Sudeste,Atacarejo,451.8,13.22,8.0,Polpa congelada_Novembro_470
2025-11-30,Polpa congelada,Novembro,11,Industria,Sudeste,Indústria de alimentos,521.78,10.19,7.0,Polpa congelada_Novembro_471
2025-11-06,Polpa congelada,Novembro,11,Food Service,Sudeste,Confeitarias,710.7,8.53,8.0,Polpa congelada_Novembro_472
2025-11-17,Polpa congelada,Novembro,11,Food Service,Sudeste,Açaíterias,805.03,7.31,10.0,Polpa congelada_Novembro_473
2025-11-02,Polpa congelada,Novembro,11,Varejo,Sudeste,Supermercados,751.58,14.17,9.0,Polpa congelada_Novembro_474
2025-11-21,Polpa congelada,Novembro,11,Food Service,Sul,Cafeterias,731.8,8.97,10.0,Polpa congelada_Novembro_475
2025-11-08,Polpa congelada,Novembro,11,Distribuidor,Nordeste,Operador logístico,957.39,11.92,9.0,Polpa congelada_Novembro_476
2025-11-08,Polpa congelada,Novembro,11,Industria,Sudeste,Indústria de laticínios,255.5,7.56,10.0,Polpa congelada_Novembro_477
2025-11-23,Polpa congelada,Novembro,11,Industria,Sul,Indústria de bebidas,691.11,6.74,10.0,Polpa congelada_Novembro_478
2025-11-08,Polpa congelada,Novembro,11,Industria,Sudeste,Indústria de laticínios,739.58,6.17,9.0,Polpa congelada_Novembro_479
2025-11-20,Polpa congelada,Novembro,11,Industria,Sudeste,Indústria de ingredientes,203.33,11.74,10.0,Polpa congelada_Novembro_480
2025-11-30,Polpa congelada,Novembro,11,Exportacao,Exterior,Importador (MENA),174.69,14.68,6.0,Polpa congelada_Novembro_481
2025-11-08,Polpa congelada,Novembro,11,Industria,Sudeste,Indústria de bebidas,1153.52,9.46,9.0,Polpa congelada_Novembro_482
2025-11-20,Polpa congelada,Novembro,11,Food Service,Sul,Confeitarias,157.31,13.52,9.0,Polpa congelada_Novembro_483
2025-11-12,Polpa congelada,Novembro,11,Industria,Sudeste,Indústria de ingredientes,951.14,12.23,9.0,Polpa congelada_Novembro_484
2025-11-11,Polpa congelada,Novembro,11,Food Service,Centro-Oeste,Hotéis,520.95,9.34,8.0,Polpa congelada_Novembro_485
2025-11-12,Polpa congelada,Novembro,11,Food Service,Sudeste,Açaíterias,484.83,9.05,9.0,Polpa congelada_Novembro_486
2025-11-18,Polpa congelada,Novembro,11,Industria,Sudeste,Indústria de ingredientes,844.26,9.17,8.0,Polpa congelada_Novembro_487
2025-11-12,Polpa congelada,Novembro,11,Food Service,Norte,Confeitarias,96.18,11.04,6.0,Polpa congelada_Novembro_488
2025-11-16,Polpa congelada,Novembro,11,Distribuidor,Sul,Operador logístico,293.16,9.04,,Polpa congelada_Novembro_489
2025-11-15,Polpa congelada,Novembro,11,Distribuidor,Sul,Central de compras,411.75,13.44,8.0,Polpa congelada_Novembro_490
2025-11-26,Polpa congelada,Novembro,11,Exportacao,Exterior,Importador (LATAM),329.58,12.5,9.0,Polpa congelada_Novembro_491
2025-11-29,Polpa congelada,Novembro,11,Exportacao,Exterior,Importador (UE),536.06,11.34,7.0,Polpa congelada_Novembro_492
2025-11-03,Polpa congelada,Novembro,11,Food Service,Sul,Açaíterias,913.32,8.51,9.0,Polpa congelada_Novembro_493
2025-11-24,Polpa congelada,Novembro,11,Food Service,Nordeste,Hotéis,719.68,7.44,9.0,Polpa congelada_Novembro_494
2025-11-15,Polpa congelada,Novembro,11,Industria,Nordeste,Indústria de laticínios,847.13,8.57,10.0,Polpa congelada_Novembro_495
2025-11-07,Polpa congelada,Novembro,11,Exportacao,Exterior,Importador (UE),480.41,14.03,9.0,Polpa congelada_Novembro_496
2025-11-17,Polpa congelada,Novembro,11,Industria,Sul,Indústria de alimentos,314.54,11.99,8.0,Polpa congelada_Novembro_497
2025-11-16,Polpa congelada,Novembro,11,Distribuidor,Sul,Distribuidor regional,928.73,13.61,8.0,Polpa congelada_Novembro_498
2025-11-14,Polpa congelada,Novembro,11,Varejo,Centro-Oeste,E-commerce,711.26,12.59,8.0,Polpa congelada_Novembro_499
2025-11-13,Polpa congelada,Novembro,11,Food Service,Sudeste,Confeitarias,667.32,11.02,,Polpa congelada_Novembro_500
2025-11-08,Polpa congelada,Novembro,11,Industria,Sul,Indústria de bebidas,367.46,8.36,8.0,Polpa congelada_Novembro_501
2025-11-10,Polpa congelada,Novembro,11,Varejo,Sudeste,Empórios,315.93,12.91,9.0,Polpa congelada_Novembro_502
2025-11-30,Polpa congelada,Novembro,11,Varejo,Sudeste,Supermercados,260.75,15.34,8.0,Polpa congelada_Novembro_503
2025-11-21,Polpa congelada,Novembro,11,Varejo,Sudeste,Loja natural,849.9,7.5,6.0,Polpa congelada_Novembro_504
2025-11-21,Polpa congelada,Novembro,11,Industria,Nordeste,Indústria de alimentos,811.05,13.07,7.0,Polpa congelada_Novembro_505
2025-11-21,Polpa congelada,Novembro,11,Food Service,Norte,Açaíterias,701.34,10.38,9.0,Polpa congelada_Novembro_506
2025-11-25,Polpa congelada,Novembro,11,Food Service,Sudeste,Açaíterias,208.31,9.18,6.0,Polpa congelada_Novembro_507
2025-11-06,Polpa congelada,Novembro,11,Industria,Sul,Indústria de laticínios,189.98,10.62,9.0,Polpa congelada_Novembro_508
2025-11-16,Polpa congelada,Novembro,11,Distribuidor,Sudeste,Central de compras,1070.55,10.14,9.0,Polpa congelada_Novembro_509
2025-11-04,Polpa congelada,Novembro,11,Exportacao,Exterior,Importador (EUA),594.86,8.05,9.0,Polpa congelada_Novembro_510
2025-11-24,Polpa congelada,Novembro,11,Industria,Sudeste,Indústria de alimentos,886.09,8.0,7.0,Polpa congelada_Novembro_511
2025-11-23,Polpa congelada,Novembro,11,Industria,Nordeste,Indústria de bebidas,896.77,7.97,7.0,Polpa congelada_Novembro_512
2025-11-11,Polpa congelada,Novembro,11,Food Service,Nordeste,Açaíterias,768.23,8.41,8.0,Polpa congelada_Novembro_513
2025-11-17,Polpa congelada,Novembro,11,Industria,Sudeste,Indústria de laticínios,141.72,9.59,9.0,Polpa congelada_Novembro_514
2025-11-02,Polpa congelada,Novembro,11,Food Service,Sul,Hotéis,709.99,10.71,7.0,Polpa congelada_Novembro_515
2025-11-26,Polpa congelada,Novembro,11,Food Service,Nordeste,Restaurantes,557.14,11.64,7.0,Polpa congelada_Novembro_516
2025-11-27,Polpa congelada,Novembro,11,Distribuidor,Nordeste,Distribuidor regional,127.39,7.68,9.0,Polpa congelada_Novembro_517
2025-11-08,Polpa congelada,Novembro,11,Food Service,Sudeste,,149.52,10.63,8.0,Polpa congelada_Novembro_518
2025-11-06,Polpa congelada,Novembro,11,Distribuidor,Nordeste,Atacadista,636.52,13.57,8.0,Polpa congelada_Novembro_519
2025-11-20,Polpa congelada,Novembro,11,Exportacao,Exterior,Trading,545.86,7.49,7.0,Polpa congelada_Novembro_520
2025-11-01,Polpa congelada,Novembro,11,Food Service,Sul,Confeitarias,418.6,12.73,9.0,Polpa congelada_Novembro_521
2025-11-02,Polpa congelada,Novembro,11,Varejo,Sul,Empórios,773.14,11.72,9.0,Polpa congelada_Novembro_522
2025-11-20,Polpa congelada,Novembro,11,Industria,Centro-Oeste,Indústria de alimentos,106.27,10.72,9.0,Polpa congelada_Novembro_523
2025-11-25,Polpa congelada,Novembro,11,Industria,Norte,Indústria de ingredientes,614.72,12.37,10.0,Polpa congelada_Novembro_524
2025-11-26,Manteiga de manga,Novembro,11,Industria,Centro-Oeste,Cosméticos,165.98,87.78,8.0,Manteiga de manga_Novembro_0
2025-11-22,Manteiga de manga,Novembro,11,Industria,Norte,Ingredientes,64.92,52.34,9.0,Manteiga de manga_Novembro_1
2025-11-22,Manteiga de manga,Novembro,11,Distribuidor,Norte,Farmacêutico,128.73,119.36,8.0,Manteiga de manga_Novembro_2
2025-11-06,Manteiga de manga,Novembro,11,Industria,Sudeste,Ingredientes,94.12,76.45,9.0,Manteiga de manga_Novembro_3
2025-11-26,Manteiga de manga,Novembro,11,Industria,Centro-Oeste,Farmacêutico,200.35,87.94,9.0,Manteiga de manga_Novembro_4
2025-11-08,Manteiga de manga,Novembro,11,Industria,Sudeste,Cosméticos,75.62,104.07,9.0,Manteiga de manga_Novembro_5
2025-11-22,Manteiga de manga,Novembro,11,Distribuidor,Sudeste,Cosméticos,107.46,82.2,10.0,Manteiga de manga_Novembro_6
2025-11-06,Manteiga de manga,Novembro,11,Industria,Sudeste,Perfumaria,114.94,48.21,8.0,Manteiga de manga_Novembro_7
2025-11-28,Manteiga de manga,Novembro,11,Distribuidor,Norte,Perfumaria,34.17,53.27,8.0,Manteiga de manga_Novembro_8
2025-11-07,Manteiga de manga,Novembro,11,Industria,Centro-Oeste,Cosméticos,82.42,119.71,7.0,Manteiga de manga_Novembro_9
2025-11-14,Manteiga de manga,Novembro,11,Industria,Sul,Farmacêutico,33.73,81.35,9.0,Manteiga de manga_Novembro_10
2025-11-08,Manteiga de manga,Novembro,11,Industria,Centro-Oeste,Farmacêutico,132.59,46.72,9.0,Manteiga de manga_Novembro_11
2025-11-23,Manteiga de manga,Novembro,11,Distribuidor,Nordeste,Perfumaria,136.46,109.77,6.0,Manteiga de manga_Novembro_12
2025-11-02,Manteiga de manga,Novembro,11,Industria,Norte,Perfumaria,162.89,53.81,8.0,Manteiga de manga_Novembro_13
2025-11-26,Manteiga de manga,Novembro,11,Industria,Sul,Farmacêutico,176.22,65.69,7.0,Manteiga de manga_Novembro_14
2025-11-19,Manteiga de manga,Novembro,11,Distribuidor,Sudeste,Sabonetes,88.84,58.22,7.0,Manteiga de manga_Novembro_15
2025-11-01,Manteiga de manga,Novembro,11,Industria,Norte,Farmacêutico,55.22,88.66,9.0,Manteiga de manga_Novembro_16
2025-11-30,Manteiga de manga,Novembro,11,Industria,Nordeste,Cosméticos,74.99,72.93,5.0,Manteiga de manga_Novembro_17
2025-11-26,Manteiga de manga,Novembro,11,Industria,Nordeste,Sabonetes,132.96,49.52,8.0,Manteiga de manga_Novembro_18
2025-11-07,Manteiga de manga,Novembro,11,Industria,Nordeste,Sabonetes,51.61,93.23,7.0,Manteiga de manga_Novembro_19
2025-11-22,Manteiga de manga,Novembro,11,Industria,Sul,Sabonetes,25.84,66.61,9.0,Manteiga de manga_Novembro_20
2025-11-06,Manteiga de manga,Novembro,11,Industria,Nordeste,Cosméticos,50.62,89.37,9.0,Manteiga de manga_Novembro_21
2025-11-01,Manteiga de manga,Novembro,11,Industria,Sudeste,Sabonetes,23.63,68.84,7.0,Manteiga de manga_Novembro_22
2025-11-27,Manteiga de manga,Novembro,11,Industria,Sudeste,Farmacêutico,80.0,56.65,9.0,Manteiga de manga_Novembro_23
2025-11-21,Manteiga de manga,Novembro,11,Industria,Sudeste,Perfumaria,14.99,90.18,10.0,Manteiga de manga_Novembro_24
2025-11-15,Manteiga de manga,Novembro,11,Industria,Sudeste,Perfumaria,51.83,106.19,7.0,Manteiga de manga_Novembro_25
2025-11-17,Manteiga de manga,Novembro,11,Distribuidor,Nordeste,Ingredientes,42.79,80.23,8.0,Manteiga de manga_Novembro_26
2025-11-23,Manteiga de manga,Novembro,11,Industria,Sudeste,Perfumaria,74.8,118.72,9.0,Manteiga de manga_Novembro_27
2025-11-22,Manteiga de manga,Novembro,11,Exportacao,Exterior,Ingredientes,179.3,110.67,8.0,Manteiga de manga_Novembro_28
2025-11-19,Manteiga de manga,Novembro,11,Distribuidor,Sudeste,Cosméticos,116.72,71.6,7.0,Manteiga de manga_Novembro_29
2025-11-29,Manteiga de manga,Novembro,11,Industria,Sul,Cosméticos,87.02,77.78,7.0,Manteiga de manga_Novembro_30
2025-11-25,Manteiga de manga,Novembro,11,Exportacao,Exterior,Farmacêutico,23.86,105.45,8.0,Manteiga de manga_Novembro_31
2025-11-06,Manteiga de manga,Novembro,11,Exportacao,Exterior,Perfumaria,46.38,133.73,9.0,Manteiga de manga_Novembro_32
2025-11-09,Manteiga de manga,Novembro,11,Exportacao,Exterior,Cosméticos,46.86,76.0,9.0,Manteiga de manga_Novembro_33
2025-11-22,Manteiga de manga,Novembro,11,Industria,Sudeste,Farmacêutico,175.17,104.77,10.0,Manteiga de manga_Novembro_34
2025-11-04,Manteiga de manga,Novembro,11,Exportacao,Exterior,Cosméticos,188.82,138.04,9.0,Manteiga de manga_Novembro_35
2025-11-05,Manteiga de manga,Novembro,11,Distribuidor,Nordeste,,108.38,92.95,7.0,Manteiga de manga_Novembro_36
2025-11-24,Manteiga de manga,Novembro,11,Industria,Sul,Farmacêutico,146.66,108.91,4.0,Manteiga de manga_Novembro_37
2025-11-22,Manteiga de manga,Novembro,11,Industria,Sudeste,Farmacêutico,158.52,72.18,8.0,Manteiga de manga_Novembro_38
2025-11-19,Manteiga de manga,Novembro,11,Industria,Nordeste,Cosméticos,38.05,88.44,9.0,Manteiga de manga_Novembro_39
2025-11-16,Manteiga de manga,Novembro,11,Industria,Nordeste,Ingredientes,106.71,57.47,8.0,Manteiga de manga_Novembro_40
2025-11-06,Manteiga de manga,Novembro,11,Distribuidor,Sudeste,Farmacêutico,41.46,86.23,10.0,Manteiga de manga_Novembro_41
2025-11-01,Manteiga de manga,Novembro,11,Industria,Sudeste,Sabonetes,144.37,45.34,7.0,Manteiga de manga_Novembro_42
2025-11-06,Manteiga de manga,Novembro,11,Industria,Sul,Perfumaria,33.16,66.74,5.0,Manteiga de manga_Novembro_43
2025-11-26,Manteiga de manga,Novembro,11,Industria,Nordeste,Perfumaria,12.28,97.31,9.0,Manteiga de manga_Novembro_44
2025-11-03,Manteiga de manga,Novembro,11,Industria,Sudeste,Perfumaria,190.28,57.17,8.0,Manteiga de manga_Novembro_45
2025-11-16,Manteiga de manga,Novembro,11,Industria,Nordeste,Perfumaria,59.52,52.75,9.0,Manteiga de manga_Novembro_46
2025-11-21,Manteiga de manga,Novembro,11,Industria,Nordeste,Cosméticos,138.26,102.64,8.0,Manteiga de manga_Novembro_47
2025-11-10,Manteiga de manga,Novembro,11,Exportacao,Exterior,Sabonetes,157.93,102.84,8.0,Manteiga de manga_Novembro_48
2025-11-03,Manteiga de manga,Novembro,11,Industria,Norte,Sabonetes,166.83,68.14,7.0,Manteiga de manga_Novembro_49
2025-11-27,Manteiga de manga,Novembro,11,Industria,Sudeste,Ingredientes,35.58,114.24,8.0,Manteiga de manga_Novembro_50
2025-11-27,Manteiga de manga,Novembro,11,Distribuidor,Norte,Perfumaria,75.01,119.77,8.0,Manteiga de manga_Novembro_51
2025-11-15,Manteiga de manga,Novembro,11,Industria,Nordeste,Cosméticos,178.17,62.82,8.0,Manteiga de manga_Novembro_52
2025-11-15,Manteiga de manga,Novembro,11,Industria,Sul,Farmacêutico,163.56,88.11,8.0,Manteiga de manga_Novembro_53
2025-11-20,Manteiga de manga,Novembro,11,Industria,Sudeste,Sabonetes,99.48,102.81,10.0,Manteiga de manga_Novembro_54
2025-11-10,Manteiga de manga,Novembro,11,Industria,Nordeste,Ingredientes,124.26,67.6,10.0,Manteiga de manga_Novembro_55
2025-11-09,Manteiga de manga,Novembro,11,Industria,Centro-Oeste,Perfumaria,49.46,93.0,8.0,Manteiga de manga_Novembro_56
2025-11-07,Manteiga de manga,Novembro,11,Industria,Nordeste,Cosméticos,151.06,104.46,10.0,Manteiga de manga_Novembro_57
2025-11-20,Manteiga de manga,Novembro,11,Industria,Sudeste,Ingredientes,83.77,66.17,9.0,Manteiga de manga_Novembro_58
2025-11-17,Manteiga de manga,Novembro,11,Industria,Sul,Cosméticos,67.6,81.92,8.0,Manteiga de manga_Novembro_59
2025-11-16,Manteiga de manga,Novembro,11,Distribuidor,Sul,Sabonetes,63.33,65.1,8.0,Manteiga de manga_Novembro_60
2025-11-25,Manteiga de manga,Novembro,11,Industria,Sul,Ingredientes,157.21,119.57,8.0,Manteiga de manga_Novembro_61
2025-11-16,Manteiga de manga,Novembro,11,Industria,Sudeste,,105.13,102.98,7.0,Manteiga de manga_Novembro_62
2025-11-28,Manteiga de manga,Novembro,11,Industria,Sudeste,Farmacêutico,116.38,117.86,6.0,Manteiga de manga_Novembro_63
2025-11-29,Manteiga de manga,Novembro,11,Industria,Nordeste,Cosméticos,23.43,65.35,7.0,Manteiga de manga_Novembro_64
2025-11-12,Manteiga de manga,Novembro,11,Industria,Centro-Oeste,,113.86,78.51,10.0,Manteiga de manga_Novembro_65
2025-11-05,Manteiga de manga,Novembro,11,Industria,Sudeste,Farmacêutico,33.59,75.99,7.0,Manteiga de manga_Novembro_66
2025-11-02,Manteiga de manga,Novembro,11,Industria,Sul,Ingredientes,48.5,78.72,8.0,Manteiga de manga_Novembro_67
2025-11-02,Manteiga de manga,Novembro,11,Distribuidor,Sudeste,Sabonetes,92.61,110.36,8.0,Manteiga de manga_Novembro_68
2025-11-28,Manteiga de manga,Novembro,11,Exportacao,Exterior,Perfumaria,181.8,112.13,8.0,Manteiga de manga_Novembro_69
2025-11-26,Manteiga de manga,Novembro,11,Distribuidor,Norte,Cosméticos,132.0,106.84,7.0,Manteiga de manga_Novembro_70
2025-11-01,Manteiga de manga,Novembro,11,Industria,Sul,Sabonetes,100.67,97.44,9.0,Manteiga de manga_Novembro_71
2025-11-12,Manteiga de manga,Novembro,11,Industria,Sul,Cosméticos,192.15,57.2,8.0,Manteiga de manga_Novembro_72
2025-11-15,Manteiga de manga,Novembro,11,Industria,Norte,Perfumaria,9.88,108.47,9.0,Manteiga de manga_Novembro_73
2025-11-26,Manteiga de manga,Novembro,11,Exportacao,Exterior,Cosméticos,89.21,56.66,6.0,Manteiga de manga_Novembro_74
2025-11-30,Manteiga de manga,Novembro,11,Industria,Centro-Oeste,Farmacêutico,90.17,79.3,8.0,Manteiga de manga_Novembro_75
2025-11-20,Manteiga de manga,Novembro,11,Industria,Nordeste,Perfumaria,22.68,112.11,9.0,Manteiga de manga_Novembro_76
2025-11-16,Manteiga de manga,Novembro,11,Distribuidor,Sul,Perfumaria,43.22,97.78,7.0,Manteiga de manga_Novembro_77
2025-11-28,Manteiga de manga,Novembro,11,Industria,Sudeste,Farmacêutico,129.37,113.66,9.0,Manteiga de manga_Novembro_78
2025-11-18,Manteiga de manga,Novembro,11,Industria,Nordeste,Sabonetes,133.82,109.84,10.0,Manteiga de manga_Novembro_79
2025-11-19,Manteiga de manga,Novembro,11,Distribuidor,Nordeste,Sabonetes,11.23,70.85,7.0,Manteiga de manga_Novembro_80
2025-11-02,Manteiga de manga,Novembro,11,Exportacao,Exterior,Farmacêutico,66.63,112.48,8.0,Manteiga de manga_Novembro_81
2025-11-11,Manteiga de manga,Novembro,11,Industria,Sudeste,Farmacêutico,141.13,107.76,10.0,Manteiga de manga_Novembro_82
2025-11-04,Manteiga de manga,Novembro,11,Industria,Nordeste,,193.21,95.67,10.0,Manteiga de manga_Novembro_83
2025-11-06,Manteiga de manga,Novembro,11,Industria,Sudeste,Ingredientes,151.08,97.21,10.0,Manteiga de manga_Novembro_84
2025-11-01,Manteiga de manga,Novembro,11,Industria,Sudeste,Cosméticos,29.79,81.24,9.0,Manteiga de manga_Novembro_85
2025-11-27,Manteiga de manga,Novembro,11,Industria,Sudeste,Cosméticos,29.0,105.21,7.0,Manteiga de manga_Novembro_86
2025-11-09,Manteiga de manga,Novembro,11,Exportacao,Exterior,Sabonetes,211.75,72.45,,Manteiga de manga_Novembro_87
2025-11-21,Manteiga de manga,Novembro,11,Industria,Nordeste,Farmacêutico,161.88,67.75,8.0,Manteiga de manga_Novembro_88
2025-11-01,Manteiga de manga,Novembro,11,Exportacao,Exterior,Cosméticos,194.55,112.12,9.0,Manteiga de manga_Novembro_89
2025-11-20,Manteiga de manga,Novembro,11,Exportacao,Exterior,Sabonetes,21.82,82.65,7.0,Manteiga de manga_Novembro_90
2025-11-26,Manteiga de manga,Novembro,11,Industria,Sul,Perfumaria,175.14,83.14,9.0,Manteiga de manga_Novembro_91
2025-11-11,Manteiga de manga,Novembro,11,Industria,Sudeste,Ingredientes,86.31,100.41,7.0,Manteiga de manga_Novembro_92
2025-11-10,Manteiga de manga,Novembro,11,Industria,Sudeste,Farmacêutico,30.34,89.89,7.0,Manteiga de manga_Novembro_93
2025-11-25,Manteiga de manga,Novembro,11,Distribuidor,Sul,Perfumaria,25.31,66.93,10.0,Manteiga de manga_Novembro_94
2025-11-05,Manteiga de manga,Novembro,11,Industria,Sudeste,Ingredientes,193.49,46.16,7.0,Manteiga de manga_Novembro_95
2025-11-05,Manteiga de manga,Novembro,11,Industria,Sudeste,Perfumaria,158.96,102.85,9.0,Manteiga de manga_Novembro_96
2025-11-17,Manteiga de manga,Novembro,11,Industria,Sudeste,Cosméticos,177.51,47.19,6.0,Manteiga de manga_Novembro_97
2025-11-27,Manteiga de manga,Novembro,11,Industria,Sul,Perfumaria,91.18,58.01,7.0,Manteiga de manga_Novembro_98
2025-11-17,Manteiga de manga,Novembro,11,Industria,Sudeste,Ingredientes,160.17,71.32,9.0,Manteiga de manga_Novembro_99
2025-11-11,Manteiga de manga,Novembro,11,Exportacao,Exterior,Ingredientes,29.6,94.66,7.0,Manteiga de manga_Novembro_100
2025-11-30,Manteiga de manga,Novembro,11,Industria,Centro-Oeste,Sabonetes,69.62,59.78,7.0,Manteiga de manga_Novembro_101
2025-11-18,Manteiga de manga,Novembro,11,Distribuidor,Centro-Oeste,Cosméticos,135.19,89.6,7.0,Manteiga de manga_Novembro_102
2025-11-06,Manteiga de manga,Novembro,11,Industria,Sul,Farmacêutico,77.94,78.18,6.0,Manteiga de manga_Novembro_103
2025-11-13,Manteiga de manga,Novembro,11,Industria,Sudeste,Ingredientes,41.83,97.08,6.0,Manteiga de manga_Novembro_104
2025-11-17,Manteiga de manga,Novembro,11,Industria,Sudeste,Ingredientes,147.35,57.4,8.0,Manteiga de manga_Novembro_105
2025-11-12,Manteiga de manga,Novembro,11,Distribuidor,Sul,Perfumaria,36.6,46.41,7.0,Manteiga de manga_Novembro_106
2025-11-29,Manteiga de manga,Novembro,11,Distribuidor,Sul,Sabonetes,119.09,56.78,8.0,Manteiga de manga_Novembro_107
2025-11-15,Manteiga de manga,Novembro,11,Exportacao,Exterior,Cosméticos,139.4,61.96,8.0,Manteiga de manga_Novembro_108
2025-11-01,Manteiga de manga,Novembro,11,Industria,Sul,Ingredientes,103.49,93.82,7.0,Manteiga de manga_Novembro_109
2025-11-21,Manteiga de manga,Novembro,11,Industria,Nordeste,Cosméticos,113.31,98.79,7.0,Manteiga de manga_Novembro_110
2025-11-09,Manteiga de manga,Novembro,11,Industria,Sul,Sabonetes,162.38,77.79,9.0,Manteiga de manga_Novembro_111
2025-11-13,Manteiga de manga,Novembro,11,Industria,Centro-Oeste,Sabonetes,124.58,70.48,9.0,Manteiga de manga_Novembro_112
2025-11-27,Manteiga de manga,Novembro,11,Industria,Centro-Oeste,Cosméticos,64.89,98.71,6.0,Manteiga de manga_Novembro_113
2025-11-08,Manteiga de manga,Novembro,11,Exportacao,Exterior,Ingredientes,56.7,123.11,6.0,Manteiga de manga_Novembro_114
2025-11-14,Manteiga de manga,Novembro,11,Industria,Sudeste,Ingredientes,180.04,115.89,6.0,Manteiga de manga_Novembro_115
2025-11-25,Manteiga de manga,Novembro,11,Exportacao,Exterior,Perfumaria,181.53,79.01,7.0,Manteiga de manga_Novembro_116
2025-11-19,Manteiga de manga,Novembro,11,Industria,Sul,Farmacêutico,71.09,47.81,9.0,Manteiga de manga_Novembro_117
2025-11-23,Manteiga de manga,Novembro,11,Distribuidor,Norte,Farmacêutico,137.75,56.37,8.0,Manteiga de manga_Novembro_118
2025-11-21,Manteiga de manga,Novembro,11,Exportacao,Exterior,Ingredientes,170.53,52.19,10.0,Manteiga de manga_Novembro_119
2025-11-18,Manteiga de manga,Novembro,11,Industria,Centro-Oeste,Ingredientes,63.93,56.67,8.0,Manteiga de manga_Novembro_120
2025-11-21,Manteiga de manga,Novembro,11,Industria,Sudeste,Cosméticos,196.69,119.64,10.0,Manteiga de manga_Novembro_121
2025-11-02,Manteiga de manga,Novembro,11,Industria,Centro-Oeste,Perfumaria,148.79,67.93,7.0,Manteiga de manga_Novembro_122
2025-11-18,Manteiga de manga,Novembro,11,Industria,Sudeste,Perfumaria,169.59,102.64,8.0,Manteiga de manga_Novembro_123
2025-11-29,Manteiga de manga,Novembro,11,Industria,Sudeste,Cosméticos,163.97,71.72,8.0,Manteiga de manga_Novembro_124
2025-11-13,Manteiga de manga,Novembro,11,Industria,Nordeste,Sabonetes,189.44,65.71,9.0,Manteiga de manga_Novembro_125
2025-11-19,Manteiga de manga,Novembro,11,Industria,Norte,Cosméticos,174.5,65.32,7.0,Manteiga de manga_Novembro_126
2025-11-06,Manteiga de manga,Novembro,11,Industria,Sudeste,Ingredientes,91.35,85.01,8.0,Manteiga de manga_Novembro_127
2025-11-27,Manteiga de manga,Novembro,11,Distribuidor,Centro-Oeste,Perfumaria,41.03,83.45,8.0,Manteiga de manga_Novembro_128
2025-11-02,Manteiga de manga,Novembro,11,Distribuidor,Sudeste,Sabonetes,101.16,93.44,8.0,Manteiga de manga_Novembro_129
2025-11-18,Manteiga de manga,Novembro,11,Industria,Sudeste,Sabonetes,18.88,84.25,7.0,Manteiga de manga_Novembro_130
2025-11-18,Manteiga de manga,Novembro,11,Industria,Sudeste,Farmacêutico,99.7,103.12,8.0,Manteiga de manga_Novembro_131
2025-11-02,Manteiga de manga,Novembro,11,Exportacao,Exterior,Cosméticos,106.43,50.48,7.0,Manteiga de manga_Novembro_132
2025-11-26,Manteiga de manga,Novembro,11,Industria,Sul,Perfumaria,49.25,67.99,6.0,Manteiga de manga_Novembro_133
2025-11-09,Manteiga de manga,Novembro,11,Distribuidor,Sul,Farmacêutico,45.06,78.81,10.0,Manteiga de manga_Novembro_134
2025-11-21,Manteiga de manga,Novembro,11,Industria,Norte,Sabonetes,69.02,96.34,8.0,Manteiga de manga_Novembro_135
2025-11-25,Manteiga de manga,Novembro,11,Distribuidor,Sudeste,Ingredientes,57.45,99.32,7.0,Manteiga de manga_Novembro_136
2025-11-20,Manteiga de manga,Novembro,11,Industria,Sul,Sabonetes,25.27,57.23,10.0,Manteiga de manga_Novembro_137
2025-11-21,Manteiga de manga,Novembro,11,Industria,Sudeste,Sabonetes,19.78,48.16,10.0,Manteiga de manga_Novembro_138
2025-11-03,Manteiga de manga,Novembro,11,Industria,Centro-Oeste,Farmacêutico,67.33,110.71,8.0,Manteiga de manga_Novembro_139
2025-11-05,Manteiga de manga,Novembro,11,Exportacao,Exterior,Perfumaria,187.99,112.53,10.0,Manteiga de manga_Novembro_140
2025-11-25,Manteiga de manga,Novembro,11,Industria,Sudeste,Farmacêutico,75.67,111.87,8.0,Manteiga de manga_Novembro_141
2025-11-17,Manteiga de manga,Novembro,11,Industria,Nordeste,Farmacêutico,110.61,65.37,6.0,Manteiga de manga_Novembro_142
2025-11-13,Manteiga de manga,Novembro,11,Industria,Sudeste,Cosméticos,151.28,68.73,7.0,Manteiga de manga_Novembro_143
2025-11-03,Manteiga de manga,Novembro,11,Industria,Sudeste,Ingredientes,198.17,65.23,6.0,Manteiga de manga_Novembro_144
2025-11-27,Manteiga de manga,Novembro,11,Exportacao,Exterior,Sabonetes,78.88,142.67,9.0,Manteiga de manga_Novembro_145
2025-11-22,Manteiga de manga,Novembro,11,Industria,Sudeste,Sabonetes,190.74,66.63,9.0,Manteiga de manga_Novembro_146
2025-11-11,Manteiga de manga,Novembro,11,Distribuidor,Sul,Cosméticos,101.66,86.17,8.0,Manteiga de manga_Novembro_147
2025-11-30,Manteiga de manga,Novembro,11,Industria,Sudeste,Cosméticos,199.78,119.6,7.0,Manteiga de manga_Novembro_148
2025-11-20,Manteiga de manga,Novembro,11,Distribuidor,Sul,,28.69,78.15,7.0,Manteiga de manga_Novembro_149
2025-11-13,Manteiga de manga,Novembro,11,Industria,Sudeste,Ingredientes,15.63,93.72,7.0,Manteiga de manga_Novembro_150
2025-11-26,Manteiga de manga,Novembro,11,Industria,Sudeste,Sabonetes,127.88,96.06,7.0,Manteiga de manga_Novembro_151
2025-11-07,Manteiga de manga,Novembro,11,Industria,Nordeste,Sabonetes,64.24,64.23,9.0,Manteiga de manga_Novembro_152
2025-11-06,Manteiga de manga,Novembro,11,Exportacao,Exterior,Ingredientes,25.38,135.49,9.0,Manteiga de manga_Novembro_153
2025-11-08,Manteiga de manga,Novembro,11,Industria,Norte,Perfumaria,192.17,108.08,9.0,Manteiga de manga_Novembro_154
2025-11-02,Manteiga de manga,Novembro,11,Industria,Sul,Farmacêutico,137.25,56.14,7.0,Manteiga de manga_Novembro_155
2025-11-26,Manteiga de manga,Novembro,11,Industria,Nordeste,Cosméticos,75.88,85.34,,Manteiga de manga_Novembro_156
2025-11-10,Manteiga de manga,Novembro,11,Distribuidor,Sul,Perfumaria,95.96,63.69,8.0,Manteiga de manga_Novembro_157
2025-11-03,Manteiga de manga,Novembro,11,Exportacao,Exterior,Cosméticos,26.98,64.59,7.0,Manteiga de manga_Novembro_158
2025-11-21,Manteiga de manga,Novembro,11,Industria,Norte,Perfumaria,173.12,113.21,8.0,Manteiga de manga_Novembro_159
2025-11-30,Manteiga de manga,Novembro,11,Industria,Sudeste,Farmacêutico,64.18,113.44,9.0,Manteiga de manga_Novembro_160
2025-11-21,Manteiga de manga,Novembro,11,Industria,Sul,Cosméticos,13.05,110.73,8.0,Manteiga de manga_Novembro_161
2025-11-12,Manteiga de manga,Novembro,11,Industria,Sul,Farmacêutico,18.24,70.9,9.0,Manteiga de manga_Novembro_162
2025-11-27,Manteiga de manga,Novembro,11,Industria,Sudeste,Perfumaria,60.75,93.22,8.0,Manteiga de manga_Novembro_163
2025-11-08,Manteiga de manga,Novembro,11,Industria,Nordeste,Perfumaria,38.35,73.98,6.0,Manteiga de manga_Novembro_164
2025-11-14,Manteiga de manga,Novembro,11,Industria,Norte,Perfumaria,16.96,76.53,8.0,Manteiga de manga_Novembro_165
2025-11-07,Manteiga de manga,Novembro,11,Industria,Nordeste,Cosméticos,114.01,88.55,7.0,Manteiga de manga_Novembro_166
2025-11-13,Manteiga de manga,Novembro,11,Distribuidor,Sudeste,Ingredientes,136.15,114.81,9.0,Manteiga de manga_Novembro_167
2025-11-11,Manteiga de manga,Novembro,11,Distribuidor,Norte,Farmacêutico,128.29,91.39,10.0,Manteiga de manga_Novembro_168
2025-11-28,Manteiga de manga,Novembro,11,Industria,Sudeste,Sabonetes,113.31,64.62,7.0,Manteiga de manga_Novembro_169
2025-11-03,Manteiga de manga,Novembro,11,Industria,Nordeste,Sabonetes,130.69,55.07,8.0,Manteiga de manga_Novembro_170
2025-11-13,Manteiga de manga,Novembro,11,Industria,Sudeste,Sabonetes,87.29,69.98,8.0,Manteiga de manga_Novembro_171
2025-11-27,Manteiga de manga,Novembro,11,Distribuidor,Nordeste,,117.08,117.34,9.0,Manteiga de manga_Novembro_172
2025-11-26,Manteiga de manga,Novembro,11,Industria,Nordeste,Cosméticos,79.13,76.47,6.0,Manteiga de manga_Novembro_173
2025-11-13,Manteiga de manga,Novembro,11,Industria,Sudeste,Cosméticos,68.1,96.22,8.0,Manteiga de manga_Novembro_174
2025-11-13,Manteiga de manga,Novembro,11,Industria,Sudeste,Sabonetes,58.11,96.7,9.0,Manteiga de manga_Novembro_175
2025-11-18,Manteiga de manga,Novembro,11,Distribuidor,Sul,Cosméticos,53.43,89.18,7.0,Manteiga de manga_Novembro_176
2025-11-17,Manteiga de manga,Novembro,11,Industria,Norte,Ingredientes,86.02,81.58,7.0,Manteiga de manga_Novembro_177
2025-11-11,Manteiga de manga,Novembro,11,Industria,Sudeste,Cosméticos,129.45,100.45,8.0,Manteiga de manga_Novembro_178
2025-11-11,Manteiga de manga,Novembro,11,Industria,Sudeste,Sabonetes,201.12,84.25,9.0,Manteiga de manga_Novembro_179
2025-11-15,Manteiga de manga,Novembro,11,Industria,Sudeste,Cosméticos,142.06,74.59,7.0,Manteiga de manga_Novembro_180
2025-11-23,Manteiga de manga,Novembro,11,Exportacao,Exterior,Cosméticos,32.88,82.94,7.0,Manteiga de manga_Novembro_181
2025-11-26,Manteiga de manga,Novembro,11,Industria,Sudeste,Ingredientes,178.0,76.31,8.0,Manteiga de manga_Novembro_182
2025-11-29,Manteiga de manga,Novembro,11,Distribuidor,Sudeste,Sabonetes,49.28,105.2,7.0,Manteiga de manga_Novembro_183
2025-11-09,Manteiga de manga,Novembro,11,Industria,Norte,Sabonetes,105.96,95.84,6.0,Manteiga de manga_Novembro_184
2025-11-17,Manteiga de manga,Novembro,11,Industria,Sudeste,Cosméticos,91.91,50.08,7.0,Manteiga de manga_Novembro_185
2025-11-04,Manteiga de manga,Novembro,11,Industria,Sudeste,Perfumaria,9.04,106.01,10.0,Manteiga de manga_Novembro_186
2025-11-28,Manteiga de manga,Novembro,11,Distribuidor,Sudeste,Ingredientes,104.02,93.59,7.0,Manteiga de manga_Novembro_187
2025-11-08,Manteiga de manga,Novembro,11,Industria,Nordeste,Farmacêutico,104.22,104.48,8.0,Manteiga de manga_Novembro_188
2025-11-09,Manteiga de manga,Novembro,11,Industria,Sudeste,Cosméticos,214.84,107.77,8.0,Manteiga de manga_Novembro_189
2025-11-10,Manteiga de manga,Novembro,11,Industria,Nordeste,Sabonetes,99.1,48.05,9.0,Manteiga de manga_Novembro_190
2025-11-08,Manteiga de manga,Novembro,11,Distribuidor,Norte,Sabonetes,118.53,80.74,9.0,Manteiga de manga_Novembro_191
2025-11-05,Manteiga de manga,Novembro,11,Industria,Sudeste,Sabonetes,22.93,84.8,10.0,Manteiga de manga_Novembro_192
2025-11-19,Manteiga de manga,Novembro,11,Industria,Sudeste,Ingredientes,60.51,86.87,8.0,Manteiga de manga_Novembro_193
2025-11-16,Manteiga de manga,Novembro,11,Exportacao,Exterior,Ingredientes,53.24,132.78,10.0,Manteiga de manga_Novembro_194
2025-11-27,Manteiga de manga,Novembro,11,Industria,Sudeste,Cosméticos,102.06,96.85,7.0,Manteiga de manga_Novembro_195
2025-11-16,Manteiga de manga,Novembro,11,Industria,Nordeste,Farmacêutico,200.55,61.56,9.0,Manteiga de manga_Novembro_196
2025-11-03,Manteiga de manga,Novembro,11,Industria,Sudeste,Cosméticos,161.38,50.1,8.0,Manteiga de manga_Novembro_197
2025-11-09,Manteiga de manga,Novembro,11,Industria,Sudeste,Farmacêutico,131.84,93.3,8.0,Manteiga de manga_Novembro_198
2025-11-23,Manteiga de manga,Novembro,11,Distribuidor,Sudeste,Ingredientes,40.82,102.03,9.0,Manteiga de manga_Novembro_199
2025-11-03,Manteiga de manga,Novembro,11,Industria,Sudeste,Perfumaria,102.66,80.05,9.0,Manteiga de manga_Novembro_200
2025-11-08,Manteiga de manga,Novembro,11,Industria,Sudeste,Cosméticos,206.11,113.81,6.0,Manteiga de manga_Novembro_201
2025-11-24,Manteiga de manga,Novembro,11,Industria,Sul,Cosméticos,191.92,63.35,8.0,Manteiga de manga_Novembro_202
2025-11-18,Manteiga de manga,Novembro,11,Industria,Sudeste,Perfumaria,175.17,107.6,5.0,Manteiga de manga_Novembro_203
2025-11-05,Manteiga de manga,Novembro,11,Industria,Centro-Oeste,Perfumaria,15.12,94.1,8.0,Manteiga de manga_Novembro_204
2025-11-20,Manteiga de manga,Novembro,11,Exportacao,Exterior,Perfumaria,27.51,96.06,9.0,Manteiga de manga_Novembro_205
2025-11-25,Manteiga de manga,Novembro,11,Industria,Sul,Perfumaria,183.82,106.88,5.0,Manteiga de manga_Novembro_206
2025-11-23,Manteiga de manga,Novembro,11,Industria,Sul,Ingredientes,133.05,92.18,9.0,Manteiga de manga_Novembro_207
2025-11-13,Manteiga de manga,Novembro,11,Distribuidor,Sudeste,Farmacêutico,22.29,119.16,7.0,Manteiga de manga_Novembro_208
2025-11-10,Manteiga de manga,Novembro,11,Distribuidor,Sul,Cosméticos,35.05,57.77,8.0,Manteiga de manga_Novembro_209
2025-11-26,Manteiga de manga,Novembro,11,Industria,Sudeste,,132.97,87.52,9.0,Manteiga de manga_Novembro_210
2025-11-20,Manteiga de manga,Novembro,11,Industria,Sul,Perfumaria,106.96,54.27,9.0,Manteiga de manga_Novembro_211
2025-11-14,Manteiga de manga,Novembro,11,Industria,Sul,Sabonetes,195.24,63.33,10.0,Manteiga de manga_Novembro_212
2025-11-06,Manteiga de manga,Novembro,11,Distribuidor,Norte,Perfumaria,132.81,64.14,8.0,Manteiga de manga_Novembro_213
2025-11-20,Manteiga de manga,Novembro,11,Distribuidor,Nordeste,Farmacêutico,147.2,98.34,6.0,Manteiga de manga_Novembro_214
2025-11-21,Manteiga de manga,Novembro,11,Industria,Sudeste,Farmacêutico,50.41,48.72,10.0,Manteiga de manga_Novembro_215
2025-11-12,Manteiga de manga,Novembro,11,Exportacao,Exterior,Ingredientes,214.57,124.28,8.0,Manteiga de manga_Novembro_216
2025-11-04,Manteiga de manga,Novembro,11,Exportacao,Exterior,Farmacêutico,115.37,125.3,8.0,Manteiga de manga_Novembro_217
2025-11-28,Manteiga de manga,Novembro,11,Exportacao,Exterior,Cosméticos,204.11,64.58,8.0,Manteiga de manga_Novembro_218
2025-11-28,Manteiga de manga,Novembro,11,Distribuidor,Sudeste,Perfumaria,8.74,97.15,9.0,Manteiga de manga_Novembro_219
2025-11-19,Manteiga de manga,Novembro,11,Distribuidor,Centro-Oeste,Perfumaria,12.45,53.68,8.0,Manteiga de manga_Novembro_220
2025-11-21,Manteiga de manga,Novembro,11,Industria,Sul,Cosméticos,159.42,69.79,7.0,Manteiga de manga_Novembro_221
2025-11-08,Manteiga de manga,Novembro,11,Exportacao,Exterior,Sabonetes,125.2,114.14,7.0,Manteiga de manga_Novembro_222
2025-11-26,Manteiga de manga,Novembro,11,Exportacao,Exterior,Cosméticos,112.34,105.27,7.0,Manteiga de manga_Novembro_223
2025-11-28,Manteiga de manga,Novembro,11,Industria,Centro-Oeste,Cosméticos,13.09,47.54,8.0,Manteiga de manga_Novembro_224
2025-11-27,Manteiga de manga,Novembro,11,Industria,Nordeste,Ingredientes,35.6,119.14,8.0,Manteiga de manga_Novembro_225
2025-11-22,Manteiga de manga,Novembro,11,Industria,Sul,Cosméticos,140.5,82.91,7.0,Manteiga de manga_Novembro_226
2025-11-20,Manteiga de manga,Novembro,11,Industria,Sudeste,Sabonetes,65.41,65.16,9.0,Manteiga de manga_Novembro_227
2025-11-17,Manteiga de manga,Novembro,11,Industria,Nordeste,Sabonetes,23.65,99.33,6.0,Manteiga de manga_Novembro_228
2025-11-10,Manteiga de manga,Novembro,11,Industria,Sul,Sabonetes,38.57,61.91,10.0,Manteiga de manga_Novembro_229
2025-11-03,Manteiga de manga,Novembro,11,Industria,Centro-Oeste,Farmacêutico,156.87,64.92,9.0,Manteiga de manga_Novembro_230
2025-11-29,Manteiga de manga,Novembro,11,Industria,Nordeste,Farmacêutico,84.75,84.05,9.0,Manteiga de manga_Novembro_231
2025-11-23,Manteiga de manga,Novembro,11,Industria,Sudeste,Sabonetes,142.01,66.04,7.0,Manteiga de manga_Novembro_232
2025-11-19,Manteiga de manga,Novembro,11,Industria,Nordeste,Farmacêutico,22.4,79.89,10.0,Manteiga de manga_Novembro_233
2025-11-26,Manteiga de manga,Novembro,11,Industria,Nordeste,Perfumaria,11.28,97.43,10.0,Manteiga de manga_Novembro_234
2025-11-15,Manteiga de manga,Novembro,11,Distribuidor,Sudeste,,24.83,104.12,7.0,Manteiga de manga_Novembro_235
2025-11-14,Manteiga de manga,Novembro,11,Distribuidor,Sudeste,Perfumaria,22.51,62.85,8.0,Manteiga de manga_Novembro_236
2025-11-10,Manteiga de manga,Novembro,11,Exportacao,Exterior,Perfumaria,101.6,79.83,10.0,Manteiga de manga_Novembro_237
2025-11-10,Manteiga de manga,Novembro,11,Industria,Sul,Cosméticos,22.56,56.97,8.0,Manteiga de manga_Novembro_238
2025-11-04,Manteiga de manga,Novembro,11,Industria,Sudeste,Farmacêutico,58.93,104.49,7.0,Manteiga de manga_Novembro_239
2025-11-10,Manteiga de manga,Novembro,11,Industria,Sudeste,Perfumaria,128.42,114.3,8.0,Manteiga de manga_Novembro_240
2025-11-10,Manteiga de manga,Novembro,11,Distribuidor,Sudeste,Perfumaria,114.3,74.13,9.0,Manteiga de manga_Novembro_241
2025-11-02,Manteiga de manga,Novembro,11,Industria,Sudeste,Cosméticos,171.67,111.81,6.0,Manteiga de manga_Novembro_242
2025-11-14,Manteiga de manga,Novembro,11,Industria,Centro-Oeste,Perfumaria,185.13,83.22,8.0,Manteiga de manga_Novembro_243
2025-11-15,Manteiga de manga,Novembro,11,Industria,Norte,Cosméticos,94.5,62.36,8.0,Manteiga de manga_Novembro_244
2025-11-05,Manteiga de manga,Novembro,11,Industria,Sul,Farmacêutico,127.0,103.09,10.0,Manteiga de manga_Novembro_245
2025-11-12,Manteiga de manga,Novembro,11,Industria,Sudeste,Perfumaria,101.7,100.9,7.0,Manteiga de manga_Novembro_246
2025-11-04,Manteiga de manga,Novembro,11,Industria,Sudeste,Ingredientes,168.12,59.84,8.0,Manteiga de manga_Novembro_247
2025-11-22,Manteiga de manga,Novembro,11,Industria,Sudeste,Perfumaria,13.22,68.17,8.0,Manteiga de manga_Novembro_248
2025-11-30,Manteiga de manga,Novembro,11,Industria,Norte,Perfumaria,121.83,81.91,7.0,Manteiga de manga_Novembro_249
2025-11-16,Manteiga de manga,Novembro,11,Distribuidor,Sudeste,Perfumaria,164.58,71.08,8.0,Manteiga de manga_Novembro_250
2025-11-22,Manteiga de manga,Novembro,11,Exportacao,Exterior,Farmacêutico,31.65,128.06,9.0,Manteiga de manga_Novembro_251
2025-11-29,Manteiga de manga,Novembro,11,Industria,Nordeste,Cosméticos,60.43,94.21,7.0,Manteiga de manga_Novembro_252
2025-11-15,Manteiga de manga,Novembro,11,Industria,Sudeste,Sabonetes,135.42,57.43,9.0,Manteiga de manga_Novembro_253
2025-11-01,Manteiga de manga,Novembro,11,Industria,Sul,Ingredientes,137.59,96.94,7.0,Manteiga de manga_Novembro_254
2025-11-30,Manteiga de manga,Novembro,11,Exportacao,Exterior,Perfumaria,90.02,55.83,8.0,Manteiga de manga_Novembro_255
2025-11-17,Manteiga de manga,Novembro,11,Industria,Sul,Sabonetes,82.4,54.02,7.0,Manteiga de manga_Novembro_256
2025-11-29,Manteiga de manga,Novembro,11,Industria,Norte,Sabonetes,54.57,52.55,5.0,Manteiga de manga_Novembro_257
2025-11-03,Manteiga de manga,Novembro,11,Distribuidor,Sudeste,Cosméticos,142.24,109.52,,Manteiga de manga_Novembro_258
2025-11-15,Manteiga de manga,Novembro,11,Industria,Sudeste,Cosméticos,99.07,69.65,6.0,Manteiga de manga_Novembro_259
2025-11-03,Manteiga de manga,Novembro,11,Distribuidor,Sudeste,Farmacêutico,160.56,55.69,8.0,Manteiga de manga_Novembro_260
2025-11-05,Manteiga de manga,Novembro,11,Industria,Nordeste,Cosméticos,30.09,113.26,9.0,Manteiga de manga_Novembro_261
2025-11-26,Manteiga de manga,Novembro,11,Industria,Sudeste,Perfumaria,114.9,106.6,6.0,Manteiga de manga_Novembro_262
2025-11-16,Manteiga de manga,Novembro,11,Industria,Sudeste,Sabonetes,97.48,114.74,7.0,Manteiga de manga_Novembro_263
2025-11-12,Manteiga de manga,Novembro,11,Industria,Sudeste,Farmacêutico,190.83,110.89,7.0,Manteiga de manga_Novembro_264
2025-11-16,Manteiga de manga,Novembro,11,Industria,Sudeste,Perfumaria,19.15,91.59,9.0,Manteiga de manga_Novembro_265
2025-11-06,Manteiga de manga,Novembro,11,Industria,Sul,Sabonetes,77.26,101.1,7.0,Manteiga de manga_Novembro_266
2025-11-04,Manteiga de manga,Novembro,11,Industria,Sudeste,Ingredientes,149.11,91.92,8.0,Manteiga de manga_Novembro_267
2025-11-02,Manteiga de manga,Novembro,11,Distribuidor,Centro-Oeste,Farmacêutico,72.63,116.65,9.0,Manteiga de manga_Novembro_268
2025-11-13,Manteiga de manga,Novembro,11,Distribuidor,Centro-Oeste,Ingredientes,22.35,118.03,9.0,Manteiga de manga_Novembro_269
2025-11-20,Manteiga de manga,Novembro,11,Industria,Sudeste,Sabonetes,198.62,49.36,9.0,Manteiga de manga_Novembro_270
2025-11-12,Manteiga de manga,Novembro,11,Exportacao,Exterior,Perfumaria,74.61,75.36,7.0,Manteiga de manga_Novembro_271
2025-11-13,Manteiga de manga,Novembro,11,Distribuidor,Sudeste,Perfumaria,100.23,111.29,7.0,Manteiga de manga_Novembro_272
2025-11-27,Manteiga de manga,Novembro,11,Exportacao,Exterior,Cosméticos,35.98,106.03,8.0,Manteiga de manga_Novembro_273
2025-11-11,Manteiga de manga,Novembro,11,Industria,Sudeste,Farmacêutico,147.72,84.61,9.0,Manteiga de manga_Novembro_274
2025-11-01,Manteiga de manga,Novembro,11,Exportacao,Exterior,Ingredientes,150.15,118.29,6.0,Manteiga de manga_Novembro_275
2025-11-21,Manteiga de manga,Novembro,11,Exportacao,Exterior,Sabonetes,112.55,93.28,9.0,Manteiga de manga_Novembro_276
2025-11-15,Manteiga de manga,Novembro,11,Industria,Nordeste,Sabonetes,201.69,97.49,7.0,Manteiga de manga_Novembro_277
2025-11-15,Manteiga de manga,Novembro,11,Exportacao,Exterior,Sabonetes,174.04,55.73,9.0,Manteiga de manga_Novembro_278
2025-11-27,Manteiga de manga,Novembro,11,Industria,Sudeste,Ingredientes,14.67,81.6,7.0,Manteiga de manga_Novembro_279
2025-11-06,Manteiga de manga,Novembro,11,Distribuidor,Sul,Sabonetes,19.53,64.37,9.0,Manteiga de manga_Novembro_280
2025-11-04,Manteiga de manga,Novembro,11,Exportacao,Exterior,Farmacêutico,40.12,126.54,9.0,Manteiga de manga_Novembro_281
2025-11-16,Manteiga de manga,Novembro,11,Industria,Centro-Oeste,Ingredientes,146.19,118.21,9.0,Manteiga de manga_Novembro_282
2025-11-21,Manteiga de manga,Novembro,11,Industria,Sul,Farmacêutico,18.97,108.21,8.0,Manteiga de manga_Novembro_283
2025-11-13,Manteiga de manga,Novembro,11,Industria,Nordeste,,202.15,92.36,7.0,Manteiga de manga_Novembro_284
2025-11-28,Manteiga de manga,Novembro,11,Distribuidor,Sul,Cosméticos,28.12,78.78,9.0,Manteiga de manga_Novembro_285
2025-11-12,Manteiga de manga,Novembro,11,Industria,Centro-Oeste,Ingredientes,25.68,74.48,8.0,Manteiga de manga_Novembro_286
2025-11-22,Manteiga de manga,Novembro,11,Industria,Norte,Farmacêutico,88.64,76.65,8.0,Manteiga de manga_Novembro_287
2025-11-22,Manteiga de manga,Novembro,11,Exportacao,Exterior,Cosméticos,18.85,112.51,6.0,Manteiga de manga_Novembro_288
2025-11-21,Manteiga de manga,Novembro,11,Exportacao,Exterior,Sabonetes,51.9,114.88,8.0,Manteiga de manga_Novembro_289
2025-11-25,Manteiga de manga,Novembro,11,Industria,Sudeste,Perfumaria,61.89,70.0,8.0,Manteiga de manga_Novembro_290
2025-11-08,Manteiga de manga,Novembro,11,Industria,Nordeste,Ingredientes,180.47,85.4,8.0,Manteiga de manga_Novembro_291
2025-11-05,Manteiga de manga,Novembro,11,Industria,Nordeste,Sabonetes,20.62,61.79,8.0,Manteiga de manga_Novembro_292
2025-11-16,Manteiga de manga,Novembro,11,Industria,Nordeste,Farmacêutico,56.83,93.43,8.0,Manteiga de manga_Novembro_293
2025-11-03,Manteiga de manga,Novembro,11,Industria,Sudeste,Sabonetes,201.79,114.65,8.0,Manteiga de manga_Novembro_294
2025-11-21,Manteiga de manga,Novembro,11,Industria,Nordeste,Farmacêutico,208.33,66.05,8.0,Manteiga de manga_Novembro_295
2025-11-21,Manteiga de manga,Novembro,11,Exportacao,Exterior,Farmacêutico,113.8,121.33,8.0,Manteiga de manga_Novembro_296
2025-11-04,Manteiga de manga,Novembro,11,Industria,Nordeste,Sabonetes,87.52,49.07,9.0,Manteiga de manga_Novembro_297
2025-11-14,Manteiga de manga,Novembro,11,Industria,Norte,Cosméticos,137.53,97.72,8.0,Manteiga de manga_Novembro_298
2025-11-13,Manteiga de manga,Novembro,11,Distribuidor,Norte,,103.52,94.77,7.0,Manteiga de manga_Novembro_299
2025-11-21,Manteiga de manga,Novembro,11,Industria,Norte,Farmacêutico,138.59,73.18,8.0,Manteiga de manga_Novembro_300
2025-11-27,Manteiga de manga,Novembro,11,Distribuidor,Centro-Oeste,Ingredientes,66.89,99.89,6.0,Manteiga de manga_Novembro_301
2025-11-08,Manteiga de manga,Novembro,11,Distribuidor,Nordeste,Sabonetes,143.1,94.23,10.0,Manteiga de manga_Novembro_302
2025-11-14,Manteiga de manga,Novembro,11,Distribuidor,Sul,Ingredientes,85.7,61.89,9.0,Manteiga de manga_Novembro_303
2025-11-11,Manteiga de manga,Novembro,11,Industria,Sudeste,Farmacêutico,113.6,98.6,9.0,Manteiga de manga_Novembro_304
2025-11-02,Manteiga de manga,Novembro,11,Industria,Sudeste,Cosméticos,214.45,48.12,8.0,Manteiga de manga_Novembro_305
2025-11-24,Manteiga de manga,Novembro,11,Industria,Centro-Oeste,Farmacêutico,109.17,47.36,6.0,Manteiga de manga_Novembro_306
2025-11-19,Manteiga de manga,Novembro,11,Industria,Sudeste,Sabonetes,108.02,96.93,8.0,Manteiga de manga_Novembro_307
2025-11-05,Manteiga de manga,Novembro,11,Exportacao,Exterior,Sabonetes,18.85,119.25,9.0,Manteiga de manga_Novembro_308
2025-11-01,Manteiga de manga,Novembro,11,Exportacao,Exterior,Perfumaria,108.25,59.18,9.0,Manteiga de manga_Novembro_309
2025-11-27,Manteiga de manga,Novembro,11,Exportacao,Exterior,Perfumaria,168.41,102.61,9.0,Manteiga de manga_Novembro_310
2025-11-05,Manteiga de manga,Novembro,11,Industria,Nordeste,Perfumaria,192.68,65.25,6.0,Manteiga de manga_Novembro_311
2025-11-01,Manteiga de manga,Novembro,11,Distribuidor,Sul,Perfumaria,87.48,76.11,7.0,Manteiga de manga_Novembro_312
2025-11-13,Manteiga de manga,Novembro,11,Industria,Norte,Cosméticos,24.22,90.25,7.0,Manteiga de manga_Novembro_313
2025-11-17,Manteiga de manga,Novembro,11,Industria,Centro-Oeste,Sabonetes,141.91,72.05,8.0,Manteiga de manga_Novembro_314
2025-11-23,Manteiga de manga,Novembro,11,Industria,Centro-Oeste,Ingredientes,134.93,57.45,6.0,Manteiga de manga_Novembro_315
2025-11-14,Manteiga de manga,Novembro,11,Industria,Sul,,126.75,86.47,8.0,Manteiga de manga_Novembro_316
2025-11-25,Manteiga de manga,Novembro,11,Industria,Sudeste,Farmacêutico,60.78,45.16,7.0,Manteiga de manga_Novembro_317
2025-11-15,Manteiga de manga,Novembro,11,Exportacao,Exterior,Cosméticos,60.69,90.95,9.0,Manteiga de manga_Novembro_318
2025-11-21,Manteiga de manga,Novembro,11,Exportacao,Exterior,Cosméticos,177.02,112.24,6.0,Manteiga de manga_Novembro_319
2025-11-30,Manteiga de manga,Novembro,11,Industria,Sul,Sabonetes,15.15,62.61,6.0,Manteiga de manga_Novembro_320
2025-11-22,Manteiga de manga,Novembro,11,Distribuidor,Sudeste,Ingredientes,99.27,95.24,8.0,Manteiga de manga_Novembro_321
2025-11-04,Manteiga de manga,Novembro,11,Distribuidor,Sudeste,Ingredientes,80.89,64.81,7.0,Manteiga de manga_Novembro_322
2025-11-03,Manteiga de manga,Novembro,11,Exportacao,Exterior,Farmacêutico,192.84,106.39,,Manteiga de manga_Novembro_323
2025-11-24,Manteiga de manga,Novembro,11,Industria,Sul,Sabonetes,91.76,79.07,9.0,Manteiga de manga_Novembro_324
2025-11-01,Manteiga de manga,Novembro,11,Exportacao,Exterior,Farmacêutico,116.09,139.0,7.0,Manteiga de manga_Novembro_325
2025-11-24,Manteiga de manga,Novembro,11,Exportacao,Exterior,Perfumaria,45.52,99.55,8.0,Manteiga de manga_Novembro_326
2025-11-15,Manteiga de manga,Novembro,11,Industria,Nordeste,Ingredientes,87.38,108.9,7.0,Manteiga de manga_Novembro_327
2025-11-02,Manteiga de manga,Novembro,11,Distribuidor,Nordeste,Farmacêutico,142.66,85.33,7.0,Manteiga de manga_Novembro_328
2025-11-16,Manteiga de manga,Novembro,11,Industria,Sul,Ingredientes,77.19,68.19,10.0,Manteiga de manga_Novembro_329
2025-11-27,Manteiga de manga,Novembro,11,Distribuidor,Sudeste,Perfumaria,61.25,72.93,5.0,Manteiga de manga_Novembro_330
2025-11-29,Manteiga de manga,Novembro,11,Distribuidor,Nordeste,Cosméticos,118.65,100.82,8.0,Manteiga de manga_Novembro_331
2025-11-06,Manteiga de manga,Novembro,11,Industria,Nordeste,Ingredientes,54.4,71.72,7.0,Manteiga de manga_Novembro_332
2025-11-14,Manteiga de manga,Novembro,11,Exportacao,Exterior,Farmacêutico,121.87,146.05,6.0,Manteiga de manga_Novembro_333
2025-11-12,Manteiga de manga,Novembro,11,Industria,Norte,Farmacêutico,41.24,59.12,7.0,Manteiga de manga_Novembro_334
2025-11-02,Manteiga de manga,Novembro,11,Distribuidor,Sudeste,Perfumaria,114.45,76.33,7.0,Manteiga de manga_Novembro_335
2025-11-12,Manteiga de manga,Novembro,11,Industria,Nordeste,Sabonetes,172.08,74.99,8.0,Manteiga de manga_Novembro_336
2025-11-01,Manteiga de manga,Novembro,11,Industria,Sudeste,Cosméticos,172.27,119.32,9.0,Manteiga de manga_Novembro_337
2025-11-23,Manteiga de manga,Novembro,11,Industria,Sudeste,Cosméticos,86.68,101.39,6.0,Manteiga de manga_Novembro_338
2025-11-23,Manteiga de manga,Novembro,11,Industria,Sudeste,Farmacêutico,140.01,86.27,9.0,Manteiga de manga_Novembro_339
2025-11-17,Manteiga de manga,Novembro,11,Industria,Sudeste,Perfumaria,33.13,68.27,9.0,Manteiga de manga_Novembro_340
2025-11-13,Manteiga de manga,Novembro,11,Industria,Centro-Oeste,Ingredientes,80.52,67.47,8.0,Manteiga de manga_Novembro_341
2025-11-13,Manteiga de manga,Novembro,11,Industria,Sudeste,Sabonetes,146.77,61.06,7.0,Manteiga de manga_Novembro_342
2025-11-29,Manteiga de manga,Novembro,11,Distribuidor,Sudeste,Perfumaria,90.94,46.03,7.0,Manteiga de manga_Novembro_343
2025-11-14,Manteiga de manga,Novembro,11,Industria,Nordeste,Sabonetes,88.26,92.97,8.0,Manteiga de manga_Novembro_344
2025-11-09,Manteiga de manga,Novembro,11,Industria,Sudeste,Cosméticos,19.52,113.59,7.0,Manteiga de manga_Novembro_345
2025-11-22,Manteiga de manga,Novembro,11,Industria,Centro-Oeste,Cosméticos,78.24,51.28,9.0,Manteiga de manga_Novembro_346
2025-11-06,Manteiga de manga,Novembro,11,Industria,Sudeste,Cosméticos,171.49,54.7,7.0,Manteiga de manga_Novembro_347
2025-11-11,Manteiga de manga,Novembro,11,Industria,Sudeste,Sabonetes,75.55,118.05,7.0,Manteiga de manga_Novembro_348
2025-11-26,Manteiga de manga,Novembro,11,Industria,Sudeste,Ingredientes,187.0,96.19,7.0,Manteiga de manga_Novembro_349
2025-11-20,Manteiga de manga,Novembro,11,Industria,Nordeste,Ingredientes,104.69,53.62,7.0,Manteiga de manga_Novembro_350
2025-11-24,Manteiga de manga,Novembro,11,Industria,Sudeste,Perfumaria,18.31,72.12,9.0,Manteiga de manga_Novembro_351
2025-11-26,Manteiga de manga,Novembro,11,Industria,Nordeste,Cosméticos,157.08,60.7,10.0,Manteiga de manga_Novembro_352
2025-11-13,Manteiga de manga,Novembro,11,Industria,Nordeste,Cosméticos,91.18,95.8,8.0,Manteiga de manga_Novembro_353
2025-11-07,Manteiga de manga,Novembro,11,Industria,Sul,Cosméticos,143.93,98.07,7.0,Manteiga de manga_Novembro_354
2025-11-12,Manteiga de manga,Novembro,11,Industria,Norte,Farmacêutico,116.87,98.33,7.0,Manteiga de manga_Novembro_355
2025-11-21,Manteiga de manga,Novembro,11,Industria,Sul,Perfumaria,137.21,80.39,6.0,Manteiga de manga_Novembro_356
2025-11-16,Manteiga de manga,Novembro,11,Industria,Sudeste,Ingredientes,153.51,111.19,5.0,Manteiga de manga_Novembro_357
2025-11-21,Manteiga de manga,Novembro,11,Industria,Sudeste,Ingredientes,13.38,118.96,8.0,Manteiga de manga_Novembro_358
2025-11-14,Manteiga de manga,Novembro,11,Distribuidor,Centro-Oeste,Ingredientes,120.66,96.03,9.0,Manteiga de manga_Novembro_359
2025-11-14,Manteiga de manga,Novembro,11,Industria,Centro-Oeste,Farmacêutico,32.37,70.35,8.0,Manteiga de manga_Novembro_360
2025-11-10,Manteiga de manga,Novembro,11,Distribuidor,Sudeste,Ingredientes,115.21,86.73,6.0,Manteiga de manga_Novembro_361
2025-11-03,Manteiga de manga,Novembro,11,Distribuidor,Sul,Cosméticos,10.24,117.8,10.0,Manteiga de manga_Novembro_362
2025-11-23,Manteiga de manga,Novembro,11,Exportacao,Exterior,Farmacêutico,142.4,61.59,10.0,Manteiga de manga_Novembro_363
2025-11-18,Manteiga de manga,Novembro,11,Industria,Nordeste,Farmacêutico,171.56,69.86,8.0,Manteiga de manga_Novembro_364
2025-11-28,Manteiga de manga,Novembro,11,Industria,Centro-Oeste,Perfumaria,99.04,56.25,8.0,Manteiga de manga_Novembro_365
2025-11-22,Manteiga de manga,Novembro,11,Industria,Nordeste,Farmacêutico,63.63,65.21,10.0,Manteiga de manga_Novembro_366
2025-11-11,Manteiga de manga,Novembro,11,Distribuidor,Centro-Oeste,Perfumaria,38.66,78.75,6.0,Manteiga de manga_Novembro_367
2025-11-27,Manteiga de manga,Novembro,11,Industria,Sul,Sabonetes,172.26,97.12,9.0,Manteiga de manga_Novembro_368
2025-11-04,Manteiga de manga,Novembro,11,Distribuidor,Sul,Farmacêutico,46.78,70.53,7.0,Manteiga de manga_Novembro_369
2025-11-04,Manteiga de manga,Novembro,11,Exportacao,Exterior,Farmacêutico,161.35,134.7,9.0,Manteiga de manga_Novembro_370
2025-11-08,Manteiga de manga,Novembro,11,Industria,Nordeste,Sabonetes,53.13,82.81,8.0,Manteiga de manga_Novembro_371
2025-11-07,Manteiga de manga,Novembro,11,Industria,Sudeste,Cosméticos,86.9,77.22,9.0,Manteiga de manga_Novembro_372
2025-11-02,Manteiga de manga,Novembro,11,Industria,Nordeste,Sabonetes,190.42,107.1,7.0,Manteiga de manga_Novembro_373
2025-11-17,Manteiga de manga,Novembro,11,Exportacao,Exterior,Perfumaria,122.78,81.96,9.0,Manteiga de manga_Novembro_374
2025-11-28,Manteiga de manga,Novembro,11,Industria,Sudeste,Farmacêutico,174.4,119.42,10.0,Manteiga de manga_Novembro_375
2025-11-24,Manteiga de manga,Novembro,11,Industria,Centro-Oeste,Sabonetes,44.74,68.63,8.0,Manteiga de manga_Novembro_376
2025-11-30,Manteiga de manga,Novembro,11,Industria,Nordeste,Perfumaria,164.49,93.58,6.0,Manteiga de manga_Novembro_377
2025-11-14,Manteiga de manga,Novembro,11,Industria,Nordeste,Sabonetes,167.59,66.17,9.0,Manteiga de manga_Novembro_378
2025-11-22,Manteiga de manga,Novembro,11,Industria,Sudeste,Farmacêutico,111.06,100.19,8.0,Manteiga de manga_Novembro_379
2025-11-03,Manteiga de manga,Novembro,11,Industria,Sudeste,Sabonetes,98.43,53.11,6.0,Manteiga de manga_Novembro_380
2025-11-05,Manteiga de manga,Novembro,11,Industria,Sul,Farmacêutico,41.05,88.04,10.0,Manteiga de manga_Novembro_381
2025-11-03,Manteiga de manga,Novembro,11,Industria,Sudeste,Perfumaria,29.55,106.65,10.0,Manteiga de manga_Novembro_382
2025-11-29,Manteiga de manga,Novembro,11,Industria,Sudeste,Farmacêutico,114.59,52.37,8.0,Manteiga de manga_Novembro_383
2025-11-05,Manteiga de manga,Novembro,11,Industria,Centro-Oeste,Perfumaria,173.38,52.99,6.0,Manteiga de manga_Novembro_384
2025-11-23,Manteiga de manga,Novembro,11,Distribuidor,Sul,Farmacêutico,120.38,98.86,8.0,Manteiga de manga_Novembro_385
2025-11-01,Manteiga de manga,Novembro,11,Industria,Sudeste,Cosméticos,188.5,97.3,5.0,Manteiga de manga_Novembro_386
2025-11-17,Manteiga de manga,Novembro,11,Industria,Sudeste,,207.2,113.36,8.0,Manteiga de manga_Novembro_387
2025-11-09,Manteiga de manga,Novembro,11,Exportacao,Exterior,Cosméticos,171.07,69.94,9.0,Manteiga de manga_Novembro_388
2025-11-05,Manteiga de manga,Novembro,11,Industria,Sudeste,Ingredientes,180.12,101.47,8.0,Manteiga de manga_Novembro_389
2025-11-22,Manteiga de manga,Novembro,11,Exportacao,Exterior,Perfumaria,70.48,131.26,8.0,Manteiga de manga_Novembro_390
2025-11-17,Manteiga de manga,Novembro,11,Industria,Nordeste,Cosméticos,125.55,93.95,8.0,Manteiga de manga_Novembro_391
2025-11-11,Manteiga de manga,Novembro,11,Distribuidor,Nordeste,Cosméticos,134.18,86.26,10.0,Manteiga de manga_Novembro_392
2025-11-25,Manteiga de manga,Novembro,11,Industria,Norte,Perfumaria,98.68,62.05,9.0,Manteiga de manga_Novembro_393
2025-11-28,Manteiga de manga,Novembro,11,Industria,Sudeste,Perfumaria,69.66,97.84,9.0,Manteiga de manga_Novembro_394
2025-11-15,Manteiga de manga,Novembro,11,Industria,Nordeste,Cosméticos,83.1,72.82,6.0,Manteiga de manga_Novembro_395
2025-11-07,Manteiga de manga,Novembro,11,Industria,Nordeste,Farmacêutico,133.65,62.99,8.0,Manteiga de manga_Novembro_396
2025-11-01,Manteiga de manga,Novembro,11,Industria,Sudeste,Farmacêutico,185.41,91.28,6.0,Manteiga de manga_Novembro_397
2025-11-03,Manteiga de manga,Novembro,11,Industria,Sul,Farmacêutico,31.08,108.84,8.0,Manteiga de manga_Novembro_398
2025-11-09,Manteiga de manga,Novembro,11,Industria,Sudeste,Sabonetes,47.06,109.87,8.0,Manteiga de manga_Novembro_399
2025-11-29,Manteiga de manga,Novembro,11,Industria,Nordeste,Sabonetes,214.16,54.5,8.0,Manteiga de manga_Novembro_400
2025-11-01,Manteiga de manga,Novembro,11,Industria,Nordeste,Sabonetes,45.84,97.12,7.0,Manteiga de manga_Novembro_401
2025-11-29,Manteiga de manga,Novembro,11,Industria,Sul,Cosméticos,154.95,109.79,7.0,Manteiga de manga_Novembro_402
2025-11-13,Manteiga de manga,Novembro,11,Industria,Sudeste,Sabonetes,74.42,73.34,9.0,Manteiga de manga_Novembro_403
2025-11-06,Manteiga de manga,Novembro,11,Industria,Sudeste,,18.08,60.79,8.0,Manteiga de manga_Novembro_404
2025-11-08,Manteiga de manga,Novembro,11,Industria,Sudeste,Farmacêutico,199.38,67.06,8.0,Manteiga de manga_Novembro_405
2025-11-14,Manteiga de manga,Novembro,11,Industria,Sudeste,Cosméticos,116.34,57.03,10.0,Manteiga de manga_Novembro_406
2025-11-26,Manteiga de manga,Novembro,11,Industria,Sudeste,Ingredientes,84.55,70.51,7.0,Manteiga de manga_Novembro_407
2025-11-01,Manteiga de manga,Novembro,11,Industria,Nordeste,Farmacêutico,207.45,93.89,9.0,Manteiga de manga_Novembro_408
2025-11-28,Manteiga de manga,Novembro,11,Exportacao,Exterior,Cosméticos,176.9,71.2,10.0,Manteiga de manga_Novembro_409
2025-11-22,Manteiga de manga,Novembro,11,Industria,Norte,Sabonetes,119.78,98.32,8.0,Manteiga de manga_Novembro_410
2025-11-19,Manteiga de manga,Novembro,11,Distribuidor,Sudeste,Ingredientes,77.3,61.35,8.0,Manteiga de manga_Novembro_411
2025-11-11,Manteiga de manga,Novembro,11,Industria,Sul,Perfumaria,111.49,108.1,7.0,Manteiga de manga_Novembro_412
2025-11-22,Manteiga de manga,Novembro,11,Industria,Nordeste,,127.86,49.64,9.0,Manteiga de manga_Novembro_413
2025-11-01,Manteiga de manga,Novembro,11,Exportacao,Exterior,Perfumaria,124.01,56.8,5.0,Manteiga de manga_Novembro_414
2025-11-05,Manteiga de manga,Novembro,11,Industria,Norte,Ingredientes,133.52,104.63,10.0,Manteiga de manga_Novembro_415
2025-11-15,Manteiga de manga,Novembro,11,Industria,Nordeste,Farmacêutico,216.89,89.8,9.0,Manteiga de manga_Novembro_416
2025-11-21,Manteiga de manga,Novembro,11,Exportacao,Exterior,Ingredientes,58.29,100.67,7.0,Manteiga de manga_Novembro_417
2025-11-06,Manteiga de manga,Novembro,11,Exportacao,Exterior,Farmacêutico,105.68,102.1,8.0,Manteiga de manga_Novembro_418
2025-11-30,Manteiga de manga,Novembro,11,Industria,Sudeste,Ingredientes,23.93,112.44,9.0,Manteiga de manga_Novembro_419
2025-11-06,Manteiga de manga,Novembro,11,Exportacao,Exterior,Sabonetes,128.29,136.83,7.0,Manteiga de manga_Novembro_420
2025-11-15,Manteiga de manga,Novembro,11,Industria,Norte,Cosméticos,151.75,101.17,9.0,Manteiga de manga_Novembro_421
2025-11-24,Manteiga de manga,Novembro,11,Industria,Nordeste,Farmacêutico,106.11,94.3,7.0,Manteiga de manga_Novembro_422
2025-11-03,Manteiga de manga,Novembro,11,Exportacao,Exterior,Sabonetes,50.11,73.41,7.0,Manteiga de manga_Novembro_423
2025-11-27,Manteiga de manga,Novembro,11,Distribuidor,Sudeste,Sabonetes,130.18,68.47,8.0,Manteiga de manga_Novembro_424
2025-11-05,Manteiga de manga,Novembro,11,Industria,Sudeste,Ingredientes,158.23,90.47,9.0,Manteiga de manga_Novembro_425
2025-11-17,Manteiga de manga,Novembro,11,Industria,Sudeste,Farmacêutico,11.48,67.06,8.0,Manteiga de manga_Novembro_426
2025-11-17,Manteiga de manga,Novembro,11,Industria,Norte,Sabonetes,124.06,50.44,9.0,Manteiga de manga_Novembro_427
2025-11-25,Manteiga de manga,Novembro,11,Industria,Sudeste,Sabonetes,146.42,93.72,9.0,Manteiga de manga_Novembro_428
2025-11-20,Manteiga de manga,Novembro,11,Distribuidor,Sudeste,Ingredientes,92.42,97.83,8.0,Manteiga de manga_Novembro_429
2025-11-20,Manteiga de manga,Novembro,11,Industria,Sudeste,Cosméticos,12.66,95.52,8.0,Manteiga de manga_Novembro_430
2025-11-05,Manteiga de manga,Novembro,11,Industria,Sudeste,Sabonetes,120.77,116.15,8.0,Manteiga de manga_Novembro_431
2025-11-07,Manteiga de manga,Novembro,11,Exportacao,Exterior,Cosméticos,220.26,54.14,9.0,Manteiga de manga_Novembro_432
2025-11-04,Manteiga de manga,Novembro,11,Exportacao,Exterior,Sabonetes,184.07,83.27,10.0,Manteiga de manga_Novembro_433
2025-11-18,Manteiga de manga,Novembro,11,Exportacao,Exterior,Sabonetes,18.43,87.76,7.0,Manteiga de manga_Novembro_434
2025-11-19,Manteiga de manga,Novembro,11,Distribuidor,Sudeste,Cosméticos,138.62,47.46,9.0,Manteiga de manga_Novembro_435
2025-11-29,Manteiga de manga,Novembro,11,Distribuidor,Nordeste,Farmacêutico,90.35,49.15,8.0,Manteiga de manga_Novembro_436
2025-11-12,Manteiga de manga,Novembro,11,Industria,Sudeste,Perfumaria,93.8,92.65,6.0,Manteiga de manga_Novembro_437
2025-11-13,Manteiga de manga,Novembro,11,Industria,Sul,Cosméticos,115.11,105.98,9.0,Manteiga de manga_Novembro_438
2025-11-09,Manteiga de manga,Novembro,11,Distribuidor,Nordeste,Perfumaria,87.49,71.43,7.0,Manteiga de manga_Novembro_439
2025-11-20,Manteiga de manga,Novembro,11,Industria,Sudeste,Perfumaria,187.17,61.98,9.0,Manteiga de manga_Novembro_440
2025-11-07,Manteiga de manga,Novembro,11,Industria,Sudeste,Farmacêutico,138.68,81.87,,Manteiga de manga_Novembro_441
2025-11-09,Manteiga de manga,Novembro,11,Exportacao,Exterior,Ingredientes,79.12,79.53,6.0,Manteiga de manga_Novembro_442
2025-11-20,Manteiga de manga,Novembro,11,Industria,Centro-Oeste,Farmacêutico,178.46,88.92,9.0,Manteiga de manga_Novembro_443
2025-11-18,Manteiga de manga,Novembro,11,Industria,Sudeste,Ingredientes,91.12,90.17,8.0,Manteiga de manga_Novembro_444
2025-11-28,Manteiga de manga,Novembro,11,Industria,Sudeste,Sabonetes,58.13,58.96,7.0,Manteiga de manga_Novembro_445
2025-11-22,Manteiga de manga,Novembro,11,Distribuidor,Sudeste,Perfumaria,127.44,117.67,7.0,Manteiga de manga_Novembro_446
2025-11-22,Manteiga de manga,Novembro,11,Industria,Nordeste,Ingredientes,70.23,86.79,7.0,Manteiga de manga_Novembro_447
2025-11-01,Manteiga de manga,Novembro,11,Distribuidor,Nordeste,Ingredientes,153.47,79.67,8.0,Manteiga de manga_Novembro_448
2025-11-13,Manteiga de manga,Novembro,11,Industria,Sudeste,,107.26,69.2,8.0,Manteiga de manga_Novembro_449
2025-11-01,Manteiga de manga,Novembro,11,Industria,Sudeste,Perfumaria,147.89,57.31,8.0,Manteiga de manga_Novembro_450
2025-11-13,Manteiga de manga,Novembro,11,Industria,Nordeste,Sabonetes,134.3,61.99,9.0,Manteiga de manga_Novembro_451
2025-11-12,Manteiga de manga,Novembro,11,Industria,Norte,Farmacêutico,87.97,86.76,10.0,Manteiga de manga_Novembro_452
2025-11-05,Manteiga de manga,Novembro,11,Industria,Nordeste,Sabonetes,53.07,73.01,8.0,Manteiga de manga_Novembro_453
2025-11-24,Manteiga de manga,Novembro,11,Industria,Norte,Cosméticos,30.89,118.89,9.0,Manteiga de manga_Novembro_454
2025-11-28,Manteiga de manga,Novembro,11,Exportacao,Exterior,Perfumaria,78.24,90.29,7.0,Manteiga de manga_Novembro_455
2025-11-04,Manteiga de manga,Novembro,11,Industria,Sudeste,Cosméticos,54.41,59.99,6.0,Manteiga de manga_Novembro_456
2025-11-28,Manteiga de manga,Novembro,11,Industria,Nordeste,Cosméticos,137.02,54.56,8.0,Manteiga de manga_Novembro_457
2025-11-02,Manteiga de manga,Novembro,11,Industria,Sul,Farmacêutico,94.59,53.75,7.0,Manteiga de manga_Novembro_458
2025-11-27,Manteiga de manga,Novembro,11,Industria,Sudeste,Cosméticos,216.95,59.81,9.0,Manteiga de manga_Novembro_459
2025-11-20,Manteiga de manga,Novembro,11,Industria,Sul,Perfumaria,135.1,112.59,8.0,Manteiga de manga_Novembro_460
2025-11-22,Manteiga de manga,Novembro,11,Industria,Sul,Perfumaria,89.05,68.96,6.0,Manteiga de manga_Novembro_461
2025-11-06,Manteiga de manga,Novembro,11,Exportacao,Exterior,Perfumaria,93.6,60.44,9.0,Manteiga de manga_Novembro_462
2025-11-09,Manteiga de manga,Novembro,11,Exportacao,Exterior,Ingredientes,132.92,125.23,10.0,Manteiga de manga_Novembro_463
2025-11-07,Manteiga de manga,Novembro,11,Exportacao,Exterior,Sabonetes,17.07,76.87,8.0,Manteiga de manga_Novembro_464
2025-11-07,Manteiga de manga,Novembro,11,Distribuidor,Sul,Cosméticos,117.6,65.62,7.0,Manteiga de manga_Novembro_465
2025-11-17,Manteiga de manga,Novembro,11,Industria,Nordeste,Cosméticos,110.0,91.48,,Manteiga de manga_Novembro_466
2025-11-25,Manteiga de manga,Novembro,11,Industria,Norte,Sabonetes,68.61,47.96,10.0,Manteiga de manga_Novembro_467
2025-11-23,Manteiga de manga,Novembro,11,Industria,Sul,Cosméticos,103.29,76.09,10.0,Manteiga de manga_Novembro_468
2025-11-26,Manteiga de manga,Novembro,11,Industria,Sudeste,Farmacêutico,74.95,52.72,8.0,Manteiga de manga_Novembro_469
2025-11-29,Manteiga de manga,Novembro,11,Distribuidor,Sul,Farmacêutico,146.1,104.69,7.0,Manteiga de manga_Novembro_470
2025-11-21,Manteiga de manga,Novembro,11,Distribuidor,Nordeste,Ingredientes,144.16,116.12,7.0,Manteiga de manga_Novembro_471
2025-11-16,Manteiga de manga,Novembro,11,Industria,Centro-Oeste,Farmacêutico,39.56,64.72,9.0,Manteiga de manga_Novembro_472
2025-11-22,Manteiga de manga,Novembro,11,Industria,Sudeste,Farmacêutico,96.34,119.43,8.0,Manteiga de manga_Novembro_473
2025-11-16,Manteiga de manga,Novembro,11,Distribuidor,Nordeste,Ingredientes,43.93,118.38,9.0,Manteiga de manga_Novembro_474
2025-11-29,Manteiga de manga,Novembro,11,Industria,Nordeste,Perfumaria,161.95,118.78,8.0,Manteiga de manga_Novembro_475
2025-11-20,Manteiga de manga,Novembro,11,Distribuidor,Centro-Oeste,Farmacêutico,67.48,90.57,9.0,Manteiga de manga_Novembro_476
2025-11-27,Manteiga de manga,Novembro,11,Distribuidor,Centro-Oeste,Sabonetes,120.62,73.75,8.0,Manteiga de manga_Novembro_477
2025-11-24,Manteiga de manga,Novembro,11,Distribuidor,Nordeste,Ingredientes,88.51,52.83,8.0,Manteiga de manga_Novembro_478
2025-11-02,Manteiga de manga,Novembro,11,Industria,Sudeste,Cosméticos,103.28,83.34,7.0,Manteiga de manga_Novembro_479
2025-11-12,Manteiga de manga,Novembro,11,Distribuidor,Sudeste,Cosméticos,64.08,83.45,10.0,Manteiga de manga_Novembro_480
2025-11-19,Manteiga de manga,Novembro,11,Industria,Sul,Cosméticos,171.79,87.27,9.0,Manteiga de manga_Novembro_481
2025-11-29,Manteiga de manga,Novembro,11,Exportacao,Exterior,Farmacêutico,68.37,75.68,9.0,Manteiga de manga_Novembro_482
2025-11-17,Manteiga de manga,Novembro,11,Industria,Centro-Oeste,Farmacêutico,73.26,104.97,9.0,Manteiga de manga_Novembro_483
2025-11-02,Manteiga de manga,Novembro,11,Exportacao,Exterior,Perfumaria,16.23,118.04,7.0,Manteiga de manga_Novembro_484
2025-11-17,Manteiga de manga,Novembro,11,Distribuidor,Norte,Cosméticos,89.03,93.05,8.0,Manteiga de manga_Novembro_485
2025-11-06,Manteiga de manga,Novembro,11,Exportacao,Exterior,Cosméticos,176.42,123.84,8.0,Manteiga de manga_Novembro_486
2025-11-21,Manteiga de manga,Novembro,11,Industria,Norte,Ingredientes,37.95,100.31,9.0,Manteiga de manga_Novembro_487
2025-11-26,Manteiga de manga,Novembro,11,Distribuidor,Sul,Ingredientes,22.24,50.1,7.0,Manteiga de manga_Novembro_488
2025-11-28,Manteiga de manga,Novembro,11,Industria,Sudeste,Sabonetes,52.59,45.53,7.0,Manteiga de manga_Novembro_489
2025-11-03,Manteiga de manga,Novembro,11,Distribuidor,Sudeste,Sabonetes,8.92,91.95,7.0,Manteiga de manga_Novembro_490
2025-11-08,Manteiga de manga,Novembro,11,Industria,Sudeste,Ingredientes,10.71,61.75,9.0,Manteiga de manga_Novembro_491
2025-11-06,Manteiga de manga,Novembro,11,Industria,Sudeste,Perfumaria,88.02,80.6,7.0,Manteiga de manga_Novembro_492
2025-11-14,Manteiga de manga,Novembro,11,Industria,Sudeste,Sabonetes,142.52,81.47,9.0,Manteiga de manga_Novembro_493
2025-11-03,Manteiga de manga,Novembro,11,Industria,Norte,Perfumaria,60.64,50.11,9.0,Manteiga de manga_Novembro_494
2025-11-17,Manteiga de manga,Novembro,11,Industria,Sudeste,Farmacêutico,141.81,56.13,8.0,Manteiga de manga_Novembro_495
2025-11-01,Manteiga de manga,Novembro,11,Industria,Sul,Farmacêutico,100.06,106.25,8.0,Manteiga de manga_Novembro_496
2025-11-29,Manteiga de manga,Novembro,11,Industria,Sul,Sabonetes,156.25,115.13,10.0,Manteiga de manga_Novembro_497
2025-11-12,Manteiga de manga,Novembro,11,Industria,Sudeste,Perfumaria,89.53,95.98,9.0,Manteiga de manga_Novembro_498
2025-11-29,Manteiga de manga,Novembro,11,Industria,Sudeste,Farmacêutico,162.17,107.65,7.0,Manteiga de manga_Novembro_499
2025-11-30,Manteiga de manga,Novembro,11,Industria,Sudeste,Ingredientes,150.82,91.95,8.0,Manteiga de manga_Novembro_500
2025-11-16,Manteiga de manga,Novembro,11,Distribuidor,Nordeste,Sabonetes,91.39,90.74,8.0,Manteiga de manga_Novembro_501
2025-11-24,Manteiga de manga,Novembro,11,Exportacao,Exterior,Perfumaria,181.95,77.53,7.0,Manteiga de manga_Novembro_502
2025-11-29,Manteiga de manga,Novembro,11,Industria,Norte,Ingredientes,38.81,54.64,6.0,Manteiga de manga_Novembro_503
2025-11-11,Manteiga de manga,Novembro,11,Industria,Sudeste,Perfumaria,65.83,118.15,8.0,Manteiga de manga_Novembro_504
2025-11-27,Manteiga de manga,Novembro,11,Distribuidor,Nordeste,Cosméticos,37.48,53.99,10.0,Manteiga de manga_Novembro_505
2025-11-03,Manteiga de manga,Novembro,11,Industria,Sudeste,Farmacêutico,29.93,111.98,9.0,Manteiga de manga_Novembro_506
2025-11-28,Manteiga de manga,Novembro,11,Industria,Norte,Cosméticos,92.37,50.74,7.0,Manteiga de manga_Novembro_507
2025-11-16,Manteiga de manga,Novembro,11,Industria,Sudeste,Perfumaria,171.58,68.08,9.0,Manteiga de manga_Novembro_508
2025-11-24,Manteiga de manga,Novembro,11,Exportacao,Exterior,Ingredientes,94.24,65.44,8.0,Manteiga de manga_Novembro_509
2025-11-09,Manteiga de manga,Novembro,11,Distribuidor,Norte,Sabonetes,89.25,88.52,7.0,Manteiga de manga_Novembro_510
2025-11-09,Manteiga de manga,Novembro,11,Distribuidor,Sudeste,Ingredientes,97.68,69.14,8.0,Manteiga de manga_Novembro_511
2025-11-09,Manteiga de manga,Novembro,11,Exportacao,Exterior,Cosméticos,205.36,111.63,8.0,Manteiga de manga_Novembro_512
2025-11-11,Manteiga de manga,Novembro,11,Industria,Norte,Ingredientes,123.21,54.13,9.0,Manteiga de manga_Novembro_513
2025-11-01,Manteiga de manga,Novembro,11,Exportacao,Exterior,Ingredientes,26.02,120.46,9.0,Manteiga de manga_Novembro_514
2025-11-30,Manteiga de manga,Novembro,11,Industria,Sudeste,Farmacêutico,175.24,94.98,9.0,Manteiga de manga_Novembro_515
2025-11-15,Manteiga de manga,Novembro,11,Exportacao,Exterior,Cosméticos,93.46,50.66,8.0,Manteiga de manga_Novembro_516
2025-11-30,Manteiga de manga,Novembro,11,Industria,Norte,Ingredientes,128.01,67.92,10.0,Manteiga de manga_Novembro_517
2025-11-26,Manteiga de manga,Novembro,11,Exportacao,Exterior,Farmacêutico,24.68,62.06,10.0,Manteiga de manga_Novembro_518
2025-11-04,Manteiga de manga,Novembro,11,Industria,Sudeste,Cosméticos,14.3,104.41,7.0,Manteiga de manga_Novembro_519
2025-11-13,Manteiga de manga,Novembro,11,Distribuidor,Nordeste,Farmacêutico,147.63,98.52,9.0,Manteiga de manga_Novembro_520
2025-11-11,Manteiga de manga,Novembro,11,Distribuidor,Sul,Perfumaria,37.05,78.47,7.0,Manteiga de manga_Novembro_521
2025-11-24,Manteiga de manga,Novembro,11,Industria,Nordeste,Cosméticos,163.17,96.16,8.0,Manteiga de manga_Novembro_522
2025-11-01,Manteiga de manga,Novembro,11,Industria,Nordeste,Sabonetes,168.21,105.12,10.0,Manteiga de manga_Novembro_523
2025-11-30,Manteiga de manga,Novembro,11,Industria,Sul,Cosméticos,199.04,112.29,,Manteiga de manga_Novembro_524
2025-12-14,Polpa congelada,Dezembro,12,Exportacao,Exterior,Importador (MENA),674.64,15.32,9.0,Polpa congelada_Dezembro_0
2025-12-04,Polpa congelada,Dezembro,12,Food Service,Sul,Açaíterias,127.38,11.84,10.0,Polpa congelada_Dezembro_1
2025-12-03,Polpa congelada,Dezembro,12,Food Service,Nordeste,Açaíterias,775.29,7.31,9.0,Polpa congelada_Dezembro_2
2025-12-17,Polpa congelada,Dezembro,12,Varejo,Sul,E-commerce,282.24,13.02,8.0,Polpa congelada_Dezembro_3
2025-12-23,Polpa congelada,Dezembro,12,Food Service,Sudeste,Cafeterias,565.67,7.47,8.0,Polpa congelada_Dezembro_4
2025-12-16,Polpa congelada,Dezembro,12,Distribuidor,Sudeste,Distribuidor food service,166.83,8.88,6.0,Polpa congelada_Dezembro_5
2025-12-09,Polpa congelada,Dezembro,12,Food Service,Sudeste,Confeitarias,141.43,12.2,8.0,Polpa congelada_Dezembro_6
2025-12-29,Polpa congelada,Dezembro,12,Industria,Norte,Indústria de alimentos,514.64,13.66,8.0,Polpa congelada_Dezembro_7
2025-12-27,Polpa congelada,Dezembro,12,Industria,Sudeste,Indústria de sorvetes,329.76,10.16,8.0,Polpa congelada_Dezembro_8
2025-12-07,Polpa congelada,Dezembro,12,Industria,Sul,Indústria de laticínios,581.58,13.09,10.0,Polpa congelada_Dezembro_9
2025-12-27,Polpa congelada,Dezembro,12,Exportacao,Exterior,Importador (LATAM),607.43,9.36,6.0,Polpa congelada_Dezembro_10
2025-12-31,Polpa congelada,Dezembro,12,Industria,Sul,Indústria de bebidas,828.51,9.07,7.0,Polpa congelada_Dezembro_11
2025-12-22,Polpa congelada,Dezembro,12,Distribuidor,Sudeste,Central de compras,289.22,9.17,8.0,Polpa congelada_Dezembro_12
2025-12-03,Polpa congelada,Dezembro,12,Food Service,Sul,Açaíterias,502.01,12.37,10.0,Polpa congelada_Dezembro_13
2025-12-13,Polpa congelada,Dezembro,12,Industria,Sul,Indústria de sorvetes,528.46,7.09,7.0,Polpa congelada_Dezembro_14
2025-12-14,Polpa congelada,Dezembro,12,Food Service,Sudeste,Confeitarias,477.57,6.79,7.0,Polpa congelada_Dezembro_15
2025-12-27,Polpa congelada,Dezembro,12,Food Service,Centro-Oeste,Restaurantes,569.51,11.75,10.0,Polpa congelada_Dezembro_16
2025-12-21,Polpa congelada,Dezembro,12,Industria,Nordeste,Indústria de laticínios,241.24,9.58,7.0,Polpa congelada_Dezembro_17
2025-12-18,Polpa congelada,Dezembro,12,Food Service,Norte,Açaíterias,133.55,11.65,8.0,Polpa congelada_Dezembro_18
2025-12-14,Polpa congelada,Dezembro,12,Industria,Sudeste,Indústria de sorvetes,963.94,13.5,9.0,Polpa congelada_Dezembro_19
2025-12-19,Polpa congelada,Dezembro,12,Industria,Sul,Indústria de bebidas,155.11,8.24,9.0,Polpa congelada_Dezembro_20
2025-12-31,Polpa congelada,Dezembro,12,Food Service,Sul,Cafeterias,284.15,12.76,7.0,Polpa congelada_Dezembro_21
2025-12-13,Polpa congelada,Dezembro,12,Food Service,Nordeste,Açaíterias,745.87,8.84,8.0,Polpa congelada_Dezembro_22
2025-12-05,Polpa congelada,Dezembro,12,Distribuidor,Nordeste,Central de compras,854.92,10.02,7.0,Polpa congelada_Dezembro_23
2025-12-05,Polpa congelada,Dezembro,12,Exportacao,Exterior,Importador (MENA),161.73,11.9,9.0,Polpa congelada_Dezembro_24
2025-12-22,Polpa congelada,Dezembro,12,Food Service,Norte,Açaíterias,738.6,7.83,7.0,Polpa congelada_Dezembro_25
2025-12-09,Polpa congelada,Dezembro,12,Industria,Sudeste,Indústria de alimentos,800.0,12.57,7.0,Polpa congelada_Dezembro_26
2025-12-07,Polpa congelada,Dezembro,12,Exportacao,Exterior,Importador (MENA),216.52,6.75,8.0,Polpa congelada_Dezembro_27
2025-12-28,Polpa congelada,Dezembro,12,Industria,Sudeste,Indústria de alimentos,132.22,12.52,7.0,Polpa congelada_Dezembro_28
2025-12-26,Polpa congelada,Dezembro,12,Food Service,Nordeste,Confeitarias,382.47,6.44,10.0,Polpa congelada_Dezembro_29
2025-12-05,Polpa congelada,Dezembro,12,Food Service,Sul,Confeitarias,97.4,7.13,7.0,Polpa congelada_Dezembro_30
2025-12-26,Polpa congelada,Dezembro,12,Distribuidor,Centro-Oeste,Distribuidor regional,485.35,13.69,8.0,Polpa congelada_Dezembro_31
2025-12-10,Polpa congelada,Dezembro,12,Industria,Nordeste,Indústria de alimentos,353.58,9.21,7.0,Polpa congelada_Dezembro_32
2025-12-24,Polpa congelada,Dezembro,12,Exportacao,Exterior,Importador (UE),647.22,10.97,8.0,Polpa congelada_Dezembro_33
2025-12-07,Polpa congelada,Dezembro,12,Industria,Centro-Oeste,Indústria de sorvetes,276.7,7.31,9.0,Polpa congelada_Dezembro_34
2025-12-10,Polpa congelada,Dezembro,12,Distribuidor,Sul,Distribuidor food service,539.82,8.48,7.0,Polpa congelada_Dezembro_35
2025-12-06,Polpa congelada,Dezembro,12,Distribuidor,Sudeste,Distribuidor food service,440.52,8.54,7.0,Polpa congelada_Dezembro_36
2025-12-19,Polpa congelada,Dezembro,12,Exportacao,Exterior,Importador (UE),715.52,12.87,8.0,Polpa congelada_Dezembro_37
2025-12-11,Polpa congelada,Dezembro,12,Food Service,Nordeste,Restaurantes,692.83,9.69,8.0,Polpa congelada_Dezembro_38
2025-12-17,Polpa congelada,Dezembro,12,Food Service,Sudeste,Restaurantes,515.24,7.65,10.0,Polpa congelada_Dezembro_39
2025-12-21,Polpa congelada,Dezembro,12,Industria,Sul,Indústria de alimentos,612.45,9.31,8.0,Polpa congelada_Dezembro_40
2025-12-15,Polpa congelada,Dezembro,12,Varejo,Sudeste,Supermercados,212.07,13.4,9.0,Polpa congelada_Dezembro_41
2025-12-17,Polpa congelada,Dezembro,12,Varejo,Sudeste,Atacarejo,739.96,12.89,9.0,Polpa congelada_Dezembro_42
2025-12-28,Polpa congelada,Dezembro,12,Exportacao,Exterior,Trading,116.63,14.07,6.0,Polpa congelada_Dezembro_43
2025-12-13,Polpa congelada,Dezembro,12,Industria,Sul,Indústria de ingredientes,448.02,13.46,7.0,Polpa congelada_Dezembro_44
2025-12-11,Polpa congelada,Dezembro,12,Distribuidor,Sudeste,Distribuidor regional,278.73,6.27,8.0,Polpa congelada_Dezembro_45
2025-12-27,Polpa congelada,Dezembro,12,Industria,Centro-Oeste,Indústria de alimentos,416.73,6.2,7.0,Polpa congelada_Dezembro_46
2025-12-19,Polpa congelada,Dezembro,12,Distribuidor,Norte,Central de compras,382.4,9.79,8.0,Polpa congelada_Dezembro_47
2025-12-18,Polpa congelada,Dezembro,12,Food Service,Sudeste,Cafeterias,350.54,12.46,7.0,Polpa congelada_Dezembro_48
2025-12-30,Polpa congelada,Dezembro,12,Food Service,Nordeste,Hotéis,289.39,13.44,8.0,Polpa congelada_Dezembro_49
2025-12-29,Polpa congelada,Dezembro,12,Varejo,Sul,E-commerce,106.77,10.86,8.0,Polpa congelada_Dezembro_50
2025-12-04,Polpa congelada,Dezembro,12,Distribuidor,Norte,Distribuidor regional,932.28,10.16,8.0,Polpa congelada_Dezembro_51
2025-12-24,Polpa congelada,Dezembro,12,Exportacao,Exterior,Importador (EUA),112.1,15.23,8.0,Polpa congelada_Dezembro_52
2025-12-22,Polpa congelada,Dezembro,12,Industria,Sul,Indústria de sorvetes,111.88,11.43,9.0,Polpa congelada_Dezembro_53
2025-12-27,Polpa congelada,Dezembro,12,Distribuidor,Sul,Operador logístico,121.94,8.12,8.0,Polpa congelada_Dezembro_54
2025-12-03,Polpa congelada,Dezembro,12,Food Service,Sudeste,Cafeterias,607.41,10.09,7.0,Polpa congelada_Dezembro_55
2025-12-31,Polpa congelada,Dezembro,12,Industria,Centro-Oeste,Indústria de alimentos,679.68,12.08,8.0,Polpa congelada_Dezembro_56
2025-12-07,Polpa congelada,Dezembro,12,Distribuidor,Sul,Operador logístico,216.65,8.84,9.0,Polpa congelada_Dezembro_57
2025-12-29,Polpa congelada,Dezembro,12,Exportacao,Exterior,Importador (LATAM),527.36,13.87,9.0,Polpa congelada_Dezembro_58
2025-12-07,Polpa congelada,Dezembro,12,Distribuidor,Sudeste,Distribuidor regional,827.14,9.91,9.0,Polpa congelada_Dezembro_59
2025-12-01,Polpa congelada,Dezembro,12,Exportacao,Exterior,,525.13,7.76,8.0,Polpa congelada_Dezembro_60
2025-12-05,Polpa congelada,Dezembro,12,Distribuidor,Norte,Distribuidor regional,642.07,7.4,,Polpa congelada_Dezembro_61
2025-12-06,Polpa congelada,Dezembro,12,Distribuidor,Sudeste,Distribuidor regional,133.62,8.83,8.0,Polpa congelada_Dezembro_62
2025-12-02,Polpa congelada,Dezembro,12,Distribuidor,Sudeste,Central de compras,183.69,7.92,7.0,Polpa congelada_Dezembro_63
2025-12-13,Polpa congelada,Dezembro,12,Food Service,Norte,Açaíterias,266.46,6.66,6.0,Polpa congelada_Dezembro_64
2025-12-18,Polpa congelada,Dezembro,12,Industria,Nordeste,Indústria de ingredientes,399.44,8.19,8.0,Polpa congelada_Dezembro_65
2025-12-29,Polpa congelada,Dezembro,12,Exportacao,Exterior,Importador (LATAM),826.37,13.03,9.0,Polpa congelada_Dezembro_66
2025-12-04,Polpa congelada,Dezembro,12,Industria,Sudeste,Indústria de sorvetes,559.07,8.6,9.0,Polpa congelada_Dezembro_67
2025-12-31,Polpa congelada,Dezembro,12,Distribuidor,Nordeste,Central de compras,684.16,8.54,7.0,Polpa congelada_Dezembro_68
2025-12-07,Polpa congelada,Dezembro,12,Food Service,Sudeste,Açaíterias,420.55,8.7,8.0,Polpa congelada_Dezembro_69
2025-12-24,Polpa congelada,Dezembro,12,Varejo,Sul,Loja natural,316.29,15.21,9.0,Polpa congelada_Dezembro_70
2025-12-24,Polpa congelada,Dezembro,12,Distribuidor,Sudeste,Distribuidor regional,348.12,11.92,6.0,Polpa congelada_Dezembro_71
2025-12-29,Polpa congelada,Dezembro,12,Industria,Nordeste,Indústria de alimentos,200.98,6.51,9.0,Polpa congelada_Dezembro_72
2025-12-22,Polpa congelada,Dezembro,12,Industria,Nordeste,Indústria de laticínios,419.79,9.05,10.0,Polpa congelada_Dezembro_73
2025-12-17,Polpa congelada,Dezembro,12,Food Service,Sudeste,Confeitarias,97.18,13.35,7.0,Polpa congelada_Dezembro_74
2025-12-08,Polpa congelada,Dezembro,12,Varejo,Sudeste,Loja natural,369.58,12.39,8.0,Polpa congelada_Dezembro_75
2025-12-31,Polpa congelada,Dezembro,12,Distribuidor,Sudeste,Operador logístico,213.61,13.69,8.0,Polpa congelada_Dezembro_76
2025-12-20,Polpa congelada,Dezembro,12,Distribuidor,Sudeste,Distribuidor regional,777.46,9.35,8.0,Polpa congelada_Dezembro_77
2025-12-13,Polpa congelada,Dezembro,12,Industria,Sudeste,Indústria de laticínios,453.79,7.19,6.0,Polpa congelada_Dezembro_78
2025-12-30,Polpa congelada,Dezembro,12,Industria,Sudeste,Indústria de bebidas,257.11,10.95,7.0,Polpa congelada_Dezembro_79
2025-12-17,Polpa congelada,Dezembro,12,Food Service,Centro-Oeste,Hotéis,190.09,11.42,10.0,Polpa congelada_Dezembro_80
2025-12-13,Polpa congelada,Dezembro,12,Food Service,Nordeste,Hotéis,121.18,9.37,9.0,Polpa congelada_Dezembro_81
2025-12-10,Polpa congelada,Dezembro,12,Varejo,Sudeste,Supermercados,538.47,7.28,6.0,Polpa congelada_Dezembro_82
2025-12-15,Polpa congelada,Dezembro,12,Industria,Sudeste,Indústria de sorvetes,278.03,8.44,8.0,Polpa congelada_Dezembro_83
2025-12-12,Polpa congelada,Dezembro,12,Distribuidor,Sudeste,Distribuidor regional,208.13,8.1,7.0,Polpa congelada_Dezembro_84
2025-12-02,Polpa congelada,Dezembro,12,Industria,Nordeste,Indústria de bebidas,254.45,7.77,7.0,Polpa congelada_Dezembro_85
2025-12-28,Polpa congelada,Dezembro,12,Food Service,Sudeste,Hotéis,278.19,9.9,10.0,Polpa congelada_Dezembro_86
2025-12-26,Polpa congelada,Dezembro,12,Industria,Sudeste,Indústria de laticínios,760.46,10.75,6.0,Polpa congelada_Dezembro_87
2025-12-22,Polpa congelada,Dezembro,12,Industria,Sul,Indústria de bebidas,730.97,6.85,9.0,Polpa congelada_Dezembro_88
2025-12-31,Polpa congelada,Dezembro,12,Industria,Sul,Indústria de ingredientes,816.6,9.61,8.0,Polpa congelada_Dezembro_89
2025-12-15,Polpa congelada,Dezembro,12,Industria,Norte,Indústria de laticínios,656.61,8.43,9.0,Polpa congelada_Dezembro_90
2025-12-21,Polpa congelada,Dezembro,12,Industria,Nordeste,Indústria de sorvetes,580.0,6.23,8.0,Polpa congelada_Dezembro_91
2025-12-18,Polpa congelada,Dezembro,12,Industria,Sul,Indústria de sorvetes,103.71,11.02,7.0,Polpa congelada_Dezembro_92
2025-12-04,Polpa congelada,Dezembro,12,Industria,Nordeste,Indústria de sorvetes,193.4,12.68,8.0,Polpa congelada_Dezembro_93
2025-12-03,Polpa congelada,Dezembro,12,Industria,Sudeste,Indústria de laticínios,86.79,8.22,7.0,Polpa congelada_Dezembro_94
2025-12-11,Polpa congelada,Dezembro,12,Industria,Nordeste,Indústria de sorvetes,982.08,12.84,8.0,Polpa congelada_Dezembro_95
2025-12-20,Polpa congelada,Dezembro,12,Distribuidor,Sudeste,Operador logístico,658.51,9.31,8.0,Polpa congelada_Dezembro_96
2025-12-14,Polpa congelada,Dezembro,12,Distribuidor,Sudeste,Atacadista,293.6,6.1,7.0,Polpa congelada_Dezembro_97
2025-12-30,Polpa congelada,Dezembro,12,Industria,Sudeste,Indústria de alimentos,398.33,8.94,10.0,Polpa congelada_Dezembro_98
2025-12-18,Polpa congelada,Dezembro,12,Food Service,Nordeste,Açaíterias,332.18,8.06,7.0,Polpa congelada_Dezembro_99
2025-12-26,Polpa congelada,Dezembro,12,Food Service,Sudeste,Restaurantes,164.2,9.71,7.0,Polpa congelada_Dezembro_100
2025-12-11,Polpa congelada,Dezembro,12,Industria,Nordeste,Indústria de ingredientes,871.71,9.86,8.0,Polpa congelada_Dezembro_101
2025-12-28,Polpa congelada,Dezembro,12,Exportacao,Exterior,Trading,144.38,8.19,8.0,Polpa congelada_Dezembro_102
2025-12-14,Polpa congelada,Dezembro,12,Exportacao,Exterior,Importador (MENA),107.68,7.16,7.0,Polpa congelada_Dezembro_103
2025-12-18,Polpa congelada,Dezembro,12,Food Service,Sudeste,Confeitarias,306.52,11.73,8.0,Polpa congelada_Dezembro_104
2025-12-11,Polpa congelada,Dezembro,12,Industria,Sudeste,Indústria de bebidas,217.43,13.51,8.0,Polpa congelada_Dezembro_105
2025-12-17,Polpa congelada,Dezembro,12,Food Service,Sudeste,Confeitarias,217.3,7.96,8.0,Polpa congelada_Dezembro_106
2025-12-30,Polpa congelada,Dezembro,12,Industria,Sudeste,Indústria de alimentos,264.98,11.61,10.0,Polpa congelada_Dezembro_107
2025-12-24,Polpa congelada,Dezembro,12,Food Service,Nordeste,Confeitarias,187.51,8.2,7.0,Polpa congelada_Dezembro_108
2025-12-01,Polpa congelada,Dezembro,12,Industria,Sudeste,Indústria de bebidas,581.72,13.5,9.0,Polpa congelada_Dezembro_109
2025-12-25,Polpa congelada,Dezembro,12,Industria,Sudeste,Indústria de sorvetes,624.6,10.7,9.0,Polpa congelada_Dezembro_110
2025-12-25,Polpa congelada,Dezembro,12,Varejo,Nordeste,Atacarejo,346.3,8.3,10.0,Polpa congelada_Dezembro_111
2025-12-17,Polpa congelada,Dezembro,12,Industria,Centro-Oeste,Indústria de ingredientes,429.91,12.42,9.0,Polpa congelada_Dezembro_112
2025-12-12,Polpa congelada,Dezembro,12,Food Service,Norte,Confeitarias,359.1,8.07,7.0,Polpa congelada_Dezembro_113
2025-12-19,Polpa congelada,Dezembro,12,Industria,Sudeste,Indústria de sorvetes,535.45,10.16,7.0,Polpa congelada_Dezembro_114
2025-12-05,Polpa congelada,Dezembro,12,Varejo,Sudeste,Empórios,320.1,13.42,6.0,Polpa congelada_Dezembro_115
2025-12-16,Polpa congelada,Dezembro,12,Food Service,Sul,Confeitarias,644.82,13.25,7.0,Polpa congelada_Dezembro_116
2025-12-04,Polpa congelada,Dezembro,12,Distribuidor,Norte,Distribuidor food service,192.3,7.42,8.0,Polpa congelada_Dezembro_117
2025-12-16,Polpa congelada,Dezembro,12,Industria,Sudeste,Indústria de sorvetes,205.12,11.07,7.0,Polpa congelada_Dezembro_118
2025-12-02,Polpa congelada,Dezembro,12,Industria,Sudeste,Indústria de sorvetes,246.17,12.26,8.0,Polpa congelada_Dezembro_119
2025-12-12,Polpa congelada,Dezembro,12,Industria,Sul,Indústria de bebidas,272.45,12.33,7.0,Polpa congelada_Dezembro_120
2025-12-20,Polpa congelada,Dezembro,12,Industria,Sul,Indústria de laticínios,243.29,11.16,8.0,Polpa congelada_Dezembro_121
2025-12-24,Polpa congelada,Dezembro,12,Industria,Sudeste,Indústria de ingredientes,321.22,12.02,9.0,Polpa congelada_Dezembro_122
2025-12-08,Polpa congelada,Dezembro,12,Industria,Nordeste,Indústria de ingredientes,853.07,9.91,8.0,Polpa congelada_Dezembro_123
2025-12-18,Polpa congelada,Dezembro,12,Food Service,Nordeste,Cafeterias,763.12,7.17,8.0,Polpa congelada_Dezembro_124
2025-12-20,Polpa congelada,Dezembro,12,Industria,Sudeste,Indústria de ingredientes,683.43,13.5,9.0,Polpa congelada_Dezembro_125
2025-12-18,Polpa congelada,Dezembro,12,Exportacao,Exterior,Trading,709.43,8.23,9.0,Polpa congelada_Dezembro_126
2025-12-15,Polpa congelada,Dezembro,12,Industria,Sul,Indústria de bebidas,747.37,9.36,8.0,Polpa congelada_Dezembro_127
2025-12-03,Polpa congelada,Dezembro,12,Food Service,Norte,Cafeterias,177.62,13.03,10.0,Polpa congelada_Dezembro_128
2025-12-20,Polpa congelada,Dezembro,12,Exportacao,Exterior,Importador (LATAM),196.16,12.28,7.0,Polpa congelada_Dezembro_129
2025-12-11,Polpa congelada,Dezembro,12,Varejo,Nordeste,Empórios,257.95,8.37,8.0,Polpa congelada_Dezembro_130
2025-12-02,Polpa congelada,Dezembro,12,Industria,Sul,Indústria de sorvetes,559.9,12.18,9.0,Polpa congelada_Dezembro_131
2025-12-07,Polpa congelada,Dezembro,12,Varejo,Sudeste,Atacarejo,285.41,9.09,7.0,Polpa congelada_Dezembro_132
2025-12-25,Polpa congelada,Dezembro,12,Food Service,Sudeste,Hotéis,494.13,13.34,10.0,Polpa congelada_Dezembro_133
2025-12-09,Polpa congelada,Dezembro,12,Food Service,Sudeste,Cafeterias,254.23,7.27,6.0,Polpa congelada_Dezembro_134
2025-12-10,Polpa congelada,Dezembro,12,Distribuidor,Norte,Distribuidor regional,783.66,6.12,7.0,Polpa congelada_Dezembro_135
2025-12-25,Polpa congelada,Dezembro,12,Industria,Centro-Oeste,Indústria de sorvetes,883.96,10.67,7.0,Polpa congelada_Dezembro_136
2025-12-12,Polpa congelada,Dezembro,12,Food Service,Sudeste,Açaíterias,727.61,8.27,6.0,Polpa congelada_Dezembro_137
2025-12-02,Polpa congelada,Dezembro,12,Food Service,Sudeste,Cafeterias,775.65,10.84,9.0,Polpa congelada_Dezembro_138
2025-12-14,Polpa congelada,Dezembro,12,Industria,Nordeste,Indústria de sorvetes,819.37,12.67,9.0,Polpa congelada_Dezembro_139
2025-12-14,Polpa congelada,Dezembro,12,Industria,Sudeste,Indústria de ingredientes,506.73,12.41,10.0,Polpa congelada_Dezembro_140
2025-12-11,Polpa congelada,Dezembro,12,Food Service,Sul,Restaurantes,156.23,7.08,7.0,Polpa congelada_Dezembro_141
2025-12-24,Polpa congelada,Dezembro,12,Distribuidor,Sudeste,Operador logístico,106.29,6.87,10.0,Polpa congelada_Dezembro_142
2025-12-07,Polpa congelada,Dezembro,12,Food Service,Sudeste,Cafeterias,89.99,8.56,8.0,Polpa congelada_Dezembro_143
2025-12-01,Polpa congelada,Dezembro,12,Distribuidor,Norte,Atacadista,109.97,13.55,9.0,Polpa congelada_Dezembro_144
2025-12-03,Polpa congelada,Dezembro,12,Food Service,Norte,Confeitarias,784.9,8.75,9.0,Polpa congelada_Dezembro_145
2025-12-26,Polpa congelada,Dezembro,12,Food Service,Sul,Confeitarias,391.45,8.74,9.0,Polpa congelada_Dezembro_146
2025-12-09,Polpa congelada,Dezembro,12,Distribuidor,Sudeste,Distribuidor regional,540.19,9.43,7.0,Polpa congelada_Dezembro_147
2025-12-10,Polpa congelada,Dezembro,12,Industria,Sudeste,Indústria de laticínios,811.78,6.36,7.0,Polpa congelada_Dezembro_148
2025-12-07,Polpa congelada,Dezembro,12,Food Service,Sudeste,Restaurantes,718.69,7.86,7.0,Polpa congelada_Dezembro_149
2025-12-20,Polpa congelada,Dezembro,12,Industria,Sudeste,Indústria de bebidas,730.57,7.37,8.0,Polpa congelada_Dezembro_150
2025-12-14,Polpa congelada,Dezembro,12,Distribuidor,Norte,Distribuidor regional,131.04,9.24,7.0,Polpa congelada_Dezembro_151
2025-12-12,Polpa congelada,Dezembro,12,Industria,Sudeste,Indústria de alimentos,231.23,8.75,8.0,Polpa congelada_Dezembro_152
2025-12-12,Polpa congelada,Dezembro,12,Industria,Sudeste,Indústria de sorvetes,672.4,12.39,6.0,Polpa congelada_Dezembro_153
2025-12-04,Polpa congelada,Dezembro,12,Exportacao,Exterior,Importador (UE),377.68,8.26,9.0,Polpa congelada_Dezembro_154
2025-12-16,Polpa congelada,Dezembro,12,Food Service,Nordeste,Restaurantes,415.28,6.19,10.0,Polpa congelada_Dezembro_155
2025-12-08,Polpa congelada,Dezembro,12,Industria,Centro-Oeste,Indústria de ingredientes,659.17,9.02,6.0,Polpa congelada_Dezembro_156
2025-12-26,Polpa congelada,Dezembro,12,Industria,Sudeste,Indústria de alimentos,280.93,6.04,7.0,Polpa congelada_Dezembro_157
2025-12-26,Polpa congelada,Dezembro,12,Industria,Sudeste,Indústria de ingredientes,711.15,12.99,10.0,Polpa congelada_Dezembro_158
2025-12-02,Polpa congelada,Dezembro,12,Industria,Nordeste,Indústria de ingredientes,210.57,7.19,8.0,Polpa congelada_Dezembro_159
2025-12-17,Polpa congelada,Dezembro,12,Varejo,Norte,E-commerce,445.78,13.4,6.0,Polpa congelada_Dezembro_160
2025-12-05,Polpa congelada,Dezembro,12,Food Service,Norte,Açaíterias,507.4,9.98,9.0,Polpa congelada_Dezembro_161
2025-12-16,Polpa congelada,Dezembro,12,Varejo,Centro-Oeste,Supermercados,304.51,7.68,8.0,Polpa congelada_Dezembro_162
2025-12-13,Polpa congelada,Dezembro,12,Industria,Sul,Indústria de bebidas,812.36,12.95,10.0,Polpa congelada_Dezembro_163
2025-12-16,Polpa congelada,Dezembro,12,Industria,Nordeste,Indústria de bebidas,944.36,10.32,8.0,Polpa congelada_Dezembro_164
2025-12-24,Polpa congelada,Dezembro,12,Industria,Norte,Indústria de laticínios,757.44,8.15,10.0,Polpa congelada_Dezembro_165
2025-12-30,Polpa congelada,Dezembro,12,Distribuidor,Sudeste,Atacadista,399.05,8.58,10.0,Polpa congelada_Dezembro_166
2025-12-19,Polpa congelada,Dezembro,12,Varejo,Sudeste,Empórios,118.32,9.86,9.0,Polpa congelada_Dezembro_167
2025-12-17,Polpa congelada,Dezembro,12,Distribuidor,Nordeste,Distribuidor food service,467.23,10.8,7.0,Polpa congelada_Dezembro_168
2025-12-12,Polpa congelada,Dezembro,12,Food Service,Sudeste,Restaurantes,710.28,7.77,10.0,Polpa congelada_Dezembro_169
2025-12-20,Polpa congelada,Dezembro,12,Food Service,Nordeste,Restaurantes,503.72,9.87,8.0,Polpa congelada_Dezembro_170
2025-12-07,Polpa congelada,Dezembro,12,Distribuidor,Sul,Atacadista,706.93,11.42,8.0,Polpa congelada_Dezembro_171
2025-12-22,Polpa congelada,Dezembro,12,Industria,Norte,,990.77,10.15,9.0,Polpa congelada_Dezembro_172
2025-12-29,Polpa congelada,Dezembro,12,Distribuidor,Sudeste,Operador logístico,385.97,11.95,7.0,Polpa congelada_Dezembro_173
2025-12-16,Polpa congelada,Dezembro,12,Food Service,Sul,Hotéis,614.62,11.15,9.0,Polpa congelada_Dezembro_174
2025-12-22,Polpa congelada,Dezembro,12,Industria,Sudeste,,782.71,6.25,9.0,Polpa congelada_Dezembro_175
2025-12-06,Polpa congelada,Dezembro,12,Food Service,Sudeste,Hotéis,114.78,6.16,8.0,Polpa congelada_Dezembro_176
2025-12-20,Polpa congelada,Dezembro,12,Varejo,Nordeste,E-commerce,211.78,12.31,10.0,Polpa congelada_Dezembro_177
2025-12-06,Polpa congelada,Dezembro,12,Food Service,Sul,Restaurantes,111.82,10.6,9.0,Polpa congelada_Dezembro_178
2025-12-02,Polpa congelada,Dezembro,12,Distribuidor,Nordeste,Distribuidor food service,230.79,10.65,10.0,Polpa congelada_Dezembro_179
2025-12-01,Polpa congelada,Dezembro,12,Food Service,Centro-Oeste,,91.59,6.98,7.0,Polpa congelada_Dezembro_180
2025-12-18,Polpa congelada,Dezembro,12,Industria,Sudeste,Indústria de bebidas,197.36,13.1,10.0,Polpa congelada_Dezembro_181
2025-12-02,Polpa congelada,Dezembro,12,Varejo,Sudeste,Empórios,412.26,8.31,8.0,Polpa congelada_Dezembro_182
2025-12-21,Polpa congelada,Dezembro,12,Exportacao,Exterior,Importador (UE),497.92,13.42,9.0,Polpa congelada_Dezembro_183
2025-12-07,Polpa congelada,Dezembro,12,Distribuidor,Sul,Distribuidor regional,569.09,6.25,8.0,Polpa congelada_Dezembro_184
2025-12-19,Polpa congelada,Dezembro,12,Industria,Centro-Oeste,Indústria de laticínios,895.9,6.39,7.0,Polpa congelada_Dezembro_185
2025-12-04,Polpa congelada,Dezembro,12,Varejo,Nordeste,Empórios,249.4,14.1,9.0,Polpa congelada_Dezembro_186
2025-12-21,Polpa congelada,Dezembro,12,Industria,Sudeste,Indústria de bebidas,494.2,9.51,10.0,Polpa congelada_Dezembro_187
2025-12-03,Polpa congelada,Dezembro,12,Distribuidor,Sudeste,Central de compras,518.58,9.38,8.0,Polpa congelada_Dezembro_188
2025-12-23,Polpa congelada,Dezembro,12,Food Service,Sul,Confeitarias,465.48,13.29,10.0,Polpa congelada_Dezembro_189
2025-12-21,Polpa congelada,Dezembro,12,Industria,Centro-Oeste,Indústria de alimentos,613.78,11.97,7.0,Polpa congelada_Dezembro_190
2025-12-25,Polpa congelada,Dezembro,12,Food Service,Sudeste,Hotéis,294.16,7.04,8.0,Polpa congelada_Dezembro_191
2025-12-07,Polpa congelada,Dezembro,12,Industria,Norte,Indústria de alimentos,306.39,11.92,10.0,Polpa congelada_Dezembro_192
2025-12-02,Polpa congelada,Dezembro,12,Distribuidor,Sudeste,Central de compras,77.39,9.79,7.0,Polpa congelada_Dezembro_193
2025-12-29,Polpa congelada,Dezembro,12,Industria,Sul,,805.81,11.85,8.0,Polpa congelada_Dezembro_194
2025-12-14,Polpa congelada,Dezembro,12,Industria,Sul,Indústria de sorvetes,838.71,11.28,9.0,Polpa congelada_Dezembro_195
2025-12-20,Polpa congelada,Dezembro,12,Food Service,Centro-Oeste,Hotéis,306.61,11.9,8.0,Polpa congelada_Dezembro_196
2025-12-23,Polpa congelada,Dezembro,12,Distribuidor,Centro-Oeste,Central de compras,970.77,11.29,8.0,Polpa congelada_Dezembro_197
2025-12-17,Polpa congelada,Dezembro,12,Industria,Norte,Indústria de ingredientes,367.85,11.26,9.0,Polpa congelada_Dezembro_198
2025-12-18,Polpa congelada,Dezembro,12,Industria,Nordeste,Indústria de laticínios,505.02,10.51,9.0,Polpa congelada_Dezembro_199
2025-12-03,Polpa congelada,Dezembro,12,Varejo,Sudeste,Supermercados,707.78,9.06,8.0,Polpa congelada_Dezembro_200
2025-12-30,Polpa congelada,Dezembro,12,Food Service,Norte,Restaurantes,726.91,9.33,10.0,Polpa congelada_Dezembro_201
2025-12-04,Polpa congelada,Dezembro,12,Food Service,Sudeste,Cafeterias,84.74,12.39,7.0,Polpa congelada_Dezembro_202
2025-12-29,Polpa congelada,Dezembro,12,Food Service,Norte,Açaíterias,448.5,6.95,9.0,Polpa congelada_Dezembro_203
2025-12-05,Polpa congelada,Dezembro,12,Varejo,Sudeste,E-commerce,226.83,12.06,9.0,Polpa congelada_Dezembro_204
2025-12-24,Polpa congelada,Dezembro,12,Distribuidor,Nordeste,Distribuidor regional,783.84,7.63,7.0,Polpa congelada_Dezembro_205
2025-12-01,Polpa congelada,Dezembro,12,Distribuidor,Sul,Atacadista,297.82,11.91,7.0,Polpa congelada_Dezembro_206
2025-12-17,Polpa congelada,Dezembro,12,Industria,Sudeste,Indústria de laticínios,182.64,7.79,8.0,Polpa congelada_Dezembro_207
2025-12-07,Polpa congelada,Dezembro,12,Exportacao,Exterior,Importador (MENA),796.1,14.07,10.0,Polpa congelada_Dezembro_208
2025-12-12,Polpa congelada,Dezembro,12,Industria,Nordeste,Indústria de sorvetes,386.39,10.95,8.0,Polpa congelada_Dezembro_209
2025-12-19,Polpa congelada,Dezembro,12,Food Service,Centro-Oeste,Hotéis,468.36,10.29,7.0,Polpa congelada_Dezembro_210
2025-12-24,Polpa congelada,Dezembro,12,Food Service,Sudeste,Açaíterias,402.55,11.31,8.0,Polpa congelada_Dezembro_211
2025-12-18,Polpa congelada,Dezembro,12,Exportacao,Exterior,Importador (EUA),109.56,8.75,8.0,Polpa congelada_Dezembro_212
2025-12-19,Polpa congelada,Dezembro,12,Varejo,Centro-Oeste,E-commerce,120.01,8.89,9.0,Polpa congelada_Dezembro_213
2025-12-15,Polpa congelada,Dezembro,12,Varejo,Sudeste,Atacarejo,581.9,15.32,8.0,Polpa congelada_Dezembro_214
2025-12-14,Polpa congelada,Dezembro,12,Food Service,Sudeste,Hotéis,566.98,12.03,10.0,Polpa congelada_Dezembro_215
2025-12-29,Polpa congelada,Dezembro,12,Industria,Norte,Indústria de ingredientes,844.57,11.07,8.0,Polpa congelada_Dezembro_216
2025-12-01,Polpa congelada,Dezembro,12,Distribuidor,Nordeste,Distribuidor regional,927.99,8.35,8.0,Polpa congelada_Dezembro_217
2025-12-04,Polpa congelada,Dezembro,12,Industria,Centro-Oeste,Indústria de laticínios,225.49,6.38,10.0,Polpa congelada_Dezembro_218
2025-12-13,Polpa congelada,Dezembro,12,Industria,Nordeste,Indústria de ingredientes,559.1,7.01,10.0,Polpa congelada_Dezembro_219
2025-12-01,Polpa congelada,Dezembro,12,Exportacao,Exterior,Trading,304.97,12.87,9.0,Polpa congelada_Dezembro_220
2025-12-15,Polpa congelada,Dezembro,12,Food Service,Centro-Oeste,Restaurantes,107.86,13.48,8.0,Polpa congelada_Dezembro_221
2025-12-02,Polpa congelada,Dezembro,12,Industria,Sudeste,Indústria de laticínios,412.91,8.55,7.0,Polpa congelada_Dezembro_222
2025-12-20,Polpa congelada,Dezembro,12,Food Service,Norte,Açaíterias,591.5,12.06,8.0,Polpa congelada_Dezembro_223
2025-12-01,Polpa congelada,Dezembro,12,Food Service,Norte,Restaurantes,701.28,7.19,10.0,Polpa congelada_Dezembro_224
2025-12-05,Polpa congelada,Dezembro,12,Food Service,Sudeste,Restaurantes,445.88,8.3,8.0,Polpa congelada_Dezembro_225
2025-12-31,Polpa congelada,Dezembro,12,Food Service,Sul,Restaurantes,401.8,11.68,8.0,Polpa congelada_Dezembro_226
2025-12-23,Polpa congelada,Dezembro,12,Distribuidor,Centro-Oeste,Distribuidor food service,125.98,6.2,6.0,Polpa congelada_Dezembro_227
2025-12-12,Polpa congelada,Dezembro,12,Varejo,Nordeste,Loja natural,517.41,8.44,7.0,Polpa congelada_Dezembro_228
2025-12-22,Polpa congelada,Dezembro,12,Industria,Centro-Oeste,Indústria de laticínios,131.88,10.35,7.0,Polpa congelada_Dezembro_229
2025-12-31,Polpa congelada,Dezembro,12,Industria,Sudeste,Indústria de laticínios,236.47,8.7,8.0,Polpa congelada_Dezembro_230
2025-12-16,Polpa congelada,Dezembro,12,Industria,Sudeste,Indústria de sorvetes,758.87,12.71,7.0,Polpa congelada_Dezembro_231
2025-12-21,Polpa congelada,Dezembro,12,Food Service,Sudeste,Hotéis,348.55,6.99,6.0,Polpa congelada_Dezembro_232
2025-12-07,Polpa congelada,Dezembro,12,Industria,Norte,Indústria de ingredientes,715.49,7.34,8.0,Polpa congelada_Dezembro_233
2025-12-29,Polpa congelada,Dezembro,12,Food Service,Sudeste,Açaíterias,620.69,6.27,8.0,Polpa congelada_Dezembro_234
2025-12-04,Polpa congelada,Dezembro,12,Exportacao,Exterior,Trading,121.63,11.42,9.0,Polpa congelada_Dezembro_235
2025-12-20,Polpa congelada,Dezembro,12,Food Service,Sul,Hotéis,174.74,13.18,9.0,Polpa congelada_Dezembro_236
2025-12-25,Polpa congelada,Dezembro,12,Industria,Nordeste,Indústria de ingredientes,523.75,13.67,10.0,Polpa congelada_Dezembro_237
2025-12-23,Polpa congelada,Dezembro,12,Industria,Nordeste,Indústria de alimentos,982.3,11.86,9.0,Polpa congelada_Dezembro_238
2025-12-25,Polpa congelada,Dezembro,12,Industria,Sudeste,Indústria de sorvetes,275.27,7.53,8.0,Polpa congelada_Dezembro_239
2025-12-24,Polpa congelada,Dezembro,12,Food Service,Sudeste,Cafeterias,189.39,7.44,8.0,Polpa congelada_Dezembro_240
2025-12-11,Polpa congelada,Dezembro,12,Food Service,Sudeste,Cafeterias,300.83,8.97,10.0,Polpa congelada_Dezembro_241
2025-12-01,Polpa congelada,Dezembro,12,Food Service,Sul,Cafeterias,459.57,6.18,9.0,Polpa congelada_Dezembro_242
2025-12-13,Polpa congelada,Dezembro,12,Industria,Nordeste,Indústria de ingredientes,537.07,6.53,8.0,Polpa congelada_Dezembro_243
2025-12-28,Polpa congelada,Dezembro,12,Food Service,Sudeste,Açaíterias,440.65,13.18,7.0,Polpa congelada_Dezembro_244
2025-12-18,Polpa congelada,Dezembro,12,Food Service,Sul,Restaurantes,462.27,6.94,8.0,Polpa congelada_Dezembro_245
2025-12-13,Polpa congelada,Dezembro,12,Distribuidor,Sudeste,Atacadista,799.28,8.8,8.0,Polpa congelada_Dezembro_246
2025-12-21,Polpa congelada,Dezembro,12,Exportacao,Exterior,Importador (LATAM),228.73,14.17,7.0,Polpa congelada_Dezembro_247
2025-12-03,Polpa congelada,Dezembro,12,Food Service,Norte,Cafeterias,682.46,9.12,10.0,Polpa congelada_Dezembro_248
2025-12-07,Polpa congelada,Dezembro,12,Distribuidor,Sudeste,Atacadista,386.37,9.01,,Polpa congelada_Dezembro_249
2025-12-13,Polpa congelada,Dezembro,12,Food Service,Sudeste,Restaurantes,577.5,12.01,8.0,Polpa congelada_Dezembro_250
2025-12-05,Polpa congelada,Dezembro,12,Food Service,Sudeste,Cafeterias,159.3,7.38,7.0,Polpa congelada_Dezembro_251
2025-12-18,Polpa congelada,Dezembro,12,Food Service,Sul,Hotéis,484.8,11.31,10.0,Polpa congelada_Dezembro_252
2025-12-14,Polpa congelada,Dezembro,12,Varejo,Centro-Oeste,Atacarejo,539.07,14.42,6.0,Polpa congelada_Dezembro_253
2025-12-25,Polpa congelada,Dezembro,12,Exportacao,Exterior,Importador (MENA),444.25,8.11,10.0,Polpa congelada_Dezembro_254
2025-12-25,Polpa congelada,Dezembro,12,Food Service,Sudeste,Cafeterias,312.9,10.88,8.0,Polpa congelada_Dezembro_255
2025-12-23,Polpa congelada,Dezembro,12,Distribuidor,Sudeste,Atacadista,858.93,9.77,8.0,Polpa congelada_Dezembro_256
2025-12-06,Polpa congelada,Dezembro,12,Distribuidor,Sul,Distribuidor regional,996.87,12.18,8.0,Polpa congelada_Dezembro_257
2025-12-23,Polpa congelada,Dezembro,12,Distribuidor,Nordeste,Central de compras,180.47,9.7,7.0,Polpa congelada_Dezembro_258
2025-12-07,Polpa congelada,Dezembro,12,Food Service,Sudeste,Cafeterias,488.6,10.0,9.0,Polpa congelada_Dezembro_259
2025-12-18,Polpa congelada,Dezembro,12,Distribuidor,Sul,Distribuidor food service,102.51,6.39,8.0,Polpa congelada_Dezembro_260
2025-12-27,Polpa congelada,Dezembro,12,Food Service,Sudeste,Restaurantes,566.14,9.46,10.0,Polpa congelada_Dezembro_261
2025-12-12,Polpa congelada,Dezembro,12,Food Service,Sudeste,Restaurantes,322.96,12.47,8.0,Polpa congelada_Dezembro_262
2025-12-31,Polpa congelada,Dezembro,12,Varejo,Sudeste,Empórios,74.38,6.97,6.0,Polpa congelada_Dezembro_263
2025-12-23,Polpa congelada,Dezembro,12,Distribuidor,Centro-Oeste,Distribuidor regional,545.95,11.1,9.0,Polpa congelada_Dezembro_264
2025-12-04,Polpa congelada,Dezembro,12,Varejo,Centro-Oeste,Supermercados,501.87,11.93,8.0,Polpa congelada_Dezembro_265
2025-12-15,Polpa congelada,Dezembro,12,Industria,Sul,Indústria de bebidas,802.59,13.35,7.0,Polpa congelada_Dezembro_266
2025-12-31,Polpa congelada,Dezembro,12,Industria,Sudeste,Indústria de alimentos,165.48,11.98,8.0,Polpa congelada_Dezembro_267
2025-12-05,Polpa congelada,Dezembro,12,Distribuidor,Nordeste,Operador logístico,807.89,12.09,7.0,Polpa congelada_Dezembro_268
2025-12-01,Polpa congelada,Dezembro,12,Industria,Sul,Indústria de ingredientes,450.13,8.61,7.0,Polpa congelada_Dezembro_269
2025-12-10,Polpa congelada,Dezembro,12,Varejo,Sudeste,E-commerce,628.6,10.08,8.0,Polpa congelada_Dezembro_270
2025-12-11,Polpa congelada,Dezembro,12,Food Service,Sudeste,Açaíterias,649.68,12.6,9.0,Polpa congelada_Dezembro_271
2025-12-21,Polpa congelada,Dezembro,12,Food Service,Sul,Confeitarias,453.95,12.26,8.0,Polpa congelada_Dezembro_272
2025-12-22,Polpa congelada,Dezembro,12,Varejo,Nordeste,Empórios,444.18,8.01,9.0,Polpa congelada_Dezembro_273
2025-12-19,Polpa congelada,Dezembro,12,Food Service,Centro-Oeste,Açaíterias,186.58,8.77,6.0,Polpa congelada_Dezembro_274
2025-12-07,Polpa congelada,Dezembro,12,Industria,Nordeste,Indústria de ingredientes,94.95,7.76,9.0,Polpa congelada_Dezembro_275
2025-12-28,Polpa congelada,Dezembro,12,Industria,Sudeste,Indústria de laticínios,450.12,11.55,5.0,Polpa congelada_Dezembro_276
2025-12-12,Polpa congelada,Dezembro,12,Industria,Sudeste,Indústria de laticínios,473.39,13.55,8.0,Polpa congelada_Dezembro_277
2025-12-14,Polpa congelada,Dezembro,12,Distribuidor,Sul,Distribuidor food service,312.65,12.41,7.0,Polpa congelada_Dezembro_278
2025-12-13,Polpa congelada,Dezembro,12,Industria,Sul,Indústria de sorvetes,128.87,6.59,7.0,Polpa congelada_Dezembro_279
2025-12-22,Polpa congelada,Dezembro,12,Industria,Nordeste,Indústria de bebidas,849.06,12.66,9.0,Polpa congelada_Dezembro_280
2025-12-08,Polpa congelada,Dezembro,12,Distribuidor,Sudeste,Distribuidor regional,880.67,8.66,7.0,Polpa congelada_Dezembro_281
2025-12-01,Polpa congelada,Dezembro,12,Industria,Sudeste,Indústria de laticínios,145.87,10.35,8.0,Polpa congelada_Dezembro_282
2025-12-17,Polpa congelada,Dezembro,12,Varejo,Nordeste,Supermercados,631.55,13.31,6.0,Polpa congelada_Dezembro_283
2025-12-23,Polpa congelada,Dezembro,12,Food Service,Sul,Cafeterias,140.81,7.82,8.0,Polpa congelada_Dezembro_284
2025-12-07,Polpa congelada,Dezembro,12,Food Service,Centro-Oeste,Confeitarias,161.91,10.35,9.0,Polpa congelada_Dezembro_285
2025-12-04,Polpa congelada,Dezembro,12,Industria,Sul,Indústria de ingredientes,550.94,12.34,7.0,Polpa congelada_Dezembro_286
2025-12-26,Polpa congelada,Dezembro,12,Food Service,Sudeste,Hotéis,317.08,11.53,9.0,Polpa congelada_Dezembro_287
2025-12-02,Polpa congelada,Dezembro,12,Varejo,Sul,Supermercados,123.85,9.63,9.0,Polpa congelada_Dezembro_288
2025-12-23,Polpa congelada,Dezembro,12,Food Service,Sudeste,Restaurantes,503.25,9.99,9.0,Polpa congelada_Dezembro_289
2025-12-02,Polpa congelada,Dezembro,12,Industria,Nordeste,Indústria de ingredientes,698.04,13.46,9.0,Polpa congelada_Dezembro_290
2025-12-13,Polpa congelada,Dezembro,12,Food Service,Sudeste,,709.56,6.75,10.0,Polpa congelada_Dezembro_291
2025-12-05,Polpa congelada,Dezembro,12,Industria,Nordeste,Indústria de alimentos,423.86,7.81,8.0,Polpa congelada_Dezembro_292
2025-12-28,Polpa congelada,Dezembro,12,Distribuidor,Nordeste,Atacadista,501.23,9.87,8.0,Polpa congelada_Dezembro_293
2025-12-14,Polpa congelada,Dezembro,12,Food Service,Sul,Hotéis,227.05,12.01,10.0,Polpa congelada_Dezembro_294
2025-12-05,Polpa congelada,Dezembro,12,Food Service,Sudeste,,593.5,10.12,7.0,Polpa congelada_Dezembro_295
2025-12-27,Polpa congelada,Dezembro,12,Exportacao,Exterior,Importador (EUA),624.84,9.51,9.0,Polpa congelada_Dezembro_296
2025-12-04,Polpa congelada,Dezembro,12,Exportacao,Exterior,Trading,339.13,7.93,10.0,Polpa congelada_Dezembro_297
2025-12-08,Polpa congelada,Dezembro,12,Industria,Sudeste,Indústria de alimentos,364.49,13.42,8.0,Polpa congelada_Dezembro_298
2025-12-17,Polpa congelada,Dezembro,12,Varejo,Nordeste,E-commerce,763.61,11.58,10.0,Polpa congelada_Dezembro_299
2025-12-26,Polpa congelada,Dezembro,12,Industria,Sul,Indústria de sorvetes,202.69,9.93,7.0,Polpa congelada_Dezembro_300
2025-12-01,Polpa congelada,Dezembro,12,Industria,Sudeste,Indústria de alimentos,406.41,8.05,8.0,Polpa congelada_Dezembro_301
2025-12-04,Polpa congelada,Dezembro,12,Distribuidor,Sul,Atacadista,514.3,8.29,8.0,Polpa congelada_Dezembro_302
2025-12-13,Polpa congelada,Dezembro,12,Industria,Centro-Oeste,Indústria de laticínios,628.0,12.24,7.0,Polpa congelada_Dezembro_303
2025-12-01,Polpa congelada,Dezembro,12,Industria,Sul,Indústria de bebidas,592.52,13.57,9.0,Polpa congelada_Dezembro_304
2025-12-26,Polpa congelada,Dezembro,12,Exportacao,Exterior,Trading,662.44,14.47,10.0,Polpa congelada_Dezembro_305
2025-12-21,Polpa congelada,Dezembro,12,Distribuidor,Sul,Atacadista,588.0,9.99,9.0,Polpa congelada_Dezembro_306
2025-12-14,Polpa congelada,Dezembro,12,Distribuidor,Sudeste,Atacadista,647.94,7.94,,Polpa congelada_Dezembro_307
2025-12-30,Polpa congelada,Dezembro,12,Distribuidor,Nordeste,Atacadista,589.98,6.2,10.0,Polpa congelada_Dezembro_308
2025-12-03,Polpa congelada,Dezembro,12,Food Service,Sul,Confeitarias,689.09,9.92,9.0,Polpa congelada_Dezembro_309
2025-12-24,Polpa congelada,Dezembro,12,Industria,Sudeste,Indústria de ingredientes,790.9,11.51,9.0,Polpa congelada_Dezembro_310
2025-12-11,Polpa congelada,Dezembro,12,Food Service,Nordeste,Confeitarias,407.7,6.74,9.0,Polpa congelada_Dezembro_311
2025-12-17,Polpa congelada,Dezembro,12,Food Service,Norte,Restaurantes,638.38,7.47,9.0,Polpa congelada_Dezembro_312
2025-12-27,Polpa congelada,Dezembro,12,Varejo,Norte,Supermercados,573.43,7.95,9.0,Polpa congelada_Dezembro_313
2025-12-09,Polpa congelada,Dezembro,12,Varejo,Sudeste,Atacarejo,179.66,12.22,8.0,Polpa congelada_Dezembro_314
2025-12-16,Polpa congelada,Dezembro,12,Distribuidor,Sudeste,Operador logístico,200.0,10.53,9.0,Polpa congelada_Dezembro_315
2025-12-16,Polpa congelada,Dezembro,12,Food Service,Nordeste,Cafeterias,619.4,7.8,10.0,Polpa congelada_Dezembro_316
2025-12-10,Polpa congelada,Dezembro,12,Food Service,Centro-Oeste,Hotéis,627.6,6.58,9.0,Polpa congelada_Dezembro_317
2025-12-09,Polpa congelada,Dezembro,12,Exportacao,Exterior,Importador (UE),295.97,8.51,7.0,Polpa congelada_Dezembro_318
2025-12-13,Polpa congelada,Dezembro,12,Distribuidor,Norte,Distribuidor food service,578.71,8.29,6.0,Polpa congelada_Dezembro_319
2025-12-24,Polpa congelada,Dezembro,12,Distribuidor,Centro-Oeste,Distribuidor regional,305.86,13.67,10.0,Polpa congelada_Dezembro_320
2025-12-19,Polpa congelada,Dezembro,12,Food Service,Centro-Oeste,Cafeterias,683.91,10.08,8.0,Polpa congelada_Dezembro_321
2025-12-04,Polpa congelada,Dezembro,12,Varejo,Sul,Supermercados,227.13,12.94,7.0,Polpa congelada_Dezembro_322
2025-12-05,Polpa congelada,Dezembro,12,Industria,Centro-Oeste,Indústria de alimentos,395.31,7.75,10.0,Polpa congelada_Dezembro_323
2025-12-24,Polpa congelada,Dezembro,12,Industria,Sudeste,Indústria de laticínios,259.07,6.25,9.0,Polpa congelada_Dezembro_324
2025-12-07,Polpa congelada,Dezembro,12,Industria,Nordeste,Indústria de ingredientes,687.08,9.66,7.0,Polpa congelada_Dezembro_325
2025-12-21,Polpa congelada,Dezembro,12,Distribuidor,Norte,Distribuidor food service,352.8,9.25,9.0,Polpa congelada_Dezembro_326
2025-12-01,Polpa congelada,Dezembro,12,Industria,Norte,Indústria de laticínios,128.24,9.8,9.0,Polpa congelada_Dezembro_327
2025-12-01,Polpa congelada,Dezembro,12,Industria,Sudeste,Indústria de laticínios,622.62,13.67,9.0,Polpa congelada_Dezembro_328
2025-12-08,Polpa congelada,Dezembro,12,Industria,Nordeste,Indústria de sorvetes,418.78,12.45,7.0,Polpa congelada_Dezembro_329
2025-12-30,Polpa congelada,Dezembro,12,Industria,Norte,Indústria de sorvetes,392.21,9.68,9.0,Polpa congelada_Dezembro_330
2025-12-29,Polpa congelada,Dezembro,12,Industria,Sudeste,Indústria de ingredientes,698.25,11.71,8.0,Polpa congelada_Dezembro_331
2025-12-22,Polpa congelada,Dezembro,12,Food Service,Sudeste,Hotéis,183.37,13.19,7.0,Polpa congelada_Dezembro_332
2025-12-28,Polpa congelada,Dezembro,12,Industria,Sudeste,Indústria de ingredientes,1033.19,12.8,9.0,Polpa congelada_Dezembro_333
2025-12-14,Polpa congelada,Dezembro,12,Food Service,Sul,Restaurantes,729.72,13.38,9.0,Polpa congelada_Dezembro_334
2025-12-06,Polpa congelada,Dezembro,12,Food Service,Nordeste,Cafeterias,515.78,10.27,9.0,Polpa congelada_Dezembro_335
2025-12-14,Polpa congelada,Dezembro,12,Industria,Nordeste,Indústria de laticínios,632.05,9.82,10.0,Polpa congelada_Dezembro_336
2025-12-26,Polpa congelada,Dezembro,12,Food Service,Sudeste,Açaíterias,302.14,8.3,8.0,Polpa congelada_Dezembro_337
2025-12-16,Polpa congelada,Dezembro,12,Exportacao,Exterior,Importador (UE),588.4,12.11,8.0,Polpa congelada_Dezembro_338
2025-12-12,Polpa congelada,Dezembro,12,Food Service,Nordeste,Hotéis,590.69,12.34,7.0,Polpa congelada_Dezembro_339
2025-12-13,Polpa congelada,Dezembro,12,Distribuidor,Sudeste,Distribuidor regional,890.79,11.48,6.0,Polpa congelada_Dezembro_340
2025-12-12,Polpa congelada,Dezembro,12,Industria,Sudeste,Indústria de sorvetes,696.9,13.26,7.0,Polpa congelada_Dezembro_341
2025-12-07,Polpa congelada,Dezembro,12,Food Service,Sul,Hotéis,610.34,6.74,8.0,Polpa congelada_Dezembro_342
2025-12-04,Polpa congelada,Dezembro,12,Industria,Nordeste,Indústria de alimentos,613.58,10.52,6.0,Polpa congelada_Dezembro_343
2025-12-02,Polpa congelada,Dezembro,12,Industria,Nordeste,Indústria de alimentos,261.1,8.43,8.0,Polpa congelada_Dezembro_344
2025-12-11,Polpa congelada,Dezembro,12,Industria,Sudeste,Indústria de ingredientes,174.93,6.15,7.0,Polpa congelada_Dezembro_345
2025-12-24,Polpa congelada,Dezembro,12,Food Service,Centro-Oeste,Açaíterias,449.19,12.08,10.0,Polpa congelada_Dezembro_346
2025-12-13,Polpa congelada,Dezembro,12,Distribuidor,Sudeste,Central de compras,138.02,6.56,7.0,Polpa congelada_Dezembro_347
2025-12-20,Polpa congelada,Dezembro,12,Distribuidor,Sudeste,Operador logístico,560.09,13.19,9.0,Polpa congelada_Dezembro_348
2025-12-12,Manteiga de manga,Dezembro,12,Industria,Nordeste,Sabonetes,55.22,114.86,8.0,Manteiga de manga_Dezembro_0
2025-12-03,Manteiga de manga,Dezembro,12,Industria,Sudeste,Sabonetes,40.15,117.89,7.0,Manteiga de manga_Dezembro_1
2025-12-02,Manteiga de manga,Dezembro,12,Industria,Nordeste,Sabonetes,84.14,47.52,9.0,Manteiga de manga_Dezembro_2
2025-12-07,Manteiga de manga,Dezembro,12,Industria,Centro-Oeste,Perfumaria,155.0,80.59,7.0,Manteiga de manga_Dezembro_3
2025-12-06,Manteiga de manga,Dezembro,12,Industria,Sul,Sabonetes,21.29,116.07,8.0,Manteiga de manga_Dezembro_4
2025-12-03,Manteiga de manga,Dezembro,12,Industria,Nordeste,Cosméticos,32.75,77.11,8.0,Manteiga de manga_Dezembro_5
2025-12-25,Manteiga de manga,Dezembro,12,Industria,Nordeste,Cosméticos,33.08,78.75,8.0,Manteiga de manga_Dezembro_6
2025-12-15,Manteiga de manga,Dezembro,12,Distribuidor,Sudeste,Cosméticos,33.48,54.86,7.0,Manteiga de manga_Dezembro_7
2025-12-04,Manteiga de manga,Dezembro,12,Industria,Sudeste,Sabonetes,160.42,104.21,8.0,Manteiga de manga_Dezembro_8
2025-12-18,Manteiga de manga,Dezembro,12,Industria,Sudeste,Farmacêutico,46.83,90.91,7.0,Manteiga de manga_Dezembro_9
2025-12-15,Manteiga de manga,Dezembro,12,Industria,Nordeste,Cosméticos,21.29,85.43,,Manteiga de manga_Dezembro_10
2025-12-29,Manteiga de manga,Dezembro,12,Distribuidor,Sudeste,Perfumaria,46.04,105.61,8.0,Manteiga de manga_Dezembro_11
2025-12-30,Manteiga de manga,Dezembro,12,Industria,Nordeste,Sabonetes,71.19,109.41,6.0,Manteiga de manga_Dezembro_12
2025-12-23,Manteiga de manga,Dezembro,12,Industria,Sudeste,Perfumaria,94.98,103.53,9.0,Manteiga de manga_Dezembro_13
2025-12-30,Manteiga de manga,Dezembro,12,Industria,Sudeste,Cosméticos,15.48,111.59,9.0,Manteiga de manga_Dezembro_14
2025-12-25,Manteiga de manga,Dezembro,12,Industria,Sul,Cosméticos,101.64,61.49,8.0,Manteiga de manga_Dezembro_15
2025-12-11,Manteiga de manga,Dezembro,12,Industria,Sudeste,Sabonetes,38.22,102.44,7.0,Manteiga de manga_Dezembro_16
2025-12-29,Manteiga de manga,Dezembro,12,Industria,Sudeste,Farmacêutico,191.14,72.78,10.0,Manteiga de manga_Dezembro_17
2025-12-31,Manteiga de manga,Dezembro,12,Exportacao,Exterior,Farmacêutico,196.83,94.31,10.0,Manteiga de manga_Dezembro_18
2025-12-14,Manteiga de manga,Dezembro,12,Industria,Centro-Oeste,Ingredientes,122.45,101.13,7.0,Manteiga de manga_Dezembro_19
2025-12-12,Manteiga de manga,Dezembro,12,Exportacao,Exterior,Perfumaria,73.97,130.82,10.0,Manteiga de manga_Dezembro_20
2025-12-23,Manteiga de manga,Dezembro,12,Industria,Sul,Sabonetes,55.92,71.78,8.0,Manteiga de manga_Dezembro_21
2025-12-03,Manteiga de manga,Dezembro,12,Industria,Sul,Farmacêutico,50.19,108.04,10.0,Manteiga de manga_Dezembro_22
2025-12-25,Manteiga de manga,Dezembro,12,Industria,Sudeste,Cosméticos,131.35,81.93,9.0,Manteiga de manga_Dezembro_23
2025-12-06,Manteiga de manga,Dezembro,12,Exportacao,Exterior,Perfumaria,52.02,84.24,7.0,Manteiga de manga_Dezembro_24
2025-12-13,Manteiga de manga,Dezembro,12,Exportacao,Exterior,Perfumaria,148.75,91.47,8.0,Manteiga de manga_Dezembro_25
2025-12-01,Manteiga de manga,Dezembro,12,Distribuidor,Sudeste,Sabonetes,87.25,72.65,9.0,Manteiga de manga_Dezembro_26
2025-12-23,Manteiga de manga,Dezembro,12,Industria,Sudeste,Cosméticos,51.45,110.26,10.0,Manteiga de manga_Dezembro_27
2025-12-28,Manteiga de manga,Dezembro,12,Industria,Sudeste,Sabonetes,27.03,58.67,8.0,Manteiga de manga_Dezembro_28
2025-12-08,Manteiga de manga,Dezembro,12,Industria,Sudeste,Ingredientes,99.16,104.96,9.0,Manteiga de manga_Dezembro_29
2025-12-20,Manteiga de manga,Dezembro,12,Industria,Nordeste,Ingredientes,47.44,52.26,7.0,Manteiga de manga_Dezembro_30
2025-12-27,Manteiga de manga,Dezembro,12,Industria,Sul,Sabonetes,160.93,79.32,10.0,Manteiga de manga_Dezembro_31
2025-12-29,Manteiga de manga,Dezembro,12,Distribuidor,Sul,Perfumaria,148.24,101.44,7.0,Manteiga de manga_Dezembro_32
2025-12-12,Manteiga de manga,Dezembro,12,Industria,Centro-Oeste,Farmacêutico,18.45,47.38,9.0,Manteiga de manga_Dezembro_33
2025-12-13,Manteiga de manga,Dezembro,12,Industria,Sudeste,Cosméticos,38.07,51.0,10.0,Manteiga de manga_Dezembro_34
2025-12-31,Manteiga de manga,Dezembro,12,Industria,Sudeste,Perfumaria,36.8,73.73,9.0,Manteiga de manga_Dezembro_35
2025-12-08,Manteiga de manga,Dezembro,12,Industria,Sudeste,Sabonetes,90.54,58.63,8.0,Manteiga de manga_Dezembro_36
2025-12-18,Manteiga de manga,Dezembro,12,Industria,Sudeste,Ingredientes,11.9,71.94,7.0,Manteiga de manga_Dezembro_37
2025-12-03,Manteiga de manga,Dezembro,12,Distribuidor,Norte,Sabonetes,55.34,75.26,7.0,Manteiga de manga_Dezembro_38
2025-12-22,Manteiga de manga,Dezembro,12,Industria,Nordeste,Farmacêutico,16.09,119.2,8.0,Manteiga de manga_Dezembro_39
2025-12-14,Manteiga de manga,Dezembro,12,Industria,Centro-Oeste,Ingredientes,95.76,101.24,7.0,Manteiga de manga_Dezembro_40
2025-12-18,Manteiga de manga,Dezembro,12,Industria,Sudeste,Perfumaria,26.65,118.32,8.0,Manteiga de manga_Dezembro_41
2025-12-28,Manteiga de manga,Dezembro,12,Industria,Centro-Oeste,Cosméticos,69.98,117.85,7.0,Manteiga de manga_Dezembro_42
2025-12-31,Manteiga de manga,Dezembro,12,Industria,Sudeste,Perfumaria,140.8,66.63,9.0,Manteiga de manga_Dezembro_43
2025-12-15,Manteiga de manga,Dezembro,12,Industria,Nordeste,Perfumaria,48.39,99.07,9.0,Manteiga de manga_Dezembro_44
2025-12-04,Manteiga de manga,Dezembro,12,Industria,Sul,Ingredientes,107.93,92.47,8.0,Manteiga de manga_Dezembro_45
2025-12-16,Manteiga de manga,Dezembro,12,Exportacao,Exterior,Cosméticos,119.41,109.25,6.0,Manteiga de manga_Dezembro_46
2025-12-11,Manteiga de manga,Dezembro,12,Distribuidor,Sudeste,Perfumaria,79.84,76.02,10.0,Manteiga de manga_Dezembro_47
2025-12-06,Manteiga de manga,Dezembro,12,Industria,Sudeste,Cosméticos,25.74,74.01,8.0,Manteiga de manga_Dezembro_48
2025-12-13,Manteiga de manga,Dezembro,12,Industria,Norte,Perfumaria,48.36,78.74,9.0,Manteiga de manga_Dezembro_49
2025-12-25,Manteiga de manga,Dezembro,12,Distribuidor,Centro-Oeste,Sabonetes,92.76,65.19,8.0,Manteiga de manga_Dezembro_50
2025-12-28,Manteiga de manga,Dezembro,12,Exportacao,Exterior,Ingredientes,48.45,70.54,7.0,Manteiga de manga_Dezembro_51
2025-12-15,Manteiga de manga,Dezembro,12,Exportacao,Exterior,Ingredientes,107.51,75.94,8.0,Manteiga de manga_Dezembro_52
2025-12-15,Manteiga de manga,Dezembro,12,Industria,Sudeste,Ingredientes,129.84,66.5,6.0,Manteiga de manga_Dezembro_53
2025-12-02,Manteiga de manga,Dezembro,12,Industria,Sudeste,Ingredientes,107.41,74.96,9.0,Manteiga de manga_Dezembro_54
2025-12-18,Manteiga de manga,Dezembro,12,Industria,Sudeste,Sabonetes,61.7,101.66,8.0,Manteiga de manga_Dezembro_55
2025-12-20,Manteiga de manga,Dezembro,12,Industria,Sul,Ingredientes,152.75,69.92,9.0,Manteiga de manga_Dezembro_56
2025-12-06,Manteiga de manga,Dezembro,12,Industria,Norte,Cosméticos,64.7,65.8,7.0,Manteiga de manga_Dezembro_57
2025-12-08,Manteiga de manga,Dezembro,12,Industria,Nordeste,Farmacêutico,132.4,104.67,8.0,Manteiga de manga_Dezembro_58
2025-12-24,Manteiga de manga,Dezembro,12,Industria,Norte,Cosméticos,100.12,91.36,9.0,Manteiga de manga_Dezembro_59
2025-12-17,Manteiga de manga,Dezembro,12,Industria,Sudeste,Farmacêutico,120.11,97.79,9.0,Manteiga de manga_Dezembro_60
2025-12-24,Manteiga de manga,Dezembro,12,Industria,Sul,Cosméticos,49.54,89.95,9.0,Manteiga de manga_Dezembro_61
2025-12-16,Manteiga de manga,Dezembro,12,Industria,Sudeste,Farmacêutico,68.89,51.85,8.0,Manteiga de manga_Dezembro_62
2025-12-22,Manteiga de manga,Dezembro,12,Industria,Centro-Oeste,Farmacêutico,60.9,78.6,8.0,Manteiga de manga_Dezembro_63
2025-12-13,Manteiga de manga,Dezembro,12,Exportacao,Exterior,Cosméticos,58.21,109.04,8.0,Manteiga de manga_Dezembro_64
2025-12-08,Manteiga de manga,Dezembro,12,Industria,Sul,Ingredientes,30.88,77.44,8.0,Manteiga de manga_Dezembro_65
2025-12-25,Manteiga de manga,Dezembro,12,Industria,Nordeste,Cosméticos,46.31,108.78,10.0,Manteiga de manga_Dezembro_66
2025-12-06,Manteiga de manga,Dezembro,12,Industria,Sul,Perfumaria,33.52,65.66,6.0,Manteiga de manga_Dezembro_67
2025-12-03,Manteiga de manga,Dezembro,12,Industria,Centro-Oeste,Perfumaria,90.02,56.46,10.0,Manteiga de manga_Dezembro_68
2025-12-10,Manteiga de manga,Dezembro,12,Industria,Sudeste,Perfumaria,183.97,89.35,7.0,Manteiga de manga_Dezembro_69
2025-12-05,Manteiga de manga,Dezembro,12,Industria,Nordeste,Ingredientes,79.14,52.39,8.0,Manteiga de manga_Dezembro_70
2025-12-08,Manteiga de manga,Dezembro,12,Industria,Sudeste,Cosméticos,37.89,73.02,8.0,Manteiga de manga_Dezembro_71
2025-12-20,Manteiga de manga,Dezembro,12,Distribuidor,Norte,Farmacêutico,14.47,118.78,5.0,Manteiga de manga_Dezembro_72
2025-12-13,Manteiga de manga,Dezembro,12,Industria,Sudeste,Sabonetes,120.88,86.3,9.0,Manteiga de manga_Dezembro_73
2025-12-04,Manteiga de manga,Dezembro,12,Distribuidor,Sul,Perfumaria,107.2,90.64,7.0,Manteiga de manga_Dezembro_74
2025-12-04,Manteiga de manga,Dezembro,12,Industria,Norte,Sabonetes,38.71,81.88,8.0,Manteiga de manga_Dezembro_75
2025-12-01,Manteiga de manga,Dezembro,12,Industria,Nordeste,Cosméticos,68.83,95.21,9.0,Manteiga de manga_Dezembro_76
2025-12-10,Manteiga de manga,Dezembro,12,Industria,Sul,Cosméticos,144.15,66.37,8.0,Manteiga de manga_Dezembro_77
2025-12-23,Manteiga de manga,Dezembro,12,Exportacao,Exterior,Sabonetes,112.29,71.93,7.0,Manteiga de manga_Dezembro_78
2025-12-24,Manteiga de manga,Dezembro,12,Industria,Nordeste,Cosméticos,106.66,59.57,7.0,Manteiga de manga_Dezembro_79
2025-12-03,Manteiga de manga,Dezembro,12,Exportacao,Exterior,Cosméticos,128.34,55.98,9.0,Manteiga de manga_Dezembro_80
2025-12-18,Manteiga de manga,Dezembro,12,Industria,Sul,Farmacêutico,83.52,69.29,9.0,Manteiga de manga_Dezembro_81
2025-12-08,Manteiga de manga,Dezembro,12,Industria,Sul,Cosméticos,147.04,99.53,8.0,Manteiga de manga_Dezembro_82
2025-12-30,Manteiga de manga,Dezembro,12,Exportacao,Exterior,Perfumaria,47.68,91.22,9.0,Manteiga de manga_Dezembro_83
2025-12-11,Manteiga de manga,Dezembro,12,Industria,Nordeste,Farmacêutico,152.14,72.96,8.0,Manteiga de manga_Dezembro_84
2025-12-15,Manteiga de manga,Dezembro,12,Industria,Sudeste,Farmacêutico,52.45,101.1,6.0,Manteiga de manga_Dezembro_85
2025-12-27,Manteiga de manga,Dezembro,12,Exportacao,Exterior,Sabonetes,143.23,105.39,7.0,Manteiga de manga_Dezembro_86
2025-12-29,Manteiga de manga,Dezembro,12,Industria,Sudeste,Sabonetes,45.17,116.14,9.0,Manteiga de manga_Dezembro_87
2025-12-05,Manteiga de manga,Dezembro,12,Industria,Sudeste,Sabonetes,172.29,118.24,,Manteiga de manga_Dezembro_88
2025-12-25,Manteiga de manga,Dezembro,12,Industria,Nordeste,Sabonetes,101.77,45.48,8.0,Manteiga de manga_Dezembro_89
2025-12-01,Manteiga de manga,Dezembro,12,Industria,Sudeste,Farmacêutico,14.97,113.98,8.0,Manteiga de manga_Dezembro_90
2025-12-28,Manteiga de manga,Dezembro,12,Industria,Sudeste,Sabonetes,57.09,83.08,7.0,Manteiga de manga_Dezembro_91
2025-12-05,Manteiga de manga,Dezembro,12,Distribuidor,Sudeste,Sabonetes,16.45,113.67,8.0,Manteiga de manga_Dezembro_92
2025-12-26,Manteiga de manga,Dezembro,12,Exportacao,Exterior,Perfumaria,10.2,127.17,8.0,Manteiga de manga_Dezembro_93
2025-12-29,Manteiga de manga,Dezembro,12,Distribuidor,Sul,Cosméticos,56.84,114.61,8.0,Manteiga de manga_Dezembro_94
2025-12-10,Manteiga de manga,Dezembro,12,Industria,Norte,Farmacêutico,31.7,55.23,8.0,Manteiga de manga_Dezembro_95
2025-12-14,Manteiga de manga,Dezembro,12,Distribuidor,Norte,Farmacêutico,70.45,88.95,8.0,Manteiga de manga_Dezembro_96
2025-12-25,Manteiga de manga,Dezembro,12,Industria,Sul,Perfumaria,175.57,51.8,7.0,Manteiga de manga_Dezembro_97
2025-12-31,Manteiga de manga,Dezembro,12,Industria,Sul,Sabonetes,120.23,60.99,8.0,Manteiga de manga_Dezembro_98
2025-12-18,Manteiga de manga,Dezembro,12,Industria,Sudeste,Farmacêutico,133.24,84.05,9.0,Manteiga de manga_Dezembro_99
2025-12-07,Manteiga de manga,Dezembro,12,Industria,Nordeste,Perfumaria,110.41,92.11,8.0,Manteiga de manga_Dezembro_100
2025-12-16,Manteiga de manga,Dezembro,12,Industria,Nordeste,Cosméticos,145.98,90.95,7.0,Manteiga de manga_Dezembro_101
2025-12-08,Manteiga de manga,Dezembro,12,Industria,Sudeste,Farmacêutico,31.12,113.88,9.0,Manteiga de manga_Dezembro_102
2025-12-25,Manteiga de manga,Dezembro,12,Industria,Sudeste,Sabonetes,123.86,116.54,6.0,Manteiga de manga_Dezembro_103
2025-12-16,Manteiga de manga,Dezembro,12,Distribuidor,Sudeste,Ingredientes,93.54,81.22,10.0,Manteiga de manga_Dezembro_104
2025-12-14,Manteiga de manga,Dezembro,12,Distribuidor,Centro-Oeste,Sabonetes,62.5,72.85,6.0,Manteiga de manga_Dezembro_105
2025-12-28,Manteiga de manga,Dezembro,12,Industria,Norte,Cosméticos,60.84,80.66,9.0,Manteiga de manga_Dezembro_106
2025-12-30,Manteiga de manga,Dezembro,12,Industria,Nordeste,Ingredientes,46.53,82.05,9.0,Manteiga de manga_Dezembro_107
2025-12-08,Manteiga de manga,Dezembro,12,Industria,Nordeste,Perfumaria,124.16,46.43,8.0,Manteiga de manga_Dezembro_108
2025-12-28,Manteiga de manga,Dezembro,12,Industria,Sudeste,Perfumaria,160.22,61.61,9.0,Manteiga de manga_Dezembro_109
2025-12-29,Manteiga de manga,Dezembro,12,Exportacao,Exterior,Ingredientes,31.85,93.17,9.0,Manteiga de manga_Dezembro_110
2025-12-10,Manteiga de manga,Dezembro,12,Industria,Norte,Farmacêutico,101.67,58.06,9.0,Manteiga de manga_Dezembro_111
2025-12-29,Manteiga de manga,Dezembro,12,Industria,Sudeste,Ingredientes,172.95,49.77,7.0,Manteiga de manga_Dezembro_112
2025-12-13,Manteiga de manga,Dezembro,12,Distribuidor,Norte,Farmacêutico,93.75,117.92,8.0,Manteiga de manga_Dezembro_113
2025-12-25,Manteiga de manga,Dezembro,12,Industria,Sudeste,Perfumaria,79.2,71.67,8.0,Manteiga de manga_Dezembro_114
2025-12-18,Manteiga de manga,Dezembro,12,Exportacao,Exterior,Cosméticos,164.08,97.47,10.0,Manteiga de manga_Dezembro_115
2025-12-02,Manteiga de manga,Dezembro,12,Industria,Sudeste,Farmacêutico,182.05,74.25,7.0,Manteiga de manga_Dezembro_116
2025-12-09,Manteiga de manga,Dezembro,12,Exportacao,Exterior,Ingredientes,54.97,119.81,8.0,Manteiga de manga_Dezembro_117
2025-12-08,Manteiga de manga,Dezembro,12,Exportacao,Exterior,Cosméticos,183.51,60.72,7.0,Manteiga de manga_Dezembro_118
2025-12-16,Manteiga de manga,Dezembro,12,Industria,Sul,Farmacêutico,84.9,93.46,8.0,Manteiga de manga_Dezembro_119
2025-12-19,Manteiga de manga,Dezembro,12,Industria,Nordeste,Perfumaria,12.42,94.6,8.0,Manteiga de manga_Dezembro_120
2025-12-22,Manteiga de manga,Dezembro,12,Distribuidor,Nordeste,Ingredientes,22.48,64.33,8.0,Manteiga de manga_Dezembro_121
2025-12-21,Manteiga de manga,Dezembro,12,Industria,Sudeste,Sabonetes,72.02,84.23,8.0,Manteiga de manga_Dezembro_122
2025-12-29,Manteiga de manga,Dezembro,12,Industria,Sudeste,Farmacêutico,8.97,81.98,7.0,Manteiga de manga_Dezembro_123
2025-12-10,Manteiga de manga,Dezembro,12,Exportacao,Exterior,Cosméticos,32.22,64.25,7.0,Manteiga de manga_Dezembro_124
2025-12-23,Manteiga de manga,Dezembro,12,Industria,Centro-Oeste,Cosméticos,150.02,68.27,10.0,Manteiga de manga_Dezembro_125
2025-12-18,Manteiga de manga,Dezembro,12,Industria,Sul,Sabonetes,134.64,100.84,8.0,Manteiga de manga_Dezembro_126
2025-12-14,Manteiga de manga,Dezembro,12,Industria,Sul,Cosméticos,119.34,72.33,7.0,Manteiga de manga_Dezembro_127
2025-12-29,Manteiga de manga,Dezembro,12,Industria,Sul,Ingredientes,24.78,82.94,9.0,Manteiga de manga_Dezembro_128
2025-12-23,Manteiga de manga,Dezembro,12,Industria,Norte,Farmacêutico,32.86,55.99,6.0,Manteiga de manga_Dezembro_129
2025-12-19,Manteiga de manga,Dezembro,12,Industria,Sudeste,Ingredientes,149.88,55.87,9.0,Manteiga de manga_Dezembro_130
2025-12-13,Manteiga de manga,Dezembro,12,Exportacao,Exterior,Farmacêutico,164.09,107.48,5.0,Manteiga de manga_Dezembro_131
2025-12-28,Manteiga de manga,Dezembro,12,Industria,Norte,Ingredientes,156.21,78.56,8.0,Manteiga de manga_Dezembro_132
2025-12-29,Manteiga de manga,Dezembro,12,Distribuidor,Nordeste,Perfumaria,125.29,75.18,,Manteiga de manga_Dezembro_133
2025-12-06,Manteiga de manga,Dezembro,12,Industria,Sudeste,,166.01,108.86,6.0,Manteiga de manga_Dezembro_134
2025-12-27,Manteiga de manga,Dezembro,12,Industria,Sudeste,Ingredientes,145.12,114.85,8.0,Manteiga de manga_Dezembro_135
2025-12-29,Manteiga de manga,Dezembro,12,Industria,Norte,Cosméticos,158.13,62.09,9.0,Manteiga de manga_Dezembro_136
2025-12-18,Manteiga de manga,Dezembro,12,Industria,Sudeste,Cosméticos,30.05,58.95,9.0,Manteiga de manga_Dezembro_137
2025-12-10,Manteiga de manga,Dezembro,12,Industria,Sudeste,Perfumaria,39.85,107.52,7.0,Manteiga de manga_Dezembro_138
2025-12-25,Manteiga de manga,Dezembro,12,Industria,Sudeste,Ingredientes,118.77,78.44,9.0,Manteiga de manga_Dezembro_139
2025-12-06,Manteiga de manga,Dezembro,12,Distribuidor,Sudeste,Cosméticos,131.56,78.56,6.0,Manteiga de manga_Dezembro_140
2025-12-07,Manteiga de manga,Dezembro,12,Industria,Sudeste,Cosméticos,87.42,52.22,8.0,Manteiga de manga_Dezembro_141
2025-12-11,Manteiga de manga,Dezembro,12,Industria,Sudeste,Sabonetes,90.81,87.85,7.0,Manteiga de manga_Dezembro_142
2025-12-04,Manteiga de manga,Dezembro,12,Exportacao,Exterior,Ingredientes,46.11,77.18,9.0,Manteiga de manga_Dezembro_143
2025-12-15,Manteiga de manga,Dezembro,12,Distribuidor,Sudeste,Ingredientes,64.01,105.33,6.0,Manteiga de manga_Dezembro_144
2025-12-26,Manteiga de manga,Dezembro,12,Industria,Nordeste,Ingredientes,76.09,78.65,7.0,Manteiga de manga_Dezembro_145
2025-12-29,Manteiga de manga,Dezembro,12,Industria,Centro-Oeste,Cosméticos,162.74,86.69,10.0,Manteiga de manga_Dezembro_146
2025-12-30,Manteiga de manga,Dezembro,12,Exportacao,Exterior,Ingredientes,82.53,100.29,7.0,Manteiga de manga_Dezembro_147
2025-12-15,Manteiga de manga,Dezembro,12,Distribuidor,Centro-Oeste,Perfumaria,102.93,110.79,7.0,Manteiga de manga_Dezembro_148
2025-12-10,Manteiga de manga,Dezembro,12,Industria,Nordeste,Sabonetes,140.87,95.36,8.0,Manteiga de manga_Dezembro_149
2025-12-30,Manteiga de manga,Dezembro,12,Industria,Sudeste,Farmacêutico,16.64,74.25,8.0,Manteiga de manga_Dezembro_150
2025-12-17,Manteiga de manga,Dezembro,12,Industria,Centro-Oeste,Perfumaria,111.52,90.71,5.0,Manteiga de manga_Dezembro_151
2025-12-09,Manteiga de manga,Dezembro,12,Industria,Sul,Ingredientes,107.64,65.91,,Manteiga de manga_Dezembro_152
2025-12-19,Manteiga de manga,Dezembro,12,Distribuidor,Sudeste,Farmacêutico,14.77,61.78,8.0,Manteiga de manga_Dezembro_153
2025-12-13,Manteiga de manga,Dezembro,12,Industria,Norte,Cosméticos,146.56,79.91,7.0,Manteiga de manga_Dezembro_154
2025-12-20,Manteiga de manga,Dezembro,12,Distribuidor,Norte,Farmacêutico,72.24,61.91,8.0,Manteiga de manga_Dezembro_155
2025-12-08,Manteiga de manga,Dezembro,12,Industria,Sudeste,Cosméticos,159.42,54.13,8.0,Manteiga de manga_Dezembro_156
2025-12-15,Manteiga de manga,Dezembro,12,Industria,Sudeste,Perfumaria,41.2,52.17,9.0,Manteiga de manga_Dezembro_157
2025-12-03,Manteiga de manga,Dezembro,12,Distribuidor,Nordeste,Ingredientes,14.38,64.59,8.0,Manteiga de manga_Dezembro_158
2025-12-12,Manteiga de manga,Dezembro,12,Industria,Sul,Perfumaria,157.59,57.02,7.0,Manteiga de manga_Dezembro_159
2025-12-06,Manteiga de manga,Dezembro,12,Industria,Sudeste,Perfumaria,90.66,98.28,7.0,Manteiga de manga_Dezembro_160
2025-12-18,Manteiga de manga,Dezembro,12,Industria,Sul,Ingredientes,129.46,77.38,10.0,Manteiga de manga_Dezembro_161
2025-12-17,Manteiga de manga,Dezembro,12,Industria,Sudeste,Farmacêutico,186.47,86.37,7.0,Manteiga de manga_Dezembro_162
2025-12-28,Manteiga de manga,Dezembro,12,Industria,Nordeste,Farmacêutico,20.51,105.76,8.0,Manteiga de manga_Dezembro_163
2025-12-08,Manteiga de manga,Dezembro,12,Industria,Sudeste,Perfumaria,62.85,103.01,8.0,Manteiga de manga_Dezembro_164
2025-12-31,Manteiga de manga,Dezembro,12,Industria,Sul,Sabonetes,136.53,56.3,7.0,Manteiga de manga_Dezembro_165
2025-12-19,Manteiga de manga,Dezembro,12,Industria,Sul,Ingredientes,202.72,110.14,8.0,Manteiga de manga_Dezembro_166
2025-12-11,Manteiga de manga,Dezembro,12,Industria,Nordeste,Ingredientes,89.69,79.33,9.0,Manteiga de manga_Dezembro_167
2025-12-21,Manteiga de manga,Dezembro,12,Exportacao,Exterior,Ingredientes,68.09,128.05,6.0,Manteiga de manga_Dezembro_168
2025-12-11,Manteiga de manga,Dezembro,12,Exportacao,Exterior,Perfumaria,64.06,71.32,9.0,Manteiga de manga_Dezembro_169
2025-12-12,Manteiga de manga,Dezembro,12,Distribuidor,Nordeste,Perfumaria,62.66,49.72,9.0,Manteiga de manga_Dezembro_170
2025-12-01,Manteiga de manga,Dezembro,12,Distribuidor,Sul,Cosméticos,33.67,71.89,10.0,Manteiga de manga_Dezembro_171
2025-12-03,Manteiga de manga,Dezembro,12,Industria,Sudeste,Perfumaria,146.89,84.6,6.0,Manteiga de manga_Dezembro_172
2025-12-23,Manteiga de manga,Dezembro,12,Exportacao,Exterior,Sabonetes,111.71,94.92,7.0,Manteiga de manga_Dezembro_173
2025-12-14,Manteiga de manga,Dezembro,12,Industria,Sul,Farmacêutico,132.0,60.91,8.0,Manteiga de manga_Dezembro_174
2025-12-02,Manteiga de manga,Dezembro,12,Exportacao,Exterior,Farmacêutico,160.52,68.32,7.0,Manteiga de manga_Dezembro_175
2025-12-26,Manteiga de manga,Dezembro,12,Industria,Sul,Cosméticos,89.29,118.54,10.0,Manteiga de manga_Dezembro_176
2025-12-17,Manteiga de manga,Dezembro,12,Distribuidor,Norte,Ingredientes,29.69,46.71,8.0,Manteiga de manga_Dezembro_177
2025-12-20,Manteiga de manga,Dezembro,12,Industria,Sudeste,Farmacêutico,10.51,73.83,7.0,Manteiga de manga_Dezembro_178
2025-12-29,Manteiga de manga,Dezembro,12,Industria,Sul,Ingredientes,89.74,114.29,9.0,Manteiga de manga_Dezembro_179
2025-12-31,Manteiga de manga,Dezembro,12,Distribuidor,Sul,Perfumaria,146.93,63.83,9.0,Manteiga de manga_Dezembro_180
2025-12-21,Manteiga de manga,Dezembro,12,Industria,Sudeste,Cosméticos,130.51,91.68,10.0,Manteiga de manga_Dezembro_181
2025-12-20,Manteiga de manga,Dezembro,12,Distribuidor,Sudeste,Ingredientes,58.56,119.51,8.0,Manteiga de manga_Dezembro_182
2025-12-23,Manteiga de manga,Dezembro,12,Distribuidor,Centro-Oeste,Sabonetes,17.41,94.86,9.0,Manteiga de manga_Dezembro_183
2025-12-19,Manteiga de manga,Dezembro,12,Exportacao,Exterior,Perfumaria,14.59,81.74,8.0,Manteiga de manga_Dezembro_184
2025-12-14,Manteiga de manga,Dezembro,12,Industria,Centro-Oeste,Farmacêutico,84.0,47.38,8.0,Manteiga de manga_Dezembro_185
2025-12-30,Manteiga de manga,Dezembro,12,Exportacao,Exterior,Perfumaria,178.03,84.67,9.0,Manteiga de manga_Dezembro_186
2025-12-24,Manteiga de manga,Dezembro,12,Exportacao,Exterior,Cosméticos,15.68,55.92,7.0,Manteiga de manga_Dezembro_187
2025-12-13,Manteiga de manga,Dezembro,12,Distribuidor,Sudeste,Ingredientes,148.55,76.17,6.0,Manteiga de manga_Dezembro_188
2025-12-16,Manteiga de manga,Dezembro,12,Industria,Centro-Oeste,Perfumaria,139.55,59.93,6.0,Manteiga de manga_Dezembro_189
2025-12-31,Manteiga de manga,Dezembro,12,Industria,Sudeste,Farmacêutico,16.57,45.17,10.0,Manteiga de manga_Dezembro_190
2025-12-14,Manteiga de manga,Dezembro,12,Industria,Sudeste,Cosméticos,59.6,73.37,8.0,Manteiga de manga_Dezembro_191
2025-12-27,Manteiga de manga,Dezembro,12,Distribuidor,Centro-Oeste,Perfumaria,44.87,69.6,9.0,Manteiga de manga_Dezembro_192
2025-12-26,Manteiga de manga,Dezembro,12,Industria,Sudeste,Sabonetes,133.6,88.64,8.0,Manteiga de manga_Dezembro_193
2025-12-16,Manteiga de manga,Dezembro,12,Industria,Nordeste,Sabonetes,48.81,90.04,9.0,Manteiga de manga_Dezembro_194
2025-12-16,Manteiga de manga,Dezembro,12,Industria,Centro-Oeste,Ingredientes,102.11,78.96,9.0,Manteiga de manga_Dezembro_195
2025-12-10,Manteiga de manga,Dezembro,12,Exportacao,Exterior,Perfumaria,142.2,127.88,10.0,Manteiga de manga_Dezembro_196
2025-12-14,Manteiga de manga,Dezembro,12,Industria,Sudeste,Ingredientes,77.4,104.21,8.0,Manteiga de manga_Dezembro_197
2025-12-09,Manteiga de manga,Dezembro,12,Industria,Sul,,84.95,48.96,,Manteiga de manga_Dezembro_198
2025-12-12,Manteiga de manga,Dezembro,12,Industria,Sudeste,Cosméticos,12.02,76.28,9.0,Manteiga de manga_Dezembro_199
2025-12-27,Manteiga de manga,Dezembro,12,Industria,Sul,Sabonetes,126.98,90.58,9.0,Manteiga de manga_Dezembro_200
2025-12-12,Manteiga de manga,Dezembro,12,Industria,Norte,Ingredientes,78.95,96.35,8.0,Manteiga de manga_Dezembro_201
2025-12-18,Manteiga de manga,Dezembro,12,Industria,Sudeste,Ingredientes,152.43,97.19,10.0,Manteiga de manga_Dezembro_202
2025-12-28,Manteiga de manga,Dezembro,12,Exportacao,Exterior,Cosméticos,67.51,74.46,8.0,Manteiga de manga_Dezembro_203
2025-12-01,Manteiga de manga,Dezembro,12,Industria,Sudeste,Farmacêutico,66.33,94.56,8.0,Manteiga de manga_Dezembro_204
2025-12-07,Manteiga de manga,Dezembro,12,Industria,Sul,Cosméticos,127.54,105.76,7.0,Manteiga de manga_Dezembro_205
2025-12-25,Manteiga de manga,Dezembro,12,Industria,Sul,Cosméticos,40.69,67.99,8.0,Manteiga de manga_Dezembro_206
2025-12-19,Manteiga de manga,Dezembro,12,Industria,Sudeste,Farmacêutico,102.04,59.54,6.0,Manteiga de manga_Dezembro_207
2025-12-15,Manteiga de manga,Dezembro,12,Industria,Sudeste,Ingredientes,52.42,111.43,6.0,Manteiga de manga_Dezembro_208
2025-12-21,Manteiga de manga,Dezembro,12,Distribuidor,Sudeste,Sabonetes,85.5,76.95,8.0,Manteiga de manga_Dezembro_209
2025-12-25,Manteiga de manga,Dezembro,12,Exportacao,Exterior,Ingredientes,11.97,142.27,10.0,Manteiga de manga_Dezembro_210
2025-12-20,Manteiga de manga,Dezembro,12,Industria,Sul,Sabonetes,137.45,79.36,7.0,Manteiga de manga_Dezembro_211
2025-12-30,Manteiga de manga,Dezembro,12,Industria,Nordeste,Sabonetes,94.81,109.3,8.0,Manteiga de manga_Dezembro_212
2025-12-03,Manteiga de manga,Dezembro,12,Distribuidor,Sul,Farmacêutico,147.93,76.01,7.0,Manteiga de manga_Dezembro_213
2025-12-08,Manteiga de manga,Dezembro,12,Industria,Nordeste,Cosméticos,126.21,70.23,10.0,Manteiga de manga_Dezembro_214
2025-12-31,Manteiga de manga,Dezembro,12,Industria,Sul,Farmacêutico,148.01,55.1,8.0,Manteiga de manga_Dezembro_215
2025-12-12,Manteiga de manga,Dezembro,12,Exportacao,Exterior,Sabonetes,66.88,103.03,9.0,Manteiga de manga_Dezembro_216
2025-12-05,Manteiga de manga,Dezembro,12,Industria,Sudeste,Sabonetes,142.97,82.42,8.0,Manteiga de manga_Dezembro_217
2025-12-23,Manteiga de manga,Dezembro,12,Industria,Nordeste,Perfumaria,84.27,97.02,8.0,Manteiga de manga_Dezembro_218
2025-12-29,Manteiga de manga,Dezembro,12,Industria,Norte,Farmacêutico,115.8,76.16,7.0,Manteiga de manga_Dezembro_219
2025-12-13,Manteiga de manga,Dezembro,12,Industria,Sul,Farmacêutico,109.86,95.84,7.0,Manteiga de manga_Dezembro_220
2025-12-11,Manteiga de manga,Dezembro,12,Industria,Centro-Oeste,Sabonetes,16.17,53.5,8.0,Manteiga de manga_Dezembro_221
2025-12-25,Manteiga de manga,Dezembro,12,Industria,Centro-Oeste,Cosméticos,118.93,80.1,8.0,Manteiga de manga_Dezembro_222
2025-12-04,Manteiga de manga,Dezembro,12,Distribuidor,Sudeste,Perfumaria,95.91,98.94,10.0,Manteiga de manga_Dezembro_223
2025-12-24,Manteiga de manga,Dezembro,12,Industria,Nordeste,Ingredientes,101.94,78.9,8.0,Manteiga de manga_Dezembro_224
2025-12-13,Manteiga de manga,Dezembro,12,Industria,Centro-Oeste,Perfumaria,31.8,89.97,9.0,Manteiga de manga_Dezembro_225
2025-12-28,Manteiga de manga,Dezembro,12,Exportacao,Exterior,Perfumaria,171.66,134.36,9.0,Manteiga de manga_Dezembro_226
2025-12-06,Manteiga de manga,Dezembro,12,Industria,Norte,Farmacêutico,136.05,84.15,7.0,Manteiga de manga_Dezembro_227
2025-12-27,Manteiga de manga,Dezembro,12,Industria,Sul,Ingredientes,138.41,52.69,10.0,Manteiga de manga_Dezembro_228
2025-12-29,Manteiga de manga,Dezembro,12,Exportacao,Exterior,Cosméticos,120.0,71.66,7.0,Manteiga de manga_Dezembro_229
2025-12-21,Manteiga de manga,Dezembro,12,Exportacao,Exterior,Farmacêutico,178.84,145.69,9.0,Manteiga de manga_Dezembro_230
2025-12-10,Manteiga de manga,Dezembro,12,Distribuidor,Sudeste,Ingredientes,140.12,97.87,8.0,Manteiga de manga_Dezembro_231
2025-12-27,Manteiga de manga,Dezembro,12,Distribuidor,Centro-Oeste,Farmacêutico,98.16,58.28,6.0,Manteiga de manga_Dezembro_232
2025-12-22,Manteiga de manga,Dezembro,12,Distribuidor,Sudeste,Ingredientes,149.17,74.49,9.0,Manteiga de manga_Dezembro_233
2025-12-31,Manteiga de manga,Dezembro,12,Exportacao,Exterior,Ingredientes,104.98,92.89,6.0,Manteiga de manga_Dezembro_234
2025-12-03,Manteiga de manga,Dezembro,12,Exportacao,Exterior,Cosméticos,189.74,135.63,8.0,Manteiga de manga_Dezembro_235
2025-12-25,Manteiga de manga,Dezembro,12,Distribuidor,Sudeste,Cosméticos,24.75,119.7,8.0,Manteiga de manga_Dezembro_236
2025-12-11,Manteiga de manga,Dezembro,12,Industria,Sudeste,Cosméticos,10.48,54.24,6.0,Manteiga de manga_Dezembro_237
2025-12-19,Manteiga de manga,Dezembro,12,Exportacao,Exterior,Sabonetes,43.81,137.45,7.0,Manteiga de manga_Dezembro_238
2025-12-02,Manteiga de manga,Dezembro,12,Industria,Sudeste,Farmacêutico,147.85,92.57,5.0,Manteiga de manga_Dezembro_239
2025-12-19,Manteiga de manga,Dezembro,12,Industria,Sudeste,Perfumaria,172.08,59.95,7.0,Manteiga de manga_Dezembro_240
2025-12-10,Manteiga de manga,Dezembro,12,Industria,Nordeste,Perfumaria,130.73,114.99,9.0,Manteiga de manga_Dezembro_241
2025-12-09,Manteiga de manga,Dezembro,12,Industria,Nordeste,Ingredientes,94.93,92.81,7.0,Manteiga de manga_Dezembro_242
2025-12-20,Manteiga de manga,Dezembro,12,Exportacao,Exterior,Perfumaria,132.55,137.66,9.0,Manteiga de manga_Dezembro_243
2025-12-27,Manteiga de manga,Dezembro,12,Industria,Centro-Oeste,Perfumaria,67.7,50.65,8.0,Manteiga de manga_Dezembro_244
2025-12-03,Manteiga de manga,Dezembro,12,Industria,Nordeste,Perfumaria,74.82,53.82,7.0,Manteiga de manga_Dezembro_245
2025-12-07,Manteiga de manga,Dezembro,12,Distribuidor,Sudeste,Sabonetes,136.25,106.61,8.0,Manteiga de manga_Dezembro_246
2025-12-21,Manteiga de manga,Dezembro,12,Industria,Nordeste,Farmacêutico,14.42,92.04,6.0,Manteiga de manga_Dezembro_247
2025-12-05,Manteiga de manga,Dezembro,12,Industria,Sul,Cosméticos,95.38,119.49,10.0,Manteiga de manga_Dezembro_248
2025-12-13,Manteiga de manga,Dezembro,12,Industria,Nordeste,Cosméticos,192.96,89.17,9.0,Manteiga de manga_Dezembro_249
2025-12-27,Manteiga de manga,Dezembro,12,Industria,Sul,Farmacêutico,80.63,103.79,8.0,Manteiga de manga_Dezembro_250
2025-12-30,Manteiga de manga,Dezembro,12,Industria,Sudeste,Perfumaria,110.81,65.69,9.0,Manteiga de manga_Dezembro_251
2025-12-14,Manteiga de manga,Dezembro,12,Industria,Sudeste,Sabonetes,193.34,118.24,9.0,Manteiga de manga_Dezembro_252
2025-12-17,Manteiga de manga,Dezembro,12,Distribuidor,Sul,Perfumaria,42.65,51.91,8.0,Manteiga de manga_Dezembro_253
2025-12-22,Manteiga de manga,Dezembro,12,Distribuidor,Sudeste,Farmacêutico,144.76,112.55,8.0,Manteiga de manga_Dezembro_254
2025-12-30,Manteiga de manga,Dezembro,12,Exportacao,Exterior,Perfumaria,43.02,58.83,8.0,Manteiga de manga_Dezembro_255
2025-12-13,Manteiga de manga,Dezembro,12,Exportacao,Exterior,Cosméticos,89.95,111.32,8.0,Manteiga de manga_Dezembro_256
2025-12-06,Manteiga de manga,Dezembro,12,Industria,Sudeste,Sabonetes,174.5,106.6,7.0,Manteiga de manga_Dezembro_257
2025-12-02,Manteiga de manga,Dezembro,12,Distribuidor,Sudeste,Sabonetes,70.0,97.77,10.0,Manteiga de manga_Dezembro_258
2025-12-18,Manteiga de manga,Dezembro,12,Industria,Nordeste,Perfumaria,163.83,109.94,7.0,Manteiga de manga_Dezembro_259
2025-12-04,Manteiga de manga,Dezembro,12,Industria,Sul,Perfumaria,100.68,55.81,8.0,Manteiga de manga_Dezembro_260
2025-12-27,Manteiga de manga,Dezembro,12,Industria,Nordeste,Cosméticos,116.07,119.62,8.0,Manteiga de manga_Dezembro_261
2025-12-04,Manteiga de manga,Dezembro,12,Distribuidor,Sul,Cosméticos,13.68,64.3,9.0,Manteiga de manga_Dezembro_262
2025-12-02,Manteiga de manga,Dezembro,12,Exportacao,Exterior,Sabonetes,203.35,81.11,8.0,Manteiga de manga_Dezembro_263
2025-12-16,Manteiga de manga,Dezembro,12,Industria,Norte,Farmacêutico,132.5,79.4,7.0,Manteiga de manga_Dezembro_264
2025-12-25,Manteiga de manga,Dezembro,12,Industria,Norte,Ingredientes,37.09,117.58,7.0,Manteiga de manga_Dezembro_265
2025-12-05,Manteiga de manga,Dezembro,12,Industria,Sudeste,Ingredientes,50.18,71.35,6.0,Manteiga de manga_Dezembro_266
2025-12-20,Manteiga de manga,Dezembro,12,Distribuidor,Sul,Cosméticos,98.84,93.89,7.0,Manteiga de manga_Dezembro_267
2025-12-16,Manteiga de manga,Dezembro,12,Distribuidor,Centro-Oeste,Ingredientes,102.09,53.08,9.0,Manteiga de manga_Dezembro_268
2025-12-01,Manteiga de manga,Dezembro,12,Industria,Sudeste,Cosméticos,41.81,78.92,8.0,Manteiga de manga_Dezembro_269
2025-12-12,Manteiga de manga,Dezembro,12,Industria,Nordeste,Farmacêutico,89.67,64.64,8.0,Manteiga de manga_Dezembro_270
2025-12-13,Manteiga de manga,Dezembro,12,Industria,Sudeste,Cosméticos,33.79,56.18,9.0,Manteiga de manga_Dezembro_271
2025-12-23,Manteiga de manga,Dezembro,12,Industria,Sudeste,Sabonetes,88.15,118.82,8.0,Manteiga de manga_Dezembro_272
2025-12-16,Manteiga de manga,Dezembro,12,Distribuidor,Centro-Oeste,Perfumaria,73.61,112.19,9.0,Manteiga de manga_Dezembro_273
2025-12-19,Manteiga de manga,Dezembro,12,Exportacao,Exterior,Cosméticos,10.3,84.76,9.0,Manteiga de manga_Dezembro_274
2025-12-30,Manteiga de manga,Dezembro,12,Distribuidor,Nordeste,Cosméticos,42.82,67.57,9.0,Manteiga de manga_Dezembro_275
2025-12-05,Manteiga de manga,Dezembro,12,Industria,Sudeste,Perfumaria,48.43,56.27,8.0,Manteiga de manga_Dezembro_276
2025-12-12,Manteiga de manga,Dezembro,12,Exportacao,Exterior,Cosméticos,94.15,73.63,8.0,Manteiga de manga_Dezembro_277
2025-12-26,Manteiga de manga,Dezembro,12,Industria,Nordeste,Sabonetes,102.73,57.37,9.0,Manteiga de manga_Dezembro_278
2025-12-11,Manteiga de manga,Dezembro,12,Distribuidor,Sudeste,Sabonetes,129.17,46.58,8.0,Manteiga de manga_Dezembro_279
2025-12-10,Manteiga de manga,Dezembro,12,Industria,Sudeste,Farmacêutico,116.49,54.63,8.0,Manteiga de manga_Dezembro_280
2025-12-29,Manteiga de manga,Dezembro,12,Distribuidor,Nordeste,Farmacêutico,26.82,82.89,10.0,Manteiga de manga_Dezembro_281
2025-12-15,Manteiga de manga,Dezembro,12,Exportacao,Exterior,Sabonetes,29.51,82.86,9.0,Manteiga de manga_Dezembro_282
2025-12-11,Manteiga de manga,Dezembro,12,Distribuidor,Norte,Cosméticos,71.12,49.95,6.0,Manteiga de manga_Dezembro_283
2025-12-18,Manteiga de manga,Dezembro,12,Industria,Sul,Ingredientes,50.53,113.07,7.0,Manteiga de manga_Dezembro_284
2025-12-23,Manteiga de manga,Dezembro,12,Exportacao,Exterior,Cosméticos,167.55,53.71,9.0,Manteiga de manga_Dezembro_285
2025-12-04,Manteiga de manga,Dezembro,12,Industria,Nordeste,Cosméticos,174.52,83.24,8.0,Manteiga de manga_Dezembro_286
2025-12-29,Manteiga de manga,Dezembro,12,Industria,Sudeste,Ingredientes,135.7,114.1,9.0,Manteiga de manga_Dezembro_287
2025-12-22,Manteiga de manga,Dezembro,12,Industria,Nordeste,Ingredientes,27.48,68.07,8.0,Manteiga de manga_Dezembro_288
2025-12-18,Manteiga de manga,Dezembro,12,Industria,Sul,Ingredientes,11.99,85.6,8.0,Manteiga de manga_Dezembro_289
2025-12-03,Manteiga de manga,Dezembro,12,Industria,Sudeste,Sabonetes,37.48,73.13,9.0,Manteiga de manga_Dezembro_290
2025-12-04,Manteiga de manga,Dezembro,12,Industria,Sudeste,Sabonetes,85.82,98.92,6.0,Manteiga de manga_Dezembro_291
2025-12-29,Manteiga de manga,Dezembro,12,Industria,Sul,Farmacêutico,69.78,97.14,8.0,Manteiga de manga_Dezembro_292
2025-12-19,Manteiga de manga,Dezembro,12,Distribuidor,Sudeste,Sabonetes,83.84,55.09,7.0,Manteiga de manga_Dezembro_293
2025-12-13,Manteiga de manga,Dezembro,12,Distribuidor,Sudeste,,29.59,108.78,9.0,Manteiga de manga_Dezembro_294
2025-12-15,Manteiga de manga,Dezembro,12,Exportacao,Exterior,Farmacêutico,143.06,79.58,6.0,Manteiga de manga_Dezembro_295
2025-12-30,Manteiga de manga,Dezembro,12,Industria,Sul,Farmacêutico,191.95,92.19,10.0,Manteiga de manga_Dezembro_296
2025-12-04,Manteiga de manga,Dezembro,12,Exportacao,Exterior,Farmacêutico,90.72,113.75,7.0,Manteiga de manga_Dezembro_297
2025-12-25,Manteiga de manga,Dezembro,12,Distribuidor,Norte,Perfumaria,72.7,75.15,9.0,Manteiga de manga_Dezembro_298
2025-12-03,Manteiga de manga,Dezembro,12,Distribuidor,Sudeste,Cosméticos,101.11,102.14,9.0,Manteiga de manga_Dezembro_299
2025-12-06,Manteiga de manga,Dezembro,12,Industria,Sudeste,Cosméticos,114.04,47.83,7.0,Manteiga de manga_Dezembro_300
2025-12-29,Manteiga de manga,Dezembro,12,Industria,Sudeste,Sabonetes,76.06,67.75,8.0,Manteiga de manga_Dezembro_301
2025-12-05,Manteiga de manga,Dezembro,12,Industria,Nordeste,Perfumaria,39.01,47.61,8.0,Manteiga de manga_Dezembro_302
2025-12-20,Manteiga de manga,Dezembro,12,Industria,Nordeste,Sabonetes,103.94,75.48,7.0,Manteiga de manga_Dezembro_303
2025-12-28,Manteiga de manga,Dezembro,12,Industria,Norte,Cosméticos,93.29,87.43,8.0,Manteiga de manga_Dezembro_304
2025-12-07,Manteiga de manga,Dezembro,12,Industria,Sudeste,Cosméticos,35.43,118.31,10.0,Manteiga de manga_Dezembro_305
2025-12-14,Manteiga de manga,Dezembro,12,Industria,Sul,Perfumaria,137.63,92.97,8.0,Manteiga de manga_Dezembro_306
2025-12-17,Manteiga de manga,Dezembro,12,Exportacao,Exterior,Cosméticos,8.98,53.51,8.0,Manteiga de manga_Dezembro_307
2025-12-30,Manteiga de manga,Dezembro,12,Industria,Nordeste,Farmacêutico,126.98,99.73,,Manteiga de manga_Dezembro_308
2025-12-31,Manteiga de manga,Dezembro,12,Industria,Norte,Sabonetes,170.2,90.16,10.0,Manteiga de manga_Dezembro_309
2025-12-07,Manteiga de manga,Dezembro,12,Industria,Sudeste,Cosméticos,99.74,110.93,8.0,Manteiga de manga_Dezembro_310
2025-12-10,Manteiga de manga,Dezembro,12,Exportacao,Exterior,Ingredientes,29.44,102.48,8.0,Manteiga de manga_Dezembro_311
2025-12-19,Manteiga de manga,Dezembro,12,Industria,Nordeste,Sabonetes,90.98,50.91,6.0,Manteiga de manga_Dezembro_312
2025-12-23,Manteiga de manga,Dezembro,12,Distribuidor,Sul,Ingredientes,55.17,93.21,9.0,Manteiga de manga_Dezembro_313
2025-12-08,Manteiga de manga,Dezembro,12,Industria,Nordeste,Cosméticos,34.93,91.0,9.0,Manteiga de manga_Dezembro_314
2025-12-04,Manteiga de manga,Dezembro,12,Industria,Sudeste,Farmacêutico,83.11,47.64,9.0,Manteiga de manga_Dezembro_315
2025-12-19,Manteiga de manga,Dezembro,12,Industria,Sudeste,Farmacêutico,179.17,117.39,10.0,Manteiga de manga_Dezembro_316
2025-12-22,Manteiga de manga,Dezembro,12,Industria,Sudeste,Ingredientes,33.59,60.86,8.0,Manteiga de manga_Dezembro_317
2025-12-04,Manteiga de manga,Dezembro,12,Industria,Nordeste,Farmacêutico,143.21,116.08,7.0,Manteiga de manga_Dezembro_318
2025-12-27,Manteiga de manga,Dezembro,12,Industria,Sudeste,Perfumaria,130.47,106.28,6.0,Manteiga de manga_Dezembro_319
2025-12-13,Manteiga de manga,Dezembro,12,Exportacao,Exterior,Perfumaria,168.83,56.71,10.0,Manteiga de manga_Dezembro_320
2025-12-24,Manteiga de manga,Dezembro,12,Industria,Nordeste,Farmacêutico,80.08,100.75,9.0,Manteiga de manga_Dezembro_321
2025-12-02,Manteiga de manga,Dezembro,12,Industria,Centro-Oeste,Perfumaria,166.79,113.47,9.0,Manteiga de manga_Dezembro_322
2025-12-23,Manteiga de manga,Dezembro,12,Industria,Centro-Oeste,Cosméticos,148.97,84.55,7.0,Manteiga de manga_Dezembro_323
2025-12-27,Manteiga de manga,Dezembro,12,Industria,Sul,Perfumaria,97.07,109.77,7.0,Manteiga de manga_Dezembro_324
2025-12-18,Manteiga de manga,Dezembro,12,Exportacao,Exterior,Sabonetes,152.48,102.53,7.0,Manteiga de manga_Dezembro_325
2025-12-19,Manteiga de manga,Dezembro,12,Industria,Nordeste,,35.45,45.11,10.0,Manteiga de manga_Dezembro_326
2025-12-13,Manteiga de manga,Dezembro,12,Industria,Sul,Farmacêutico,125.24,73.58,8.0,Manteiga de manga_Dezembro_327
2025-12-17,Manteiga de manga,Dezembro,12,Exportacao,Exterior,Ingredientes,112.96,101.7,6.0,Manteiga de manga_Dezembro_328
2025-12-11,Manteiga de manga,Dezembro,12,Industria,Nordeste,Perfumaria,55.96,115.07,6.0,Manteiga de manga_Dezembro_329
2025-12-04,Manteiga de manga,Dezembro,12,Distribuidor,Norte,Farmacêutico,134.23,96.89,5.0,Manteiga de manga_Dezembro_330
2025-12-30,Manteiga de manga,Dezembro,12,Industria,Nordeste,Farmacêutico,27.51,85.93,7.0,Manteiga de manga_Dezembro_331
2025-12-27,Manteiga de manga,Dezembro,12,Industria,Nordeste,Sabonetes,26.81,46.66,9.0,Manteiga de manga_Dezembro_332
2025-12-03,Manteiga de manga,Dezembro,12,Industria,Nordeste,Perfumaria,136.7,114.21,8.0,Manteiga de manga_Dezembro_333
2025-12-11,Manteiga de manga,Dezembro,12,Industria,Sudeste,Ingredientes,27.67,87.31,9.0,Manteiga de manga_Dezembro_334
2025-12-25,Manteiga de manga,Dezembro,12,Industria,Sul,Cosméticos,157.5,93.61,7.0,Manteiga de manga_Dezembro_335
2025-12-07,Manteiga de manga,Dezembro,12,Industria,Sudeste,Farmacêutico,146.07,98.4,5.0,Manteiga de manga_Dezembro_336
2025-12-22,Manteiga de manga,Dezembro,12,Industria,Nordeste,Farmacêutico,82.15,56.61,8.0,Manteiga de manga_Dezembro_337
2025-12-23,Manteiga de manga,Dezembro,12,Distribuidor,Sul,Perfumaria,60.4,68.59,7.0,Manteiga de manga_Dezembro_338
2025-12-30,Manteiga de manga,Dezembro,12,Distribuidor,Sudeste,Perfumaria,150.18,103.35,7.0,Manteiga de manga_Dezembro_339
2025-12-09,Manteiga de manga,Dezembro,12,Distribuidor,Sudeste,Perfumaria,48.04,117.2,8.0,Manteiga de manga_Dezembro_340
2025-12-01,Manteiga de manga,Dezembro,12,Distribuidor,Sul,Farmacêutico,18.91,49.82,7.0,Manteiga de manga_Dezembro_341
2025-12-01,Manteiga de manga,Dezembro,12,Industria,Nordeste,Farmacêutico,108.77,118.25,9.0,Manteiga de manga_Dezembro_342
2025-12-16,Manteiga de manga,Dezembro,12,Exportacao,Exterior,Ingredientes,74.77,103.93,7.0,Manteiga de manga_Dezembro_343
2025-12-13,Manteiga de manga,Dezembro,12,Industria,Sudeste,Sabonetes,32.58,79.88,8.0,Manteiga de manga_Dezembro_344
2025-12-07,Manteiga de manga,Dezembro,12,Industria,Sul,Cosméticos,76.48,51.15,7.0,Manteiga de manga_Dezembro_345
2025-12-11,Manteiga de manga,Dezembro,12,Distribuidor,Sudeste,Farmacêutico,147.67,85.36,9.0,Manteiga de manga_Dezembro_346
2025-12-25,Manteiga de manga,Dezembro,12,Industria,Norte,Sabonetes,102.95,48.54,8.0,Manteiga de manga_Dezembro_347
2025-12-08,Manteiga de manga,Dezembro,12,Industria,Nordeste,,44.13,92.8,6.0,Manteiga de manga_Dezembro_348
2025-12-18,Manteiga de manga,Dezembro,12,Exportacao,Exterior,Farmacêutico,55.37,68.95,9.0,Manteiga de manga_Dezembro_349
