teor_umidade_pct,indice_acidez_mgKOH_g,ponto_fusao_c,indice_oxidacao_1a10,certificacao_exigida,id_pedido
0.75,4.22,31.08,8.0,Internacional,Manteiga de manga_Julho_0
0.62,3.59,35.97,9.0,ISO-HACCP,Manteiga de manga_Julho_1
0.81,4.44,32.73,8.0,ANVISA,Manteiga de manga_Julho_2
0.79,5.11,34.34,5.0,Internacional,Manteiga de manga_Julho_3
0.54,5.22,31.72,7.0,ANVISA,Manteiga de manga_Julho_4
0.36,3.95,35.38,8.0,Internacional,Manteiga de manga_Julho_5
1.23,4.45,33.99,7.0,Internacional,Manteiga de manga_Julho_6
0.93,1.89,30.67,9.0,Internacional,Manteiga de manga_Julho_7
0.42,7.43,33.07,8.0,Internacional,Manteiga de manga_Julho_8
0.44,3.41,30.79,8.0,ANVISA,Manteiga de manga_Julho_9
0.71,5.03,30.76,9.0,ISO-HACCP,Manteiga de manga_Julho_10
0.83,3.24,33.96,7.0,ISO-HACCP,Manteiga de manga_Julho_11
0.46,5.19,36.34,7.0,ISO-HACCP,Manteiga de manga_Julho_12
0.63,3.81,31.56,7.0,Internacional,Manteiga de manga_Julho_13
0.75,3.14,30.74,9.0,Internacional,Manteiga de manga_Julho_14
1.07,2.07,32.52,9.0,Internacional,Manteiga de manga_Julho_15
0.73,3.88,32.2,9.0,ISO-HACCP,Manteiga de manga_Julho_16
0.22,4.9,30.93,8.0,ISO-HACCP,Manteiga de manga_Julho_17
0.86,7.01,33.47,7.0,Internacional,Manteiga de manga_Julho_18
0.32,1.66,32.35,6.0,ANVISA,Manteiga de manga_Julho_19
0.53,3.82,33.21,6.0,ISO-HACCP,Manteiga de manga_Julho_20
0.99,4.71,30.35,7.0,Internacional,Manteiga de manga_Julho_21
0.74,4.69,29.88,8.0,Internacional,Manteiga de manga_Julho_22
0.35,6.37,32.18,9.0,Internacional,Manteiga de manga_Julho_23
0.74,1.58,35.23,7.826709526592636,Internacional,Manteiga de manga_Julho_24
0.78,6.98,30.11,6.0,ANVISA,Manteiga de manga_Julho_25
0.48,3.97,37.11,7.0,ANVISA,Manteiga de manga_Julho_26
0.76,3.22,35.05,7.0,Internacional,Manteiga de manga_Julho_27
0.55,2.43,34.23,8.0,Internacional,Manteiga de manga_Julho_28
0.74,3.33,29.77,8.0,ANVISA,Manteiga de manga_Julho_29
0.56,5.47,34.2,7.0,ISO-HACCP,Manteiga de manga_Julho_30
0.27,2.97,34.61,7.0,ANVISA,Manteiga de manga_Julho_31
0.62,4.45,36.71,7.0,Internacional,Manteiga de manga_Julho_32
0.69,5.57,33.31,7.0,Internacional,Manteiga de manga_Julho_33
0.46,2.27,34.08,10.0,ISO-HACCP,Manteiga de manga_Julho_34
0.28,2.96,32.27,8.0,ISO-HACCP,Manteiga de manga_Julho_35
0.56,4.65,30.89,7.0,ANVISA,Manteiga de manga_Julho_36
0.39,3.17,29.81,9.0,ISO-HACCP,Manteiga de manga_Julho_37
0.91,6.91,36.17,7.0,ISO-HACCP,Manteiga de manga_Julho_38
0.63,6.25,31.16,7.0,ANVISA,Manteiga de manga_Julho_39
0.44,5.87,34.85,8.0,ISO-HACCP,Manteiga de manga_Julho_40
0.75,2.24,32.65,9.0,Internacional,Manteiga de manga_Julho_41
0.8,4.19,34.36,7.826709526592636,Internacional,Manteiga de manga_Julho_42
0.87,2.41,36.29,8.0,,Manteiga de manga_Julho_43
0.64,4.31,28.0,7.0,Internacional,Manteiga de manga_Julho_44
0.19,4.75,28.0,9.0,Internacional,Manteiga de manga_Julho_45
0.47,4.49,34.99,8.0,Internacional,Manteiga de manga_Julho_46
1.05,4.54,34.99,9.0,,Manteiga de manga_Julho_47
0.34,5.9,31.96,8.0,Nenhuma,Manteiga de manga_Julho_48
0.1,3.94,37.0,8.0,ISO-HACCP,Manteiga de manga_Julho_49
0.49,4.97,32.21,8.0,Internacional,Manteiga de manga_Julho_50
0.53,4.45,30.41,7.0,Internacional,Manteiga de manga_Julho_51
0.33,4.47,34.34,5.0,ANVISA,Manteiga de manga_Julho_52
0.43,8.88,31.13,9.0,Internacional,Manteiga de manga_Julho_53
0.44,5.04,35.89,9.0,ISO-HACCP,Manteiga de manga_Julho_54
0.29,5.07,36.16,10.0,ISO-HACCP,Manteiga de manga_Julho_55
0.16,4.48,34.37,5.0,Internacional,Manteiga de manga_Julho_56
0.46,3.57,32.02,7.0,ISO-HACCP,Manteiga de manga_Julho_57
0.73,5.07,29.47,8.0,Internacional,Manteiga de manga_Julho_58
0.89,7.48,30.34,8.0,Internacional,Manteiga de manga_Julho_59
0.1,4.86,33.17,6.0,ISO-HACCP,Manteiga de manga_Julho_60
0.41,5.66,31.72,8.0,Internacional,Manteiga de manga_Julho_61
0.46,5.43,30.68,8.0,Nenhuma,Manteiga de manga_Julho_62
0.37,3.27,35.81,10.0,Internacional,Manteiga de manga_Julho_63
0.64,5.09,31.87,9.0,Nenhuma,Manteiga de manga_Julho_64
0.85,7.29,35.76,7.0,ANVISA,Manteiga de manga_Julho_65
0.33,5.35,34.77,8.0,ISO-HACCP,Manteiga de manga_Julho_66
0.4,3.47,34.95,9.0,Internacional,Manteiga de manga_Julho_67
1.11,6.56,35.79,9.0,ISO-HACCP,Manteiga de manga_Julho_68
0.72,5.14,30.33,10.0,Internacional,Manteiga de manga_Julho_69
0.28,6.08,33.63,8.0,ANVISA,Manteiga de manga_Julho_70
0.64,5.11,34.73,9.0,Nenhuma,Manteiga de manga_Julho_71
0.97,4.41,33.68,8.0,Internacional,Manteiga de manga_Julho_72
0.51,3.93,32.13,8.0,Internacional,Manteiga de manga_Julho_73
0.38,2.43,30.81,10.0,ANVISA,Manteiga de manga_Julho_74
0.47,5.83,33.38,8.0,ISO-HACCP,Manteiga de manga_Julho_75
0.65,9.2,32.85,8.0,Internacional,Manteiga de manga_Julho_76
0.77,4.81,36.35,8.0,ISO-HACCP,Manteiga de manga_Julho_77
0.38,4.44,32.82,8.0,ANVISA,Manteiga de manga_Julho_78
0.13,3.67,35.16,8.0,ANVISA,Manteiga de manga_Julho_79
0.64,4.43,34.88,10.0,Nenhuma,Manteiga de manga_Julho_80
0.93,5.49,33.84,8.0,ISO-HACCP,Manteiga de manga_Julho_81
0.53,4.78,29.08,7.0,ISO-HACCP,Manteiga de manga_Julho_82
0.52,1.36,35.39,8.0,ANVISA,Manteiga de manga_Julho_83
0.57,6.79,32.51,7.0,Internacional,Manteiga de manga_Julho_84
0.89,3.14,36.67,10.0,ISO-HACCP,Manteiga de manga_Julho_85
0.53,5.77,37.51,6.0,ANVISA,Manteiga de manga_Julho_86
0.38,3.37,31.74,8.0,Internacional,Manteiga de manga_Julho_87
0.65,4.81,36.32,8.0,ISO-HACCP,Manteiga de manga_Julho_88
0.53,2.51,35.49,9.0,ANVISA,Manteiga de manga_Julho_89
0.37,3.29,34.4,8.0,ISO-HACCP,Manteiga de manga_Julho_90
0.71,1.94,34.88,9.0,Internacional,Manteiga de manga_Julho_91
0.62,1.82,31.57,6.0,ISO-HACCP,Manteiga de manga_Julho_92
0.74,4.22,33.18,8.0,,Manteiga de manga_Julho_93
1.02,3.78,30.58,8.0,,Manteiga de manga_Julho_94
0.5,6.29,31.0,10.0,ANVISA,Manteiga de manga_Julho_95
0.57,1.41,36.64,9.0,ANVISA,Manteiga de manga_Julho_96
0.48,3.56,33.58,9.0,Nenhuma,Manteiga de manga_Julho_97
0.53,5.06,34.19,8.0,ANVISA,Manteiga de manga_Julho_98
1.05,4.98,34.62,6.0,ISO-HACCP,Manteiga de manga_Julho_99
0.59,2.32,31.01,7.0,ISO-HACCP,Manteiga de manga_Julho_100
0.42,3.67,35.01,7.0,ISO-HACCP,Manteiga de manga_Julho_101
0.63,6.72,30.76,10.0,ANVISA,Manteiga de manga_Julho_102
0.7,3.32,30.33,8.0,ANVISA,Manteiga de manga_Julho_103
0.2,1.69,33.62,7.0,ANVISA,Manteiga de manga_Julho_104
0.8,4.06,30.91,7.0,ANVISA,Manteiga de manga_Julho_105
0.1,2.47,33.36,9.0,ANVISA,Manteiga de manga_Julho_106
0.4,2.38,30.49,8.0,Nenhuma,Manteiga de manga_Julho_107
0.88,3.52,32.8,7.0,ISO-HACCP,Manteiga de manga_Julho_108
0.54,4.37,34.3,7.0,ANVISA,Manteiga de manga_Julho_109
0.88,3.29,30.3,9.0,,Manteiga de manga_Julho_110
0.67,2.65,33.52,7.0,Internacional,Manteiga de manga_Julho_111
0.49,4.7,29.75,8.0,ANVISA,Manteiga de manga_Julho_112
0.41,3.14,36.99,10.0,ANVISA,Manteiga de manga_Julho_113
0.42,3.92,32.17,5.0,ANVISA,Manteiga de manga_Julho_114
0.42,2.73,36.94,10.0,ISO-HACCP,Manteiga de manga_Julho_115
0.38,3.26,34.96,8.0,ISO-HACCP,Manteiga de manga_Julho_116
0.31,4.95,31.77,7.0,ISO-HACCP,Manteiga de manga_Julho_117
0.73,4.82,31.48,8.0,ANVISA,Manteiga de manga_Julho_118
0.76,4.16,33.66,7.0,ANVISA,Manteiga de manga_Julho_119
1.02,1.82,36.02,9.0,ANVISA,Manteiga de manga_Julho_120
0.96,2.67,35.25,9.0,ANVISA,Manteiga de manga_Julho_121
0.85,3.83,35.62,6.0,ISO-HACCP,Manteiga de manga_Julho_122
0.95,6.56,36.26,9.0,Internacional,Manteiga de manga_Julho_123
0.74,4.72,34.6,9.0,Nenhuma,Manteiga de manga_Julho_124
0.97,4.73,31.98,9.0,ISO-HACCP,Manteiga de manga_Julho_125
1.34,3.65,29.7,9.0,ISO-HACCP,Manteiga de manga_Julho_126
0.16,8.64,35.89,8.0,ISO-HACCP,Manteiga de manga_Julho_127
0.71,5.7,31.16,6.0,ANVISA,Manteiga de manga_Julho_128
0.68,4.76,34.15,7.0,ISO-HACCP,Manteiga de manga_Julho_129
0.5,2.55,30.75,10.0,Internacional,Manteiga de manga_Julho_130
0.25,1.09,33.83,10.0,ANVISA,Manteiga de manga_Julho_131
0.26,3.25,34.72,8.0,Internacional,Manteiga de manga_Julho_132
0.19,6.34,35.4,9.0,Internacional,Manteiga de manga_Julho_133
0.31,2.31,35.32,7.826709526592636,Internacional,Manteiga de manga_Julho_134
1.06,6.06,35.93,8.0,ISO-HACCP,Manteiga de manga_Julho_135
0.42,5.2,35.15,6.0,ANVISA,Manteiga de manga_Julho_136
0.72,3.88,32.47,7.0,Internacional,Manteiga de manga_Julho_137
0.29,5.21,36.04,6.0,ISO-HACCP,Manteiga de manga_Julho_138
0.37,1.6,31.88,8.0,Internacional,Manteiga de manga_Julho_139
0.72,2.55,34.01,6.0,ANVISA,Manteiga de manga_Julho_140
1.33,4.1,28.0,7.0,ANVISA,Manteiga de manga_Julho_141
0.1,4.84,32.83,8.0,ANVISA,Manteiga de manga_Julho_142
0.82,4.04,30.31,7.0,ANVISA,Manteiga de manga_Julho_143
0.1,5.76,28.0,8.0,ANVISA,Manteiga de manga_Julho_144
0.13,4.83,30.71,8.0,ISO-HACCP,Manteiga de manga_Julho_145
0.72,6.69,32.22,7.826709526592636,ISO-HACCP,Manteiga de manga_Julho_146
0.46,4.81,36.53,9.0,ANVISA,Manteiga de manga_Julho_147
0.57,3.24,32.52,8.0,ANVISA,Manteiga de manga_Julho_148
0.1,3.37,32.04,9.0,ANVISA,Manteiga de manga_Julho_149
0.33,4.75,32.65,8.0,ISO-HACCP,Manteiga de manga_Julho_150
0.85,4.64,34.42,7.0,Internacional,Manteiga de manga_Julho_151
0.68,4.15,33.34,8.0,ANVISA,Manteiga de manga_Julho_152
0.35,2.03,34.81,7.0,Internacional,Manteiga de manga_Julho_153
0.68,2.78,34.18,8.0,ANVISA,Manteiga de manga_Julho_154
0.24,6.04,33.46,8.0,Internacional,Manteiga de manga_Julho_155
0.71,5.04,34.99,9.0,Nenhuma,Manteiga de manga_Julho_156
0.93,4.34,33.78,9.0,ANVISA,Manteiga de manga_Julho_157
0.62,4.77,30.46,7.0,ISO-HACCP,Manteiga de manga_Julho_158
0.81,3.64,33.35,8.0,ISO-HACCP,Manteiga de manga_Julho_159
0.39,4.85,33.22,8.0,Internacional,Manteiga de manga_Julho_160
0.5,4.6,30.23,10.0,Internacional,Manteiga de manga_Julho_161
0.1,5.21,36.74,7.0,ISO-HACCP,Manteiga de manga_Julho_162
0.35,4.77,31.65,7.0,ISO-HACCP,Manteiga de manga_Julho_163
1.0,4.28,34.25,7.0,Internacional,Manteiga de manga_Julho_164
0.58,3.82,30.71,7.0,Internacional,Manteiga de manga_Julho_165
0.23,1.15,34.48,7.0,ISO-HACCP,Manteiga de manga_Julho_166
0.58,2.02,34.5,9.0,ANVISA,Manteiga de manga_Julho_167
0.43,5.19,32.88,7.826709526592636,Internacional,Manteiga de manga_Julho_168
1.16,4.57,33.22,8.0,ISO-HACCP,Manteiga de manga_Julho_169
0.57,5.68,36.35,7.826709526592636,,Manteiga de manga_Julho_170
0.75,1.94,32.3,8.0,Internacional,Manteiga de manga_Julho_171
0.7,6.28,34.65,6.0,ISO-HACCP,Manteiga de manga_Julho_172
0.1,4.57,31.72,10.0,ISO-HACCP,Manteiga de manga_Julho_173
0.38,4.88,38.88,6.0,ISO-HACCP,Manteiga de manga_Julho_174
0.83,2.55,33.41,7.0,ANVISA,Manteiga de manga_Julho_175
0.77,5.35,34.59,6.0,ANVISA,Manteiga de manga_Julho_176
0.1,6.14,32.14,9.0,Nenhuma,Manteiga de manga_Julho_177
0.28,4.91,28.75,9.0,ISO-HACCP,Manteiga de manga_Julho_178
0.5,2.4,32.44,7.0,ANVISA,Manteiga de manga_Julho_179
0.81,3.44,31.75,5.0,Internacional,Manteiga de manga_Julho_180
0.64,4.7,34.38,8.0,Internacional,Manteiga de manga_Julho_181
0.37,5.18,31.98,9.0,ANVISA,Manteiga de manga_Julho_182
0.6,4.9,33.15,8.0,ISO-HACCP,Manteiga de manga_Julho_183
0.75,3.88,32.14,7.0,ISO-HACCP,Manteiga de manga_Julho_184
0.5,4.1,32.11,6.0,Nenhuma,Manteiga de manga_Julho_185
0.56,3.95,31.81,8.0,ISO-HACCP,Manteiga de manga_Julho_186
0.56,2.2,33.98,7.0,ISO-HACCP,Manteiga de manga_Julho_187
0.57,1.0,30.8,9.0,Internacional,Manteiga de manga_Julho_188
0.66,5.28,32.08,9.0,Internacional,Manteiga de manga_Julho_189
0.73,5.24,30.36,7.0,Internacional,Manteiga de manga_Julho_190
0.63,2.29,31.74,7.826709526592636,ISO-HACCP,Manteiga de manga_Julho_191
0.58,1.78,34.85,10.0,ISO-HACCP,Manteiga de manga_Julho_192
0.64,4.32,32.07,9.0,ISO-HACCP,Manteiga de manga_Julho_193
0.8,5.46,35.42,6.0,Internacional,Manteiga de manga_Julho_194
0.31,2.39,29.75,6.0,Internacional,Manteiga de manga_Julho_195
0.83,6.26,32.79,8.0,ISO-HACCP,Manteiga de manga_Julho_196
0.55,6.6,32.3,9.0,ISO-HACCP,Manteiga de manga_Julho_197
0.58,3.42,32.45,7.0,Internacional,Manteiga de manga_Julho_198
0.75,6.32,32.43,6.0,Internacional,Manteiga de manga_Julho_199
0.29,3.55,32.17,6.0,ANVISA,Manteiga de manga_Julho_200
0.84,7.66,34.49,8.0,Internacional,Manteiga de manga_Julho_201
0.73,2.49,32.52,7.826709526592636,ANVISA,Manteiga de manga_Julho_202
0.36,7.69,32.38,7.0,ISO-HACCP,Manteiga de manga_Julho_203
0.45,4.22,32.03,7.0,ISO-HACCP,Manteiga de manga_Julho_204
1.14,3.87,31.19,9.0,Internacional,Manteiga de manga_Julho_205
0.6,6.69,34.39,9.0,Internacional,Manteiga de manga_Julho_206
0.66,5.17,30.19,4.0,ISO-HACCP,Manteiga de manga_Julho_207
0.77,3.73,28.46,10.0,Internacional,Manteiga de manga_Julho_208
0.38,7.06,31.92,8.0,Internacional,Manteiga de manga_Julho_209
0.66,5.73,33.14,9.0,ISO-HACCP,Manteiga de manga_Julho_210
0.71,3.85,30.41,8.0,Internacional,Manteiga de manga_Julho_211
0.18,4.29,32.53,6.0,Internacional,Manteiga de manga_Julho_212
0.45,6.84,32.67,9.0,Nenhuma,Manteiga de manga_Julho_213
0.3,2.12,30.02,8.0,ISO-HACCP,Manteiga de manga_Julho_214
0.34,6.12,36.31,8.0,Internacional,Manteiga de manga_Julho_215
0.38,1.0,28.43,7.0,ISO-HACCP,Manteiga de manga_Julho_216
0.75,2.45,33.81,10.0,Internacional,Manteiga de manga_Julho_217
0.59,5.94,32.66,8.0,ISO-HACCP,Manteiga de manga_Julho_218
0.47,5.09,32.16,8.0,ANVISA,Manteiga de manga_Julho_219
0.71,4.54,31.24,7.0,Internacional,Manteiga de manga_Julho_220
0.61,3.33,31.12,10.0,Internacional,Manteiga de manga_Julho_221
0.46,5.44,33.43,8.0,ISO-HACCP,Manteiga de manga_Julho_222
0.57,4.19,39.3,10.0,Internacional,Manteiga de manga_Julho_223
0.5,2.36,32.84,7.0,Internacional,Manteiga de manga_Julho_224
0.7,5.13,35.04,9.0,ANVISA,Manteiga de manga_Julho_225
0.5,4.21,36.92,7.0,Nenhuma,Manteiga de manga_Julho_226
0.42,5.89,29.31,10.0,ISO-HACCP,Manteiga de manga_Julho_227
0.62,4.42,33.57,8.0,Internacional,Manteiga de manga_Julho_228
0.7,7.12,34.33,8.0,Internacional,Manteiga de manga_Julho_229
0.52,3.69,32.23,7.0,ANVISA,Manteiga de manga_Julho_230
0.81,7.28,34.19,8.0,ISO-HACCP,Manteiga de manga_Julho_231
0.7,5.51,34.43,6.0,Internacional,Manteiga de manga_Julho_232
0.92,4.59,33.8,7.0,ANVISA,Manteiga de manga_Julho_233
0.63,1.59,35.75,10.0,ISO-HACCP,Manteiga de manga_Julho_234
0.46,3.37,36.18,8.0,ISO-HACCP,Manteiga de manga_Julho_235
0.6,3.2,28.45,8.0,Internacional,Manteiga de manga_Julho_236
0.56,4.56,31.55,9.0,ISO-HACCP,Manteiga de manga_Julho_237
0.85,6.32,32.2,7.826709526592636,Nenhuma,Manteiga de manga_Julho_238
0.43,2.82,33.14,7.0,Internacional,Manteiga de manga_Julho_239
0.79,4.75,32.81,7.0,Internacional,Manteiga de manga_Julho_240
1.15,2.56,33.73,9.0,ISO-HACCP,Manteiga de manga_Julho_241
0.88,3.97,32.11,10.0,Nenhuma,Manteiga de manga_Julho_242
0.5,7.46,31.08,9.0,ANVISA,Manteiga de manga_Julho_243
0.75,3.07,34.62,8.0,ANVISA,Manteiga de manga_Julho_244
0.45,7.05,36.37,8.0,ISO-HACCP,Manteiga de manga_Julho_245
0.67,5.72,32.19,10.0,ANVISA,Manteiga de manga_Julho_246
0.8,3.97,33.38,9.0,Internacional,Manteiga de manga_Julho_247
0.73,5.69,36.15,7.0,Internacional,Manteiga de manga_Julho_248
0.62,4.09,34.3,8.0,ISO-HACCP,Manteiga de manga_Julho_249
0.72,5.26,36.53,6.0,ISO-HACCP,Manteiga de manga_Julho_250
0.56,4.4,31.94,6.0,ANVISA,Manteiga de manga_Julho_251
0.73,5.6,33.22,9.0,ISO-HACCP,Manteiga de manga_Julho_252
0.49,3.31,39.45,9.0,ISO-HACCP,Manteiga de manga_Julho_253
0.8,3.25,30.11,8.0,Internacional,Manteiga de manga_Julho_254
0.48,7.27,33.74,8.0,ANVISA,Manteiga de manga_Julho_255
0.43,5.87,31.95,9.0,ANVISA,Manteiga de manga_Julho_256
0.35,2.92,34.34,8.0,ANVISA,Manteiga de manga_Julho_257
0.58,3.47,35.87,8.0,Internacional,Manteiga de manga_Julho_258
0.47,4.04,32.43,6.0,ISO-HACCP,Manteiga de manga_Julho_259
0.22,8.35,31.62,10.0,ISO-HACCP,Manteiga de manga_Julho_260
0.12,9.5,30.15,8.0,,Manteiga de manga_Julho_261
0.34,3.63,32.46,7.826709526592636,Internacional,Manteiga de manga_Julho_262
0.65,2.16,31.23,7.0,ANVISA,Manteiga de manga_Julho_263
0.58,3.89,32.67,8.0,ANVISA,Manteiga de manga_Julho_264
0.33,5.49,34.37,8.0,ANVISA,Manteiga de manga_Julho_265
0.65,3.61,28.43,9.0,ISO-HACCP,Manteiga de manga_Julho_266
0.87,2.81,28.9,8.0,ANVISA,Manteiga de manga_Julho_267
0.86,7.21,32.64,6.0,Internacional,Manteiga de manga_Julho_268
0.61,6.75,35.65,8.0,ISO-HACCP,Manteiga de manga_Julho_269
0.93,4.18,34.21,8.0,ISO-HACCP,Manteiga de manga_Julho_270
0.7,5.13,31.98,5.0,ANVISA,Manteiga de manga_Julho_271
0.82,4.95,31.08,9.0,ISO-HACCP,Manteiga de manga_Julho_272
0.58,1.49,30.69,7.0,ISO-HACCP,Manteiga de manga_Julho_273
0.23,5.46,35.02,9.0,Nenhuma,Manteiga de manga_Julho_274
1.14,4.53,33.62,6.0,ISO-HACCP,Manteiga de manga_Julho_275
0.93,1.83,35.16,7.0,ANVISA,Manteiga de manga_Julho_276
0.47,2.57,36.04,7.826709526592636,ISO-HACCP,Manteiga de manga_Julho_277
0.42,3.73,32.97,9.0,ANVISA,Manteiga de manga_Julho_278
0.15,5.44,33.12,8.0,ISO-HACCP,Manteiga de manga_Julho_279
0.34,2.65,36.36,8.0,Internacional,Manteiga de manga_Julho_280
0.42,6.97,36.94,7.0,ANVISA,Manteiga de manga_Julho_281
0.55,3.24,35.47,8.0,Internacional,Manteiga de manga_Julho_282
0.89,1.0,34.02,8.0,Internacional,Manteiga de manga_Julho_283
0.71,4.52,30.85,8.0,ISO-HACCP,Manteiga de manga_Julho_284
0.58,7.22,33.13,7.0,ISO-HACCP,Manteiga de manga_Julho_285
0.29,3.22,30.46,8.0,ISO-HACCP,Manteiga de manga_Julho_286
0.26,5.9,36.37,8.0,Internacional,Manteiga de manga_Julho_287
0.52,5.17,32.63,6.0,,Manteiga de manga_Julho_288
0.79,6.55,32.97,7.0,ISO-HACCP,Manteiga de manga_Julho_289
0.13,3.44,34.8,9.0,Internacional,Manteiga de manga_Julho_290
0.48,1.17,33.61,8.0,ANVISA,Manteiga de manga_Julho_291
0.56,3.19,33.37,8.0,ISO-HACCP,Manteiga de manga_Julho_292
0.63,6.93,31.05,7.0,Internacional,Manteiga de manga_Julho_293
0.5,1.75,33.76,7.0,ANVISA,Manteiga de manga_Julho_294
0.95,3.95,33.86,8.0,ISO-HACCP,Manteiga de manga_Julho_295
0.68,4.15,34.04,6.0,ANVISA,Manteiga de manga_Julho_296
0.72,6.08,33.08,8.0,ISO-HACCP,Manteiga de manga_Julho_297
0.66,4.96,33.13,6.0,ANVISA,Manteiga de manga_Julho_298
0.94,4.87,33.3,6.0,ANVISA,Manteiga de manga_Julho_299
0.69,6.0,32.16,8.0,Internacional,Manteiga de manga_Julho_300
0.54,6.18,32.76,7.0,ANVISA,Manteiga de manga_Julho_301
0.82,5.13,31.7,7.0,Internacional,Manteiga de manga_Julho_302
0.35,1.0,34.0,9.0,Internacional,Manteiga de manga_Julho_303
0.81,2.93,32.26,8.0,Internacional,Manteiga de manga_Julho_304
0.81,3.24,31.62,8.0,ANVISA,Manteiga de manga_Julho_305
0.58,2.37,32.19,7.0,Internacional,Manteiga de manga_Julho_306
0.52,2.41,31.85,8.0,ANVISA,Manteiga de manga_Julho_307
0.87,3.71,31.42,8.0,ISO-HACCP,Manteiga de manga_Julho_308
0.54,4.78,36.42,10.0,ISO-HACCP,Manteiga de manga_Julho_309
0.66,5.95,29.11,10.0,Nenhuma,Manteiga de manga_Julho_310
0.74,3.2,29.82,6.0,ANVISA,Manteiga de manga_Julho_311
0.51,3.98,30.25,6.0,ISO-HACCP,Manteiga de manga_Julho_312
0.93,4.55,31.01,10.0,Internacional,Manteiga de manga_Julho_313
1.09,5.82,36.25,8.0,ISO-HACCP,Manteiga de manga_Julho_314
0.39,4.13,32.17,7.0,ISO-HACCP,Manteiga de manga_Julho_315
0.52,3.93,33.28,9.0,ANVISA,Manteiga de manga_Julho_316
0.72,1.0,29.43,7.0,ISO-HACCP,Manteiga de manga_Julho_317
0.47,4.33,31.62,7.826709526592636,ANVISA,Manteiga de manga_Julho_318
0.34,5.51,33.63,7.0,Internacional,Manteiga de manga_Julho_319
0.39,3.73,32.1,8.0,ISO-HACCP,Manteiga de manga_Julho_320
0.19,3.99,35.51,8.0,ISO-HACCP,Manteiga de manga_Julho_321
0.47,3.86,38.43,8.0,ANVISA,Manteiga de manga_Julho_322
0.37,9.42,31.99,7.0,Nenhuma,Manteiga de manga_Julho_323
0.4,2.43,33.1,7.0,ISO-HACCP,Manteiga de manga_Julho_324
0.73,5.87,34.53,6.0,ISO-HACCP,Manteiga de manga_Julho_325
0.29,5.8,33.11,6.0,ANVISA,Manteiga de manga_Julho_326
0.29,2.91,34.82,9.0,ANVISA,Manteiga de manga_Julho_327
0.96,1.4,31.74,6.0,Internacional,Manteiga de manga_Julho_328
0.57,4.84,35.57,10.0,Nenhuma,Manteiga de manga_Julho_329
0.72,1.96,31.09,9.0,Internacional,Manteiga de manga_Julho_330
0.76,4.9,36.63,7.0,Internacional,Manteiga de manga_Julho_331
0.35,2.12,37.15,8.0,ISO-HACCP,Manteiga de manga_Julho_332
0.86,1.3,31.32,7.0,ISO-HACCP,Manteiga de manga_Julho_333
0.31,1.55,32.46,8.0,Internacional,Manteiga de manga_Julho_334
0.46,5.57,32.58,9.0,Internacional,Manteiga de manga_Julho_335
1.11,3.41,34.7,9.0,ANVISA,Manteiga de manga_Julho_336
0.41,6.55,35.31,8.0,Internacional,Manteiga de manga_Julho_337
0.91,5.57,34.92,8.0,ISO-HACCP,Manteiga de manga_Julho_338
0.63,3.47,31.03,8.0,ISO-HACCP,Manteiga de manga_Julho_339
0.35,2.27,33.59,10.0,Internacional,Manteiga de manga_Julho_340
0.74,5.87,31.91,8.0,Internacional,Manteiga de manga_Julho_341
0.68,5.53,36.49,7.0,Internacional,Manteiga de manga_Julho_342
0.52,5.31,33.67,7.826709526592636,ISO-HACCP,Manteiga de manga_Julho_343
0.42,5.81,38.24,6.0,Internacional,Manteiga de manga_Julho_344
0.42,4.51,36.78,10.0,ANVISA,Manteiga de manga_Julho_345
0.63,3.9,31.76,8.0,ISO-HACCP,Manteiga de manga_Julho_346
0.61,2.61,32.47,7.0,ANVISA,Manteiga de manga_Julho_347
0.42,4.53,32.73,9.0,Nenhuma,Manteiga de manga_Julho_348
0.6,4.83,34.24,6.0,Nenhuma,Manteiga de manga_Julho_349
0.46,5.5,36.57,8.0,ANVISA,Manteiga de manga_Julho_350
0.59,3.66,33.93,9.0,ANVISA,Manteiga de manga_Julho_351
0.4,2.8,30.2,8.0,ISO-HACCP,Manteiga de manga_Julho_352
0.72,5.5,34.1,7.0,ANVISA,Manteiga de manga_Julho_353
0.63,4.22,34.52,7.0,ISO-HACCP,Manteiga de manga_Julho_354
0.44,5.29,31.98,7.0,Internacional,Manteiga de manga_Julho_355
0.96,4.58,32.37,7.0,ISO-HACCP,Manteiga de manga_Julho_356
1.05,2.79,34.3,10.0,Internacional,Manteiga de manga_Julho_357
0.43,1.01,33.04,7.0,ANVISA,Manteiga de manga_Julho_358
0.13,4.0,31.91,8.0,ANVISA,Manteiga de manga_Julho_359
0.42,1.42,33.65,8.0,ANVISA,Manteiga de manga_Julho_360
0.97,4.96,32.73,6.0,Nenhuma,Manteiga de manga_Julho_361
0.33,2.36,31.8,8.0,Internacional,Manteiga de manga_Julho_362
0.72,6.27,34.6,9.0,Nenhuma,Manteiga de manga_Julho_363
0.1,3.12,38.41,7.0,ISO-HACCP,Manteiga de manga_Julho_364
0.6,5.67,34.1,7.0,Nenhuma,Manteiga de manga_Julho_365
0.42,4.19,31.36,7.0,Internacional,Manteiga de manga_Julho_366
0.59,4.73,32.97,9.0,Nenhuma,Manteiga de manga_Julho_367
0.63,5.39,32.04,8.0,Internacional,Manteiga de manga_Julho_368
0.26,2.93,30.68,6.0,ISO-HACCP,Manteiga de manga_Julho_369
0.1,6.12,30.95,9.0,ANVISA,Manteiga de manga_Julho_370
0.64,5.62,29.59,8.0,Internacional,Manteiga de manga_Julho_371
0.76,4.85,29.98,8.0,ANVISA,Manteiga de manga_Julho_372
0.72,7.12,35.13,6.0,ANVISA,Manteiga de manga_Julho_373
0.78,5.18,35.41,7.0,Internacional,Manteiga de manga_Julho_374
0.54,2.95,32.36,7.0,ISO-HACCP,Manteiga de manga_Julho_375
0.92,3.82,32.66,9.0,ANVISA,Manteiga de manga_Julho_376
0.68,5.19,32.54,9.0,ISO-HACCP,Manteiga de manga_Julho_377
0.33,4.76,30.42,8.0,ANVISA,Manteiga de manga_Julho_378
0.58,4.21,33.77,9.0,ISO-HACCP,Manteiga de manga_Julho_379
0.74,3.17,32.97,7.0,ANVISA,Manteiga de manga_Julho_380
0.78,6.13,35.48,8.0,ISO-HACCP,Manteiga de manga_Julho_381
0.75,4.89,32.88,6.0,ISO-HACCP,Manteiga de manga_Julho_382
0.73,5.05,36.29,8.0,Internacional,Manteiga de manga_Julho_383
0.82,3.66,30.82,6.0,ISO-HACCP,Manteiga de manga_Julho_384
0.9,4.48,34.12,7.0,ANVISA,Manteiga de manga_Julho_385
0.17,4.94,35.61,10.0,ISO-HACCP,Manteiga de manga_Julho_386
0.47,1.75,29.34,8.0,Internacional,Manteiga de manga_Julho_387
0.81,3.96,30.24,6.0,Internacional,Manteiga de manga_Julho_388
1.02,2.62,32.63,9.0,Nenhuma,Manteiga de manga_Julho_389
0.59,4.83,33.84,9.0,ISO-HACCP,Manteiga de manga_Julho_390
0.62,3.3,34.95,10.0,ISO-HACCP,Manteiga de manga_Julho_391
1.04,1.0,30.78,8.0,Internacional,Manteiga de manga_Julho_392
0.84,2.49,34.66,9.0,Internacional,Manteiga de manga_Julho_393
0.47,2.87,32.2,7.0,,Manteiga de manga_Julho_394
0.12,4.77,31.03,7.0,ISO-HACCP,Manteiga de manga_Julho_395
0.61,2.55,33.91,7.0,ISO-HACCP,Manteiga de manga_Julho_396
0.1,1.0,28.94,8.0,ISO-HACCP,Manteiga de manga_Julho_397
0.75,4.72,28.86,6.0,ISO-HACCP,Manteiga de manga_Julho_398
0.9,3.01,33.41,9.0,Internacional,Manteiga de manga_Julho_399
0.31,3.61,30.59,9.0,ANVISA,Manteiga de manga_Julho_400
1.03,3.51,32.78,9.0,ANVISA,Manteiga de manga_Julho_401
0.31,5.46,35.46,6.0,Internacional,Manteiga de manga_Julho_402
0.93,5.94,36.95,9.0,ISO-HACCP,Manteiga de manga_Julho_403
0.41,2.32,32.23,6.0,ISO-HACCP,Manteiga de manga_Julho_404
0.73,3.85,35.82,9.0,ISO-HACCP,Manteiga de manga_Julho_405
0.37,5.06,33.72,8.0,Internacional,Manteiga de manga_Julho_406
0.48,2.31,32.43,10.0,Internacional,Manteiga de manga_Julho_407
0.53,5.34,34.69,10.0,Internacional,Manteiga de manga_Julho_408
0.9,4.72,31.85,9.0,Internacional,Manteiga de manga_Julho_409
0.87,5.85,31.55,9.0,ANVISA,Manteiga de manga_Julho_410
0.23,4.67,30.89,7.0,Nenhuma,Manteiga de manga_Julho_411
0.64,3.0,34.38,7.0,Internacional,Manteiga de manga_Julho_412
0.59,7.04,36.63,6.0,ANVISA,Manteiga de manga_Julho_413
0.1,5.69,33.14,8.0,ANVISA,Manteiga de manga_Julho_414
0.84,3.13,31.98,8.0,Nenhuma,Manteiga de manga_Julho_415
0.41,3.51,34.48,8.0,Nenhuma,Manteiga de manga_Julho_416
0.9,4.43,30.98,7.0,Internacional,Manteiga de manga_Julho_417
0.98,5.09,29.43,10.0,ISO-HACCP,Manteiga de manga_Julho_418
0.31,2.55,35.57,8.0,ISO-HACCP,Manteiga de manga_Julho_419
0.38,7.54,34.98,7.0,ISO-HACCP,Manteiga de manga_Julho_420
0.2,6.24,30.61,7.0,Internacional,Manteiga de manga_Julho_421
0.47,3.63,31.16,7.0,ISO-HACCP,Manteiga de manga_Julho_422
0.15,5.98,31.25,10.0,ANVISA,Manteiga de manga_Julho_423
0.4,4.79,34.53,9.0,ISO-HACCP,Manteiga de manga_Julho_424
0.72,1.39,33.48,8.0,Nenhuma,Manteiga de manga_Julho_425
0.57,1.92,33.35,9.0,Internacional,Manteiga de manga_Julho_426
0.76,7.21,36.19,9.0,Internacional,Manteiga de manga_Julho_427
0.48,2.86,33.49,9.0,Internacional,Manteiga de manga_Julho_428
0.98,2.76,31.65,7.0,ISO-HACCP,Manteiga de manga_Julho_429
0.86,3.24,35.0,8.0,ISO-HACCP,Manteiga de manga_Julho_430
0.64,3.17,31.49,9.0,ANVISA,Manteiga de manga_Julho_431
0.44,1.32,31.82,7.0,Internacional,Manteiga de manga_Julho_432
0.53,2.7,30.56,10.0,ISO-HACCP,Manteiga de manga_Julho_433
0.42,2.92,34.99,8.0,ISO-HACCP,Manteiga de manga_Julho_434
0.76,4.54,35.01,5.0,ANVISA,Manteiga de manga_Julho_435
0.57,2.67,28.0,8.0,ANVISA,Manteiga de manga_Julho_436
0.68,4.0,28.95,8.0,Internacional,Manteiga de manga_Julho_437
0.47,3.84,32.83,7.0,Internacional,Manteiga de manga_Julho_438
0.39,3.89,33.1,7.0,Internacional,Manteiga de manga_Julho_439
0.71,6.52,32.5,8.0,Nenhuma,Manteiga de manga_Julho_440
0.31,3.7,34.21,9.0,ISO-HACCP,Manteiga de manga_Julho_441
0.98,4.12,31.65,7.0,ISO-HACCP,Manteiga de manga_Julho_442
0.67,3.85,35.33,7.0,Internacional,Manteiga de manga_Julho_443
0.51,1.15,35.76,8.0,ANVISA,Manteiga de manga_Julho_444
0.82,3.58,34.67,9.0,ISO-HACCP,Manteiga de manga_Julho_445
0.59,1.43,30.91,7.0,ISO-HACCP,Manteiga de manga_Julho_446
0.67,4.56,32.88,9.0,ANVISA,Manteiga de manga_Julho_447
1.03,4.3,33.07,9.0,ANVISA,Manteiga de manga_Julho_448
0.5,3.42,35.68,8.0,ANVISA,Manteiga de manga_Julho_449
0.46,1.0,34.41,10.0,Nenhuma,Manteiga de manga_Julho_450
0.89,4.56,30.86,6.0,ISO-HACCP,Manteiga de manga_Julho_451
0.37,4.99,34.09,8.0,ANVISA,Manteiga de manga_Julho_452
0.68,5.86,32.0,7.0,Internacional,Manteiga de manga_Julho_453
0.61,4.6,32.97,7.0,ISO-HACCP,Manteiga de manga_Julho_454
0.63,3.42,33.64,7.0,ANVISA,Manteiga de manga_Julho_455
0.49,3.91,34.37,7.0,ANVISA,Manteiga de manga_Julho_456
1.13,3.9,33.0,7.0,Nenhuma,Manteiga de manga_Julho_457
0.23,3.71,31.18,7.0,Internacional,Manteiga de manga_Julho_458
0.3,3.74,32.06,7.0,ISO-HACCP,Manteiga de manga_Julho_459
0.94,4.82,34.53,9.0,Internacional,Manteiga de manga_Julho_460
0.74,3.59,35.0,8.0,Internacional,Manteiga de manga_Julho_461
0.8,5.76,32.51,6.0,ANVISA,Manteiga de manga_Julho_462
0.47,3.73,34.35,8.0,Internacional,Manteiga de manga_Julho_463
0.73,2.54,33.58,8.0,Internacional,Manteiga de manga_Julho_464
0.46,5.39,35.31,9.0,ANVISA,Manteiga de manga_Julho_465
0.56,6.2,30.11,8.0,Nenhuma,Manteiga de manga_Julho_466
0.45,4.29,35.61,8.0,ISO-HACCP,Manteiga de manga_Julho_467
0.91,6.32,34.54,7.0,Internacional,Manteiga de manga_Julho_468
0.57,5.53,34.0,7.0,Internacional,Manteiga de manga_Julho_469
0.69,4.51,33.37,8.0,ISO-HACCP,Manteiga de manga_Julho_470
0.73,2.39,30.41,7.0,ISO-HACCP,Manteiga de manga_Julho_471
0.85,2.94,37.36,8.0,ANVISA,Manteiga de manga_Julho_472
0.91,6.78,34.35,5.0,ANVISA,Manteiga de manga_Julho_473
1.08,3.08,32.41,9.0,ISO-HACCP,Manteiga de manga_Julho_474
0.94,2.86,31.91,9.0,ANVISA,Manteiga de manga_Julho_475
0.48,4.05,29.75,8.0,Internacional,Manteiga de manga_Julho_476
0.95,2.65,34.6,6.0,ANVISA,Manteiga de manga_Julho_477
0.24,9.5,35.0,8.0,ANVISA,Manteiga de manga_Julho_478
0.35,5.2,34.87,8.0,Internacional,Manteiga de manga_Julho_479
0.33,2.98,37.72,9.0,Internacional,Manteiga de manga_Julho_480
0.11,5.1,31.59,8.0,Internacional,Manteiga de manga_Julho_481
0.3,5.47,33.76,9.0,ANVISA,Manteiga de manga_Julho_482
0.45,4.43,32.82,9.0,ANVISA,Manteiga de manga_Julho_483
0.8,4.9,31.53,6.0,Internacional,Manteiga de manga_Julho_484
0.46,2.44,31.97,6.0,Internacional,Manteiga de manga_Julho_485
0.31,4.28,30.45,7.0,Internacional,Manteiga de manga_Julho_486
0.41,2.11,33.56,9.0,Internacional,Manteiga de manga_Julho_487
0.98,4.04,32.13,7.0,ISO-HACCP,Manteiga de manga_Julho_488
0.31,5.08,32.75,7.0,Internacional,Manteiga de manga_Julho_489
0.73,2.13,29.97,8.0,ANVISA,Manteiga de manga_Julho_490
0.46,5.0,34.98,8.0,Nenhuma,Manteiga de manga_Julho_491
0.65,1.97,28.78,8.0,ISO-HACCP,Manteiga de manga_Julho_492
0.22,1.25,34.72,9.0,ISO-HACCP,Manteiga de manga_Julho_493
0.41,3.21,33.94,7.0,Internacional,Manteiga de manga_Julho_494
0.91,4.22,33.9,7.0,ISO-HACCP,Manteiga de manga_Julho_495
0.44,4.67,32.19,6.0,Nenhuma,Manteiga de manga_Julho_496
0.38,4.05,30.3,7.0,ISO-HACCP,Manteiga de manga_Julho_497
0.24,4.68,35.71,7.0,ANVISA,Manteiga de manga_Julho_498
0.6,6.85,31.08,7.0,ANVISA,Manteiga de manga_Julho_499
0.68,5.92,32.31,8.0,ANVISA,Manteiga de manga_Julho_500
0.86,2.73,33.77,8.0,Internacional,Manteiga de manga_Julho_501
0.43,4.56,31.08,6.0,Internacional,Manteiga de manga_Julho_502
0.47,4.34,29.44,8.0,ANVISA,Manteiga de manga_Julho_503
0.33,2.59,32.1,9.0,Internacional,Manteiga de manga_Julho_504
1.27,2.39,32.91,7.0,ANVISA,Manteiga de manga_Julho_505
0.36,3.96,36.58,6.0,Internacional,Manteiga de manga_Julho_506
0.21,5.17,32.3,9.0,Internacional,Manteiga de manga_Julho_507
0.45,3.06,34.58,8.0,ANVISA,Manteiga de manga_Julho_508
0.52,4.33,33.29,7.0,,Manteiga de manga_Julho_509
0.81,3.72,31.16,8.0,,Manteiga de manga_Julho_510
0.48,3.16,35.78,7.0,Internacional,Manteiga de manga_Julho_511
0.65,2.38,33.71,6.0,Internacional,Manteiga de manga_Julho_512
0.48,2.13,31.57,7.0,ISO-HACCP,Manteiga de manga_Julho_513
0.77,5.3,28.0,6.0,ISO-HACCP,Manteiga de manga_Julho_514
0.1,3.75,32.86,10.0,ISO-HACCP,Manteiga de manga_Julho_515
0.67,5.18,30.92,9.0,Internacional,Manteiga de manga_Julho_516
0.86,5.97,35.63,9.0,ISO-HACCP,Manteiga de manga_Julho_517
0.38,4.96,31.23,7.0,ANVISA,Manteiga de manga_Julho_518
0.53,4.82,32.34,9.0,ISO-HACCP,Manteiga de manga_Julho_519
0.15,4.2,31.46,7.0,Internacional,Manteiga de manga_Julho_520
0.62,2.98,36.53,9.0,Internacional,Manteiga de manga_Julho_521
0.89,3.82,36.97,8.0,ISO-HACCP,Manteiga de manga_Julho_522
0.48,3.94,33.25,8.0,Internacional,Manteiga de manga_Julho_523
0.68,2.59,34.24,7.0,ANVISA,Manteiga de manga_Julho_524
0.57,3.62,30.45,9.0,Internacional,Manteiga de manga_Julho_525
0.87,3.58,30.9,9.0,ISO-HACCP,Manteiga de manga_Agosto_0
0.82,5.21,31.23,9.0,,Manteiga de manga_Agosto_1
0.22,4.67,28.0,8.0,,Manteiga de manga_Agosto_2
0.29,4.45,31.6,9.0,Internacional,Manteiga de manga_Agosto_3
0.38,4.48,30.33,10.0,Internacional,Manteiga de manga_Agosto_4
0.76,3.36,34.24,7.0,ISO-HACCP,Manteiga de manga_Agosto_5
0.81,4.92,36.44,8.0,ANVISA,Manteiga de manga_Agosto_6
0.78,3.53,36.06,8.0,Internacional,Manteiga de manga_Agosto_7
0.99,5.07,28.55,8.0,ANVISA,Manteiga de manga_Agosto_8
0.6,4.31,31.24,8.0,Internacional,Manteiga de manga_Agosto_9
0.92,5.12,31.37,8.0,ISO-HACCP,Manteiga de manga_Agosto_10
0.74,4.34,36.63,8.0,Internacional,Manteiga de manga_Agosto_11
0.1,5.46,33.28,8.0,ISO-HACCP,Manteiga de manga_Agosto_12
0.92,4.14,30.86,8.0,Internacional,Manteiga de manga_Agosto_13
0.14,1.0,30.0,10.0,Nenhuma,Manteiga de manga_Agosto_14
0.41,5.55,28.0,7.0,Internacional,Manteiga de manga_Agosto_15
0.44,5.44,32.43,6.0,Internacional,Manteiga de manga_Agosto_16
0.73,3.27,36.37,7.0,ISO-HACCP,Manteiga de manga_Agosto_17
0.86,2.2,29.63,6.0,ISO-HACCP,Manteiga de manga_Agosto_18
0.44,5.26,32.24,9.0,ISO-HACCP,Manteiga de manga_Agosto_19
0.91,4.34,37.95,8.0,Internacional,Manteiga de manga_Agosto_20
0.6,4.17,36.4,8.0,Internacional,Manteiga de manga_Agosto_21
0.86,3.68,31.58,7.0,Nenhuma,Manteiga de manga_Agosto_22
0.7,4.8,35.33,9.0,ISO-HACCP,Manteiga de manga_Agosto_23
1.02,4.63,38.06,6.0,Internacional,Manteiga de manga_Agosto_24
0.7,6.04,31.17,9.0,ANVISA,Manteiga de manga_Agosto_25
0.34,5.12,32.88,10.0,ISO-HACCP,Manteiga de manga_Agosto_26
0.37,3.76,35.28,9.0,ISO-HACCP,Manteiga de manga_Agosto_27
0.85,3.79,32.86,6.0,Internacional,Manteiga de manga_Agosto_28
0.48,4.22,33.76,8.0,ANVISA,Manteiga de manga_Agosto_29
0.25,3.44,29.55,9.0,Internacional,Manteiga de manga_Agosto_30
0.38,4.73,33.07,8.0,ISO-HACCP,Manteiga de manga_Agosto_31
0.78,4.59,36.32,7.0,Internacional,Manteiga de manga_Agosto_32
0.58,1.48,28.49,8.0,ANVISA,Manteiga de manga_Agosto_33
0.8,4.31,34.59,10.0,Internacional,Manteiga de manga_Agosto_34
0.61,4.09,31.11,8.0,Internacional,Manteiga de manga_Agosto_35
0.76,3.52,33.35,8.0,,Manteiga de manga_Agosto_36
0.82,5.44,33.2,8.0,ISO-HACCP,Manteiga de manga_Agosto_37
0.43,6.14,34.57,7.0,Internacional,Manteiga de manga_Agosto_38
0.41,3.27,29.86,8.0,ANVISA,Manteiga de manga_Agosto_39
0.74,6.14,33.27,7.0,ISO-HACCP,Manteiga de manga_Agosto_40
0.88,5.1,29.86,6.0,Internacional,Manteiga de manga_Agosto_41
0.6,3.48,33.7,7.0,ANVISA,Manteiga de manga_Agosto_42
0.28,5.13,34.36,9.0,Internacional,Manteiga de manga_Agosto_43
0.57,3.13,33.67,8.0,ANVISA,Manteiga de manga_Agosto_44
0.39,3.36,35.21,9.0,ISO-HACCP,Manteiga de manga_Agosto_45
0.46,3.65,35.69,9.0,Internacional,Manteiga de manga_Agosto_46
0.59,4.78,30.54,9.0,ISO-HACCP,Manteiga de manga_Agosto_47
1.2,1.75,34.15,7.0,Internacional,Manteiga de manga_Agosto_48
1.02,3.75,35.22,7.0,Internacional,Manteiga de manga_Agosto_49
0.38,6.29,34.9,8.0,Internacional,Manteiga de manga_Agosto_50
0.51,3.94,30.24,8.0,ISO-HACCP,Manteiga de manga_Agosto_51
0.58,3.51,34.14,9.0,ANVISA,Manteiga de manga_Agosto_52
0.84,4.11,36.06,9.0,Internacional,Manteiga de manga_Agosto_53
0.25,1.0,32.8,10.0,ANVISA,Manteiga de manga_Agosto_54
0.84,5.21,35.13,9.0,ANVISA,Manteiga de manga_Agosto_55
0.32,3.88,36.86,8.0,Internacional,Manteiga de manga_Agosto_56
0.35,4.7,33.64,7.0,ANVISA,Manteiga de manga_Agosto_57
0.71,5.77,30.88,6.0,ANVISA,Manteiga de manga_Agosto_58
0.82,6.95,34.76,8.0,Internacional,Manteiga de manga_Agosto_59
0.33,6.87,30.68,8.0,Internacional,Manteiga de manga_Agosto_60
0.91,4.33,31.86,8.0,ISO-HACCP,Manteiga de manga_Agosto_61
0.42,4.28,30.98,8.0,Internacional,Manteiga de manga_Agosto_62
1.08,1.66,33.11,8.0,Internacional,Manteiga de manga_Agosto_63
0.44,4.08,36.22,9.0,ISO-HACCP,Manteiga de manga_Agosto_64
0.29,1.8,31.99,7.0,ISO-HACCP,Manteiga de manga_Agosto_65
0.47,1.64,32.55,8.0,ISO-HACCP,Manteiga de manga_Agosto_66
0.35,4.59,28.77,9.0,ANVISA,Manteiga de manga_Agosto_67
0.25,5.29,33.27,8.0,Internacional,Manteiga de manga_Agosto_68
0.66,1.0,34.19,6.0,ISO-HACCP,Manteiga de manga_Agosto_69
0.15,3.6,30.27,7.826709526592636,Internacional,Manteiga de manga_Agosto_70
0.58,3.98,32.41,8.0,ANVISA,Manteiga de manga_Agosto_71
0.6,3.24,31.35,8.0,Internacional,Manteiga de manga_Agosto_72
0.46,3.41,36.44,8.0,Internacional,Manteiga de manga_Agosto_73
0.67,4.98,34.99,7.0,Internacional,Manteiga de manga_Agosto_74
0.56,5.22,33.14,9.0,ISO-HACCP,Manteiga de manga_Agosto_75
0.48,5.33,35.09,6.0,ANVISA,Manteiga de manga_Agosto_76
0.52,4.26,29.44,7.0,Internacional,Manteiga de manga_Agosto_77
0.98,7.39,30.97,9.0,ISO-HACCP,Manteiga de manga_Agosto_78
1.09,7.84,33.99,8.0,Nenhuma,Manteiga de manga_Agosto_79
0.34,5.12,32.05,5.0,ISO-HACCP,Manteiga de manga_Agosto_80
0.84,5.33,30.57,7.0,Internacional,Manteiga de manga_Agosto_81
0.67,2.25,32.78,7.0,ANVISA,Manteiga de manga_Agosto_82
0.7,2.23,30.92,8.0,ISO-HACCP,Manteiga de manga_Agosto_83
0.64,5.35,30.43,10.0,Internacional,Manteiga de manga_Agosto_84
0.67,3.44,33.77,10.0,Internacional,Manteiga de manga_Agosto_85
0.5,4.03,35.13,7.0,Nenhuma,Manteiga de manga_Agosto_86
0.69,1.37,33.14,7.0,ISO-HACCP,Manteiga de manga_Agosto_87
1.12,6.36,32.24,8.0,ANVISA,Manteiga de manga_Agosto_88
0.34,2.48,32.83,6.0,Internacional,Manteiga de manga_Agosto_89
0.38,4.51,35.3,7.0,ISO-HACCP,Manteiga de manga_Agosto_90
0.97,1.51,34.24,8.0,ISO-HACCP,Manteiga de manga_Agosto_91
0.19,5.18,31.68,7.0,ANVISA,Manteiga de manga_Agosto_92
0.5,4.43,34.88,8.0,Internacional,Manteiga de manga_Agosto_93
0.12,5.64,33.23,8.0,Internacional,Manteiga de manga_Agosto_94
0.6,3.37,37.27,6.0,Internacional,Manteiga de manga_Agosto_95
0.84,4.38,37.42,8.0,Internacional,Manteiga de manga_Agosto_96
0.46,6.97,29.98,7.0,ANVISA,Manteiga de manga_Agosto_97
0.49,3.65,34.22,8.0,ANVISA,Manteiga de manga_Agosto_98
0.57,6.0,35.16,6.0,ANVISA,Manteiga de manga_Agosto_99
0.51,5.64,33.56,7.0,Internacional,Manteiga de manga_Agosto_100
0.28,3.39,34.33,8.0,Internacional,Manteiga de manga_Agosto_101
1.09,2.39,33.11,8.0,ANVISA,Manteiga de manga_Agosto_102
0.67,1.0,33.92,7.0,ISO-HACCP,Manteiga de manga_Agosto_103
0.34,1.36,38.06,10.0,ISO-HACCP,Manteiga de manga_Agosto_104
0.37,4.76,32.35,7.826709526592636,Internacional,Manteiga de manga_Agosto_105
0.33,4.26,32.66,6.0,ISO-HACCP,Manteiga de manga_Agosto_106
0.73,6.91,36.36,7.0,ANVISA,Manteiga de manga_Agosto_107
0.36,5.26,29.9,7.0,Internacional,Manteiga de manga_Agosto_108
0.86,7.12,29.0,8.0,ISO-HACCP,Manteiga de manga_Agosto_109
0.7,3.07,32.55,8.0,ISO-HACCP,Manteiga de manga_Agosto_110
0.86,3.92,31.72,8.0,ANVISA,Manteiga de manga_Agosto_111
0.69,3.71,39.35,6.0,ANVISA,Manteiga de manga_Agosto_112
0.31,1.0,33.61,8.0,Internacional,Manteiga de manga_Agosto_113
0.83,3.95,30.91,9.0,Internacional,Manteiga de manga_Agosto_114
0.34,5.68,33.68,9.0,ANVISA,Manteiga de manga_Agosto_115
0.72,3.2,32.79,9.0,ANVISA,Manteiga de manga_Agosto_116
0.85,1.0,35.64,9.0,ISO-HACCP,Manteiga de manga_Agosto_117
0.53,5.45,35.77,9.0,ANVISA,Manteiga de manga_Agosto_118
0.67,4.83,36.0,9.0,Internacional,Manteiga de manga_Agosto_119
0.87,4.62,35.22,6.0,Nenhuma,Manteiga de manga_Agosto_120
0.65,2.0,35.74,8.0,ISO-HACCP,Manteiga de manga_Agosto_121
0.31,5.95,36.94,6.0,ISO-HACCP,Manteiga de manga_Agosto_122
0.43,2.81,31.52,9.0,ISO-HACCP,Manteiga de manga_Agosto_123
0.85,5.57,30.44,8.0,Nenhuma,Manteiga de manga_Agosto_124
0.42,5.57,31.96,9.0,Internacional,Manteiga de manga_Agosto_125
0.84,4.2,35.08,7.0,ISO-HACCP,Manteiga de manga_Agosto_126
1.03,1.5,28.0,7.0,Internacional,Manteiga de manga_Agosto_127
0.39,6.0,33.44,8.0,Internacional,Manteiga de manga_Agosto_128
0.3,5.48,35.27,9.0,ISO-HACCP,Manteiga de manga_Agosto_129
0.94,3.88,30.02,7.0,ISO-HACCP,Manteiga de manga_Agosto_130
0.47,6.25,31.99,10.0,ANVISA,Manteiga de manga_Agosto_131
0.63,3.41,29.57,9.0,Internacional,Manteiga de manga_Agosto_132
0.43,3.96,32.56,8.0,Internacional,Manteiga de manga_Agosto_133
0.54,3.06,33.53,8.0,ISO-HACCP,Manteiga de manga_Agosto_134
0.75,2.49,34.06,9.0,Nenhuma,Manteiga de manga_Agosto_135
0.26,5.78,34.29,7.0,ISO-HACCP,Manteiga de manga_Agosto_136
0.94,3.69,33.99,7.0,Internacional,Manteiga de manga_Agosto_137
0.56,5.27,32.96,7.0,ANVISA,Manteiga de manga_Agosto_138
0.64,2.78,32.06,9.0,ISO-HACCP,Manteiga de manga_Agosto_139
0.54,2.35,33.68,8.0,Internacional,Manteiga de manga_Agosto_140
0.79,4.34,33.35,9.0,ISO-HACCP,Manteiga de manga_Agosto_141
0.43,4.35,35.49,9.0,ISO-HACCP,Manteiga de manga_Agosto_142
0.66,3.18,31.05,6.0,ANVISA,Manteiga de manga_Agosto_143
0.49,5.3,31.51,8.0,ANVISA,Manteiga de manga_Agosto_144
0.6,2.98,37.41,10.0,ISO-HACCP,Manteiga de manga_Agosto_145
0.4,3.83,35.1,7.0,Internacional,Manteiga de manga_Agosto_146
0.4,3.45,30.71,7.0,ANVISA,Manteiga de manga_Agosto_147
0.58,2.86,34.91,10.0,Internacional,Manteiga de manga_Agosto_148
0.66,2.61,31.6,8.0,ANVISA,Manteiga de manga_Agosto_149
0.86,3.06,29.6,9.0,Internacional,Manteiga de manga_Agosto_150
0.57,3.2,29.73,9.0,Internacional,Manteiga de manga_Agosto_151
0.3,6.23,35.11,7.0,ISO-HACCP,Manteiga de manga_Agosto_152
0.57,6.79,28.99,9.0,ANVISA,Manteiga de manga_Agosto_153
0.39,2.89,33.14,7.826709526592636,ISO-HACCP,Manteiga de manga_Agosto_154
0.53,6.84,30.57,6.0,ANVISA,Manteiga de manga_Agosto_155
0.36,3.54,30.23,9.0,ISO-HACCP,Manteiga de manga_Agosto_156
0.46,5.25,31.09,8.0,Internacional,Manteiga de manga_Agosto_157
0.83,3.78,31.98,9.0,Internacional,Manteiga de manga_Agosto_158
0.53,4.19,34.03,9.0,Internacional,Manteiga de manga_Agosto_159
0.65,3.93,28.9,8.0,ISO-HACCP,Manteiga de manga_Agosto_160
0.89,5.61,34.87,7.0,Internacional,Manteiga de manga_Agosto_161
1.0,1.18,30.23,6.0,ISO-HACCP,Manteiga de manga_Agosto_162
0.59,3.92,28.71,8.0,Nenhuma,Manteiga de manga_Agosto_163
0.72,5.68,31.18,8.0,Internacional,Manteiga de manga_Agosto_164
0.4,6.24,33.25,8.0,ANVISA,Manteiga de manga_Agosto_165
0.41,4.67,28.85,8.0,ANVISA,Manteiga de manga_Agosto_166
0.53,5.7,30.92,7.0,ANVISA,Manteiga de manga_Agosto_167
0.95,2.82,33.16,7.0,ISO-HACCP,Manteiga de manga_Agosto_168
0.59,6.21,33.3,8.0,Internacional,Manteiga de manga_Agosto_169
0.9,7.56,34.88,7.0,ISO-HACCP,Manteiga de manga_Agosto_170
0.15,8.82,32.87,7.0,Internacional,Manteiga de manga_Agosto_171
0.1,3.4,35.51,8.0,ANVISA,Manteiga de manga_Agosto_172
0.78,6.15,34.13,6.0,Internacional,Manteiga de manga_Agosto_173
0.71,5.41,35.11,10.0,ISO-HACCP,Manteiga de manga_Agosto_174
0.67,5.01,31.69,9.0,ANVISA,Manteiga de manga_Agosto_175
0.48,8.66,34.56,8.0,Internacional,Manteiga de manga_Agosto_176
0.1,3.2,31.09,9.0,ANVISA,Manteiga de manga_Agosto_177
0.59,3.54,32.85,9.0,Internacional,Manteiga de manga_Agosto_178
0.69,5.61,28.0,5.0,Nenhuma,Manteiga de manga_Agosto_179
0.62,3.09,34.01,9.0,Internacional,Manteiga de manga_Agosto_180
0.56,2.95,33.03,7.0,ISO-HACCP,Manteiga de manga_Agosto_181
1.26,5.0,32.91,8.0,Nenhuma,Manteiga de manga_Agosto_182
0.46,3.24,36.54,5.0,Internacional,Manteiga de manga_Agosto_183
0.35,6.56,30.75,8.0,ISO-HACCP,Manteiga de manga_Agosto_184
0.51,2.38,32.09,9.0,ANVISA,Manteiga de manga_Agosto_185
0.46,2.34,35.18,8.0,ANVISA,Manteiga de manga_Agosto_186
0.7,5.67,28.0,7.826709526592636,Nenhuma,Manteiga de manga_Agosto_187
0.9,1.35,30.77,8.0,Internacional,Manteiga de manga_Agosto_188
0.86,5.16,39.09,8.0,ISO-HACCP,Manteiga de manga_Agosto_189
0.98,1.03,28.31,9.0,ANVISA,Manteiga de manga_Agosto_190
0.25,3.85,30.36,7.0,Nenhuma,Manteiga de manga_Agosto_191
0.96,4.79,32.81,7.0,ANVISA,Manteiga de manga_Agosto_192
0.2,6.04,30.83,8.0,Nenhuma,Manteiga de manga_Agosto_193
1.01,4.88,29.67,6.0,ANVISA,Manteiga de manga_Agosto_194
0.54,2.49,33.63,9.0,ISO-HACCP,Manteiga de manga_Agosto_195
0.5,4.17,31.84,7.0,Internacional,Manteiga de manga_Agosto_196
0.65,5.4,30.75,8.0,Internacional,Manteiga de manga_Agosto_197
0.96,5.42,31.6,9.0,ANVISA,Manteiga de manga_Agosto_198
0.1,4.03,32.29,7.0,ANVISA,Manteiga de manga_Agosto_199
0.41,3.57,31.6,10.0,ISO-HACCP,Manteiga de manga_Agosto_200
1.04,3.79,32.6,9.0,ISO-HACCP,Manteiga de manga_Agosto_201
0.71,1.74,36.07,6.0,ANVISA,Manteiga de manga_Agosto_202
0.43,6.08,35.25,10.0,Internacional,Manteiga de manga_Agosto_203
0.58,2.55,34.01,9.0,Internacional,Manteiga de manga_Agosto_204
0.47,8.89,33.05,8.0,Nenhuma,Manteiga de manga_Agosto_205
0.7,4.2,30.29,8.0,ISO-HACCP,Manteiga de manga_Agosto_206
0.81,3.56,33.12,8.0,ISO-HACCP,Manteiga de manga_Agosto_207
0.51,5.23,31.28,6.0,Internacional,Manteiga de manga_Agosto_208
0.38,2.53,34.44,6.0,ANVISA,Manteiga de manga_Agosto_209
0.34,2.52,30.51,8.0,Internacional,Manteiga de manga_Agosto_210
0.29,5.84,34.85,7.0,ANVISA,Manteiga de manga_Agosto_211
0.56,4.97,33.69,7.0,Internacional,Manteiga de manga_Agosto_212
0.82,2.34,32.7,9.0,Internacional,Manteiga de manga_Agosto_213
0.88,4.05,31.19,8.0,Internacional,Manteiga de manga_Agosto_214
0.65,4.95,34.57,10.0,ISO-HACCP,Manteiga de manga_Agosto_215
0.38,4.19,32.85,9.0,ISO-HACCP,Manteiga de manga_Agosto_216
0.56,4.9,31.02,7.0,Internacional,Manteiga de manga_Agosto_217
0.91,4.9,31.37,6.0,Nenhuma,Manteiga de manga_Agosto_218
0.69,2.06,33.99,7.0,ANVISA,Manteiga de manga_Agosto_219
0.33,2.33,35.78,8.0,Nenhuma,Manteiga de manga_Agosto_220
0.35,4.56,34.33,9.0,ISO-HACCP,Manteiga de manga_Agosto_221
0.77,1.93,33.24,8.0,Internacional,Manteiga de manga_Agosto_222
0.58,4.83,33.23,8.0,ANVISA,Manteiga de manga_Agosto_223
0.19,6.95,34.97,8.0,Internacional,Manteiga de manga_Agosto_224
0.65,3.43,35.24,6.0,Internacional,Manteiga de manga_Agosto_225
0.69,1.28,32.65,10.0,ISO-HACCP,Manteiga de manga_Agosto_226
0.73,7.08,33.26,9.0,ISO-HACCP,Manteiga de manga_Agosto_227
0.42,4.02,37.17,9.0,ANVISA,Manteiga de manga_Agosto_228
0.33,4.24,32.7,8.0,Internacional,Manteiga de manga_Agosto_229
0.67,4.07,35.59,8.0,Internacional,Manteiga de manga_Agosto_230
0.42,3.74,32.39,8.0,Nenhuma,Manteiga de manga_Agosto_231
0.28,3.85,34.5,9.0,ANVISA,Manteiga de manga_Agosto_232
0.47,1.15,30.99,7.0,Nenhuma,Manteiga de manga_Agosto_233
0.3,4.56,37.87,6.0,Nenhuma,Manteiga de manga_Agosto_234
0.89,3.93,29.85,7.0,Internacional,Manteiga de manga_Agosto_235
0.26,1.55,33.44,9.0,Internacional,Manteiga de manga_Agosto_236
1.14,3.86,34.77,8.0,ISO-HACCP,Manteiga de manga_Agosto_237
0.88,2.86,33.92,5.0,ISO-HACCP,Manteiga de manga_Agosto_238
0.77,3.57,31.25,8.0,ANVISA,Manteiga de manga_Agosto_239
0.57,5.34,33.36,9.0,ANVISA,Manteiga de manga_Agosto_240
0.97,2.17,33.51,7.0,,Manteiga de manga_Agosto_241
0.7,5.83,32.51,5.0,ANVISA,Manteiga de manga_Agosto_242
0.67,3.36,31.26,9.0,Internacional,Manteiga de manga_Agosto_243
0.57,3.76,34.41,10.0,Internacional,Manteiga de manga_Agosto_244
0.72,5.73,36.25,9.0,ISO-HACCP,Manteiga de manga_Agosto_245
0.72,5.02,35.53,10.0,Internacional,Manteiga de manga_Agosto_246
0.51,3.98,28.64,8.0,ANVISA,Manteiga de manga_Agosto_247
0.84,5.53,30.97,9.0,ANVISA,Manteiga de manga_Agosto_248
0.38,1.1,31.59,10.0,Internacional,Manteiga de manga_Agosto_249
0.61,6.49,32.29,6.0,Internacional,Manteiga de manga_Agosto_250
0.62,4.65,33.86,8.0,ANVISA,Manteiga de manga_Agosto_251
0.76,5.72,31.84,7.0,,Manteiga de manga_Agosto_252
0.64,6.03,38.13,8.0,Internacional,Manteiga de manga_Agosto_253
0.62,5.05,33.66,7.826709526592636,ISO-HACCP,Manteiga de manga_Agosto_254
0.69,3.37,29.81,6.0,Internacional,Manteiga de manga_Agosto_255
0.98,6.08,36.71,9.0,Internacional,Manteiga de manga_Agosto_256
0.71,3.04,36.49,9.0,ANVISA,Manteiga de manga_Agosto_257
0.52,6.11,31.13,8.0,Internacional,Manteiga de manga_Agosto_258
0.44,5.08,31.11,8.0,Nenhuma,Manteiga de manga_Agosto_259
0.41,6.4,36.31,6.0,ANVISA,Manteiga de manga_Agosto_260
0.57,4.15,31.64,7.0,ISO-HACCP,Manteiga de manga_Agosto_261
0.1,2.19,31.29,8.0,ANVISA,Manteiga de manga_Agosto_262
0.89,4.87,34.19,10.0,ANVISA,Manteiga de manga_Agosto_263
0.66,4.74,31.76,6.0,ISO-HACCP,Manteiga de manga_Agosto_264
0.64,5.4,33.01,7.0,ANVISA,Manteiga de manga_Agosto_265
0.68,5.8,35.99,8.0,Internacional,Manteiga de manga_Agosto_266
0.56,3.69,30.09,6.0,Internacional,Manteiga de manga_Agosto_267
0.9,5.01,32.94,7.0,ANVISA,Manteiga de manga_Agosto_268
0.65,5.48,32.05,8.0,Internacional,Manteiga de manga_Agosto_269
0.66,2.32,35.08,9.0,ISO-HACCP,Manteiga de manga_Agosto_270
0.82,4.81,35.05,6.0,ISO-HACCP,Manteiga de manga_Agosto_271
0.22,4.23,31.52,9.0,ANVISA,Manteiga de manga_Agosto_272
0.73,5.11,30.63,8.0,ISO-HACCP,Manteiga de manga_Agosto_273
0.73,5.47,31.26,8.0,Internacional,Manteiga de manga_Agosto_274
0.44,2.23,31.56,8.0,ISO-HACCP,Manteiga de manga_Agosto_275
0.21,4.29,33.13,9.0,ISO-HACCP,Manteiga de manga_Agosto_276
0.8,4.41,35.65,8.0,ANVISA,Manteiga de manga_Agosto_277
0.37,3.89,31.65,8.0,ANVISA,Manteiga de manga_Agosto_278
0.3,2.61,32.37,8.0,ISO-HACCP,Manteiga de manga_Agosto_279
0.54,3.87,30.72,8.0,ISO-HACCP,Manteiga de manga_Agosto_280
0.53,5.92,33.73,8.0,Internacional,Manteiga de manga_Agosto_281
1.06,3.9,31.63,8.0,ISO-HACCP,Manteiga de manga_Agosto_282
0.52,4.38,32.68,7.826709526592636,Internacional,Manteiga de manga_Agosto_283
0.44,6.01,30.06,6.0,ANVISA,Manteiga de manga_Agosto_284
0.96,4.66,32.68,9.0,Internacional,Manteiga de manga_Agosto_285
0.55,2.92,33.98,9.0,ANVISA,Manteiga de manga_Agosto_286
0.36,3.6,29.85,7.0,ANVISA,Manteiga de manga_Agosto_287
0.57,5.23,38.07,7.0,ANVISA,Manteiga de manga_Agosto_288
0.25,7.11,34.2,9.0,Nenhuma,Manteiga de manga_Agosto_289
0.57,4.95,29.42,8.0,ISO-HACCP,Manteiga de manga_Agosto_290
0.23,4.4,31.81,7.0,ISO-HACCP,Manteiga de manga_Agosto_291
0.46,9.0,33.59,8.0,Internacional,Manteiga de manga_Agosto_292
0.91,2.24,33.92,6.0,ISO-HACCP,Manteiga de manga_Agosto_293
0.48,1.68,34.48,9.0,,Manteiga de manga_Agosto_294
0.99,4.39,33.19,8.0,,Manteiga de manga_Agosto_295
0.77,3.6,32.44,7.0,ANVISA,Manteiga de manga_Agosto_296
0.69,1.56,30.72,9.0,ANVISA,Manteiga de manga_Agosto_297
0.79,2.87,36.61,9.0,ANVISA,Manteiga de manga_Agosto_298
0.68,6.83,37.05,7.826709526592636,Internacional,Manteiga de manga_Agosto_299
0.53,3.68,33.01,8.0,ISO-HACCP,Manteiga de manga_Agosto_300
0.75,6.98,32.04,6.0,ANVISA,Manteiga de manga_Agosto_301
0.83,1.24,35.64,8.0,ANVISA,Manteiga de manga_Agosto_302
0.31,2.01,32.69,10.0,ANVISA,Manteiga de manga_Agosto_303
0.64,2.38,34.49,7.0,Internacional,Manteiga de manga_Agosto_304
0.33,7.2,28.0,8.0,ANVISA,Manteiga de manga_Agosto_305
0.48,9.5,33.3,6.0,ISO-HACCP,Manteiga de manga_Agosto_306
0.28,2.09,29.94,8.0,Internacional,Manteiga de manga_Agosto_307
0.98,4.21,36.18,4.0,Internacional,Manteiga de manga_Agosto_308
1.14,3.2,33.76,7.0,ANVISA,Manteiga de manga_Agosto_309
0.79,3.94,34.75,8.0,Internacional,Manteiga de manga_Agosto_310
0.88,3.57,30.06,8.0,ANVISA,Manteiga de manga_Agosto_311
0.69,5.85,32.72,8.0,Nenhuma,Manteiga de manga_Agosto_312
0.61,4.63,29.06,7.0,ISO-HACCP,Manteiga de manga_Agosto_313
0.5,6.13,32.58,7.0,ISO-HACCP,Manteiga de manga_Agosto_314
0.82,7.84,32.57,7.0,Internacional,Manteiga de manga_Agosto_315
0.8,3.7,30.14,7.0,ISO-HACCP,Manteiga de manga_Agosto_316
0.77,5.17,29.83,7.0,ISO-HACCP,Manteiga de manga_Agosto_317
0.55,3.03,35.98,7.0,ANVISA,Manteiga de manga_Agosto_318
0.31,4.58,31.0,7.826709526592636,Internacional,Manteiga de manga_Agosto_319
0.76,4.35,32.36,9.0,Internacional,Manteiga de manga_Agosto_320
0.53,2.28,30.89,9.0,ISO-HACCP,Manteiga de manga_Agosto_321
0.6,5.72,28.75,7.0,Internacional,Manteiga de manga_Agosto_322
0.51,6.41,32.1,9.0,Internacional,Manteiga de manga_Agosto_323
0.75,2.5,34.39,9.0,ISO-HACCP,Manteiga de manga_Agosto_324
0.39,7.12,31.89,8.0,Internacional,Manteiga de manga_Agosto_325
0.72,4.42,31.82,10.0,Internacional,Manteiga de manga_Agosto_326
0.4,4.19,32.07,7.0,ANVISA,Manteiga de manga_Agosto_327
0.44,1.0,34.79,10.0,ISO-HACCP,Manteiga de manga_Agosto_328
1.03,3.72,31.26,8.0,Internacional,Manteiga de manga_Agosto_329
0.95,5.91,36.42,6.0,Internacional,Manteiga de manga_Agosto_330
0.55,4.08,32.31,7.0,ANVISA,Manteiga de manga_Agosto_331
1.05,5.47,31.55,9.0,Internacional,Manteiga de manga_Agosto_332
0.51,2.17,35.5,9.0,ISO-HACCP,Manteiga de manga_Agosto_333
0.95,4.74,32.23,9.0,ANVISA,Manteiga de manga_Agosto_334
0.33,3.9,33.14,9.0,Internacional,Manteiga de manga_Agosto_335
0.76,5.0,33.73,7.0,Internacional,Manteiga de manga_Agosto_336
0.97,4.74,34.57,7.0,ISO-HACCP,Manteiga de manga_Agosto_337
0.32,3.36,33.41,8.0,Internacional,Manteiga de manga_Agosto_338
0.57,1.43,33.92,9.0,ANVISA,Manteiga de manga_Agosto_339
0.52,4.72,36.69,9.0,ISO-HACCP,Manteiga de manga_Agosto_340
0.8,6.01,33.95,8.0,ISO-HACCP,Manteiga de manga_Agosto_341
0.1,2.09,35.06,7.0,ANVISA,Manteiga de manga_Agosto_342
1.07,3.7,32.49,6.0,ANVISA,Manteiga de manga_Agosto_343
0.43,7.85,29.5,8.0,Internacional,Manteiga de manga_Agosto_344
0.34,5.32,30.9,9.0,Nenhuma,Manteiga de manga_Agosto_345
0.54,2.05,34.53,8.0,ANVISA,Manteiga de manga_Agosto_346
0.37,3.25,36.11,6.0,Internacional,Manteiga de manga_Agosto_347
0.3,5.41,28.0,6.0,ISO-HACCP,Manteiga de manga_Agosto_348
0.32,3.75,33.01,8.0,ISO-HACCP,Manteiga de manga_Agosto_349
0.63,7.56,34.62,8.0,Internacional,Manteiga de manga_Agosto_350
0.6,3.24,33.76,7.0,Internacional,Manteiga de manga_Agosto_351
0.33,4.95,35.42,6.0,ANVISA,Manteiga de manga_Agosto_352
0.81,4.35,30.91,7.0,Internacional,Manteiga de manga_Agosto_353
0.96,4.24,32.66,9.0,ISO-HACCP,Manteiga de manga_Agosto_354
0.74,5.31,32.53,7.826709526592636,ANVISA,Manteiga de manga_Agosto_355
0.95,5.94,32.05,8.0,Internacional,Manteiga de manga_Agosto_356
0.82,5.27,31.87,6.0,ISO-HACCP,Manteiga de manga_Agosto_357
0.66,4.87,32.16,8.0,Internacional,Manteiga de manga_Agosto_358
0.73,4.92,33.91,9.0,ISO-HACCP,Manteiga de manga_Agosto_359
0.58,4.1,37.02,9.0,Internacional,Manteiga de manga_Agosto_360
0.49,5.87,35.03,7.0,Internacional,Manteiga de manga_Agosto_361
0.42,2.51,33.1,7.0,Internacional,Manteiga de manga_Agosto_362
0.6,4.79,30.78,8.0,ISO-HACCP,Manteiga de manga_Agosto_363
0.1,3.14,31.72,9.0,Internacional,Manteiga de manga_Agosto_364
0.74,5.29,37.43,8.0,ANVISA,Manteiga de manga_Agosto_365
0.37,4.57,34.29,7.0,Internacional,Manteiga de manga_Agosto_366
1.11,3.97,34.31,6.0,Nenhuma,Manteiga de manga_Agosto_367
1.1,5.63,30.45,9.0,ANVISA,Manteiga de manga_Agosto_368
0.35,4.56,32.28,5.0,ISO-HACCP,Manteiga de manga_Agosto_369
0.48,4.24,32.84,8.0,Internacional,Manteiga de manga_Agosto_370
0.87,1.94,36.32,8.0,ISO-HACCP,Manteiga de manga_Agosto_371
0.67,4.64,31.26,10.0,ISO-HACCP,Manteiga de manga_Agosto_372
0.11,4.87,30.1,7.0,ISO-HACCP,Manteiga de manga_Agosto_373
0.33,3.49,30.64,9.0,ANVISA,Manteiga de manga_Agosto_374
0.44,1.27,33.32,7.0,ISO-HACCP,Manteiga de manga_Agosto_375
0.65,3.7,30.64,9.0,ISO-HACCP,Manteiga de manga_Agosto_376
1.0,5.2,33.44,8.0,ISO-HACCP,Manteiga de manga_Agosto_377
0.38,1.94,34.58,9.0,ISO-HACCP,Manteiga de manga_Agosto_378
0.26,3.53,29.28,10.0,Internacional,Manteiga de manga_Agosto_379
0.35,3.43,34.69,6.0,ANVISA,Manteiga de manga_Agosto_380
0.8,5.63,31.63,8.0,ANVISA,Manteiga de manga_Agosto_381
0.93,3.05,33.46,10.0,Nenhuma,Manteiga de manga_Agosto_382
0.34,5.41,32.19,8.0,ANVISA,Manteiga de manga_Agosto_383
0.8,5.08,30.45,8.0,ISO-HACCP,Manteiga de manga_Agosto_384
0.1,3.36,35.35,5.0,ISO-HACCP,Manteiga de manga_Agosto_385
0.62,1.01,33.88,8.0,Nenhuma,Manteiga de manga_Agosto_386
0.47,5.58,33.09,9.0,Internacional,Manteiga de manga_Agosto_387
0.9,4.35,29.61,8.0,ANVISA,Manteiga de manga_Agosto_388
0.98,5.2,31.54,10.0,Internacional,Manteiga de manga_Agosto_389
0.53,3.4,31.58,8.0,Internacional,Manteiga de manga_Agosto_390
0.39,2.42,33.93,8.0,Internacional,Manteiga de manga_Agosto_391
0.42,5.59,33.84,9.0,ANVISA,Manteiga de manga_Agosto_392
0.52,5.06,33.25,10.0,ISO-HACCP,Manteiga de manga_Agosto_393
0.77,5.66,30.19,9.0,ANVISA,Manteiga de manga_Agosto_394
1.09,3.51,32.54,6.0,ANVISA,Manteiga de manga_Agosto_395
0.59,5.86,29.95,8.0,ANVISA,Manteiga de manga_Agosto_396
0.1,2.88,33.53,9.0,Internacional,Manteiga de manga_Agosto_397
0.84,5.94,32.89,7.0,ANVISA,Manteiga de manga_Agosto_398
0.99,3.88,32.21,7.0,Internacional,Manteiga de manga_Agosto_399
0.65,4.95,31.05,6.0,Nenhuma,Manteiga de manga_Agosto_400
0.41,1.0,33.62,7.0,Nenhuma,Manteiga de manga_Agosto_401
0.69,4.4,32.89,6.0,ISO-HACCP,Manteiga de manga_Agosto_402
0.68,4.39,29.24,8.0,Internacional,Manteiga de manga_Agosto_403
0.49,4.43,31.68,8.0,Internacional,Manteiga de manga_Agosto_404
0.6,1.0,36.42,7.0,ANVISA,Manteiga de manga_Agosto_405
0.53,3.11,33.6,9.0,Internacional,Manteiga de manga_Agosto_406
0.54,2.26,32.76,9.0,Internacional,Manteiga de manga_Agosto_407
1.19,4.16,32.7,6.0,Internacional,Manteiga de manga_Agosto_408
0.61,4.37,31.87,7.0,ISO-HACCP,Manteiga de manga_Agosto_409
0.42,6.75,36.8,8.0,Nenhuma,Manteiga de manga_Agosto_410
0.72,4.16,32.3,6.0,Internacional,Manteiga de manga_Agosto_411
0.42,6.07,30.48,7.0,ISO-HACCP,Manteiga de manga_Agosto_412
0.58,6.63,36.27,6.0,Internacional,Manteiga de manga_Agosto_413
0.7,5.58,30.38,8.0,Internacional,Manteiga de manga_Agosto_414
0.1,5.77,34.21,7.0,,Manteiga de manga_Agosto_415
1.13,5.78,29.17,8.0,ANVISA,Manteiga de manga_Agosto_416
0.64,3.82,29.78,8.0,ANVISA,Manteiga de manga_Agosto_417
0.83,3.81,32.57,6.0,ISO-HACCP,Manteiga de manga_Agosto_418
0.42,3.97,33.74,8.0,Internacional,Manteiga de manga_Agosto_419
0.78,4.41,32.49,6.0,ANVISA,Manteiga de manga_Agosto_420
0.73,2.04,31.12,8.0,ISO-HACCP,Manteiga de manga_Agosto_421
0.55,4.19,31.57,9.0,ANVISA,Manteiga de manga_Agosto_422
0.54,4.54,31.4,7.0,Internacional,Manteiga de manga_Agosto_423
0.53,3.73,30.3,9.0,ISO-HACCP,Manteiga de manga_Agosto_424
0.96,5.09,33.18,9.0,ANVISA,Manteiga de manga_Agosto_425
0.38,2.96,30.58,5.0,ANVISA,Manteiga de manga_Agosto_426
0.54,3.58,31.73,6.0,Internacional,Manteiga de manga_Agosto_427
0.81,3.6,34.68,8.0,ANVISA,Manteiga de manga_Agosto_428
1.01,5.16,32.41,6.0,Internacional,Manteiga de manga_Agosto_429
0.26,3.53,30.11,8.0,Internacional,Manteiga de manga_Agosto_430
0.77,3.98,32.71,8.0,Nenhuma,Manteiga de manga_Agosto_431
0.76,3.77,31.36,7.0,Internacional,Manteiga de manga_Agosto_432
0.48,4.57,36.29,6.0,Nenhuma,Manteiga de manga_Agosto_433
1.1,3.57,33.99,9.0,Internacional,Manteiga de manga_Agosto_434
0.8,3.29,33.01,7.0,ISO-HACCP,Manteiga de manga_Agosto_435
0.43,1.69,32.42,7.0,Internacional,Manteiga de manga_Agosto_436
0.63,2.31,29.84,9.0,ANVISA,Manteiga de manga_Agosto_437
0.24,5.92,31.86,8.0,Nenhuma,Manteiga de manga_Agosto_438
0.27,2.19,31.54,9.0,ANVISA,Manteiga de manga_Agosto_439
0.72,6.45,32.24,7.0,Nenhuma,Manteiga de manga_Agosto_440
0.8,2.53,34.23,7.0,Internacional,Manteiga de manga_Agosto_441
0.41,5.45,34.88,9.0,ANVISA,Manteiga de manga_Agosto_442
0.45,2.32,31.44,8.0,Nenhuma,Manteiga de manga_Agosto_443
0.53,4.9,32.7,9.0,Internacional,Manteiga de manga_Agosto_444
0.31,6.91,31.65,6.0,ISO-HACCP,Manteiga de manga_Agosto_445
0.69,4.74,32.51,8.0,,Manteiga de manga_Agosto_446
0.1,3.5,33.46,8.0,ISO-HACCP,Manteiga de manga_Agosto_447
0.48,2.97,31.96,9.0,ANVISA,Manteiga de manga_Agosto_448
0.9,4.43,36.68,7.0,ISO-HACCP,Manteiga de manga_Agosto_449
0.48,4.53,33.02,7.0,Nenhuma,Manteiga de manga_Agosto_450
0.61,3.55,34.6,6.0,ISO-HACCP,Manteiga de manga_Agosto_451
0.57,4.67,33.36,7.826709526592636,ANVISA,Manteiga de manga_Agosto_452
0.6,3.06,35.56,7.0,Internacional,Manteiga de manga_Agosto_453
0.85,4.15,29.79,7.0,Internacional,Manteiga de manga_Agosto_454
0.3,1.45,31.6,8.0,ANVISA,Manteiga de manga_Agosto_455
0.57,2.81,32.99,6.0,ISO-HACCP,Manteiga de manga_Agosto_456
0.66,5.58,32.45,7.0,ANVISA,Manteiga de manga_Agosto_457
0.7,4.53,35.46,9.0,ISO-HACCP,Manteiga de manga_Agosto_458
0.62,4.86,30.09,5.0,ANVISA,Manteiga de manga_Agosto_459
0.46,3.55,29.39,7.0,ANVISA,Manteiga de manga_Agosto_460
0.56,4.43,31.2,7.0,Nenhuma,Manteiga de manga_Agosto_461
0.42,3.59,33.37,7.0,Internacional,Manteiga de manga_Agosto_462
1.05,4.43,29.93,7.0,Internacional,Manteiga de manga_Agosto_463
0.5,2.46,33.59,6.0,Internacional,Manteiga de manga_Agosto_464
0.3,3.65,32.2,8.0,ISO-HACCP,Manteiga de manga_Agosto_465
0.49,2.96,32.81,6.0,Internacional,Manteiga de manga_Agosto_466
1.07,5.12,32.03,7.0,ISO-HACCP,Manteiga de manga_Agosto_467
0.19,2.49,30.75,6.0,Internacional,Manteiga de manga_Agosto_468
0.72,1.7,33.92,10.0,ISO-HACCP,Manteiga de manga_Agosto_469
0.63,3.31,33.67,9.0,Internacional,Manteiga de manga_Agosto_470
0.56,3.63,36.26,8.0,ANVISA,Manteiga de manga_Agosto_471
0.91,2.26,33.89,6.0,ISO-HACCP,Manteiga de manga_Agosto_472
0.46,2.36,35.23,9.0,ANVISA,Manteiga de manga_Agosto_473
0.59,3.76,32.22,8.0,ISO-HACCP,Manteiga de manga_Agosto_474
0.25,4.8,35.04,8.0,Internacional,Manteiga de manga_Agosto_475
0.4,6.49,33.4,7.0,ISO-HACCP,Manteiga de manga_Agosto_476
0.77,3.48,28.08,9.0,ISO-HACCP,Manteiga de manga_Agosto_477
0.96,5.59,33.25,10.0,Nenhuma,Manteiga de manga_Agosto_478
0.24,6.01,35.9,9.0,ISO-HACCP,Manteiga de manga_Agosto_479
0.45,8.55,29.96,8.0,Internacional,Manteiga de manga_Agosto_480
0.77,5.24,31.36,6.0,ANVISA,Manteiga de manga_Agosto_481
0.59,4.14,31.7,9.0,ISO-HACCP,Manteiga de manga_Agosto_482
0.35,5.58,33.96,10.0,Internacional,Manteiga de manga_Agosto_483
0.55,1.28,35.27,8.0,ISO-HACCP,Manteiga de manga_Agosto_484
1.2,2.32,31.95,8.0,ISO-HACCP,Manteiga de manga_Agosto_485
0.77,3.27,30.73,9.0,ISO-HACCP,Manteiga de manga_Agosto_486
0.39,4.47,33.28,6.0,ANVISA,Manteiga de manga_Agosto_487
0.2,4.1,33.09,9.0,ISO-HACCP,Manteiga de manga_Agosto_488
0.65,3.38,31.89,7.0,ANVISA,Manteiga de manga_Agosto_489
0.93,1.79,33.33,5.0,ANVISA,Manteiga de manga_Agosto_490
0.66,3.37,34.72,8.0,ISO-HACCP,Manteiga de manga_Agosto_491
0.66,3.27,33.64,6.0,Internacional,Manteiga de manga_Agosto_492
0.9,3.48,34.9,9.0,ANVISA,Manteiga de manga_Agosto_493
0.8,5.01,32.64,8.0,ISO-HACCP,Manteiga de manga_Agosto_494
0.48,5.37,32.28,10.0,Internacional,Manteiga de manga_Agosto_495
0.43,6.55,31.1,9.0,Internacional,Manteiga de manga_Agosto_496
1.11,3.03,28.9,10.0,Internacional,Manteiga de manga_Agosto_497
0.63,5.55,32.51,8.0,ANVISA,Manteiga de manga_Agosto_498
0.92,2.67,34.67,10.0,Nenhuma,Manteiga de manga_Agosto_499
0.69,5.82,33.61,9.0,ANVISA,Manteiga de manga_Agosto_500
0.62,2.55,31.23,9.0,ISO-HACCP,Manteiga de manga_Agosto_501
1.01,5.04,32.26,8.0,ANVISA,Manteiga de manga_Agosto_502
0.71,2.93,28.74,8.0,,Manteiga de manga_Agosto_503
0.54,5.33,33.85,8.0,Internacional,Manteiga de manga_Agosto_504
0.16,3.55,32.67,8.0,ISO-HACCP,Manteiga de manga_Agosto_505
0.49,5.14,35.4,7.0,ISO-HACCP,Manteiga de manga_Agosto_506
0.65,3.06,32.67,7.0,ISO-HACCP,Manteiga de manga_Agosto_507
0.43,4.33,38.12,4.0,Internacional,Manteiga de manga_Agosto_508
0.86,4.63,34.69,4.0,ANVISA,Manteiga de manga_Agosto_509
0.86,4.2,30.3,8.0,Internacional,Manteiga de manga_Agosto_510
0.54,3.27,30.97,7.826709526592636,ISO-HACCP,Manteiga de manga_Agosto_511
0.34,1.01,35.75,10.0,ANVISA,Manteiga de manga_Agosto_512
0.89,5.01,29.25,7.0,ISO-HACCP,Manteiga de manga_Agosto_513
1.24,3.63,30.11,7.0,ANVISA,Manteiga de manga_Agosto_514
0.83,2.03,30.45,7.0,Internacional,Manteiga de manga_Agosto_515
0.53,1.66,31.17,6.0,ANVISA,Manteiga de manga_Agosto_516
0.92,1.79,34.5,8.0,ANVISA,Manteiga de manga_Agosto_517
0.98,2.09,30.71,7.0,Internacional,Manteiga de manga_Agosto_518
0.87,5.25,28.49,6.0,Internacional,Manteiga de manga_Agosto_519
0.42,4.92,34.34,9.0,ANVISA,Manteiga de manga_Agosto_520
0.68,2.67,33.27,6.0,ISO-HACCP,Manteiga de manga_Agosto_521
0.38,1.06,29.72,8.0,ISO-HACCP,Manteiga de manga_Agosto_522
0.69,2.04,30.87,5.0,ANVISA,Manteiga de manga_Agosto_523
0.26,3.52,34.74,9.0,ISO-HACCP,Manteiga de manga_Agosto_524
0.5,5.2,31.05,8.0,ISO-HACCP,Manteiga de manga_Agosto_525
0.39,5.11,29.82,7.0,Internacional,Manteiga de manga_Agosto_526
0.48,5.02,31.92,7.0,Internacional,Manteiga de manga_Agosto_527
0.56,4.33,29.07,6.0,ANVISA,Manteiga de manga_Agosto_528
0.46,4.91,31.7,10.0,Nenhuma,Manteiga de manga_Agosto_529
0.72,6.45,33.78,8.0,ANVISA,Manteiga de manga_Agosto_530
0.81,5.34,30.64,6.0,Internacional,Manteiga de manga_Agosto_531
0.76,5.58,30.42,9.0,Internacional,Manteiga de manga_Agosto_532
0.65,7.82,30.39,8.0,ISO-HACCP,Manteiga de manga_Agosto_533
0.97,4.73,31.83,8.0,Internacional,Manteiga de manga_Agosto_534
0.35,1.0,32.35,9.0,Internacional,Manteiga de manga_Agosto_535
0.27,3.26,33.87,7.0,Nenhuma,Manteiga de manga_Agosto_536
0.42,2.17,29.16,8.0,,Manteiga de manga_Agosto_537
1.06,4.12,35.34,8.0,Internacional,Manteiga de manga_Agosto_538
0.8,2.96,37.34,6.0,ANVISA,Manteiga de manga_Agosto_539
0.62,1.91,33.36,8.0,ANVISA,Manteiga de manga_Agosto_540
0.76,2.89,34.83,10.0,ISO-HACCP,Manteiga de manga_Agosto_541
0.6,2.27,34.43,8.0,ANVISA,Manteiga de manga_Agosto_542
0.88,4.35,32.26,9.0,ANVISA,Manteiga de manga_Agosto_543
0.68,7.26,31.74,9.0,ISO-HACCP,Manteiga de manga_Agosto_544
0.25,5.25,30.2,7.0,Internacional,Manteiga de manga_Agosto_545
1.27,5.9,29.55,8.0,ANVISA,Manteiga de manga_Agosto_546
0.44,2.36,28.88,9.0,Nenhuma,Manteiga de manga_Agosto_547
0.47,7.15,33.63,6.0,Internacional,Manteiga de manga_Agosto_548
0.53,2.59,31.73,7.0,Nenhuma,Manteiga de manga_Agosto_549
0.46,6.85,33.05,9.0,ISO-HACCP,Manteiga de manga_Agosto_550
0.99,5.47,31.44,6.0,ISO-HACCP,Manteiga de manga_Agosto_551
0.19,5.28,34.55,8.0,Nenhuma,Manteiga de manga_Agosto_552
0.69,4.99,35.99,6.0,ANVISA,Manteiga de manga_Agosto_553
0.76,6.73,32.12,6.0,ANVISA,Manteiga de manga_Agosto_554
0.33,3.57,30.78,8.0,ISO-HACCP,Manteiga de manga_Agosto_555
1.01,1.0,30.79,9.0,ANVISA,Manteiga de manga_Agosto_556
0.82,6.2,34.63,9.0,ISO-HACCP,Manteiga de manga_Agosto_557
0.99,2.03,28.0,8.0,Internacional,Manteiga de manga_Agosto_558
0.66,4.69,30.65,7.0,ISO-HACCP,Manteiga de manga_Agosto_559
0.31,4.01,29.72,6.0,ANVISA,Manteiga de manga_Agosto_560
0.11,3.05,32.67,8.0,ISO-HACCP,Manteiga de manga_Agosto_561
1.09,2.94,34.95,7.0,ANVISA,Manteiga de manga_Agosto_562
0.82,7.13,36.63,8.0,Internacional,Manteiga de manga_Agosto_563
0.66,5.16,35.43,5.0,ANVISA,Manteiga de manga_Agosto_564
0.68,6.22,35.92,6.0,Internacional,Manteiga de manga_Agosto_565
0.46,4.33,33.64,9.0,ANVISA,Manteiga de manga_Agosto_566
0.44,5.77,31.76,9.0,ANVISA,Manteiga de manga_Agosto_567
0.36,4.48,30.45,7.0,Nenhuma,Manteiga de manga_Agosto_568
0.99,1.56,35.29,7.0,ISO-HACCP,Manteiga de manga_Agosto_569
0.58,1.13,33.4,7.0,ANVISA,Manteiga de manga_Agosto_570
0.68,5.14,31.05,9.0,Nenhuma,Manteiga de manga_Agosto_571
1.02,6.68,34.0,7.0,Internacional,Manteiga de manga_Agosto_572
0.42,4.93,30.34,8.0,Internacional,Manteiga de manga_Agosto_573
0.63,6.15,31.23,7.0,ISO-HACCP,Manteiga de manga_Agosto_574
0.62,1.63,31.6,10.0,Internacional,Manteiga de manga_Agosto_575
0.58,2.1,34.27,8.0,Internacional,Manteiga de manga_Agosto_576
0.87,2.2,34.34,8.0,ANVISA,Manteiga de manga_Agosto_577
0.28,5.36,31.3,9.0,Internacional,Manteiga de manga_Agosto_578
0.63,4.5,32.61,7.0,ISO-HACCP,Manteiga de manga_Agosto_579
0.62,2.67,33.03,7.0,ANVISA,Manteiga de manga_Agosto_580
0.26,5.43,29.99,7.0,ANVISA,Manteiga de manga_Agosto_581
0.57,4.36,36.48,9.0,Internacional,Manteiga de manga_Agosto_582
0.79,3.18,28.0,8.0,ISO-HACCP,Manteiga de manga_Agosto_583
0.55,6.5,31.72,8.0,ANVISA,Manteiga de manga_Agosto_584
0.74,4.11,31.18,8.0,Nenhuma,Manteiga de manga_Agosto_585
0.28,6.13,31.38,8.0,ANVISA,Manteiga de manga_Agosto_586
0.65,1.33,37.71,7.0,ISO-HACCP,Manteiga de manga_Agosto_587
1.02,1.91,31.41,7.0,ISO-HACCP,Manteiga de manga_Agosto_588
0.55,3.37,31.84,9.0,ANVISA,Manteiga de manga_Agosto_589
0.61,3.78,34.16,9.0,Internacional,Manteiga de manga_Agosto_590
0.46,4.4,28.0,7.0,Internacional,Manteiga de manga_Agosto_591
0.42,2.83,32.53,6.0,ISO-HACCP,Manteiga de manga_Agosto_592
0.45,3.39,35.41,6.0,Internacional,Manteiga de manga_Agosto_593
0.75,8.02,29.23,7.0,Nenhuma,Manteiga de manga_Agosto_594
0.58,4.3,36.13,9.0,ANVISA,Manteiga de manga_Agosto_595
0.64,4.68,33.54,9.0,ANVISA,Manteiga de manga_Agosto_596
0.3,5.51,32.59,8.0,ANVISA,Manteiga de manga_Agosto_597
0.99,3.43,36.11,9.0,Internacional,Manteiga de manga_Agosto_598
0.84,4.37,32.83,5.0,Internacional,Manteiga de manga_Agosto_599
0.75,6.53,34.81,8.0,Internacional,Manteiga de manga_Agosto_600
0.29,1.82,32.08,7.0,Internacional,Manteiga de manga_Agosto_601
0.83,4.76,34.42,9.0,ANVISA,Manteiga de manga_Agosto_602
0.27,5.88,35.89,9.0,Nenhuma,Manteiga de manga_Agosto_603
0.29,4.79,30.26,8.0,ANVISA,Manteiga de manga_Agosto_604
0.44,4.02,32.0,10.0,ISO-HACCP,Manteiga de manga_Agosto_605
0.69,4.8,30.38,9.0,ISO-HACCP,Manteiga de manga_Agosto_606
0.56,7.7,34.1,7.0,ISO-HACCP,Manteiga de manga_Agosto_607
0.57,6.25,33.77,7.826709526592636,,Manteiga de manga_Agosto_608
0.39,4.3,36.63,8.0,Internacional,Manteiga de manga_Agosto_609
0.54,6.68,30.36,9.0,ISO-HACCP,Manteiga de manga_Agosto_610
0.8,6.57,33.39,7.0,Internacional,Manteiga de manga_Agosto_611
0.58,3.39,36.35,9.0,ISO-HACCP,Manteiga de manga_Agosto_612
0.61,5.03,30.79,8.0,ISO-HACCP,Manteiga de manga_Agosto_613
0.53,1.0,34.89,5.0,Nenhuma,Manteiga de manga_Agosto_614
0.28,8.31,34.33,7.0,ANVISA,Manteiga de manga_Agosto_615
1.16,3.3,31.7,8.0,ANVISA,Manteiga de manga_Agosto_616
0.77,1.0,35.97,7.0,Internacional,Manteiga de manga_Agosto_617
0.53,2.56,34.89,8.0,ISO-HACCP,Manteiga de manga_Agosto_618
0.1,1.06,30.75,7.0,Internacional,Manteiga de manga_Agosto_619
0.85,6.57,35.86,8.0,Internacional,Manteiga de manga_Agosto_620
0.56,4.61,34.74,8.0,Internacional,Manteiga de manga_Agosto_621
0.7,5.57,32.23,6.0,Internacional,Manteiga de manga_Agosto_622
0.1,1.96,34.25,8.0,ANVISA,Manteiga de manga_Agosto_623
0.33,3.31,32.91,8.0,Internacional,Manteiga de manga_Agosto_624
0.7,5.12,31.35,8.0,ANVISA,Manteiga de manga_Agosto_625
0.33,3.72,36.42,8.0,,Manteiga de manga_Agosto_626
0.59,4.17,38.89,7.0,ANVISA,Manteiga de manga_Agosto_627
0.67,1.0,31.17,9.0,ISO-HACCP,Manteiga de manga_Agosto_628
0.54,5.08,31.63,8.0,ISO-HACCP,Manteiga de manga_Agosto_629
0.78,6.32,32.78,6.0,Internacional,Manteiga de manga_Agosto_630
0.65,5.34,34.1,8.0,ISO-HACCP,Manteiga de manga_Agosto_631
0.6,7.47,33.88,9.0,ANVISA,Manteiga de manga_Agosto_632
0.35,3.42,32.63,9.0,ANVISA,Manteiga de manga_Agosto_633
0.47,2.84,33.18,9.0,ISO-HACCP,Manteiga de manga_Agosto_634
0.35,5.75,30.72,8.0,Internacional,Manteiga de manga_Agosto_635
0.69,2.9,30.73,10.0,Internacional,Manteiga de manga_Agosto_636
1.0,5.42,30.98,7.0,Internacional,Manteiga de manga_Agosto_637
0.57,3.75,30.3,8.0,Internacional,Manteiga de manga_Agosto_638
0.65,2.65,28.0,7.0,Internacional,Manteiga de manga_Agosto_639
0.42,4.42,32.22,5.0,ANVISA,Manteiga de manga_Agosto_640
0.62,3.56,29.49,8.0,ISO-HACCP,Manteiga de manga_Agosto_641
0.69,4.89,32.18,9.0,Nenhuma,Manteiga de manga_Agosto_642
0.1,5.78,32.01,9.0,ISO-HACCP,Manteiga de manga_Agosto_643
0.6,7.32,34.23,7.826709526592636,ISO-HACCP,Manteiga de manga_Agosto_644
0.52,4.43,32.23,8.0,Internacional,Manteiga de manga_Agosto_645
0.66,7.47,33.83,7.0,Nenhuma,Manteiga de manga_Agosto_646
0.36,5.68,32.2,8.0,Internacional,Manteiga de manga_Agosto_647
0.19,6.85,35.25,10.0,Nenhuma,Manteiga de manga_Agosto_648
0.39,4.42,34.41,6.0,Internacional,Manteiga de manga_Agosto_649
0.61,2.71,33.15,7.0,Nenhuma,Manteiga de manga_Agosto_650
0.71,3.54,29.28,7.0,ANVISA,Manteiga de manga_Agosto_651
0.5,7.26,34.51,7.0,ANVISA,Manteiga de manga_Agosto_652
0.4,6.8,34.95,9.0,ISO-HACCP,Manteiga de manga_Agosto_653
0.74,3.3,30.28,8.0,ISO-HACCP,Manteiga de manga_Agosto_654
1.14,6.76,29.72,8.0,ISO-HACCP,Manteiga de manga_Agosto_655
0.65,6.31,34.34,7.0,ISO-HACCP,Manteiga de manga_Agosto_656
0.9,5.01,36.22,8.0,ISO-HACCP,Manteiga de manga_Agosto_657
0.96,5.91,31.59,8.0,ISO-HACCP,Manteiga de manga_Agosto_658
0.55,3.44,29.59,7.0,ISO-HACCP,Manteiga de manga_Agosto_659
1.0,2.37,28.15,10.0,Internacional,Manteiga de manga_Agosto_660
0.21,2.51,29.75,10.0,ISO-HACCP,Manteiga de manga_Agosto_661
0.47,6.73,31.63,8.0,ANVISA,Manteiga de manga_Agosto_662
0.78,1.78,32.4,7.0,Internacional,Manteiga de manga_Agosto_663
0.93,4.86,31.09,9.0,Nenhuma,Manteiga de manga_Agosto_664
0.59,6.12,34.07,7.0,ANVISA,Manteiga de manga_Agosto_665
0.51,2.92,28.33,7.0,,Manteiga de manga_Agosto_666
0.9,4.75,32.52,9.0,Internacional,Manteiga de manga_Agosto_667
1.21,5.84,34.22,6.0,ANVISA,Manteiga de manga_Agosto_668
0.88,1.69,33.09,5.0,ISO-HACCP,Manteiga de manga_Agosto_669
0.57,7.45,33.38,7.0,ANVISA,Manteiga de manga_Agosto_670
0.72,5.49,35.01,7.0,Nenhuma,Manteiga de manga_Agosto_671
0.37,3.0,35.39,8.0,ANVISA,Manteiga de manga_Agosto_672
0.65,3.45,32.61,8.0,ANVISA,Manteiga de manga_Agosto_673
0.74,5.0,32.25,7.0,ANVISA,Manteiga de manga_Agosto_674
0.64,4.31,29.99,10.0,ISO-HACCP,Manteiga de manga_Agosto_675
0.62,6.12,31.86,7.0,ANVISA,Manteiga de manga_Agosto_676
0.76,5.64,34.16,6.0,Internacional,Manteiga de manga_Agosto_677
0.76,5.24,32.84,7.0,Internacional,Manteiga de manga_Agosto_678
0.85,2.36,33.33,9.0,Internacional,Manteiga de manga_Agosto_679
0.48,3.39,34.55,8.0,Internacional,Manteiga de manga_Agosto_680
0.82,6.07,33.58,7.0,ISO-HACCP,Manteiga de manga_Agosto_681
0.64,3.55,30.2,9.0,ISO-HACCP,Manteiga de manga_Agosto_682
0.68,2.6,32.99,8.0,,Manteiga de manga_Agosto_683
0.68,4.04,32.44,8.0,Internacional,Manteiga de manga_Agosto_684
0.41,5.28,34.86,7.0,ISO-HACCP,Manteiga de manga_Agosto_685
0.39,4.88,30.96,6.0,ISO-HACCP,Manteiga de manga_Agosto_686
0.92,2.84,31.24,6.0,ANVISA,Manteiga de manga_Agosto_687
0.59,4.7,33.05,7.0,Internacional,Manteiga de manga_Agosto_688
0.45,2.26,36.66,10.0,ANVISA,Manteiga de manga_Agosto_689
0.48,3.3,33.58,9.0,Internacional,Manteiga de manga_Agosto_690
0.74,2.82,34.55,7.0,Internacional,Manteiga de manga_Agosto_691
0.6,4.47,30.78,8.0,ANVISA,Manteiga de manga_Agosto_692
0.66,5.14,32.54,9.0,Internacional,Manteiga de manga_Agosto_693
0.17,3.54,33.97,9.0,ISO-HACCP,Manteiga de manga_Agosto_694
0.63,3.88,32.74,4.0,ISO-HACCP,Manteiga de manga_Agosto_695
0.23,6.5,32.12,10.0,ISO-HACCP,Manteiga de manga_Agosto_696
0.22,3.53,30.66,9.0,Internacional,Manteiga de manga_Agosto_697
0.59,5.83,34.35,7.0,ANVISA,Manteiga de manga_Agosto_698
0.85,3.48,31.93,9.0,ISO-HACCP,Manteiga de manga_Agosto_699
0.7,6.22,32.2,9.0,Internacional,Manteiga de manga_Setembro_0
1.02,4.51,30.83,7.826709526592636,Internacional,Manteiga de manga_Setembro_1
0.28,6.65,31.03,6.0,ANVISA,Manteiga de manga_Setembro_2
0.57,7.48,34.1,8.0,Internacional,Manteiga de manga_Setembro_3
0.79,2.04,33.65,7.0,ISO-HACCP,Manteiga de manga_Setembro_4
0.85,2.92,35.34,7.0,Internacional,Manteiga de manga_Setembro_5
0.9,6.08,31.83,7.0,Nenhuma,Manteiga de manga_Setembro_6
0.23,4.44,33.84,7.0,Internacional,Manteiga de manga_Setembro_7
0.41,3.79,35.64,6.0,ISO-HACCP,Manteiga de manga_Setembro_8
0.98,6.7,34.54,6.0,ANVISA,Manteiga de manga_Setembro_9
0.83,4.78,36.23,6.0,ANVISA,Manteiga de manga_Setembro_10
0.84,4.46,31.23,9.0,ISO-HACCP,Manteiga de manga_Setembro_11
0.69,7.84,34.59,8.0,ANVISA,Manteiga de manga_Setembro_12
0.32,3.59,32.82,8.0,ISO-HACCP,Manteiga de manga_Setembro_13
0.72,4.54,35.5,9.0,Internacional,Manteiga de manga_Setembro_14
0.72,5.27,29.82,8.0,Nenhuma,Manteiga de manga_Setembro_15
0.81,2.48,31.52,9.0,Internacional,Manteiga de manga_Setembro_16
0.43,6.59,32.24,10.0,Internacional,Manteiga de manga_Setembro_17
0.32,4.89,32.72,9.0,Internacional,Manteiga de manga_Setembro_18
0.5,7.47,34.29,9.0,ANVISA,Manteiga de manga_Setembro_19
0.76,1.72,31.25,7.0,Internacional,Manteiga de manga_Setembro_20
0.53,8.82,34.81,9.0,ANVISA,Manteiga de manga_Setembro_21
0.9,3.76,33.86,6.0,Internacional,Manteiga de manga_Setembro_22
0.41,7.37,33.65,7.0,ISO-HACCP,Manteiga de manga_Setembro_23
0.67,3.26,38.09,6.0,Internacional,Manteiga de manga_Setembro_24
0.96,5.04,33.26,8.0,ANVISA,Manteiga de manga_Setembro_25
0.45,1.96,35.65,7.0,Internacional,Manteiga de manga_Setembro_26
0.37,3.95,29.2,5.0,Nenhuma,Manteiga de manga_Setembro_27
0.89,4.15,33.94,9.0,ANVISA,Manteiga de manga_Setembro_28
0.26,3.11,33.68,9.0,ISO-HACCP,Manteiga de manga_Setembro_29
0.8,4.16,30.81,8.0,Nenhuma,Manteiga de manga_Setembro_30
0.58,3.17,32.04,7.0,ANVISA,Manteiga de manga_Setembro_31
1.08,1.04,33.84,8.0,ANVISA,Manteiga de manga_Setembro_32
0.77,4.51,37.0,8.0,Internacional,Manteiga de manga_Setembro_33
0.61,5.31,36.6,7.0,ISO-HACCP,Manteiga de manga_Setembro_34
0.85,4.0,30.45,10.0,ISO-HACCP,Manteiga de manga_Setembro_35
0.76,6.21,30.08,8.0,ISO-HACCP,Manteiga de manga_Setembro_36
0.6,4.43,34.67,9.0,Internacional,Manteiga de manga_Setembro_37
1.27,3.74,32.93,8.0,ISO-HACCP,Manteiga de manga_Setembro_38
0.41,4.1,33.36,7.0,Internacional,Manteiga de manga_Setembro_39
0.63,3.23,31.52,7.0,Internacional,Manteiga de manga_Setembro_40
0.54,4.04,28.46,8.0,Internacional,Manteiga de manga_Setembro_41
0.6,3.29,33.72,6.0,ISO-HACCP,Manteiga de manga_Setembro_42
1.08,5.77,31.81,7.0,ANVISA,Manteiga de manga_Setembro_43
0.98,4.3,35.2,6.0,Internacional,Manteiga de manga_Setembro_44
0.4,4.82,29.0,8.0,Internacional,Manteiga de manga_Setembro_45
0.93,5.42,33.67,7.826709526592636,ISO-HACCP,Manteiga de manga_Setembro_46
0.85,2.76,33.28,6.0,ISO-HACCP,Manteiga de manga_Setembro_47
0.86,3.32,31.78,6.0,,Manteiga de manga_Setembro_48
0.5,3.25,36.92,9.0,ISO-HACCP,Manteiga de manga_Setembro_49
0.7,3.96,33.02,7.0,ANVISA,Manteiga de manga_Setembro_50
0.45,3.0,32.93,7.0,Nenhuma,Manteiga de manga_Setembro_51
0.61,2.16,32.06,6.0,ANVISA,Manteiga de manga_Setembro_52
0.56,3.01,34.51,7.0,Internacional,Manteiga de manga_Setembro_53
0.74,6.6,36.22,6.0,,Manteiga de manga_Setembro_54
0.62,4.27,32.06,8.0,ISO-HACCP,Manteiga de manga_Setembro_55
0.31,4.84,33.52,7.0,ANVISA,Manteiga de manga_Setembro_56
0.83,5.43,32.61,8.0,Internacional,Manteiga de manga_Setembro_57
0.52,7.27,30.64,8.0,ISO-HACCP,Manteiga de manga_Setembro_58
0.75,4.41,33.26,8.0,ISO-HACCP,Manteiga de manga_Setembro_59
1.04,6.0,29.44,9.0,Internacional,Manteiga de manga_Setembro_60
0.73,4.46,35.37,8.0,Internacional,Manteiga de manga_Setembro_61
0.94,1.18,30.31,7.0,Internacional,Manteiga de manga_Setembro_62
0.37,5.61,29.95,8.0,Internacional,Manteiga de manga_Setembro_63
0.9,5.23,30.37,7.0,Internacional,Manteiga de manga_Setembro_64
0.78,3.7,31.86,8.0,ANVISA,Manteiga de manga_Setembro_65
0.33,4.34,31.36,9.0,Nenhuma,Manteiga de manga_Setembro_66
0.9,4.04,31.69,8.0,ISO-HACCP,Manteiga de manga_Setembro_67
0.74,3.54,35.49,8.0,Internacional,Manteiga de manga_Setembro_68
0.79,2.35,37.11,8.0,Internacional,Manteiga de manga_Setembro_69
0.32,4.66,36.31,10.0,Internacional,Manteiga de manga_Setembro_70
1.04,6.45,35.75,7.0,Nenhuma,Manteiga de manga_Setembro_71
0.5,4.72,31.3,9.0,ANVISA,Manteiga de manga_Setembro_72
0.62,4.22,35.76,7.0,ANVISA,Manteiga de manga_Setembro_73
0.36,2.81,30.65,9.0,ISO-HACCP,Manteiga de manga_Setembro_74
0.55,7.43,34.47,7.0,ANVISA,Manteiga de manga_Setembro_75
0.46,3.46,34.52,8.0,Internacional,Manteiga de manga_Setembro_76
0.52,2.6,35.15,8.0,Internacional,Manteiga de manga_Setembro_77
0.55,4.82,33.58,8.0,ISO-HACCP,Manteiga de manga_Setembro_78
0.81,5.96,34.31,9.0,Internacional,Manteiga de manga_Setembro_79
0.55,2.99,32.62,6.0,ANVISA,Manteiga de manga_Setembro_80
0.73,5.64,34.29,8.0,Internacional,Manteiga de manga_Setembro_81
0.15,1.88,34.76,8.0,ISO-HACCP,Manteiga de manga_Setembro_82
0.97,5.29,34.51,9.0,ANVISA,Manteiga de manga_Setembro_83
0.57,5.69,33.22,9.0,ANVISA,Manteiga de manga_Setembro_84
0.46,1.9,36.44,10.0,Internacional,Manteiga de manga_Setembro_85
0.1,2.38,31.33,7.0,ISO-HACCP,Manteiga de manga_Setembro_86
0.43,5.44,33.46,8.0,Nenhuma,Manteiga de manga_Setembro_87
0.83,2.97,35.41,7.0,Internacional,Manteiga de manga_Setembro_88
0.81,4.12,35.53,7.0,ISO-HACCP,Manteiga de manga_Setembro_89
0.46,3.24,35.06,7.0,ISO-HACCP,Manteiga de manga_Setembro_90
0.91,5.01,31.06,7.0,ISO-HACCP,Manteiga de manga_Setembro_91
0.97,4.61,33.82,10.0,Internacional,Manteiga de manga_Setembro_92
0.69,2.75,31.03,7.0,Internacional,Manteiga de manga_Setembro_93
0.48,3.51,33.34,6.0,Internacional,Manteiga de manga_Setembro_94
0.54,4.92,32.73,7.0,Internacional,Manteiga de manga_Setembro_95
0.46,4.99,33.47,9.0,Internacional,Manteiga de manga_Setembro_96
0.57,2.8,36.24,9.0,ISO-HACCP,Manteiga de manga_Setembro_97
0.73,5.39,34.84,8.0,,Manteiga de manga_Setembro_98
0.99,3.94,33.78,7.0,ISO-HACCP,Manteiga de manga_Setembro_99
0.39,3.96,32.01,9.0,Internacional,Manteiga de manga_Setembro_100
0.1,3.3,31.74,6.0,ANVISA,Manteiga de manga_Setembro_101
0.4,4.22,33.38,9.0,ANVISA,Manteiga de manga_Setembro_102
0.47,6.1,35.47,8.0,Internacional,Manteiga de manga_Setembro_103
0.93,4.18,32.46,8.0,ANVISA,Manteiga de manga_Setembro_104
0.1,5.92,33.28,10.0,ANVISA,Manteiga de manga_Setembro_105
0.77,6.54,33.57,8.0,,Manteiga de manga_Setembro_106
0.6,2.89,32.0,9.0,Internacional,Manteiga de manga_Setembro_107
0.55,7.14,31.22,7.826709526592636,ISO-HACCP,Manteiga de manga_Setembro_108
0.53,6.26,34.57,10.0,ISO-HACCP,Manteiga de manga_Setembro_109
0.87,6.52,32.26,10.0,ANVISA,Manteiga de manga_Setembro_110
0.54,2.99,29.73,8.0,ANVISA,Manteiga de manga_Setembro_111
0.21,5.21,38.12,7.0,Internacional,Manteiga de manga_Setembro_112
0.24,4.61,34.04,8.0,Nenhuma,Manteiga de manga_Setembro_113
0.7,3.01,31.86,6.0,Internacional,Manteiga de manga_Setembro_114
0.18,4.24,36.89,8.0,Internacional,Manteiga de manga_Setembro_115
0.2,2.47,34.55,7.0,ANVISA,Manteiga de manga_Setembro_116
0.7,2.79,35.23,8.0,Nenhuma,Manteiga de manga_Setembro_117
0.96,2.14,31.57,7.0,ANVISA,Manteiga de manga_Setembro_118
0.75,7.08,29.25,9.0,Internacional,Manteiga de manga_Setembro_119
0.32,7.73,29.36,5.0,ANVISA,Manteiga de manga_Setembro_120
1.0,2.73,31.41,7.0,ANVISA,Manteiga de manga_Setembro_121
0.75,4.52,30.59,9.0,ISO-HACCP,Manteiga de manga_Setembro_122
0.7,2.7,35.71,9.0,ISO-HACCP,Manteiga de manga_Setembro_123
0.23,3.29,33.16,8.0,ISO-HACCP,Manteiga de manga_Setembro_124
0.79,4.32,33.95,8.0,Internacional,Manteiga de manga_Setembro_125
0.56,4.46,33.32,6.0,Nenhuma,Manteiga de manga_Setembro_126
0.34,5.0,28.8,8.0,ANVISA,Manteiga de manga_Setembro_127
0.69,2.71,33.4,9.0,Internacional,Manteiga de manga_Setembro_128
0.35,6.54,31.82,6.0,ISO-HACCP,Manteiga de manga_Setembro_129
0.46,4.3,34.72,8.0,Internacional,Manteiga de manga_Setembro_130
0.7,4.23,32.74,5.0,ISO-HACCP,Manteiga de manga_Setembro_131
0.77,2.85,32.77,9.0,Nenhuma,Manteiga de manga_Setembro_132
0.36,3.69,31.14,8.0,ISO-HACCP,Manteiga de manga_Setembro_133
0.61,5.58,32.47,10.0,ANVISA,Manteiga de manga_Setembro_134
0.58,4.54,36.13,8.0,Nenhuma,Manteiga de manga_Setembro_135
0.85,6.47,34.08,10.0,ISO-HACCP,Manteiga de manga_Setembro_136
0.58,3.15,33.55,7.0,ANVISA,Manteiga de manga_Setembro_137
0.5,3.26,30.98,10.0,Internacional,Manteiga de manga_Setembro_138
0.63,4.57,33.89,8.0,Internacional,Manteiga de manga_Setembro_139
0.13,5.56,29.72,10.0,ISO-HACCP,Manteiga de manga_Setembro_140
0.64,7.35,29.94,10.0,Internacional,Manteiga de manga_Setembro_141
0.46,5.03,30.46,7.0,Internacional,Manteiga de manga_Setembro_142
0.65,8.21,33.01,10.0,,Manteiga de manga_Setembro_143
0.67,5.23,28.0,9.0,ANVISA,Manteiga de manga_Setembro_144
0.26,5.18,28.76,7.0,ANVISA,Manteiga de manga_Setembro_145
0.8,1.0,33.66,9.0,ISO-HACCP,Manteiga de manga_Setembro_146
0.64,6.93,33.99,7.0,ISO-HACCP,Manteiga de manga_Setembro_147
0.16,3.37,28.0,7.0,ANVISA,Manteiga de manga_Setembro_148
0.63,4.94,31.15,8.0,,Manteiga de manga_Setembro_149
0.86,4.73,31.95,7.0,ISO-HACCP,Manteiga de manga_Setembro_150
0.64,4.28,36.43,6.0,ISO-HACCP,Manteiga de manga_Setembro_151
1.18,3.99,33.71,8.0,Nenhuma,Manteiga de manga_Setembro_152
0.57,3.46,33.67,10.0,ISO-HACCP,Manteiga de manga_Setembro_153
0.96,3.4,33.47,8.0,Internacional,Manteiga de manga_Setembro_154
0.51,2.64,33.43,8.0,ANVISA,Manteiga de manga_Setembro_155
0.58,3.44,35.75,7.0,ISO-HACCP,Manteiga de manga_Setembro_156
0.49,3.11,34.66,7.0,ANVISA,Manteiga de manga_Setembro_157
0.73,5.23,32.84,8.0,ISO-HACCP,Manteiga de manga_Setembro_158
0.69,2.01,32.85,7.0,Internacional,Manteiga de manga_Setembro_159
0.41,4.5,31.32,8.0,ISO-HACCP,Manteiga de manga_Setembro_160
0.71,1.16,33.16,9.0,ISO-HACCP,Manteiga de manga_Setembro_161
0.7,1.31,31.02,10.0,Internacional,Manteiga de manga_Setembro_162
0.74,3.55,28.0,6.0,Nenhuma,Manteiga de manga_Setembro_163
0.47,3.35,30.52,9.0,ISO-HACCP,Manteiga de manga_Setembro_164
0.74,4.28,33.18,8.0,Internacional,Manteiga de manga_Setembro_165
0.55,3.21,33.24,6.0,ANVISA,Manteiga de manga_Setembro_166
0.68,2.11,33.26,8.0,Nenhuma,Manteiga de manga_Setembro_167
0.62,2.92,32.49,9.0,ISO-HACCP,Manteiga de manga_Setembro_168
0.49,4.2,31.5,9.0,Internacional,Manteiga de manga_Setembro_169
0.5,3.95,36.22,8.0,ISO-HACCP,Manteiga de manga_Setembro_170
0.65,6.89,33.91,7.0,ANVISA,Manteiga de manga_Setembro_171
0.42,5.65,31.96,5.0,ANVISA,Manteiga de manga_Setembro_172
0.55,5.74,31.48,8.0,ISO-HACCP,Manteiga de manga_Setembro_173
0.56,7.27,30.75,8.0,Internacional,Manteiga de manga_Setembro_174
0.61,4.94,33.03,9.0,Internacional,Manteiga de manga_Setembro_175
0.72,5.18,31.01,7.0,Internacional,Manteiga de manga_Setembro_176
0.99,6.87,34.56,8.0,Nenhuma,Manteiga de manga_Setembro_177
0.54,7.17,32.78,6.0,Internacional,Manteiga de manga_Setembro_178
0.85,3.22,30.74,10.0,Internacional,Manteiga de manga_Setembro_179
0.63,2.74,32.74,8.0,ANVISA,Manteiga de manga_Setembro_180
0.51,3.19,34.11,9.0,ANVISA,Manteiga de manga_Setembro_181
0.61,4.48,33.03,6.0,ISO-HACCP,Manteiga de manga_Setembro_182
0.34,2.41,33.99,10.0,Internacional,Manteiga de manga_Setembro_183
0.47,3.72,34.83,7.0,ANVISA,Manteiga de manga_Setembro_184
0.49,7.02,35.48,8.0,ANVISA,Manteiga de manga_Setembro_185
0.1,3.55,30.77,5.0,ANVISA,Manteiga de manga_Setembro_186
0.4,3.78,34.57,8.0,ANVISA,Manteiga de manga_Setembro_187
0.67,1.81,33.49,8.0,Internacional,Manteiga de manga_Setembro_188
0.73,5.44,31.06,8.0,ISO-HACCP,Manteiga de manga_Setembro_189
0.1,5.1,34.86,9.0,Internacional,Manteiga de manga_Setembro_190
0.97,5.84,29.09,7.0,ISO-HACCP,Manteiga de manga_Setembro_191
0.65,2.04,35.71,5.0,ANVISA,Manteiga de manga_Setembro_192
0.55,2.07,31.77,8.0,ISO-HACCP,Manteiga de manga_Setembro_193
0.88,1.19,30.99,9.0,ANVISA,Manteiga de manga_Setembro_194
0.43,5.46,32.53,7.0,Internacional,Manteiga de manga_Setembro_195
0.49,1.51,34.11,9.0,ISO-HACCP,Manteiga de manga_Setembro_196
0.57,5.96,30.83,7.0,ANVISA,Manteiga de manga_Setembro_197
0.64,5.28,36.66,8.0,Internacional,Manteiga de manga_Setembro_198
0.81,2.23,30.81,10.0,ANVISA,Manteiga de manga_Setembro_199
0.82,5.03,34.16,6.0,ISO-HACCP,Manteiga de manga_Setembro_200
0.64,4.93,31.61,6.0,ANVISA,Manteiga de manga_Setembro_201
0.51,3.8,29.48,8.0,ISO-HACCP,Manteiga de manga_Setembro_202
1.04,1.9,32.18,8.0,ISO-HACCP,Manteiga de manga_Setembro_203
0.41,1.0,32.02,10.0,Internacional,Manteiga de manga_Setembro_204
0.72,4.04,32.44,9.0,ISO-HACCP,Manteiga de manga_Setembro_205
0.65,5.07,28.0,9.0,Nenhuma,Manteiga de manga_Setembro_206
0.79,3.74,31.27,9.0,Internacional,Manteiga de manga_Setembro_207
0.57,1.0,33.8,7.0,Internacional,Manteiga de manga_Setembro_208
0.43,4.95,36.38,7.0,,Manteiga de manga_Setembro_209
0.58,4.78,30.72,8.0,Internacional,Manteiga de manga_Setembro_210
0.69,1.45,33.25,7.0,Internacional,Manteiga de manga_Setembro_211
0.72,4.18,34.17,8.0,Internacional,Manteiga de manga_Setembro_212
0.3,5.16,31.49,9.0,Internacional,Manteiga de manga_Setembro_213
0.55,3.52,32.26,9.0,Internacional,Manteiga de manga_Setembro_214
0.41,3.1,29.41,8.0,Internacional,Manteiga de manga_Setembro_215
0.54,3.51,30.43,7.0,ISO-HACCP,Manteiga de manga_Setembro_216
0.1,3.48,33.44,7.0,Nenhuma,Manteiga de manga_Setembro_217
0.18,3.21,33.67,8.0,Internacional,Manteiga de manga_Setembro_218
0.88,3.97,34.6,9.0,Internacional,Manteiga de manga_Setembro_219
0.32,4.15,29.41,10.0,ISO-HACCP,Manteiga de manga_Setembro_220
0.56,7.93,30.77,7.0,ANVISA,Manteiga de manga_Setembro_221
0.66,5.52,31.82,9.0,Nenhuma,Manteiga de manga_Setembro_222
0.41,3.77,31.76,9.0,Internacional,Manteiga de manga_Setembro_223
0.54,4.6,34.69,9.0,ISO-HACCP,Manteiga de manga_Setembro_224
0.48,5.21,28.46,7.0,ANVISA,Manteiga de manga_Setembro_225
0.71,4.85,31.5,6.0,ANVISA,Manteiga de manga_Setembro_226
0.65,1.49,32.96,10.0,Internacional,Manteiga de manga_Setembro_227
0.78,5.14,38.23,6.0,Internacional,Manteiga de manga_Setembro_228
0.56,2.84,34.44,7.0,ISO-HACCP,Manteiga de manga_Setembro_229
1.07,4.8,29.48,8.0,ISO-HACCP,Manteiga de manga_Setembro_230
0.28,7.2,30.64,8.0,ISO-HACCP,Manteiga de manga_Setembro_231
0.86,7.87,30.8,9.0,ANVISA,Manteiga de manga_Setembro_232
0.66,2.81,36.7,8.0,Internacional,Manteiga de manga_Setembro_233
0.73,3.35,32.51,8.0,Internacional,Manteiga de manga_Setembro_234
0.73,5.59,31.88,7.0,ISO-HACCP,Manteiga de manga_Setembro_235
0.5,6.27,30.97,10.0,ANVISA,Manteiga de manga_Setembro_236
0.55,5.73,29.44,9.0,ISO-HACCP,Manteiga de manga_Setembro_237
0.76,4.55,29.55,8.0,Internacional,Manteiga de manga_Setembro_238
0.51,2.73,31.45,7.0,ISO-HACCP,Manteiga de manga_Setembro_239
0.95,7.27,35.19,8.0,ANVISA,Manteiga de manga_Setembro_240
0.77,8.71,33.17,7.0,ISO-HACCP,Manteiga de manga_Setembro_241
0.3,3.36,31.04,8.0,ISO-HACCP,Manteiga de manga_Setembro_242
0.77,3.86,32.4,8.0,Internacional,Manteiga de manga_Setembro_243
0.1,4.91,32.12,10.0,ANVISA,Manteiga de manga_Setembro_244
0.85,4.74,34.94,7.0,Internacional,Manteiga de manga_Setembro_245
0.27,5.89,32.03,7.0,Internacional,Manteiga de manga_Setembro_246
0.29,6.57,29.3,8.0,Internacional,Manteiga de manga_Setembro_247
1.13,4.96,32.8,7.0,Internacional,Manteiga de manga_Setembro_248
0.34,4.95,33.92,9.0,Internacional,Manteiga de manga_Setembro_249
0.43,5.82,34.61,9.0,Nenhuma,Manteiga de manga_Setembro_250
0.91,4.34,30.47,7.0,ANVISA,Manteiga de manga_Setembro_251
0.14,3.44,31.79,7.0,ANVISA,Manteiga de manga_Setembro_252
0.8,3.63,33.4,7.0,Internacional,Manteiga de manga_Setembro_253
0.53,4.39,29.96,10.0,ISO-HACCP,Manteiga de manga_Setembro_254
0.49,5.18,33.47,8.0,Internacional,Manteiga de manga_Setembro_255
1.1,3.22,36.67,9.0,ANVISA,Manteiga de manga_Setembro_256
0.72,2.95,33.66,10.0,ISO-HACCP,Manteiga de manga_Setembro_257
0.57,1.99,32.89,9.0,Nenhuma,Manteiga de manga_Setembro_258
1.07,3.48,29.5,10.0,ISO-HACCP,Manteiga de manga_Setembro_259
0.38,6.13,28.0,9.0,ISO-HACCP,Manteiga de manga_Setembro_260
0.49,4.49,28.45,9.0,ISO-HACCP,Manteiga de manga_Setembro_261
1.04,2.41,31.76,8.0,ISO-HACCP,Manteiga de manga_Setembro_262
0.3,6.65,29.19,7.0,ISO-HACCP,Manteiga de manga_Setembro_263
0.44,3.28,32.04,7.0,ISO-HACCP,Manteiga de manga_Setembro_264
0.65,4.35,34.29,7.0,ANVISA,Manteiga de manga_Setembro_265
0.45,4.66,36.67,8.0,ISO-HACCP,Manteiga de manga_Setembro_266
0.17,6.96,37.78,8.0,Internacional,Manteiga de manga_Setembro_267
1.08,3.22,32.18,8.0,ISO-HACCP,Manteiga de manga_Setembro_268
0.34,4.38,31.61,7.826709526592636,Internacional,Manteiga de manga_Setembro_269
0.49,6.33,28.82,8.0,ISO-HACCP,Manteiga de manga_Setembro_270
0.55,2.91,36.49,7.0,ANVISA,Manteiga de manga_Setembro_271
0.75,3.0,29.91,9.0,Internacional,Manteiga de manga_Setembro_272
0.99,1.69,30.78,7.0,ISO-HACCP,Manteiga de manga_Setembro_273
0.43,4.42,33.21,8.0,Internacional,Manteiga de manga_Setembro_274
1.17,5.21,32.32,9.0,Internacional,Manteiga de manga_Setembro_275
0.5,3.93,30.42,9.0,ANVISA,Manteiga de manga_Setembro_276
0.67,4.02,28.66,8.0,ISO-HACCP,Manteiga de manga_Setembro_277
0.64,3.43,32.9,9.0,Internacional,Manteiga de manga_Setembro_278
0.6,3.53,30.92,8.0,ANVISA,Manteiga de manga_Setembro_279
0.56,2.12,33.57,9.0,ANVISA,Manteiga de manga_Setembro_280
0.92,4.11,29.7,8.0,ANVISA,Manteiga de manga_Setembro_281
0.4,3.92,30.61,9.0,ANVISA,Manteiga de manga_Setembro_282
0.48,1.52,35.28,7.826709526592636,ISO-HACCP,Manteiga de manga_Setembro_283
0.73,4.43,31.08,7.0,Internacional,Manteiga de manga_Setembro_284
0.81,3.29,35.29,8.0,ISO-HACCP,Manteiga de manga_Setembro_285
0.66,6.83,34.63,8.0,ANVISA,Manteiga de manga_Setembro_286
0.94,6.53,35.69,8.0,Internacional,Manteiga de manga_Setembro_287
0.84,3.43,28.39,10.0,ANVISA,Manteiga de manga_Setembro_288
0.52,7.35,36.66,7.0,Internacional,Manteiga de manga_Setembro_289
1.0,4.09,32.26,8.0,Internacional,Manteiga de manga_Setembro_290
0.89,7.99,33.17,9.0,Internacional,Manteiga de manga_Setembro_291
0.61,5.82,34.48,10.0,Internacional,Manteiga de manga_Setembro_292
0.63,5.35,29.96,7.0,ISO-HACCP,Manteiga de manga_Setembro_293
0.72,1.83,33.21,10.0,Internacional,Manteiga de manga_Setembro_294
0.9,6.3,30.54,10.0,Internacional,Manteiga de manga_Setembro_295
0.76,2.76,29.48,7.0,Internacional,Manteiga de manga_Setembro_296
0.22,2.94,36.84,10.0,Nenhuma,Manteiga de manga_Setembro_297
0.88,4.85,32.67,8.0,ISO-HACCP,Manteiga de manga_Setembro_298
0.53,1.41,30.19,10.0,Internacional,Manteiga de manga_Setembro_299
1.15,5.49,32.07,6.0,Internacional,Manteiga de manga_Setembro_300
0.92,1.93,30.49,8.0,ISO-HACCP,Manteiga de manga_Setembro_301
0.7,6.7,34.36,8.0,ANVISA,Manteiga de manga_Setembro_302
0.57,1.0,30.13,8.0,ANVISA,Manteiga de manga_Setembro_303
0.51,7.68,30.88,10.0,ANVISA,Manteiga de manga_Setembro_304
0.34,2.41,33.5,7.0,Internacional,Manteiga de manga_Setembro_305
0.47,4.68,33.73,9.0,Internacional,Manteiga de manga_Setembro_306
0.27,4.37,31.45,6.0,ANVISA,Manteiga de manga_Setembro_307
0.96,5.78,33.15,7.0,ANVISA,Manteiga de manga_Setembro_308
0.58,2.95,31.86,7.0,Internacional,Manteiga de manga_Setembro_309
0.52,3.77,34.27,10.0,Internacional,Manteiga de manga_Setembro_310
0.41,2.15,34.99,6.0,,Manteiga de manga_Setembro_311
0.22,2.46,37.4,8.0,ISO-HACCP,Manteiga de manga_Setembro_312
0.47,3.09,33.05,9.0,ANVISA,Manteiga de manga_Setembro_313
0.46,4.53,33.62,9.0,Nenhuma,Manteiga de manga_Setembro_314
0.27,1.96,32.74,7.0,ANVISA,Manteiga de manga_Setembro_315
0.29,5.94,32.57,8.0,ANVISA,Manteiga de manga_Setembro_316
0.99,5.58,29.21,8.0,ANVISA,Manteiga de manga_Setembro_317
0.29,2.55,32.66,8.0,Internacional,Manteiga de manga_Setembro_318
1.17,4.51,33.27,7.0,ANVISA,Manteiga de manga_Setembro_319
0.75,6.11,33.3,8.0,Nenhuma,Manteiga de manga_Setembro_320
0.6,6.36,34.79,6.0,Internacional,Manteiga de manga_Setembro_321
0.57,3.79,30.19,6.0,,Manteiga de manga_Setembro_322
0.45,4.77,34.22,6.0,ISO-HACCP,Manteiga de manga_Setembro_323
0.37,4.38,32.6,9.0,Internacional,Manteiga de manga_Setembro_324
0.1,4.46,31.87,8.0,ANVISA,Manteiga de manga_Setembro_325
0.4,4.06,35.45,7.826709526592636,ISO-HACCP,Manteiga de manga_Setembro_326
0.71,3.92,32.63,7.0,ANVISA,Manteiga de manga_Setembro_327
0.45,6.12,31.57,8.0,Internacional,Manteiga de manga_Setembro_328
0.46,3.64,36.49,8.0,ISO-HACCP,Manteiga de manga_Setembro_329
0.76,4.05,34.97,8.0,Internacional,Manteiga de manga_Setembro_330
0.71,2.99,32.39,6.0,ANVISA,Manteiga de manga_Setembro_331
0.63,3.82,31.16,8.0,ISO-HACCP,Manteiga de manga_Setembro_332
0.64,7.5,31.6,7.0,Internacional,Manteiga de manga_Setembro_333
0.29,2.17,36.94,9.0,Internacional,Manteiga de manga_Setembro_334
0.93,6.08,32.2,8.0,ANVISA,Manteiga de manga_Setembro_335
1.1,3.25,36.03,7.0,Internacional,Manteiga de manga_Setembro_336
0.82,6.14,31.92,8.0,Internacional,Manteiga de manga_Setembro_337
0.48,4.42,35.23,8.0,Internacional,Manteiga de manga_Setembro_338
0.68,3.26,35.07,8.0,Internacional,Manteiga de manga_Setembro_339
0.69,2.59,32.02,7.0,ISO-HACCP,Manteiga de manga_Setembro_340
0.97,3.4,31.83,8.0,ANVISA,Manteiga de manga_Setembro_341
0.54,3.64,34.47,8.0,Internacional,Manteiga de manga_Setembro_342
0.73,1.0,33.3,7.0,ANVISA,Manteiga de manga_Setembro_343
0.68,5.13,33.22,6.0,ISO-HACCP,Manteiga de manga_Setembro_344
0.13,2.12,33.13,7.0,Nenhuma,Manteiga de manga_Setembro_345
0.1,3.84,33.08,8.0,ANVISA,Manteiga de manga_Setembro_346
0.28,5.71,32.21,9.0,ISO-HACCP,Manteiga de manga_Setembro_347
0.67,3.71,29.03,6.0,Internacional,Manteiga de manga_Setembro_348
0.67,3.22,36.52,9.0,ANVISA,Manteiga de manga_Setembro_349
0.6,3.68,34.1,9.0,ISO-HACCP,Manteiga de manga_Setembro_350
0.6,5.55,32.81,7.0,Internacional,Manteiga de manga_Setembro_351
0.8,3.41,32.23,9.0,,Manteiga de manga_Setembro_352
0.86,3.48,30.7,7.0,ISO-HACCP,Manteiga de manga_Setembro_353
0.86,4.72,33.93,8.0,ANVISA,Manteiga de manga_Setembro_354
0.95,3.64,29.46,6.0,ISO-HACCP,Manteiga de manga_Setembro_355
0.98,6.47,32.33,7.0,Internacional,Manteiga de manga_Setembro_356
0.66,3.74,32.51,10.0,Nenhuma,Manteiga de manga_Setembro_357
0.54,5.7,37.54,9.0,ANVISA,Manteiga de manga_Setembro_358
0.3,1.66,33.63,8.0,ISO-HACCP,Manteiga de manga_Setembro_359
0.84,2.44,33.57,7.0,ISO-HACCP,Manteiga de manga_Setembro_360
0.99,5.19,34.3,8.0,Internacional,Manteiga de manga_Setembro_361
1.09,6.47,37.62,8.0,ISO-HACCP,Manteiga de manga_Setembro_362
0.71,5.82,34.15,6.0,ISO-HACCP,Manteiga de manga_Setembro_363
0.53,4.62,35.47,7.0,Internacional,Manteiga de manga_Setembro_364
0.18,4.37,35.34,8.0,ISO-HACCP,Manteiga de manga_Setembro_365
0.87,3.13,29.46,7.0,Internacional,Manteiga de manga_Setembro_366
0.41,4.79,34.9,5.0,ANVISA,Manteiga de manga_Setembro_367
0.8,3.17,29.82,7.0,,Manteiga de manga_Setembro_368
0.79,6.71,32.38,7.0,ISO-HACCP,Manteiga de manga_Setembro_369
0.63,5.06,30.45,7.0,ANVISA,Manteiga de manga_Setembro_370
0.85,5.41,31.12,5.0,Internacional,Manteiga de manga_Setembro_371
0.62,5.89,32.35,8.0,Internacional,Manteiga de manga_Setembro_372
0.49,2.66,31.54,9.0,ISO-HACCP,Manteiga de manga_Setembro_373
0.91,2.74,30.99,7.0,ISO-HACCP,Manteiga de manga_Setembro_374
0.23,1.16,31.32,7.0,Internacional,Manteiga de manga_Setembro_375
0.56,3.29,32.86,8.0,ISO-HACCP,Manteiga de manga_Setembro_376
0.71,4.02,31.93,10.0,Internacional,Manteiga de manga_Setembro_377
0.52,4.35,31.67,7.0,Nenhuma,Manteiga de manga_Setembro_378
0.37,3.25,33.71,6.0,Internacional,Manteiga de manga_Setembro_379
0.13,5.28,29.64,8.0,Internacional,Manteiga de manga_Setembro_380
1.07,6.2,28.04,8.0,ANVISA,Manteiga de manga_Setembro_381
0.84,4.89,34.58,6.0,Internacional,Manteiga de manga_Setembro_382
0.15,4.51,32.55,10.0,Nenhuma,Manteiga de manga_Setembro_383
0.78,7.15,30.47,8.0,ISO-HACCP,Manteiga de manga_Setembro_384
0.4,4.87,33.86,8.0,Internacional,Manteiga de manga_Setembro_385
0.82,4.45,31.12,8.0,ISO-HACCP,Manteiga de manga_Setembro_386
0.6,1.74,36.05,7.826709526592636,ANVISA,Manteiga de manga_Setembro_387
1.13,1.12,34.18,8.0,ISO-HACCP,Manteiga de manga_Setembro_388
0.66,1.88,31.98,9.0,Internacional,Manteiga de manga_Setembro_389
1.04,3.63,36.14,6.0,ISO-HACCP,Manteiga de manga_Setembro_390
0.82,1.89,34.91,7.826709526592636,Internacional,Manteiga de manga_Setembro_391
0.72,5.29,33.26,8.0,ANVISA,Manteiga de manga_Setembro_392
0.84,9.5,37.19,7.0,Internacional,Manteiga de manga_Setembro_393
0.8,2.77,35.77,8.0,ANVISA,Manteiga de manga_Setembro_394
0.46,2.04,33.33,10.0,ANVISA,Manteiga de manga_Setembro_395
0.62,2.25,33.86,9.0,Internacional,Manteiga de manga_Setembro_396
0.42,4.61,31.27,10.0,,Manteiga de manga_Setembro_397
0.81,4.98,34.74,7.826709526592636,Internacional,Manteiga de manga_Setembro_398
0.51,4.58,35.42,9.0,ANVISA,Manteiga de manga_Setembro_399
0.23,3.39,32.71,6.0,ANVISA,Manteiga de manga_Setembro_400
0.52,4.5,33.28,9.0,ANVISA,Manteiga de manga_Setembro_401
0.1,6.88,36.01,7.0,ANVISA,Manteiga de manga_Setembro_402
0.4,1.0,28.0,9.0,Internacional,Manteiga de manga_Setembro_403
0.59,4.76,36.71,7.0,ISO-HACCP,Manteiga de manga_Setembro_404
0.59,2.96,32.22,8.0,ANVISA,Manteiga de manga_Setembro_405
0.64,1.0,30.65,5.0,Internacional,Manteiga de manga_Setembro_406
0.35,3.56,35.49,8.0,Nenhuma,Manteiga de manga_Setembro_407
0.55,4.84,32.85,10.0,Internacional,Manteiga de manga_Setembro_408
0.59,2.84,30.5,7.826709526592636,ISO-HACCP,Manteiga de manga_Setembro_409
0.63,5.77,34.21,7.0,ANVISA,Manteiga de manga_Setembro_410
0.59,3.34,33.69,7.0,Internacional,Manteiga de manga_Setembro_411
0.7,2.54,37.87,10.0,Internacional,Manteiga de manga_Setembro_412
0.47,4.29,28.0,9.0,ANVISA,Manteiga de manga_Setembro_413
0.82,3.65,33.86,8.0,ANVISA,Manteiga de manga_Setembro_414
0.93,2.22,31.86,7.0,ANVISA,Manteiga de manga_Setembro_415
0.39,7.37,33.92,6.0,ANVISA,Manteiga de manga_Setembro_416
0.84,5.67,32.12,8.0,ISO-HACCP,Manteiga de manga_Setembro_417
0.3,7.15,33.21,7.826709526592636,ANVISA,Manteiga de manga_Setembro_418
0.37,6.22,31.6,7.0,ANVISA,Manteiga de manga_Setembro_419
0.1,4.72,31.42,7.0,Nenhuma,Manteiga de manga_Setembro_420
0.38,4.7,31.87,9.0,ANVISA,Manteiga de manga_Setembro_421
0.43,5.88,34.81,6.0,ISO-HACCP,Manteiga de manga_Setembro_422
0.51,5.33,33.27,7.0,Internacional,Manteiga de manga_Setembro_423
0.69,6.6,32.7,8.0,ISO-HACCP,Manteiga de manga_Setembro_424
0.88,1.4,35.79,7.0,ANVISA,Manteiga de manga_Setembro_425
0.52,5.61,35.16,7.0,Internacional,Manteiga de manga_Setembro_426
0.58,1.5,30.91,7.0,Internacional,Manteiga de manga_Setembro_427
0.62,1.42,29.76,7.0,Internacional,Manteiga de manga_Setembro_428
0.89,1.54,29.93,7.826709526592636,ANVISA,Manteiga de manga_Setembro_429
0.57,3.8,32.98,8.0,,Manteiga de manga_Setembro_430
0.14,2.05,36.94,8.0,ISO-HACCP,Manteiga de manga_Setembro_431
0.88,2.98,33.01,7.0,ISO-HACCP,Manteiga de manga_Setembro_432
0.98,7.08,33.09,9.0,Nenhuma,Manteiga de manga_Setembro_433
0.69,6.1,33.07,8.0,ANVISA,Manteiga de manga_Setembro_434
0.57,4.47,33.57,9.0,ISO-HACCP,Manteiga de manga_Setembro_435
0.58,1.48,31.4,8.0,ANVISA,Manteiga de manga_Setembro_436
0.37,6.0,29.97,7.0,ANVISA,Manteiga de manga_Setembro_437
0.3,2.93,33.14,7.0,Internacional,Manteiga de manga_Setembro_438
0.91,1.47,38.17,8.0,,Manteiga de manga_Setembro_439
0.44,5.44,33.45,6.0,ISO-HACCP,Manteiga de manga_Setembro_440
0.24,1.0,32.31,8.0,Nenhuma,Manteiga de manga_Setembro_441
0.15,2.94,35.01,9.0,ISO-HACCP,Manteiga de manga_Setembro_442
1.36,3.69,32.82,9.0,ANVISA,Manteiga de manga_Setembro_443
0.8,5.75,32.97,8.0,Nenhuma,Manteiga de manga_Setembro_444
0.83,2.64,36.48,8.0,Internacional,Manteiga de manga_Setembro_445
0.31,6.44,34.47,9.0,Nenhuma,Manteiga de manga_Setembro_446
0.55,2.72,30.18,8.0,ISO-HACCP,Manteiga de manga_Setembro_447
0.9,4.36,35.91,7.0,Internacional,Manteiga de manga_Setembro_448
0.69,1.33,30.97,7.826709526592636,Internacional,Manteiga de manga_Setembro_449
0.69,3.24,35.77,7.0,ANVISA,Manteiga de manga_Setembro_450
0.45,5.05,30.55,7.0,ANVISA,Manteiga de manga_Setembro_451
0.7,3.68,32.76,7.0,Internacional,Manteiga de manga_Setembro_452
0.71,4.44,34.72,9.0,Nenhuma,Manteiga de manga_Setembro_453
0.64,5.24,37.27,10.0,ANVISA,Manteiga de manga_Setembro_454
0.35,4.33,34.36,5.0,Internacional,Manteiga de manga_Setembro_455
0.8,1.0,35.64,9.0,Nenhuma,Manteiga de manga_Setembro_456
0.26,2.94,32.33,8.0,Internacional,Manteiga de manga_Setembro_457
1.15,1.84,33.12,8.0,ANVISA,Manteiga de manga_Setembro_458
0.5,4.49,35.22,10.0,ANVISA,Manteiga de manga_Setembro_459
0.43,3.87,31.99,7.0,ISO-HACCP,Manteiga de manga_Setembro_460
0.57,4.95,36.86,8.0,Internacional,Manteiga de manga_Setembro_461
0.65,7.6,37.28,8.0,,Manteiga de manga_Setembro_462
0.62,3.49,34.55,8.0,ANVISA,Manteiga de manga_Setembro_463
0.65,2.36,34.38,8.0,ANVISA,Manteiga de manga_Setembro_464
0.83,3.11,32.1,7.0,ISO-HACCP,Manteiga de manga_Setembro_465
0.97,4.82,31.16,8.0,ISO-HACCP,Manteiga de manga_Setembro_466
0.37,6.31,35.08,8.0,Internacional,Manteiga de manga_Setembro_467
0.67,4.38,34.28,8.0,ISO-HACCP,Manteiga de manga_Setembro_468
0.34,4.75,36.92,5.0,Internacional,Manteiga de manga_Setembro_469
0.33,1.17,33.14,9.0,ANVISA,Manteiga de manga_Setembro_470
0.1,2.46,34.42,9.0,ANVISA,Manteiga de manga_Setembro_471
0.63,5.56,31.79,9.0,Internacional,Manteiga de manga_Setembro_472
0.79,3.05,33.58,7.0,ISO-HACCP,Manteiga de manga_Setembro_473
0.66,4.92,33.61,8.0,ISO-HACCP,Manteiga de manga_Setembro_474
0.62,4.37,37.02,9.0,ISO-HACCP,Manteiga de manga_Setembro_475
0.56,8.05,33.04,7.0,Internacional,Manteiga de manga_Setembro_476
0.43,5.09,33.29,8.0,Internacional,Manteiga de manga_Setembro_477
0.19,4.93,32.59,8.0,ISO-HACCP,Manteiga de manga_Setembro_478
0.88,4.45,32.9,10.0,ANVISA,Manteiga de manga_Setembro_479
0.63,4.99,30.59,9.0,ANVISA,Manteiga de manga_Setembro_480
0.56,4.45,33.28,7.0,ISO-HACCP,Manteiga de manga_Setembro_481
0.48,5.82,33.55,6.0,Internacional,Manteiga de manga_Setembro_482
0.76,6.9,31.29,7.0,ISO-HACCP,Manteiga de manga_Setembro_483
0.47,2.96,34.13,6.0,Internacional,Manteiga de manga_Setembro_484
0.69,2.32,34.43,9.0,Nenhuma,Manteiga de manga_Setembro_485
0.71,4.15,33.16,8.0,Internacional,Manteiga de manga_Setembro_486
0.17,3.3,36.46,8.0,Internacional,Manteiga de manga_Setembro_487
0.39,3.68,34.27,8.0,Internacional,Manteiga de manga_Setembro_488
0.76,2.66,34.24,7.0,Internacional,Manteiga de manga_Setembro_489
0.89,4.62,33.21,7.0,Nenhuma,Manteiga de manga_Setembro_490
0.4,4.84,33.02,8.0,ISO-HACCP,Manteiga de manga_Setembro_491
0.31,3.89,29.26,8.0,ANVISA,Manteiga de manga_Setembro_492
0.38,5.98,32.77,6.0,ANVISA,Manteiga de manga_Setembro_493
0.76,4.93,32.02,6.0,ISO-HACCP,Manteiga de manga_Setembro_494
0.81,6.25,35.24,8.0,ANVISA,Manteiga de manga_Setembro_495
0.14,3.01,32.21,7.0,ANVISA,Manteiga de manga_Setembro_496
0.41,4.32,30.08,10.0,ISO-HACCP,Manteiga de manga_Setembro_497
0.86,5.16,30.55,7.0,Nenhuma,Manteiga de manga_Setembro_498
0.64,4.34,36.71,8.0,ISO-HACCP,Manteiga de manga_Setembro_499
0.65,4.27,30.19,8.0,ISO-HACCP,Manteiga de manga_Setembro_500
1.23,1.14,35.05,9.0,Internacional,Manteiga de manga_Setembro_501
1.11,3.62,34.7,7.0,ISO-HACCP,Manteiga de manga_Setembro_502
0.36,2.57,32.51,8.0,ANVISA,Manteiga de manga_Setembro_503
1.02,3.15,32.0,9.0,Internacional,Manteiga de manga_Setembro_504
0.47,4.57,36.1,9.0,Internacional,Manteiga de manga_Setembro_505
0.2,7.09,36.03,7.0,ANVISA,Manteiga de manga_Setembro_506
0.58,4.42,28.36,5.0,ISO-HACCP,Manteiga de manga_Setembro_507
0.81,6.07,35.41,8.0,ISO-HACCP,Manteiga de manga_Setembro_508
0.79,3.53,33.44,7.0,ISO-HACCP,Manteiga de manga_Setembro_509
0.27,6.06,30.28,9.0,Internacional,Manteiga de manga_Setembro_510
0.55,4.1,35.3,5.0,ISO-HACCP,Manteiga de manga_Setembro_511
0.94,3.69,33.02,10.0,Internacional,Manteiga de manga_Setembro_512
0.52,2.15,31.11,8.0,ISO-HACCP,Manteiga de manga_Setembro_513
0.75,1.0,33.07,6.0,ISO-HACCP,Manteiga de manga_Setembro_514
0.54,2.64,30.76,10.0,Internacional,Manteiga de manga_Setembro_515
0.71,2.46,33.89,8.0,Internacional,Manteiga de manga_Setembro_516
0.1,5.67,33.89,7.0,ISO-HACCP,Manteiga de manga_Setembro_517
0.1,3.55,33.04,8.0,ANVISA,Manteiga de manga_Setembro_518
0.86,4.31,29.18,8.0,Internacional,Manteiga de manga_Setembro_519
0.55,4.63,32.73,10.0,Internacional,Manteiga de manga_Setembro_520
0.62,7.24,33.85,7.0,ISO-HACCP,Manteiga de manga_Setembro_521
0.67,1.75,30.29,8.0,ISO-HACCP,Manteiga de manga_Setembro_522
0.35,4.37,34.94,8.0,ANVISA,Manteiga de manga_Setembro_523
0.56,4.66,29.19,7.0,ISO-HACCP,Manteiga de manga_Setembro_524
0.33,2.57,33.16,9.0,ANVISA,Manteiga de manga_Setembro_525
0.72,4.74,32.59,9.0,ANVISA,Manteiga de manga_Setembro_526
0.45,3.25,34.81,7.0,Internacional,Manteiga de manga_Setembro_527
0.55,7.6,31.67,9.0,ANVISA,Manteiga de manga_Setembro_528
0.81,5.12,29.36,8.0,Internacional,Manteiga de manga_Setembro_529
0.48,4.39,29.84,7.0,ANVISA,Manteiga de manga_Setembro_530
1.16,4.08,34.76,9.0,Internacional,Manteiga de manga_Setembro_531
0.15,5.62,35.71,9.0,ISO-HACCP,Manteiga de manga_Setembro_532
0.88,3.61,34.98,6.0,Internacional,Manteiga de manga_Setembro_533
0.99,4.12,31.84,8.0,Internacional,Manteiga de manga_Setembro_534
0.62,6.26,32.35,8.0,Internacional,Manteiga de manga_Setembro_535
0.77,4.17,33.81,8.0,ANVISA,Manteiga de manga_Setembro_536
0.5,4.12,34.88,8.0,Internacional,Manteiga de manga_Setembro_537
0.78,2.91,32.9,8.0,Internacional,Manteiga de manga_Setembro_538
0.87,4.09,34.64,8.0,ISO-HACCP,Manteiga de manga_Setembro_539
0.41,3.91,35.58,8.0,ANVISA,Manteiga de manga_Setembro_540
0.87,4.16,30.71,9.0,ISO-HACCP,Manteiga de manga_Setembro_541
0.79,2.8,33.33,8.0,ISO-HACCP,Manteiga de manga_Setembro_542
0.77,2.02,34.8,6.0,ISO-HACCP,Manteiga de manga_Setembro_543
0.66,4.54,28.04,7.0,Internacional,Manteiga de manga_Setembro_544
1.02,5.96,31.73,6.0,ISO-HACCP,Manteiga de manga_Setembro_545
0.9,3.8,34.03,8.0,Internacional,Manteiga de manga_Setembro_546
0.25,3.64,34.89,9.0,Internacional,Manteiga de manga_Setembro_547
0.34,6.92,32.8,8.0,ANVISA,Manteiga de manga_Setembro_548
0.57,2.92,34.45,8.0,Internacional,Manteiga de manga_Setembro_549
0.1,5.31,32.02,7.0,Internacional,Manteiga de manga_Setembro_550
0.74,4.22,31.96,10.0,Internacional,Manteiga de manga_Setembro_551
0.66,2.49,36.24,10.0,ANVISA,Manteiga de manga_Setembro_552
0.9,5.21,30.1,6.0,Internacional,Manteiga de manga_Setembro_553
0.83,5.14,36.23,7.0,ANVISA,Manteiga de manga_Setembro_554
0.45,4.48,33.3,8.0,ANVISA,Manteiga de manga_Setembro_555
1.04,3.59,30.82,9.0,ISO-HACCP,Manteiga de manga_Setembro_556
0.75,6.0,35.06,9.0,ISO-HACCP,Manteiga de manga_Setembro_557
0.54,5.01,35.53,10.0,ISO-HACCP,Manteiga de manga_Setembro_558
0.48,6.53,30.33,10.0,ANVISA,Manteiga de manga_Setembro_559
0.46,4.47,33.36,8.0,Internacional,Manteiga de manga_Setembro_560
0.52,4.58,32.24,8.0,Internacional,Manteiga de manga_Setembro_561
0.86,4.4,34.4,8.0,ISO-HACCP,Manteiga de manga_Setembro_562
0.44,4.76,31.99,8.0,Internacional,Manteiga de manga_Setembro_563
0.49,4.1,30.82,7.0,Nenhuma,Manteiga de manga_Setembro_564
0.64,6.01,35.57,8.0,Internacional,Manteiga de manga_Setembro_565
0.75,4.88,38.19,7.0,ISO-HACCP,Manteiga de manga_Setembro_566
0.1,2.85,32.87,6.0,ISO-HACCP,Manteiga de manga_Setembro_567
0.79,3.73,31.01,8.0,ANVISA,Manteiga de manga_Setembro_568
0.45,4.78,33.41,9.0,Nenhuma,Manteiga de manga_Setembro_569
0.77,2.57,30.87,8.0,ANVISA,Manteiga de manga_Setembro_570
0.5,2.08,32.44,10.0,Internacional,Manteiga de manga_Setembro_571
0.9,5.13,30.68,8.0,Internacional,Manteiga de manga_Setembro_572
0.43,4.41,34.32,9.0,ANVISA,Manteiga de manga_Setembro_573
0.39,6.17,32.91,7.0,Internacional,Manteiga de manga_Setembro_574
0.64,8.94,33.0,9.0,ANVISA,Manteiga de manga_Setembro_575
0.49,3.99,33.11,10.0,ANVISA,Manteiga de manga_Setembro_576
0.37,3.47,29.14,8.0,ANVISA,Manteiga de manga_Setembro_577
0.12,3.36,30.33,9.0,Internacional,Manteiga de manga_Setembro_578
0.24,1.47,32.47,8.0,ISO-HACCP,Manteiga de manga_Setembro_579
0.69,3.86,34.9,10.0,Internacional,Manteiga de manga_Setembro_580
0.97,1.0,31.78,9.0,ANVISA,Manteiga de manga_Setembro_581
0.73,5.71,34.64,7.0,Internacional,Manteiga de manga_Setembro_582
0.13,3.38,31.2,8.0,Internacional,Manteiga de manga_Setembro_583
0.57,5.68,31.39,8.0,ISO-HACCP,Manteiga de manga_Setembro_584
0.2,6.68,31.47,10.0,ISO-HACCP,Manteiga de manga_Setembro_585
0.18,4.31,32.75,8.0,Internacional,Manteiga de manga_Setembro_586
0.35,3.46,31.43,7.0,ANVISA,Manteiga de manga_Setembro_587
1.08,5.95,34.99,7.0,ANVISA,Manteiga de manga_Setembro_588
0.92,3.55,35.69,10.0,Internacional,Manteiga de manga_Setembro_589
0.53,2.93,31.85,7.0,ISO-HACCP,Manteiga de manga_Setembro_590
1.2,1.0,32.03,7.826709526592636,Nenhuma,Manteiga de manga_Setembro_591
0.63,3.12,32.43,6.0,ANVISA,Manteiga de manga_Setembro_592
0.63,2.06,33.95,10.0,ISO-HACCP,Manteiga de manga_Setembro_593
0.59,5.74,29.15,9.0,ISO-HACCP,Manteiga de manga_Setembro_594
1.02,2.39,33.4,8.0,ANVISA,Manteiga de manga_Setembro_595
0.51,4.58,33.86,9.0,ANVISA,Manteiga de manga_Setembro_596
0.97,3.32,30.08,8.0,ISO-HACCP,Manteiga de manga_Setembro_597
0.81,4.26,34.22,8.0,ANVISA,Manteiga de manga_Setembro_598
0.7,5.21,34.94,7.0,ANVISA,Manteiga de manga_Setembro_599
0.19,2.33,33.8,10.0,ISO-HACCP,Manteiga de manga_Setembro_600
0.68,2.87,34.15,8.0,ANVISA,Manteiga de manga_Setembro_601
0.67,6.81,35.01,7.0,Internacional,Manteiga de manga_Setembro_602
0.39,3.93,32.5,9.0,ISO-HACCP,Manteiga de manga_Setembro_603
0.84,5.74,34.19,7.0,ANVISA,Manteiga de manga_Setembro_604
0.7,3.95,33.87,8.0,ISO-HACCP,Manteiga de manga_Setembro_605
0.63,6.45,32.17,7.0,ANVISA,Manteiga de manga_Setembro_606
0.71,4.43,31.91,8.0,ISO-HACCP,Manteiga de manga_Setembro_607
1.35,5.22,34.3,9.0,ANVISA,Manteiga de manga_Setembro_608
0.67,2.62,28.0,8.0,Nenhuma,Manteiga de manga_Setembro_609
0.95,4.15,30.08,8.0,ANVISA,Manteiga de manga_Setembro_610
0.75,5.01,35.26,7.0,Internacional,Manteiga de manga_Setembro_611
0.52,6.74,33.72,7.0,ISO-HACCP,Manteiga de manga_Setembro_612
0.49,4.58,33.1,7.826709526592636,Nenhuma,Manteiga de manga_Setembro_613
0.86,3.88,34.93,8.0,ANVISA,Manteiga de manga_Setembro_614
0.24,3.23,34.23,6.0,Nenhuma,Manteiga de manga_Setembro_615
0.7,4.19,34.48,7.0,ANVISA,Manteiga de manga_Setembro_616
0.72,3.95,31.45,7.0,ISO-HACCP,Manteiga de manga_Setembro_617
0.23,5.7,31.02,7.826709526592636,Internacional,Manteiga de manga_Setembro_618
0.63,4.2,35.59,5.0,Nenhuma,Manteiga de manga_Setembro_619
0.84,2.72,32.99,8.0,ISO-HACCP,Manteiga de manga_Setembro_620
0.26,3.53,31.12,8.0,Nenhuma,Manteiga de manga_Setembro_621
0.61,8.16,34.39,7.0,ANVISA,Manteiga de manga_Setembro_622
0.57,3.82,32.42,9.0,Internacional,Manteiga de manga_Setembro_623
0.67,3.79,35.78,8.0,ISO-HACCP,Manteiga de manga_Setembro_624
0.65,7.72,36.03,8.0,Nenhuma,Manteiga de manga_Setembro_625
0.88,4.07,33.07,7.0,Internacional,Manteiga de manga_Setembro_626
0.92,4.21,35.15,7.0,ANVISA,Manteiga de manga_Setembro_627
0.6,3.91,29.35,7.0,ANVISA,Manteiga de manga_Setembro_628
0.41,1.82,35.98,8.0,ISO-HACCP,Manteiga de manga_Setembro_629
0.53,4.99,33.76,7.0,Internacional,Manteiga de manga_Setembro_630
0.58,6.05,30.44,9.0,Internacional,Manteiga de manga_Setembro_631
0.48,6.14,34.38,8.0,ANVISA,Manteiga de manga_Setembro_632
0.35,4.36,30.17,6.0,ANVISA,Manteiga de manga_Setembro_633
0.59,5.72,35.85,8.0,ANVISA,Manteiga de manga_Setembro_634
0.39,3.09,31.23,8.0,ISO-HACCP,Manteiga de manga_Setembro_635
0.55,4.23,32.36,7.826709526592636,Internacional,Manteiga de manga_Setembro_636
0.99,6.54,34.24,7.0,ANVISA,Manteiga de manga_Setembro_637
0.81,6.76,32.16,8.0,Internacional,Manteiga de manga_Setembro_638
0.98,2.97,32.52,8.0,ANVISA,Manteiga de manga_Setembro_639
0.3,1.33,33.7,6.0,ISO-HACCP,Manteiga de manga_Setembro_640
0.81,1.0,32.56,8.0,Internacional,Manteiga de manga_Setembro_641
0.71,3.27,36.38,6.0,Internacional,Manteiga de manga_Setembro_642
1.15,4.29,34.19,10.0,ISO-HACCP,Manteiga de manga_Setembro_643
0.92,4.99,30.23,10.0,Nenhuma,Manteiga de manga_Setembro_644
0.6,5.66,35.32,7.826709526592636,Internacional,Manteiga de manga_Setembro_645
0.28,5.03,28.75,7.0,ISO-HACCP,Manteiga de manga_Setembro_646
1.07,4.87,33.05,7.0,ANVISA,Manteiga de manga_Setembro_647
0.65,4.07,35.53,8.0,ISO-HACCP,Manteiga de manga_Setembro_648
0.42,4.13,32.73,7.0,ANVISA,Manteiga de manga_Setembro_649
0.91,2.07,37.54,7.0,Internacional,Manteiga de manga_Setembro_650
0.6,2.77,28.0,6.0,ISO-HACCP,Manteiga de manga_Setembro_651
0.27,1.51,33.42,7.0,ANVISA,Manteiga de manga_Setembro_652
0.2,6.0,36.05,9.0,ISO-HACCP,Manteiga de manga_Setembro_653
0.78,3.62,30.42,8.0,Internacional,Manteiga de manga_Setembro_654
0.15,7.16,34.54,9.0,ISO-HACCP,Manteiga de manga_Setembro_655
0.51,3.92,31.18,9.0,ISO-HACCP,Manteiga de manga_Setembro_656
0.53,2.83,34.14,9.0,ISO-HACCP,Manteiga de manga_Setembro_657
0.82,4.2,34.38,7.0,ANVISA,Manteiga de manga_Setembro_658
0.76,5.48,36.16,8.0,ISO-HACCP,Manteiga de manga_Setembro_659
0.56,2.63,30.44,8.0,Internacional,Manteiga de manga_Setembro_660
0.53,3.98,34.58,7.0,ISO-HACCP,Manteiga de manga_Setembro_661
0.68,4.86,36.48,8.0,ISO-HACCP,Manteiga de manga_Setembro_662
0.85,4.05,35.32,7.0,ANVISA,Manteiga de manga_Setembro_663
0.83,2.19,33.03,7.0,Internacional,Manteiga de manga_Setembro_664
0.31,3.43,28.69,8.0,ISO-HACCP,Manteiga de manga_Setembro_665
0.68,4.81,35.63,10.0,ISO-HACCP,Manteiga de manga_Setembro_666
0.9,3.43,32.88,9.0,Nenhuma,Manteiga de manga_Setembro_667
0.89,5.45,35.83,8.0,Nenhuma,Manteiga de manga_Setembro_668
0.65,3.75,32.84,8.0,ANVISA,Manteiga de manga_Setembro_669
0.71,1.0,34.38,7.0,ISO-HACCP,Manteiga de manga_Setembro_670
0.51,4.79,32.8,8.0,Internacional,Manteiga de manga_Setembro_671
0.52,2.72,33.3,9.0,ISO-HACCP,Manteiga de manga_Setembro_672
0.94,5.77,37.48,7.0,Nenhuma,Manteiga de manga_Setembro_673
0.58,2.09,30.24,7.0,ISO-HACCP,Manteiga de manga_Setembro_674
0.17,3.5,32.72,7.0,Nenhuma,Manteiga de manga_Setembro_675
0.1,5.34,28.62,7.0,ISO-HACCP,Manteiga de manga_Setembro_676
0.79,3.53,33.94,10.0,ANVISA,Manteiga de manga_Setembro_677
0.5,2.36,30.39,6.0,ISO-HACCP,Manteiga de manga_Setembro_678
0.95,3.22,32.37,8.0,ANVISA,Manteiga de manga_Setembro_679
0.58,5.06,34.87,8.0,Internacional,Manteiga de manga_Setembro_680
0.45,4.17,32.45,7.0,Nenhuma,Manteiga de manga_Setembro_681
0.22,3.16,33.78,9.0,Internacional,Manteiga de manga_Setembro_682
0.62,1.0,32.78,6.0,,Manteiga de manga_Setembro_683
0.55,4.91,32.5,7.0,ISO-HACCP,Manteiga de manga_Setembro_684
0.7,4.42,34.82,9.0,Internacional,Manteiga de manga_Setembro_685
0.54,4.23,32.9,9.0,ANVISA,Manteiga de manga_Setembro_686
0.63,5.95,32.87,10.0,Internacional,Manteiga de manga_Setembro_687
0.88,5.83,31.4,8.0,Internacional,Manteiga de manga_Setembro_688
0.11,2.3,30.82,7.0,Internacional,Manteiga de manga_Setembro_689
0.62,6.1,36.17,8.0,ISO-HACCP,Manteiga de manga_Setembro_690
1.0,4.44,32.47,9.0,ISO-HACCP,Manteiga de manga_Setembro_691
0.1,1.25,31.6,8.0,Internacional,Manteiga de manga_Setembro_692
0.92,7.35,36.6,8.0,ISO-HACCP,Manteiga de manga_Setembro_693
1.21,4.38,32.96,7.0,ANVISA,Manteiga de manga_Setembro_694
0.73,3.94,34.01,8.0,ANVISA,Manteiga de manga_Setembro_695
0.74,5.19,36.67,7.0,Nenhuma,Manteiga de manga_Setembro_696
1.23,6.47,34.11,10.0,ISO-HACCP,Manteiga de manga_Setembro_697
0.61,4.97,30.66,7.0,ANVISA,Manteiga de manga_Setembro_698
0.57,4.31,32.07,10.0,ANVISA,Manteiga de manga_Setembro_699
0.46,4.43,31.19,7.0,ANVISA,Manteiga de manga_Outubro_0
0.52,5.47,32.1,8.0,ANVISA,Manteiga de manga_Outubro_1
0.74,2.13,33.11,9.0,Internacional,Manteiga de manga_Outubro_2
0.49,5.48,33.26,6.0,ISO-HACCP,Manteiga de manga_Outubro_3
0.71,2.8,35.53,8.0,ISO-HACCP,Manteiga de manga_Outubro_4
0.79,1.0,33.75,8.0,Internacional,Manteiga de manga_Outubro_5
0.68,5.6,28.0,8.0,ISO-HACCP,Manteiga de manga_Outubro_6
0.77,3.61,30.81,8.0,Internacional,Manteiga de manga_Outubro_7
0.44,3.19,32.87,8.0,ANVISA,Manteiga de manga_Outubro_8
0.73,4.45,33.17,8.0,Internacional,Manteiga de manga_Outubro_9
0.65,1.41,30.88,10.0,Internacional,Manteiga de manga_Outubro_10
0.76,3.87,31.82,9.0,Internacional,Manteiga de manga_Outubro_11
0.66,1.47,30.16,7.0,ANVISA,Manteiga de manga_Outubro_12
0.1,4.87,33.57,8.0,ANVISA,Manteiga de manga_Outubro_13
1.0,4.96,35.75,6.0,ISO-HACCP,Manteiga de manga_Outubro_14
0.82,3.79,32.65,6.0,Nenhuma,Manteiga de manga_Outubro_15
0.9,3.71,31.58,8.0,Internacional,Manteiga de manga_Outubro_16
0.44,4.68,34.52,7.0,Internacional,Manteiga de manga_Outubro_17
0.49,5.69,37.88,7.0,ANVISA,Manteiga de manga_Outubro_18
0.48,5.02,36.86,7.0,ANVISA,Manteiga de manga_Outubro_19
0.49,6.48,33.61,6.0,Internacional,Manteiga de manga_Outubro_20
0.47,4.63,34.19,9.0,ANVISA,Manteiga de manga_Outubro_21
1.19,7.69,34.92,10.0,Nenhuma,Manteiga de manga_Outubro_22
0.94,4.49,35.38,7.0,ISO-HACCP,Manteiga de manga_Outubro_23
0.34,6.96,35.55,7.0,ANVISA,Manteiga de manga_Outubro_24
0.71,4.36,33.08,8.0,Internacional,Manteiga de manga_Outubro_25
1.04,5.01,35.64,10.0,ISO-HACCP,Manteiga de manga_Outubro_26
0.7,5.03,32.85,7.826709526592636,ISO-HACCP,Manteiga de manga_Outubro_27
0.63,4.41,30.42,6.0,Internacional,Manteiga de manga_Outubro_28
0.53,4.31,33.7,8.0,Internacional,Manteiga de manga_Outubro_29
0.65,8.17,31.59,9.0,ANVISA,Manteiga de manga_Outubro_30
0.1,5.19,35.42,9.0,Nenhuma,Manteiga de manga_Outubro_31
0.77,3.64,32.2,6.0,Internacional,Manteiga de manga_Outubro_32
0.76,3.77,34.19,9.0,Internacional,Manteiga de manga_Outubro_33
0.34,5.11,33.76,8.0,Internacional,Manteiga de manga_Outubro_34
0.74,6.76,31.24,7.0,ANVISA,Manteiga de manga_Outubro_35
0.8,3.76,31.58,9.0,ISO-HACCP,Manteiga de manga_Outubro_36
0.83,4.32,32.96,6.0,ISO-HACCP,Manteiga de manga_Outubro_37
0.77,4.66,35.74,9.0,Internacional,Manteiga de manga_Outubro_38
1.15,3.62,30.26,8.0,Internacional,Manteiga de manga_Outubro_39
0.31,5.26,28.98,10.0,ISO-HACCP,Manteiga de manga_Outubro_40
0.46,5.58,32.47,8.0,ANVISA,Manteiga de manga_Outubro_41
1.12,3.67,33.86,8.0,ISO-HACCP,Manteiga de manga_Outubro_42
0.49,2.87,32.94,8.0,Internacional,Manteiga de manga_Outubro_43
0.35,4.9,28.53,8.0,Internacional,Manteiga de manga_Outubro_44
0.69,4.13,33.14,7.0,Internacional,Manteiga de manga_Outubro_45
0.17,2.99,36.25,8.0,ANVISA,Manteiga de manga_Outubro_46
0.17,4.84,32.39,8.0,ANVISA,Manteiga de manga_Outubro_47
0.75,4.99,32.95,5.0,Internacional,Manteiga de manga_Outubro_48
0.79,1.97,34.25,9.0,Internacional,Manteiga de manga_Outubro_49
1.03,5.4,32.96,7.0,,Manteiga de manga_Outubro_50
1.01,3.55,33.4,7.0,ANVISA,Manteiga de manga_Outubro_51
0.45,4.9,31.59,5.0,ISO-HACCP,Manteiga de manga_Outubro_52
0.74,5.22,31.82,7.0,Internacional,Manteiga de manga_Outubro_53
1.09,2.77,32.09,8.0,ANVISA,Manteiga de manga_Outubro_54
0.52,1.38,34.7,7.0,Nenhuma,Manteiga de manga_Outubro_55
0.67,4.6,34.25,7.0,ANVISA,Manteiga de manga_Outubro_56
0.7,2.88,32.2,8.0,ANVISA,Manteiga de manga_Outubro_57
0.61,6.71,34.41,9.0,Internacional,Manteiga de manga_Outubro_58
1.15,5.43,28.29,7.0,ANVISA,Manteiga de manga_Outubro_59
0.43,4.29,33.93,6.0,Internacional,Manteiga de manga_Outubro_60
0.28,4.32,32.48,8.0,ISO-HACCP,Manteiga de manga_Outubro_61
0.46,4.9,29.91,9.0,ISO-HACCP,Manteiga de manga_Outubro_62
0.2,4.13,30.1,8.0,ANVISA,Manteiga de manga_Outubro_63
0.95,6.17,28.0,9.0,ANVISA,Manteiga de manga_Outubro_64
0.96,4.23,33.73,7.0,ANVISA,Manteiga de manga_Outubro_65
0.42,2.11,29.67,7.0,ISO-HACCP,Manteiga de manga_Outubro_66
0.44,6.96,34.68,7.0,ISO-HACCP,Manteiga de manga_Outubro_67
0.21,3.46,33.56,7.0,ISO-HACCP,Manteiga de manga_Outubro_68
0.75,4.85,30.05,7.0,Nenhuma,Manteiga de manga_Outubro_69
0.57,3.47,34.33,9.0,Internacional,Manteiga de manga_Outubro_70
0.4,5.15,30.87,9.0,ISO-HACCP,Manteiga de manga_Outubro_71
0.39,5.97,29.78,8.0,ISO-HACCP,Manteiga de manga_Outubro_72
0.67,6.77,30.23,7.0,Nenhuma,Manteiga de manga_Outubro_73
0.54,3.52,36.75,8.0,ISO-HACCP,Manteiga de manga_Outubro_74
0.51,5.34,35.9,6.0,ISO-HACCP,Manteiga de manga_Outubro_75
1.3,5.19,30.18,9.0,ISO-HACCP,Manteiga de manga_Outubro_76
0.68,5.97,32.99,7.0,Internacional,Manteiga de manga_Outubro_77
1.01,4.9,31.38,9.0,ANVISA,Manteiga de manga_Outubro_78
0.8,2.46,33.62,4.0,Internacional,Manteiga de manga_Outubro_79
0.4,3.31,31.89,9.0,Internacional,Manteiga de manga_Outubro_80
0.61,2.77,32.62,7.0,ISO-HACCP,Manteiga de manga_Outubro_81
0.77,4.23,34.54,7.0,ISO-HACCP,Manteiga de manga_Outubro_82
0.94,6.21,28.96,9.0,ISO-HACCP,Manteiga de manga_Outubro_83
0.35,6.92,29.39,8.0,,Manteiga de manga_Outubro_84
0.22,5.64,33.41,8.0,ISO-HACCP,Manteiga de manga_Outubro_85
0.58,4.58,33.92,9.0,ANVISA,Manteiga de manga_Outubro_86
0.1,4.45,34.79,8.0,ANVISA,Manteiga de manga_Outubro_87
0.52,4.71,35.16,10.0,Internacional,Manteiga de manga_Outubro_88
0.43,4.09,28.85,7.0,ANVISA,Manteiga de manga_Outubro_89
0.1,2.25,31.81,8.0,Nenhuma,Manteiga de manga_Outubro_90
0.59,2.1,33.12,9.0,Nenhuma,Manteiga de manga_Outubro_91
1.17,6.32,31.04,7.0,ANVISA,Manteiga de manga_Outubro_92
0.33,2.35,31.83,10.0,Internacional,Manteiga de manga_Outubro_93
0.52,5.5,29.35,7.0,ANVISA,Manteiga de manga_Outubro_94
0.81,4.33,34.13,7.0,ANVISA,Manteiga de manga_Outubro_95
0.6,2.22,30.68,9.0,ANVISA,Manteiga de manga_Outubro_96
0.56,8.81,28.5,8.0,ISO-HACCP,Manteiga de manga_Outubro_97
0.53,6.52,31.68,9.0,ANVISA,Manteiga de manga_Outubro_98
0.25,2.44,34.15,10.0,ISO-HACCP,Manteiga de manga_Outubro_99
0.49,4.5,33.3,8.0,ANVISA,Manteiga de manga_Outubro_100
0.39,1.95,32.92,9.0,Internacional,Manteiga de manga_Outubro_101
0.33,3.85,32.69,6.0,Internacional,Manteiga de manga_Outubro_102
0.61,6.08,34.06,7.0,ANVISA,Manteiga de manga_Outubro_103
0.76,1.92,28.0,9.0,Internacional,Manteiga de manga_Outubro_104
0.76,4.75,34.23,6.0,Nenhuma,Manteiga de manga_Outubro_105
0.37,5.11,34.07,8.0,ANVISA,Manteiga de manga_Outubro_106
0.5,4.42,33.24,7.0,ISO-HACCP,Manteiga de manga_Outubro_107
0.73,6.03,36.59,6.0,ANVISA,Manteiga de manga_Outubro_108
0.45,6.47,34.05,10.0,ANVISA,Manteiga de manga_Outubro_109
0.54,3.82,35.93,9.0,ISO-HACCP,Manteiga de manga_Outubro_110
0.83,5.15,33.7,8.0,ANVISA,Manteiga de manga_Outubro_111
0.73,3.95,31.84,9.0,ISO-HACCP,Manteiga de manga_Outubro_112
0.82,7.04,31.85,8.0,Internacional,Manteiga de manga_Outubro_113
0.98,2.37,35.67,7.0,ISO-HACCP,Manteiga de manga_Outubro_114
0.28,5.56,29.74,6.0,ANVISA,Manteiga de manga_Outubro_115
0.31,8.36,31.4,8.0,Internacional,Manteiga de manga_Outubro_116
1.32,3.02,34.27,7.0,ISO-HACCP,Manteiga de manga_Outubro_117
0.57,3.41,32.25,8.0,ANVISA,Manteiga de manga_Outubro_118
0.94,4.87,33.27,9.0,ANVISA,Manteiga de manga_Outubro_119
0.98,7.26,33.77,7.0,ANVISA,Manteiga de manga_Outubro_120
0.26,2.97,32.68,9.0,Internacional,Manteiga de manga_Outubro_121
0.12,6.71,30.6,7.0,ANVISA,Manteiga de manga_Outubro_122
0.54,6.03,33.81,8.0,ANVISA,Manteiga de manga_Outubro_123
0.79,2.21,31.33,7.0,ISO-HACCP,Manteiga de manga_Outubro_124
0.42,6.54,35.96,6.0,ANVISA,Manteiga de manga_Outubro_125
0.78,3.3,32.27,9.0,ANVISA,Manteiga de manga_Outubro_126
0.81,7.24,33.02,9.0,ISO-HACCP,Manteiga de manga_Outubro_127
0.86,2.81,32.67,8.0,ANVISA,Manteiga de manga_Outubro_128
0.71,6.45,30.37,9.0,ISO-HACCP,Manteiga de manga_Outubro_129
0.1,4.73,30.21,8.0,ISO-HACCP,Manteiga de manga_Outubro_130
1.18,2.7,34.19,8.0,Nenhuma,Manteiga de manga_Outubro_131
0.81,3.63,34.31,9.0,Internacional,Manteiga de manga_Outubro_132
0.65,5.48,31.49,7.0,ISO-HACCP,Manteiga de manga_Outubro_133
0.43,1.36,31.19,7.0,Internacional,Manteiga de manga_Outubro_134
0.43,5.59,29.17,9.0,ANVISA,Manteiga de manga_Outubro_135
0.8,1.0,31.98,9.0,Internacional,Manteiga de manga_Outubro_136
0.52,4.56,31.72,6.0,Internacional,Manteiga de manga_Outubro_137
0.58,5.38,31.01,7.0,ANVISA,Manteiga de manga_Outubro_138
0.87,4.14,34.38,7.0,ANVISA,Manteiga de manga_Outubro_139
0.65,3.88,30.36,9.0,ISO-HACCP,Manteiga de manga_Outubro_140
0.1,2.04,34.23,6.0,ANVISA,Manteiga de manga_Outubro_141
0.88,3.42,33.21,9.0,Internacional,Manteiga de manga_Outubro_142
0.34,4.04,31.53,9.0,Internacional,Manteiga de manga_Outubro_143
0.87,7.06,34.2,7.0,Internacional,Manteiga de manga_Outubro_144
0.59,1.14,31.76,7.0,ANVISA,Manteiga de manga_Outubro_145
0.59,5.52,34.71,6.0,ISO-HACCP,Manteiga de manga_Outubro_146
0.65,2.97,32.56,6.0,Nenhuma,Manteiga de manga_Outubro_147
1.09,4.68,32.34,8.0,Nenhuma,Manteiga de manga_Outubro_148
0.82,4.22,30.27,7.0,ISO-HACCP,Manteiga de manga_Outubro_149
0.72,2.98,29.46,9.0,Nenhuma,Manteiga de manga_Outubro_150
0.4,4.24,29.81,8.0,,Manteiga de manga_Outubro_151
0.64,4.93,31.74,6.0,ISO-HACCP,Manteiga de manga_Outubro_152
0.41,6.57,31.07,8.0,ISO-HACCP,Manteiga de manga_Outubro_153
0.55,7.04,32.91,8.0,ISO-HACCP,Manteiga de manga_Outubro_154
0.53,6.32,36.39,10.0,,Manteiga de manga_Outubro_155
0.1,5.87,34.07,9.0,ANVISA,Manteiga de manga_Outubro_156
0.5,5.4,36.69,8.0,Internacional,Manteiga de manga_Outubro_157
0.59,3.01,34.14,7.826709526592636,Internacional,Manteiga de manga_Outubro_158
0.45,3.68,30.44,6.0,Internacional,Manteiga de manga_Outubro_159
0.24,6.33,36.71,6.0,Nenhuma,Manteiga de manga_Outubro_160
0.83,3.85,33.46,9.0,Internacional,Manteiga de manga_Outubro_161
0.42,2.64,33.29,10.0,ANVISA,Manteiga de manga_Outubro_162
0.98,2.9,30.46,9.0,ANVISA,Manteiga de manga_Outubro_163
0.61,2.95,35.92,8.0,Internacional,Manteiga de manga_Outubro_164
1.21,5.76,30.94,9.0,ANVISA,Manteiga de manga_Outubro_165
0.58,4.39,33.52,8.0,ANVISA,Manteiga de manga_Outubro_166
0.35,3.33,34.54,8.0,ISO-HACCP,Manteiga de manga_Outubro_167
0.32,3.69,36.89,8.0,ISO-HACCP,Manteiga de manga_Outubro_168
0.57,2.13,32.8,8.0,Internacional,Manteiga de manga_Outubro_169
0.13,1.88,32.74,8.0,ISO-HACCP,Manteiga de manga_Outubro_170
0.49,5.04,35.96,7.0,Internacional,Manteiga de manga_Outubro_171
0.42,7.05,31.91,10.0,Internacional,Manteiga de manga_Outubro_172
0.64,2.89,31.74,8.0,ANVISA,Manteiga de manga_Outubro_173
1.06,4.78,33.19,7.0,ISO-HACCP,Manteiga de manga_Outubro_174
0.6,4.27,30.8,9.0,,Manteiga de manga_Outubro_175
0.28,6.15,32.64,7.0,ANVISA,Manteiga de manga_Outubro_176
0.23,3.14,35.27,6.0,ISO-HACCP,Manteiga de manga_Outubro_177
1.24,3.37,33.83,7.826709526592636,ISO-HACCP,Manteiga de manga_Outubro_178
0.67,3.46,32.45,9.0,Internacional,Manteiga de manga_Outubro_179
0.31,3.39,32.86,8.0,ISO-HACCP,Manteiga de manga_Outubro_180
0.97,6.7,34.24,9.0,ANVISA,Manteiga de manga_Outubro_181
0.54,3.77,29.14,9.0,Internacional,Manteiga de manga_Outubro_182
0.16,2.0,32.98,7.0,Internacional,Manteiga de manga_Outubro_183
0.1,4.49,31.37,9.0,Internacional,Manteiga de manga_Outubro_184
0.1,2.57,32.84,9.0,ANVISA,Manteiga de manga_Outubro_185
0.24,4.25,34.14,8.0,ANVISA,Manteiga de manga_Outubro_186
1.35,2.89,35.33,7.0,Nenhuma,Manteiga de manga_Outubro_187
0.71,7.28,28.84,8.0,Internacional,Manteiga de manga_Outubro_188
0.61,6.39,34.48,9.0,Internacional,Manteiga de manga_Outubro_189
0.61,4.09,33.12,8.0,Internacional,Manteiga de manga_Outubro_190
0.16,6.79,33.37,6.0,ANVISA,Manteiga de manga_Outubro_191
0.62,6.8,32.07,7.0,ISO-HACCP,Manteiga de manga_Outubro_192
0.1,3.73,31.6,7.0,ISO-HACCP,Manteiga de manga_Outubro_193
0.81,2.23,32.97,7.0,ISO-HACCP,Manteiga de manga_Outubro_194
0.47,5.02,31.81,7.0,Nenhuma,Manteiga de manga_Outubro_195
0.59,3.96,34.08,9.0,Internacional,Manteiga de manga_Outubro_196
0.36,5.63,31.77,9.0,Internacional,Manteiga de manga_Outubro_197
0.59,4.41,31.61,7.0,Internacional,Manteiga de manga_Outubro_198
0.46,1.57,32.69,3.0,ISO-HACCP,Manteiga de manga_Outubro_199
0.42,4.17,30.27,7.0,ISO-HACCP,Manteiga de manga_Outubro_200
0.84,1.0,34.62,8.0,ISO-HACCP,Manteiga de manga_Outubro_201
0.89,1.0,33.55,8.0,ISO-HACCP,Manteiga de manga_Outubro_202
0.28,4.78,28.4,8.0,ISO-HACCP,Manteiga de manga_Outubro_203
0.92,4.75,34.6,7.826709526592636,Internacional,Manteiga de manga_Outubro_204
0.67,3.32,34.8,9.0,ISO-HACCP,Manteiga de manga_Outubro_205
0.44,4.24,35.7,9.0,ANVISA,Manteiga de manga_Outubro_206
0.49,4.35,35.68,8.0,Internacional,Manteiga de manga_Outubro_207
0.46,4.06,30.99,8.0,Nenhuma,Manteiga de manga_Outubro_208
0.74,4.5,32.91,7.0,ISO-HACCP,Manteiga de manga_Outubro_209
0.44,5.98,31.62,9.0,ANVISA,Manteiga de manga_Outubro_210
0.27,6.56,34.0,10.0,Internacional,Manteiga de manga_Outubro_211
0.27,5.55,31.49,9.0,ISO-HACCP,Manteiga de manga_Outubro_212
0.27,4.36,29.33,10.0,ANVISA,Manteiga de manga_Outubro_213
0.4,3.29,35.24,7.0,ANVISA,Manteiga de manga_Outubro_214
0.56,1.85,34.51,7.0,ISO-HACCP,Manteiga de manga_Outubro_215
0.98,2.97,32.15,7.0,Internacional,Manteiga de manga_Outubro_216
0.51,3.88,31.75,10.0,ANVISA,Manteiga de manga_Outubro_217
0.6,3.24,37.11,8.0,ANVISA,Manteiga de manga_Outubro_218
0.62,5.79,33.27,8.0,Internacional,Manteiga de manga_Outubro_219
0.51,4.4,33.83,9.0,Internacional,Manteiga de manga_Outubro_220
0.47,2.75,33.24,8.0,ANVISA,Manteiga de manga_Outubro_221
0.69,6.47,32.05,8.0,Internacional,Manteiga de manga_Outubro_222
0.91,4.27,32.07,6.0,ISO-HACCP,Manteiga de manga_Outubro_223
0.95,3.74,30.55,8.0,Internacional,Manteiga de manga_Outubro_224
0.57,1.76,36.89,8.0,Internacional,Manteiga de manga_Outubro_225
0.38,5.27,36.45,7.0,ISO-HACCP,Manteiga de manga_Outubro_226
0.75,2.95,39.5,7.0,ANVISA,Manteiga de manga_Outubro_227
0.19,3.48,35.6,8.0,Internacional,Manteiga de manga_Outubro_228
0.6,4.26,35.24,8.0,Internacional,Manteiga de manga_Outubro_229
0.68,4.3,32.89,5.0,Nenhuma,Manteiga de manga_Outubro_230
0.54,3.67,28.72,7.0,ANVISA,Manteiga de manga_Outubro_231
0.47,5.15,33.99,6.0,ANVISA,Manteiga de manga_Outubro_232
0.58,5.1,35.1,7.0,ISO-HACCP,Manteiga de manga_Outubro_233
0.35,5.99,32.88,9.0,ISO-HACCP,Manteiga de manga_Outubro_234
0.45,3.34,32.12,8.0,ANVISA,Manteiga de manga_Outubro_235
0.58,7.49,30.22,7.0,ISO-HACCP,Manteiga de manga_Outubro_236
0.64,4.8,34.91,8.0,ISO-HACCP,Manteiga de manga_Outubro_237
0.1,5.77,29.45,9.0,ISO-HACCP,Manteiga de manga_Outubro_238
0.58,6.88,30.93,7.0,ISO-HACCP,Manteiga de manga_Outubro_239
0.43,4.47,33.72,9.0,ANVISA,Manteiga de manga_Outubro_240
0.49,2.17,35.06,7.0,ANVISA,Manteiga de manga_Outubro_241
0.74,2.54,32.07,8.0,Nenhuma,Manteiga de manga_Outubro_242
0.58,6.4,31.54,9.0,ANVISA,Manteiga de manga_Outubro_243
1.05,2.9,33.15,8.0,Internacional,Manteiga de manga_Outubro_244
0.65,2.76,30.93,9.0,Internacional,Manteiga de manga_Outubro_245
1.26,4.3,31.34,9.0,Internacional,Manteiga de manga_Outubro_246
0.61,1.78,34.02,6.0,ISO-HACCP,Manteiga de manga_Outubro_247
0.69,3.06,34.48,9.0,Internacional,Manteiga de manga_Outubro_248
0.81,3.34,33.68,7.0,ISO-HACCP,Manteiga de manga_Outubro_249
0.61,4.56,33.98,8.0,ANVISA,Manteiga de manga_Outubro_250
0.48,4.99,30.03,7.0,Internacional,Manteiga de manga_Outubro_251
0.62,1.6,34.23,9.0,Internacional,Manteiga de manga_Outubro_252
0.6,4.73,31.28,8.0,Nenhuma,Manteiga de manga_Outubro_253
0.64,3.94,30.62,7.0,Internacional,Manteiga de manga_Outubro_254
0.76,2.17,32.2,8.0,ANVISA,Manteiga de manga_Outubro_255
0.87,1.21,29.94,10.0,ISO-HACCP,Manteiga de manga_Outubro_256
0.48,2.78,32.56,6.0,ISO-HACCP,Manteiga de manga_Outubro_257
0.62,4.11,31.15,8.0,Internacional,Manteiga de manga_Outubro_258
0.56,5.48,33.74,6.0,Nenhuma,Manteiga de manga_Outubro_259
0.15,5.5,36.24,7.0,ISO-HACCP,Manteiga de manga_Outubro_260
0.78,3.94,32.69,8.0,Internacional,Manteiga de manga_Outubro_261
0.56,3.5,31.93,8.0,ISO-HACCP,Manteiga de manga_Outubro_262
0.36,3.03,37.15,8.0,Nenhuma,Manteiga de manga_Outubro_263
0.67,3.1,31.39,7.0,ANVISA,Manteiga de manga_Outubro_264
0.47,5.18,32.5,7.0,Internacional,Manteiga de manga_Outubro_265
0.9,2.73,33.65,9.0,ISO-HACCP,Manteiga de manga_Outubro_266
0.62,2.78,30.48,9.0,ANVISA,Manteiga de manga_Outubro_267
1.13,3.22,32.43,10.0,Internacional,Manteiga de manga_Outubro_268
0.58,3.41,34.1,10.0,ANVISA,Manteiga de manga_Outubro_269
0.75,3.35,30.17,8.0,Internacional,Manteiga de manga_Outubro_270
0.63,7.28,35.25,8.0,Nenhuma,Manteiga de manga_Outubro_271
0.28,5.1,28.52,5.0,ANVISA,Manteiga de manga_Outubro_272
0.45,5.16,31.31,8.0,ANVISA,Manteiga de manga_Outubro_273
0.22,1.0,32.85,10.0,Internacional,Manteiga de manga_Outubro_274
0.36,3.09,30.24,7.0,Internacional,Manteiga de manga_Outubro_275
0.57,6.05,37.48,9.0,Internacional,Manteiga de manga_Outubro_276
0.5,5.34,34.87,7.0,ANVISA,Manteiga de manga_Outubro_277
0.28,2.35,32.87,8.0,ISO-HACCP,Manteiga de manga_Outubro_278
0.4,5.43,31.47,9.0,ISO-HACCP,Manteiga de manga_Outubro_279
0.91,5.3,30.42,9.0,ANVISA,Manteiga de manga_Outubro_280
0.83,3.84,32.12,9.0,ISO-HACCP,Manteiga de manga_Outubro_281
0.39,1.19,33.46,7.0,ISO-HACCP,Manteiga de manga_Outubro_282
0.46,5.33,36.37,10.0,ANVISA,Manteiga de manga_Outubro_283
0.33,7.71,31.26,10.0,,Manteiga de manga_Outubro_284
0.23,3.94,32.26,6.0,ANVISA,Manteiga de manga_Outubro_285
0.79,3.56,30.1,8.0,Nenhuma,Manteiga de manga_Outubro_286
0.38,4.15,34.25,9.0,ANVISA,Manteiga de manga_Outubro_287
0.48,5.29,30.71,7.0,ISO-HACCP,Manteiga de manga_Outubro_288
0.84,5.9,35.33,8.0,Internacional,Manteiga de manga_Outubro_289
0.94,3.43,35.76,8.0,Internacional,Manteiga de manga_Outubro_290
0.86,3.46,31.05,9.0,ANVISA,Manteiga de manga_Outubro_291
0.78,5.0,31.24,7.0,Internacional,Manteiga de manga_Outubro_292
0.61,3.34,29.4,8.0,Internacional,Manteiga de manga_Outubro_293
0.81,1.0,34.41,7.0,Internacional,Manteiga de manga_Outubro_294
0.64,3.82,37.23,9.0,ISO-HACCP,Manteiga de manga_Outubro_295
0.63,4.72,30.03,7.826709526592636,Nenhuma,Manteiga de manga_Outubro_296
0.91,2.07,30.52,7.0,ISO-HACCP,Manteiga de manga_Outubro_297
0.51,5.81,33.68,8.0,Internacional,Manteiga de manga_Outubro_298
0.85,4.88,33.29,8.0,Internacional,Manteiga de manga_Outubro_299
0.84,6.22,33.07,8.0,Internacional,Manteiga de manga_Outubro_300
0.85,4.04,32.62,6.0,ANVISA,Manteiga de manga_Outubro_301
0.62,6.89,32.41,7.0,ANVISA,Manteiga de manga_Outubro_302
1.05,4.3,34.11,10.0,ANVISA,Manteiga de manga_Outubro_303
0.6,4.67,30.37,6.0,ISO-HACCP,Manteiga de manga_Outubro_304
0.33,4.57,29.52,9.0,ISO-HACCP,Manteiga de manga_Outubro_305
0.51,1.53,28.36,6.0,ANVISA,Manteiga de manga_Outubro_306
0.43,5.09,36.21,9.0,ANVISA,Manteiga de manga_Outubro_307
0.86,1.65,31.59,7.0,Internacional,Manteiga de manga_Outubro_308
0.43,2.57,28.57,7.0,ISO-HACCP,Manteiga de manga_Outubro_309
0.48,5.42,30.87,9.0,Internacional,Manteiga de manga_Outubro_310
0.37,5.74,34.12,5.0,Internacional,Manteiga de manga_Outubro_311
0.67,3.96,33.02,7.0,ANVISA,Manteiga de manga_Outubro_312
0.63,3.7,31.98,8.0,ANVISA,Manteiga de manga_Outubro_313
0.75,4.53,36.2,7.0,ANVISA,Manteiga de manga_Outubro_314
0.63,5.99,28.0,7.0,,Manteiga de manga_Outubro_315
0.33,2.62,29.96,8.0,Nenhuma,Manteiga de manga_Outubro_316
0.1,7.29,33.43,8.0,Internacional,Manteiga de manga_Outubro_317
0.29,6.68,35.15,7.0,ANVISA,Manteiga de manga_Outubro_318
1.28,7.35,32.99,6.0,ISO-HACCP,Manteiga de manga_Outubro_319
1.06,7.16,35.53,9.0,Internacional,Manteiga de manga_Outubro_320
0.29,5.13,30.33,8.0,ISO-HACCP,Manteiga de manga_Outubro_321
0.55,5.07,31.44,6.0,Nenhuma,Manteiga de manga_Outubro_322
0.63,3.64,35.07,10.0,ANVISA,Manteiga de manga_Outubro_323
1.0,7.3,32.24,7.0,Internacional,Manteiga de manga_Outubro_324
0.39,5.78,33.78,8.0,ANVISA,Manteiga de manga_Outubro_325
0.52,5.07,32.17,9.0,Internacional,Manteiga de manga_Outubro_326
0.64,1.22,33.87,9.0,ANVISA,Manteiga de manga_Outubro_327
0.14,2.76,36.58,7.0,ANVISA,Manteiga de manga_Outubro_328
0.68,4.15,31.55,9.0,Internacional,Manteiga de manga_Outubro_329
0.47,3.25,33.96,7.0,Internacional,Manteiga de manga_Outubro_330
0.21,5.16,32.36,7.0,ANVISA,Manteiga de manga_Outubro_331
0.78,3.77,33.44,7.0,Nenhuma,Manteiga de manga_Outubro_332
0.59,6.24,29.46,7.0,ANVISA,Manteiga de manga_Outubro_333
0.86,5.32,31.73,8.0,Internacional,Manteiga de manga_Outubro_334
1.02,4.6,35.53,5.0,Internacional,Manteiga de manga_Outubro_335
0.8,4.41,31.98,8.0,Internacional,Manteiga de manga_Outubro_336
1.21,4.51,33.85,9.0,Internacional,Manteiga de manga_Outubro_337
0.88,3.62,32.03,8.0,ANVISA,Manteiga de manga_Outubro_338
0.56,6.14,35.68,7.0,ISO-HACCP,Manteiga de manga_Outubro_339
0.85,6.32,30.7,9.0,Internacional,Manteiga de manga_Outubro_340
0.53,6.86,32.2,7.0,ISO-HACCP,Manteiga de manga_Outubro_341
0.68,3.3,34.3,7.0,ANVISA,Manteiga de manga_Outubro_342
1.0,3.61,35.89,10.0,Nenhuma,Manteiga de manga_Outubro_343
0.84,5.81,35.19,10.0,ANVISA,Manteiga de manga_Outubro_344
0.24,3.9,29.19,7.0,Internacional,Manteiga de manga_Outubro_345
0.38,5.11,31.21,6.0,Internacional,Manteiga de manga_Outubro_346
0.44,4.92,33.86,7.0,ANVISA,Manteiga de manga_Outubro_347
0.38,3.85,36.48,7.0,Internacional,Manteiga de manga_Outubro_348
0.97,4.81,36.33,8.0,ANVISA,Manteiga de manga_Outubro_349
0.79,3.2,32.95,10.0,ANVISA,Manteiga de manga_Outubro_350
0.85,6.55,34.67,7.826709526592636,ISO-HACCP,Manteiga de manga_Outubro_351
0.43,5.74,32.7,8.0,ISO-HACCP,Manteiga de manga_Outubro_352
0.67,4.45,30.35,7.0,Internacional,Manteiga de manga_Outubro_353
0.43,5.29,31.99,9.0,Internacional,Manteiga de manga_Outubro_354
0.78,7.81,31.67,6.0,ANVISA,Manteiga de manga_Outubro_355
0.73,4.39,33.53,8.0,Internacional,Manteiga de manga_Outubro_356
0.71,2.94,33.29,7.0,Internacional,Manteiga de manga_Outubro_357
1.07,5.2,34.14,8.0,Internacional,Manteiga de manga_Outubro_358
0.79,6.62,29.93,8.0,ANVISA,Manteiga de manga_Outubro_359
0.53,7.46,32.03,7.0,ISO-HACCP,Manteiga de manga_Outubro_360
0.73,3.57,30.77,8.0,,Manteiga de manga_Outubro_361
0.72,2.82,34.5,8.0,Internacional,Manteiga de manga_Outubro_362
0.91,1.0,31.88,7.0,ISO-HACCP,Manteiga de manga_Outubro_363
0.68,4.72,35.16,7.0,ANVISA,Manteiga de manga_Outubro_364
0.94,3.55,34.06,6.0,Nenhuma,Manteiga de manga_Outubro_365
0.62,2.85,35.73,9.0,Internacional,Manteiga de manga_Outubro_366
0.68,4.15,36.11,7.0,Internacional,Manteiga de manga_Outubro_367
1.06,2.6,32.41,9.0,ISO-HACCP,Manteiga de manga_Outubro_368
0.65,3.98,33.08,6.0,ISO-HACCP,Manteiga de manga_Outubro_369
0.45,5.3,34.38,8.0,Internacional,Manteiga de manga_Outubro_370
0.84,3.01,30.49,6.0,ANVISA,Manteiga de manga_Outubro_371
0.53,2.15,32.36,7.0,Internacional,Manteiga de manga_Outubro_372
0.73,5.84,30.24,10.0,Internacional,Manteiga de manga_Outubro_373
1.0,3.82,33.09,8.0,Internacional,Manteiga de manga_Outubro_374
0.54,5.51,33.49,8.0,Internacional,Manteiga de manga_Outubro_375
0.2,4.56,34.71,9.0,Internacional,Manteiga de manga_Outubro_376
0.8,5.02,31.46,8.0,Internacional,Manteiga de manga_Outubro_377
0.32,1.42,30.06,6.0,Internacional,Manteiga de manga_Outubro_378
0.39,4.87,34.16,7.0,ANVISA,Manteiga de manga_Outubro_379
0.62,3.75,34.82,9.0,ANVISA,Manteiga de manga_Outubro_380
0.74,3.37,30.14,8.0,Internacional,Manteiga de manga_Outubro_381
0.67,2.83,33.88,8.0,ISO-HACCP,Manteiga de manga_Outubro_382
0.4,1.67,31.94,7.0,ISO-HACCP,Manteiga de manga_Outubro_383
0.89,2.08,32.13,9.0,Internacional,Manteiga de manga_Outubro_384
0.73,4.82,33.13,8.0,Nenhuma,Manteiga de manga_Outubro_385
0.55,4.25,32.57,8.0,Internacional,Manteiga de manga_Outubro_386
0.23,5.02,34.18,6.0,ISO-HACCP,Manteiga de manga_Outubro_387
0.42,5.86,31.8,8.0,Internacional,Manteiga de manga_Outubro_388
1.0,3.6,32.82,8.0,ANVISA,Manteiga de manga_Outubro_389
1.03,2.49,34.4,5.0,Nenhuma,Manteiga de manga_Outubro_390
0.83,5.21,33.78,7.0,Internacional,Manteiga de manga_Outubro_391
0.55,3.94,36.7,9.0,Internacional,Manteiga de manga_Outubro_392
0.38,3.46,32.62,10.0,ANVISA,Manteiga de manga_Outubro_393
0.1,5.12,32.15,7.0,Internacional,Manteiga de manga_Outubro_394
0.35,2.67,31.62,8.0,ANVISA,Manteiga de manga_Outubro_395
0.81,3.98,30.35,8.0,ANVISA,Manteiga de manga_Outubro_396
0.87,5.32,31.37,6.0,ISO-HACCP,Manteiga de manga_Outubro_397
1.14,4.04,34.58,10.0,Internacional,Manteiga de manga_Outubro_398
1.15,3.7,29.23,8.0,ANVISA,Manteiga de manga_Outubro_399
0.4,2.08,35.06,7.0,ANVISA,Manteiga de manga_Outubro_400
0.33,4.56,28.17,6.0,ISO-HACCP,Manteiga de manga_Outubro_401
0.72,3.66,30.16,7.0,ISO-HACCP,Manteiga de manga_Outubro_402
0.14,4.52,37.0,7.0,ANVISA,Manteiga de manga_Outubro_403
0.49,3.08,32.15,5.0,ISO-HACCP,Manteiga de manga_Outubro_404
0.8,3.41,30.43,8.0,ISO-HACCP,Manteiga de manga_Outubro_405
0.29,3.92,35.81,5.0,Internacional,Manteiga de manga_Outubro_406
0.94,3.05,32.15,8.0,Internacional,Manteiga de manga_Outubro_407
0.87,4.19,32.51,8.0,ANVISA,Manteiga de manga_Outubro_408
0.38,1.44,33.1,8.0,Internacional,Manteiga de manga_Outubro_409
0.55,5.31,29.2,8.0,ANVISA,Manteiga de manga_Outubro_410
0.44,7.92,34.46,8.0,Internacional,Manteiga de manga_Outubro_411
0.37,1.0,33.05,8.0,Nenhuma,Manteiga de manga_Outubro_412
0.81,4.97,31.76,9.0,Internacional,Manteiga de manga_Outubro_413
0.67,6.76,32.66,7.0,ISO-HACCP,Manteiga de manga_Outubro_414
0.56,1.61,37.78,9.0,ISO-HACCP,Manteiga de manga_Outubro_415
1.0,4.56,34.99,8.0,ISO-HACCP,Manteiga de manga_Outubro_416
0.46,2.3,33.34,9.0,Internacional,Manteiga de manga_Outubro_417
0.78,4.85,33.57,8.0,ISO-HACCP,Manteiga de manga_Outubro_418
0.45,2.79,29.93,8.0,Internacional,Manteiga de manga_Outubro_419
0.18,1.9,34.09,9.0,Internacional,Manteiga de manga_Outubro_420
0.92,2.87,30.31,7.0,ANVISA,Manteiga de manga_Outubro_421
0.43,2.98,30.88,9.0,ISO-HACCP,Manteiga de manga_Outubro_422
0.46,6.38,34.44,9.0,Internacional,Manteiga de manga_Outubro_423
0.87,3.03,32.65,8.0,Internacional,Manteiga de manga_Outubro_424
0.1,2.67,33.38,8.0,ANVISA,Manteiga de manga_Outubro_425
0.42,1.13,32.54,6.0,ANVISA,Manteiga de manga_Outubro_426
0.68,4.39,35.6,9.0,Internacional,Manteiga de manga_Outubro_427
0.23,5.34,37.87,6.0,Internacional,Manteiga de manga_Outubro_428
0.59,3.91,33.67,8.0,ANVISA,Manteiga de manga_Outubro_429
0.54,1.15,30.49,7.0,ISO-HACCP,Manteiga de manga_Outubro_430
0.94,6.84,31.85,9.0,ISO-HACCP,Manteiga de manga_Outubro_431
0.67,5.15,29.99,9.0,Internacional,Manteiga de manga_Outubro_432
0.32,6.16,32.27,7.0,ANVISA,Manteiga de manga_Outubro_433
0.4,5.67,34.62,6.0,Internacional,Manteiga de manga_Outubro_434
0.52,3.37,33.34,8.0,ISO-HACCP,Manteiga de manga_Outubro_435
1.13,3.68,30.68,8.0,Internacional,Manteiga de manga_Outubro_436
0.47,5.34,36.45,9.0,ANVISA,Manteiga de manga_Outubro_437
0.6,3.02,31.65,8.0,Nenhuma,Manteiga de manga_Outubro_438
0.45,2.89,30.9,8.0,ANVISA,Manteiga de manga_Outubro_439
0.71,3.14,32.39,6.0,ISO-HACCP,Manteiga de manga_Outubro_440
0.4,6.28,28.91,7.0,Internacional,Manteiga de manga_Outubro_441
0.65,4.83,33.38,8.0,Nenhuma,Manteiga de manga_Outubro_442
0.53,5.25,29.82,7.0,Nenhuma,Manteiga de manga_Outubro_443
0.87,4.68,33.79,7.0,ISO-HACCP,Manteiga de manga_Outubro_444
0.41,1.0,30.67,7.0,Internacional,Manteiga de manga_Outubro_445
0.43,3.08,35.01,9.0,Internacional,Manteiga de manga_Outubro_446
0.29,5.26,36.45,6.0,ANVISA,Manteiga de manga_Outubro_447
0.16,4.13,34.1,7.0,ISO-HACCP,Manteiga de manga_Outubro_448
0.78,4.66,32.49,10.0,,Manteiga de manga_Outubro_449
0.44,1.59,35.98,10.0,ISO-HACCP,Manteiga de manga_Outubro_450
0.58,5.23,29.36,7.0,Internacional,Manteiga de manga_Outubro_451
0.83,4.57,30.2,9.0,ANVISA,Manteiga de manga_Outubro_452
0.38,3.4,31.99,9.0,Nenhuma,Manteiga de manga_Outubro_453
0.68,3.42,33.4,8.0,Internacional,Manteiga de manga_Outubro_454
0.59,5.78,35.42,7.0,ISO-HACCP,Manteiga de manga_Outubro_455
0.69,3.89,32.64,8.0,ISO-HACCP,Manteiga de manga_Outubro_456
0.91,4.31,29.78,8.0,ISO-HACCP,Manteiga de manga_Outubro_457
0.53,3.55,34.19,9.0,ISO-HACCP,Manteiga de manga_Outubro_458
0.58,3.92,33.47,8.0,Internacional,Manteiga de manga_Outubro_459
0.87,4.68,33.06,7.0,Nenhuma,Manteiga de manga_Outubro_460
0.34,5.23,35.54,6.0,Internacional,Manteiga de manga_Outubro_461
0.92,5.17,35.28,8.0,Nenhuma,Manteiga de manga_Outubro_462
0.61,6.05,37.94,9.0,Internacional,Manteiga de manga_Outubro_463
0.47,6.89,33.16,5.0,ISO-HACCP,Manteiga de manga_Outubro_464
0.45,2.63,30.54,8.0,ISO-HACCP,Manteiga de manga_Outubro_465
0.78,3.75,36.11,9.0,ANVISA,Manteiga de manga_Outubro_466
0.43,4.64,32.78,7.0,ANVISA,Manteiga de manga_Outubro_467
0.73,2.16,36.85,5.0,ANVISA,Manteiga de manga_Outubro_468
0.81,8.85,32.71,10.0,ANVISA,Manteiga de manga_Outubro_469
0.52,2.64,34.27,10.0,Internacional,Manteiga de manga_Outubro_470
0.19,8.53,33.0,7.0,ANVISA,Manteiga de manga_Outubro_471
0.68,4.51,36.39,10.0,Internacional,Manteiga de manga_Outubro_472
0.1,4.23,32.44,8.0,ISO-HACCP,Manteiga de manga_Outubro_473
0.53,5.8,34.81,9.0,Nenhuma,Manteiga de manga_Outubro_474
0.53,7.54,34.8,7.0,Internacional,Manteiga de manga_Outubro_475
1.1,5.66,30.15,8.0,,Manteiga de manga_Outubro_476
0.24,3.29,28.54,7.0,ANVISA,Manteiga de manga_Outubro_477
0.39,4.95,32.49,9.0,ISO-HACCP,Manteiga de manga_Outubro_478
0.23,1.0,34.58,6.0,ANVISA,Manteiga de manga_Outubro_479
0.91,5.08,34.2,7.0,ANVISA,Manteiga de manga_Outubro_480
0.28,4.14,31.95,8.0,ISO-HACCP,Manteiga de manga_Outubro_481
0.87,3.76,31.46,6.0,ISO-HACCP,Manteiga de manga_Outubro_482
0.87,2.49,34.39,7.0,Nenhuma,Manteiga de manga_Outubro_483
0.87,5.97,30.4,9.0,ANVISA,Manteiga de manga_Outubro_484
0.58,4.74,36.09,8.0,,Manteiga de manga_Outubro_485
0.94,5.08,31.88,8.0,ISO-HACCP,Manteiga de manga_Outubro_486
0.44,6.1,32.99,7.826709526592636,ANVISA,Manteiga de manga_Outubro_487
0.74,3.3,34.09,7.0,ISO-HACCP,Manteiga de manga_Outubro_488
0.69,5.09,34.44,8.0,ISO-HACCP,Manteiga de manga_Outubro_489
0.1,2.93,32.7,8.0,Nenhuma,Manteiga de manga_Outubro_490
0.76,2.8,31.54,7.0,Nenhuma,Manteiga de manga_Outubro_491
0.46,1.1,32.27,10.0,ISO-HACCP,Manteiga de manga_Outubro_492
0.59,4.78,33.77,9.0,ANVISA,Manteiga de manga_Outubro_493
0.18,3.9,31.06,8.0,,Manteiga de manga_Outubro_494
0.25,6.16,34.09,9.0,Nenhuma,Manteiga de manga_Outubro_495
0.4,5.44,30.53,5.0,Nenhuma,Manteiga de manga_Outubro_496
0.68,6.22,33.74,8.0,ANVISA,Manteiga de manga_Outubro_497
0.74,6.43,34.99,7.0,ISO-HACCP,Manteiga de manga_Outubro_498
0.79,2.2,34.2,7.0,Internacional,Manteiga de manga_Outubro_499
0.32,4.85,33.28,8.0,ANVISA,Manteiga de manga_Outubro_500
0.1,3.6,33.45,10.0,Nenhuma,Manteiga de manga_Outubro_501
0.62,3.68,30.42,7.0,ANVISA,Manteiga de manga_Outubro_502
0.49,4.35,34.19,7.0,ANVISA,Manteiga de manga_Outubro_503
0.84,1.64,32.68,9.0,ANVISA,Manteiga de manga_Outubro_504
0.99,2.9,31.22,7.0,ANVISA,Manteiga de manga_Outubro_505
0.78,2.0,33.95,6.0,Nenhuma,Manteiga de manga_Outubro_506
0.66,4.85,33.81,10.0,ANVISA,Manteiga de manga_Outubro_507
0.51,2.33,29.37,7.0,ANVISA,Manteiga de manga_Outubro_508
0.72,5.32,30.16,8.0,Internacional,Manteiga de manga_Outubro_509
0.47,4.66,33.02,9.0,Internacional,Manteiga de manga_Outubro_510
0.56,5.42,36.05,8.0,ISO-HACCP,Manteiga de manga_Outubro_511
0.51,6.19,32.44,7.0,ANVISA,Manteiga de manga_Outubro_512
0.7,3.93,35.92,8.0,ANVISA,Manteiga de manga_Outubro_513
1.14,4.45,33.6,7.0,ISO-HACCP,Manteiga de manga_Outubro_514
0.67,2.34,33.33,8.0,Internacional,Manteiga de manga_Outubro_515
0.59,4.94,30.85,6.0,ISO-HACCP,Manteiga de manga_Outubro_516
0.76,7.57,36.06,6.0,Internacional,Manteiga de manga_Outubro_517
0.93,6.23,31.68,8.0,ISO-HACCP,Manteiga de manga_Outubro_518
1.03,7.71,39.44,10.0,ISO-HACCP,Manteiga de manga_Outubro_519
0.38,3.08,33.46,7.0,Internacional,Manteiga de manga_Outubro_520
0.8,2.49,31.61,8.0,ANVISA,Manteiga de manga_Outubro_521
0.52,4.01,32.41,8.0,ANVISA,Manteiga de manga_Outubro_522
0.6,3.03,31.66,8.0,ANVISA,Manteiga de manga_Outubro_523
0.69,4.44,33.35,7.826709526592636,Internacional,Manteiga de manga_Outubro_524
0.92,3.95,33.18,10.0,ISO-HACCP,Manteiga de manga_Outubro_525
1.1,3.88,33.98,6.0,ANVISA,Manteiga de manga_Outubro_526
0.54,5.61,34.9,10.0,Internacional,Manteiga de manga_Outubro_527
0.72,1.47,34.47,9.0,ANVISA,Manteiga de manga_Outubro_528
0.57,4.44,32.96,9.0,ANVISA,Manteiga de manga_Outubro_529
0.86,5.69,32.64,9.0,Internacional,Manteiga de manga_Outubro_530
0.37,7.23,34.53,7.0,Internacional,Manteiga de manga_Outubro_531
0.23,3.35,33.59,10.0,ISO-HACCP,Manteiga de manga_Outubro_532
0.75,5.3,33.72,8.0,ANVISA,Manteiga de manga_Outubro_533
0.82,3.97,35.65,7.0,ANVISA,Manteiga de manga_Outubro_534
0.55,2.98,32.5,5.0,Internacional,Manteiga de manga_Outubro_535
0.58,6.33,34.34,6.0,ISO-HACCP,Manteiga de manga_Outubro_536
0.92,4.24,33.17,6.0,ISO-HACCP,Manteiga de manga_Outubro_537
0.55,6.04,30.26,8.0,ANVISA,Manteiga de manga_Outubro_538
1.21,3.97,30.63,8.0,Internacional,Manteiga de manga_Outubro_539
0.94,4.84,31.08,8.0,Internacional,Manteiga de manga_Outubro_540
0.74,3.05,32.17,7.0,Internacional,Manteiga de manga_Outubro_541
0.64,3.83,32.37,6.0,ANVISA,Manteiga de manga_Outubro_542
0.91,3.94,32.08,9.0,ANVISA,Manteiga de manga_Outubro_543
0.56,8.18,32.62,8.0,ANVISA,Manteiga de manga_Outubro_544
0.54,4.64,36.04,9.0,ISO-HACCP,Manteiga de manga_Outubro_545
0.36,9.24,31.84,6.0,ISO-HACCP,Manteiga de manga_Outubro_546
0.67,4.02,34.23,8.0,ISO-HACCP,Manteiga de manga_Outubro_547
0.93,4.09,30.88,7.0,Nenhuma,Manteiga de manga_Outubro_548
0.58,2.88,31.86,7.0,ISO-HACCP,Manteiga de manga_Outubro_549
0.59,3.3,34.21,9.0,ISO-HACCP,Manteiga de manga_Outubro_550
0.54,6.41,32.44,6.0,ANVISA,Manteiga de manga_Outubro_551
0.6,5.28,33.02,9.0,ISO-HACCP,Manteiga de manga_Outubro_552
0.52,5.42,32.11,7.0,ISO-HACCP,Manteiga de manga_Outubro_553
0.71,5.21,32.55,8.0,ANVISA,Manteiga de manga_Outubro_554
0.52,4.41,33.68,8.0,ANVISA,Manteiga de manga_Outubro_555
0.18,4.34,35.46,6.0,Internacional,Manteiga de manga_Outubro_556
0.34,4.97,38.44,9.0,ISO-HACCP,Manteiga de manga_Outubro_557
0.97,5.15,34.57,10.0,Internacional,Manteiga de manga_Outubro_558
0.15,5.3,30.08,8.0,ANVISA,Manteiga de manga_Outubro_559
1.1,7.1,31.58,6.0,Internacional,Manteiga de manga_Outubro_560
0.65,1.66,36.28,6.0,Internacional,Manteiga de manga_Outubro_561
0.37,3.03,30.72,8.0,Internacional,Manteiga de manga_Outubro_562
0.58,3.1,34.15,6.0,ANVISA,Manteiga de manga_Outubro_563
0.41,5.06,34.05,8.0,ANVISA,Manteiga de manga_Outubro_564
0.55,4.91,36.16,7.0,ANVISA,Manteiga de manga_Outubro_565
1.15,3.41,34.06,9.0,Nenhuma,Manteiga de manga_Outubro_566
0.24,5.46,33.4,8.0,ISO-HACCP,Manteiga de manga_Outubro_567
0.47,5.5,37.85,9.0,ISO-HACCP,Manteiga de manga_Outubro_568
0.28,3.39,31.91,6.0,ISO-HACCP,Manteiga de manga_Outubro_569
0.38,5.82,28.0,9.0,ISO-HACCP,Manteiga de manga_Outubro_570
0.44,3.51,31.9,7.0,ISO-HACCP,Manteiga de manga_Outubro_571
1.13,5.98,28.77,8.0,Internacional,Manteiga de manga_Outubro_572
0.41,3.89,35.95,7.0,ISO-HACCP,Manteiga de manga_Outubro_573
0.14,8.19,32.58,8.0,ISO-HACCP,Manteiga de manga_Outubro_574
0.1,5.8,31.81,7.0,Internacional,Manteiga de manga_Outubro_575
0.31,4.28,33.12,6.0,ANVISA,Manteiga de manga_Outubro_576
0.42,3.63,32.31,6.0,ISO-HACCP,Manteiga de manga_Outubro_577
0.72,4.53,33.27,8.0,ISO-HACCP,Manteiga de manga_Outubro_578
0.79,6.28,34.87,7.0,ANVISA,Manteiga de manga_Outubro_579
0.68,6.5,34.07,10.0,ISO-HACCP,Manteiga de manga_Outubro_580
0.44,3.68,31.29,7.0,Internacional,Manteiga de manga_Outubro_581
0.28,4.44,34.62,9.0,ANVISA,Manteiga de manga_Outubro_582
0.47,4.45,30.81,9.0,Internacional,Manteiga de manga_Outubro_583
0.51,4.61,32.32,9.0,ISO-HACCP,Manteiga de manga_Outubro_584
0.7,1.44,31.92,7.826709526592636,Internacional,Manteiga de manga_Outubro_585
0.89,6.94,32.24,8.0,ISO-HACCP,Manteiga de manga_Outubro_586
0.65,4.21,32.76,7.0,Internacional,Manteiga de manga_Outubro_587
0.86,5.59,36.6,8.0,ANVISA,Manteiga de manga_Outubro_588
0.3,2.76,32.42,8.0,ANVISA,Manteiga de manga_Outubro_589
0.86,5.0,33.52,7.0,ISO-HACCP,Manteiga de manga_Outubro_590
0.68,6.18,32.1,8.0,ISO-HACCP,Manteiga de manga_Outubro_591
0.56,6.23,28.0,7.0,ANVISA,Manteiga de manga_Outubro_592
0.52,3.65,34.22,9.0,Internacional,Manteiga de manga_Outubro_593
1.01,6.12,31.02,8.0,ISO-HACCP,Manteiga de manga_Outubro_594
0.69,2.27,33.03,7.826709526592636,Nenhuma,Manteiga de manga_Outubro_595
0.38,1.87,35.5,8.0,ISO-HACCP,Manteiga de manga_Outubro_596
0.76,1.0,31.74,8.0,ANVISA,Manteiga de manga_Outubro_597
0.89,5.98,30.49,5.0,ISO-HACCP,Manteiga de manga_Outubro_598
0.45,1.96,31.79,8.0,ANVISA,Manteiga de manga_Outubro_599
0.96,3.56,32.36,7.0,ISO-HACCP,Manteiga de manga_Outubro_600
0.39,6.39,34.29,7.0,ISO-HACCP,Manteiga de manga_Outubro_601
0.77,2.76,34.23,7.0,ISO-HACCP,Manteiga de manga_Outubro_602
1.24,4.86,32.49,7.0,Internacional,Manteiga de manga_Outubro_603
0.44,1.34,39.1,8.0,ISO-HACCP,Manteiga de manga_Outubro_604
0.48,3.37,35.86,6.0,Internacional,Manteiga de manga_Outubro_605
1.02,3.93,35.39,7.0,Internacional,Manteiga de manga_Outubro_606
0.42,3.29,37.33,7.0,ISO-HACCP,Manteiga de manga_Outubro_607
0.42,5.47,34.57,10.0,ANVISA,Manteiga de manga_Outubro_608
0.81,1.0,31.46,9.0,ISO-HACCP,Manteiga de manga_Outubro_609
0.61,1.88,28.0,9.0,ISO-HACCP,Manteiga de manga_Outubro_610
0.51,2.65,31.04,5.0,ANVISA,Manteiga de manga_Outubro_611
0.43,3.53,31.11,8.0,ANVISA,Manteiga de manga_Outubro_612
1.01,6.25,30.76,10.0,Nenhuma,Manteiga de manga_Outubro_613
0.89,3.57,28.0,7.826709526592636,ISO-HACCP,Manteiga de manga_Outubro_614
0.73,4.41,32.76,9.0,ISO-HACCP,Manteiga de manga_Outubro_615
0.81,2.24,35.21,8.0,ISO-HACCP,Manteiga de manga_Outubro_616
0.51,1.33,34.4,8.0,,Manteiga de manga_Outubro_617
0.42,5.2,34.99,9.0,ISO-HACCP,Manteiga de manga_Outubro_618
0.27,3.45,33.27,7.0,ISO-HACCP,Manteiga de manga_Outubro_619
0.5,5.09,32.58,7.0,ISO-HACCP,Manteiga de manga_Outubro_620
0.63,2.79,34.25,7.0,Internacional,Manteiga de manga_Outubro_621
0.36,5.58,33.33,8.0,Internacional,Manteiga de manga_Outubro_622
0.41,3.67,34.08,10.0,,Manteiga de manga_Outubro_623
0.28,6.81,32.45,9.0,Internacional,Manteiga de manga_Outubro_624
0.6,3.9,33.28,8.0,Nenhuma,Manteiga de manga_Outubro_625
0.84,4.25,34.68,6.0,ANVISA,Manteiga de manga_Outubro_626
0.91,3.94,31.27,9.0,Nenhuma,Manteiga de manga_Outubro_627
0.94,2.78,36.94,8.0,ANVISA,Manteiga de manga_Outubro_628
0.65,7.69,32.0,9.0,ANVISA,Manteiga de manga_Outubro_629
0.1,5.53,34.25,7.0,ANVISA,Manteiga de manga_Outubro_630
1.01,3.94,33.47,8.0,ISO-HACCP,Manteiga de manga_Outubro_631
0.66,2.05,30.86,7.0,ISO-HACCP,Manteiga de manga_Outubro_632
0.41,4.86,35.51,8.0,ANVISA,Manteiga de manga_Outubro_633
0.54,4.44,34.8,8.0,ISO-HACCP,Manteiga de manga_Outubro_634
0.76,5.21,34.09,8.0,ISO-HACCP,Manteiga de manga_Outubro_635
0.62,1.15,33.95,6.0,,Manteiga de manga_Outubro_636
0.66,5.9,35.63,8.0,ISO-HACCP,Manteiga de manga_Outubro_637
0.38,4.02,34.21,7.0,ISO-HACCP,Manteiga de manga_Outubro_638
0.67,3.83,31.25,9.0,ISO-HACCP,Manteiga de manga_Outubro_639
1.04,3.29,33.4,8.0,Nenhuma,Manteiga de manga_Outubro_640
0.92,4.52,33.92,7.0,Internacional,Manteiga de manga_Outubro_641
0.72,3.55,29.91,7.0,Nenhuma,Manteiga de manga_Outubro_642
0.48,2.73,34.62,9.0,Internacional,Manteiga de manga_Outubro_643
0.31,2.59,30.78,6.0,ISO-HACCP,Manteiga de manga_Outubro_644
0.53,5.99,31.49,5.0,ANVISA,Manteiga de manga_Outubro_645
0.89,7.1,35.03,8.0,Internacional,Manteiga de manga_Outubro_646
0.71,5.83,30.73,7.0,Internacional,Manteiga de manga_Outubro_647
0.53,5.56,33.01,9.0,Internacional,Manteiga de manga_Outubro_648
1.15,3.6,30.15,9.0,Internacional,Manteiga de manga_Outubro_649
0.33,6.91,33.64,5.0,ANVISA,Manteiga de manga_Outubro_650
0.95,4.43,32.46,7.0,ANVISA,Manteiga de manga_Outubro_651
0.69,6.36,33.2,8.0,Internacional,Manteiga de manga_Outubro_652
0.34,3.72,33.44,8.0,Internacional,Manteiga de manga_Outubro_653
0.66,1.98,33.41,7.0,Internacional,Manteiga de manga_Outubro_654
0.46,2.07,36.16,7.0,ANVISA,Manteiga de manga_Outubro_655
0.58,5.33,31.85,8.0,ANVISA,Manteiga de manga_Outubro_656
0.66,2.7,36.55,9.0,ANVISA,Manteiga de manga_Outubro_657
0.97,3.61,33.87,6.0,ANVISA,Manteiga de manga_Outubro_658
0.1,5.83,35.41,8.0,Internacional,Manteiga de manga_Outubro_659
0.67,3.72,30.31,9.0,Internacional,Manteiga de manga_Outubro_660
0.9,3.98,30.07,10.0,ANVISA,Manteiga de manga_Outubro_661
0.79,2.95,33.02,8.0,ANVISA,Manteiga de manga_Outubro_662
0.19,4.36,33.44,8.0,Nenhuma,Manteiga de manga_Outubro_663
0.37,5.15,32.24,8.0,Internacional,Manteiga de manga_Outubro_664
0.38,2.52,33.93,8.0,Internacional,Manteiga de manga_Outubro_665
0.37,5.22,30.45,9.0,ISO-HACCP,Manteiga de manga_Outubro_666
0.87,5.82,30.34,8.0,ISO-HACCP,Manteiga de manga_Outubro_667
0.23,3.91,35.14,8.0,,Manteiga de manga_Outubro_668
0.92,4.49,34.59,8.0,ISO-HACCP,Manteiga de manga_Outubro_669
0.1,3.85,34.72,8.0,Internacional,Manteiga de manga_Outubro_670
0.45,3.49,36.47,10.0,Internacional,Manteiga de manga_Outubro_671
0.59,5.16,33.69,6.0,Internacional,Manteiga de manga_Outubro_672
0.16,4.89,34.93,8.0,ANVISA,Manteiga de manga_Outubro_673
0.76,3.07,34.41,10.0,Internacional,Manteiga de manga_Outubro_674
0.55,3.89,29.46,9.0,ISO-HACCP,Manteiga de manga_Outubro_675
0.69,4.26,30.88,9.0,ANVISA,Manteiga de manga_Outubro_676
1.09,4.04,34.55,7.0,ISO-HACCP,Manteiga de manga_Outubro_677
0.63,5.01,35.74,7.0,ISO-HACCP,Manteiga de manga_Outubro_678
0.61,4.28,33.43,7.0,Internacional,Manteiga de manga_Outubro_679
1.01,1.98,35.33,7.826709526592636,Internacional,Manteiga de manga_Outubro_680
0.43,4.01,31.28,9.0,Internacional,Manteiga de manga_Outubro_681
0.39,4.44,35.21,8.0,ISO-HACCP,Manteiga de manga_Outubro_682
0.58,5.08,31.9,7.0,ISO-HACCP,Manteiga de manga_Outubro_683
1.06,3.18,35.93,9.0,ANVISA,Manteiga de manga_Outubro_684
0.81,6.56,35.85,8.0,ANVISA,Manteiga de manga_Outubro_685
0.55,3.19,28.93,8.0,ISO-HACCP,Manteiga de manga_Outubro_686
0.53,4.21,33.13,6.0,ISO-HACCP,Manteiga de manga_Outubro_687
0.34,1.95,32.98,7.0,ANVISA,Manteiga de manga_Outubro_688
0.22,3.42,34.3,7.826709526592636,ANVISA,Manteiga de manga_Outubro_689
1.21,3.45,33.9,7.826709526592636,ANVISA,Manteiga de manga_Outubro_690
0.65,5.46,33.91,8.0,ISO-HACCP,Manteiga de manga_Outubro_691
0.11,5.74,33.18,8.0,ISO-HACCP,Manteiga de manga_Outubro_692
0.68,5.61,38.19,9.0,ISO-HACCP,Manteiga de manga_Outubro_693
0.56,6.14,35.79,7.0,Internacional,Manteiga de manga_Outubro_694
0.93,5.41,32.05,7.0,ISO-HACCP,Manteiga de manga_Outubro_695
0.6,1.31,29.3,7.0,Internacional,Manteiga de manga_Outubro_696
0.75,2.15,35.95,8.0,Nenhuma,Manteiga de manga_Outubro_697
0.81,2.86,32.29,7.0,ANVISA,Manteiga de manga_Outubro_698
0.59,1.6,33.35,9.0,ANVISA,Manteiga de manga_Outubro_699
0.96,3.3,34.38,8.0,ANVISA,Manteiga de manga_Novembro_0
1.04,4.03,37.8,9.0,Internacional,Manteiga de manga_Novembro_1
1.12,5.06,33.29,8.0,Internacional,Manteiga de manga_Novembro_2
0.58,4.01,33.51,6.0,ANVISA,Manteiga de manga_Novembro_3
0.4,1.0,29.16,8.0,ANVISA,Manteiga de manga_Novembro_4
0.85,4.73,33.38,7.826709526592636,Internacional,Manteiga de manga_Novembro_5
0.51,3.82,35.47,7.0,ANVISA,Manteiga de manga_Novembro_6
0.5,3.97,35.82,10.0,Internacional,Manteiga de manga_Novembro_7
0.6,3.3,33.13,10.0,Internacional,Manteiga de manga_Novembro_8
0.37,1.7,32.41,8.0,Internacional,Manteiga de manga_Novembro_9
0.67,1.06,32.43,7.0,ISO-HACCP,Manteiga de manga_Novembro_10
0.31,5.32,32.97,7.0,Internacional,Manteiga de manga_Novembro_11
0.13,6.3,30.85,8.0,Internacional,Manteiga de manga_Novembro_12
0.93,3.32,36.52,9.0,Internacional,Manteiga de manga_Novembro_13
0.52,4.36,36.97,6.0,Nenhuma,Manteiga de manga_Novembro_14
0.83,4.64,34.35,9.0,Internacional,Manteiga de manga_Novembro_15
0.71,1.0,32.28,6.0,ANVISA,Manteiga de manga_Novembro_16
0.52,4.64,32.96,8.0,ANVISA,Manteiga de manga_Novembro_17
0.1,4.86,34.26,8.0,ANVISA,Manteiga de manga_Novembro_18
0.1,5.8,31.72,7.0,ISO-HACCP,Manteiga de manga_Novembro_19
0.22,4.52,33.24,9.0,ANVISA,Manteiga de manga_Novembro_20
0.42,2.54,31.83,9.0,ANVISA,Manteiga de manga_Novembro_21
0.81,4.74,31.36,10.0,ISO-HACCP,Manteiga de manga_Novembro_22
0.32,2.28,34.37,7.0,Internacional,Manteiga de manga_Novembro_23
0.52,4.02,28.74,8.0,Internacional,Manteiga de manga_Novembro_24
0.45,3.07,35.08,9.0,ANVISA,Manteiga de manga_Novembro_25
0.92,1.49,32.98,8.0,ANVISA,Manteiga de manga_Novembro_26
0.66,1.54,32.26,7.0,Internacional,Manteiga de manga_Novembro_27
0.66,3.54,35.3,7.0,ISO-HACCP,Manteiga de manga_Novembro_28
0.81,5.53,37.86,9.0,Internacional,Manteiga de manga_Novembro_29
0.37,4.89,30.01,7.0,ISO-HACCP,Manteiga de manga_Novembro_30
0.56,5.07,33.33,7.0,Internacional,Manteiga de manga_Novembro_31
0.82,6.06,31.84,7.826709526592636,Internacional,Manteiga de manga_Novembro_32
0.54,4.21,35.18,9.0,ANVISA,Manteiga de manga_Novembro_33
0.42,4.85,30.92,8.0,ANVISA,Manteiga de manga_Novembro_34
0.7,4.29,34.65,7.0,Internacional,Manteiga de manga_Novembro_35
0.86,4.13,33.82,7.0,ANVISA,Manteiga de manga_Novembro_36
0.47,3.13,33.1,9.0,ISO-HACCP,Manteiga de manga_Novembro_37
0.62,5.83,34.27,8.0,Internacional,Manteiga de manga_Novembro_38
0.48,3.85,32.87,10.0,ISO-HACCP,Manteiga de manga_Novembro_39
0.37,6.19,33.15,7.0,ISO-HACCP,Manteiga de manga_Novembro_40
0.47,4.08,30.97,7.0,Internacional,Manteiga de manga_Novembro_41
1.06,2.68,34.84,7.0,ISO-HACCP,Manteiga de manga_Novembro_42
0.57,3.27,37.39,7.0,ISO-HACCP,Manteiga de manga_Novembro_43
1.0,1.64,35.21,6.0,ISO-HACCP,Manteiga de manga_Novembro_44
0.68,4.37,32.48,7.0,Internacional,Manteiga de manga_Novembro_45
0.82,3.75,34.11,8.0,Internacional,Manteiga de manga_Novembro_46
0.52,5.87,35.73,9.0,Internacional,Manteiga de manga_Novembro_47
0.27,4.31,35.82,6.0,,Manteiga de manga_Novembro_48
0.47,3.25,29.07,8.0,ISO-HACCP,Manteiga de manga_Novembro_49
1.51,5.6,31.79,7.0,Nenhuma,Manteiga de manga_Novembro_50
0.63,4.3,29.6,9.0,ISO-HACCP,Manteiga de manga_Novembro_51
0.64,3.39,35.72,9.0,Internacional,Manteiga de manga_Novembro_52
0.45,2.86,36.75,10.0,ANVISA,Manteiga de manga_Novembro_53
0.58,5.55,33.61,7.0,ISO-HACCP,Manteiga de manga_Novembro_54
0.91,2.76,30.84,6.0,ISO-HACCP,Manteiga de manga_Novembro_55
0.24,2.57,28.0,9.0,Nenhuma,Manteiga de manga_Novembro_56
0.64,3.9,36.98,7.0,ANVISA,Manteiga de manga_Novembro_57
0.48,3.99,34.01,7.0,ISO-HACCP,Manteiga de manga_Novembro_58
0.55,5.36,31.27,7.0,ISO-HACCP,Manteiga de manga_Novembro_59
0.72,3.31,34.09,6.0,ANVISA,Manteiga de manga_Novembro_60
0.15,3.2,36.74,8.0,Internacional,Manteiga de manga_Novembro_61
0.7,2.92,32.29,9.0,ISO-HACCP,Manteiga de manga_Novembro_62
0.9,5.13,33.66,6.0,ISO-HACCP,Manteiga de manga_Novembro_63
0.32,4.5,30.92,8.0,ISO-HACCP,Manteiga de manga_Novembro_64
1.0,5.06,32.25,8.0,Internacional,Manteiga de manga_Novembro_65
0.35,4.63,30.44,8.0,ISO-HACCP,Manteiga de manga_Novembro_66
0.79,2.75,33.94,9.0,Internacional,Manteiga de manga_Novembro_67
0.63,4.61,31.74,8.0,ANVISA,Manteiga de manga_Novembro_68
0.35,2.14,32.9,8.0,ISO-HACCP,Manteiga de manga_Novembro_69
0.68,1.0,34.15,7.0,ISO-HACCP,Manteiga de manga_Novembro_70
0.49,5.99,31.04,7.0,Internacional,Manteiga de manga_Novembro_71
0.5,5.53,30.15,10.0,Internacional,Manteiga de manga_Novembro_72
0.22,5.16,32.75,9.0,ISO-HACCP,Manteiga de manga_Novembro_73
0.6,7.26,30.01,7.0,Internacional,Manteiga de manga_Novembro_74
0.14,6.18,34.89,8.0,ISO-HACCP,Manteiga de manga_Novembro_75
0.55,4.24,35.97,8.0,Internacional,Manteiga de manga_Novembro_76
0.78,4.08,36.48,8.0,Internacional,Manteiga de manga_Novembro_77
0.1,5.84,36.42,10.0,Internacional,Manteiga de manga_Novembro_78
0.58,6.98,34.23,10.0,ANVISA,Manteiga de manga_Novembro_79
0.86,4.2,28.0,9.0,Internacional,Manteiga de manga_Novembro_80
0.55,1.75,34.19,8.0,ANVISA,Manteiga de manga_Novembro_81
0.85,4.68,36.06,8.0,Internacional,Manteiga de manga_Novembro_82
0.9,4.23,32.75,6.0,Internacional,Manteiga de manga_Novembro_83
0.6,5.38,31.21,8.0,Internacional,Manteiga de manga_Novembro_84
0.6,4.81,36.66,7.0,ISO-HACCP,Manteiga de manga_Novembro_85
0.8,7.89,33.3,7.0,ANVISA,Manteiga de manga_Novembro_86
0.31,5.16,28.85,7.0,Internacional,Manteiga de manga_Novembro_87
0.66,4.26,31.82,8.0,Internacional,Manteiga de manga_Novembro_88
0.27,3.09,35.39,10.0,Internacional,Manteiga de manga_Novembro_89
0.38,7.46,31.9,9.0,ANVISA,Manteiga de manga_Novembro_90
0.85,3.7,36.06,8.0,,Manteiga de manga_Novembro_91
0.76,4.72,32.56,8.0,Internacional,Manteiga de manga_Novembro_92
0.59,4.44,31.53,7.0,Internacional,Manteiga de manga_Novembro_93
0.59,5.29,28.62,9.0,ISO-HACCP,Manteiga de manga_Novembro_94
0.17,1.62,30.48,7.0,ANVISA,Manteiga de manga_Novembro_95
0.61,5.24,35.05,8.0,Internacional,Manteiga de manga_Novembro_96
1.0,3.83,32.86,8.0,ANVISA,Manteiga de manga_Novembro_97
0.64,4.6,30.75,5.0,ISO-HACCP,Manteiga de manga_Novembro_98
0.45,4.9,34.8,8.0,ISO-HACCP,Manteiga de manga_Novembro_99
0.52,4.94,34.62,6.0,Internacional,Manteiga de manga_Novembro_100
0.73,4.38,37.91,9.0,ISO-HACCP,Manteiga de manga_Novembro_101
0.91,4.03,29.75,7.0,ANVISA,Manteiga de manga_Novembro_102
0.69,2.51,32.36,8.0,Internacional,Manteiga de manga_Novembro_103
0.58,4.18,29.73,8.0,Nenhuma,Manteiga de manga_Novembro_104
0.62,4.57,36.34,8.0,ANVISA,Manteiga de manga_Novembro_105
0.84,4.35,31.14,6.0,ANVISA,Manteiga de manga_Novembro_106
0.2,4.69,32.01,7.0,Internacional,Manteiga de manga_Novembro_107
0.81,4.63,31.32,6.0,Internacional,Manteiga de manga_Novembro_108
0.51,6.15,32.72,9.0,Internacional,Manteiga de manga_Novembro_109
0.78,3.74,30.71,9.0,Internacional,Manteiga de manga_Novembro_110
0.61,2.22,34.08,8.0,Nenhuma,Manteiga de manga_Novembro_111
0.83,2.2,34.52,10.0,Nenhuma,Manteiga de manga_Novembro_112
0.35,6.15,32.34,8.0,ISO-HACCP,Manteiga de manga_Novembro_113
0.18,3.6,34.81,6.0,Internacional,Manteiga de manga_Novembro_114
0.4,2.3,30.11,6.0,ANVISA,Manteiga de manga_Novembro_115
1.12,2.47,34.43,9.0,Internacional,Manteiga de manga_Novembro_116
0.75,4.62,33.99,8.0,Internacional,Manteiga de manga_Novembro_117
0.75,4.74,31.75,9.0,ISO-HACCP,Manteiga de manga_Novembro_118
0.71,4.92,32.25,9.0,Internacional,Manteiga de manga_Novembro_119
0.42,6.15,36.08,7.0,ISO-HACCP,Manteiga de manga_Novembro_120
0.51,1.91,37.14,8.0,ISO-HACCP,Manteiga de manga_Novembro_121
0.84,4.48,35.2,10.0,ANVISA,Manteiga de manga_Novembro_122
0.96,1.49,32.77,9.0,ISO-HACCP,Manteiga de manga_Novembro_123
0.64,4.97,31.38,8.0,ANVISA,Manteiga de manga_Novembro_124
0.98,4.12,32.94,8.0,ISO-HACCP,Manteiga de manga_Novembro_125
0.83,3.47,33.92,8.0,ANVISA,Manteiga de manga_Novembro_126
0.45,4.15,32.29,7.0,ANVISA,Manteiga de manga_Novembro_127
0.49,7.31,32.45,10.0,Internacional,Manteiga de manga_Novembro_128
0.54,4.63,31.77,8.0,ANVISA,Manteiga de manga_Novembro_129
0.32,1.0,30.76,8.0,ANVISA,Manteiga de manga_Novembro_130
0.67,3.86,32.2,8.0,Internacional,Manteiga de manga_Novembro_131
0.74,5.35,34.0,10.0,ANVISA,Manteiga de manga_Novembro_132
0.5,5.27,31.99,9.0,Internacional,Manteiga de manga_Novembro_133
0.53,4.98,32.16,9.0,ANVISA,Manteiga de manga_Novembro_134
0.13,2.01,31.1,8.0,Internacional,Manteiga de manga_Novembro_135
0.65,5.02,40.0,6.0,ANVISA,Manteiga de manga_Novembro_136
0.88,5.44,33.47,8.0,ISO-HACCP,Manteiga de manga_Novembro_137
0.27,3.39,32.13,6.0,Internacional,Manteiga de manga_Novembro_138
0.49,4.64,31.82,7.0,ISO-HACCP,Manteiga de manga_Novembro_139
0.54,5.62,34.93,7.0,ANVISA,Manteiga de manga_Novembro_140
0.63,4.7,31.16,7.0,ANVISA,Manteiga de manga_Novembro_141
0.95,3.73,37.02,7.0,ANVISA,Manteiga de manga_Novembro_142
0.73,4.38,33.27,9.0,ANVISA,Manteiga de manga_Novembro_143
0.16,3.66,33.08,8.0,Internacional,Manteiga de manga_Novembro_144
0.54,4.74,35.76,5.0,Internacional,Manteiga de manga_Novembro_145
0.59,5.87,32.93,9.0,ANVISA,Manteiga de manga_Novembro_146
0.95,4.82,33.84,8.0,ANVISA,Manteiga de manga_Novembro_147
0.7,5.02,35.53,9.0,ISO-HACCP,Manteiga de manga_Novembro_148
0.7,5.14,29.96,7.826709526592636,ANVISA,Manteiga de manga_Novembro_149
0.49,4.1,36.0,6.0,ANVISA,Manteiga de manga_Novembro_150
0.34,3.47,31.22,9.0,ANVISA,Manteiga de manga_Novembro_151
0.48,2.88,28.0,7.0,Nenhuma,Manteiga de manga_Novembro_152
0.94,3.39,31.87,7.0,Internacional,Manteiga de manga_Novembro_153
0.68,6.06,34.08,7.0,ANVISA,Manteiga de manga_Novembro_154
0.37,4.45,30.9,8.0,ANVISA,Manteiga de manga_Novembro_155
0.4,4.02,33.62,9.0,ISO-HACCP,Manteiga de manga_Novembro_156
0.64,3.38,34.14,7.0,ANVISA,Manteiga de manga_Novembro_157
0.27,5.07,30.14,9.0,ANVISA,Manteiga de manga_Novembro_158
0.77,4.15,33.81,7.0,,Manteiga de manga_Novembro_159
0.44,6.13,32.12,8.0,ISO-HACCP,Manteiga de manga_Novembro_160
0.64,3.99,34.44,7.826709526592636,Internacional,Manteiga de manga_Novembro_161
0.48,3.26,32.46,7.0,ANVISA,Manteiga de manga_Novembro_162
0.85,7.52,31.0,9.0,ISO-HACCP,Manteiga de manga_Novembro_163
0.8,5.49,33.25,7.0,Nenhuma,Manteiga de manga_Novembro_164
0.64,4.38,30.17,8.0,ISO-HACCP,Manteiga de manga_Novembro_165
0.84,5.02,31.28,6.0,ISO-HACCP,Manteiga de manga_Novembro_166
0.55,3.99,31.62,6.0,ANVISA,Manteiga de manga_Novembro_167
0.68,2.97,33.02,7.826709526592636,Internacional,Manteiga de manga_Novembro_168
0.22,3.36,31.12,6.0,ISO-HACCP,Manteiga de manga_Novembro_169
0.92,6.6,33.43,8.0,Internacional,Manteiga de manga_Novembro_170
0.86,6.0,32.89,7.0,ISO-HACCP,Manteiga de manga_Novembro_171
0.73,2.58,33.07,6.0,Internacional,Manteiga de manga_Novembro_172
0.41,2.25,31.54,8.0,ISO-HACCP,Manteiga de manga_Novembro_173
0.32,4.05,33.4,6.0,ISO-HACCP,Manteiga de manga_Novembro_174
0.74,2.49,30.21,8.0,ISO-HACCP,Manteiga de manga_Novembro_175
0.74,3.25,33.92,7.0,Nenhuma,Manteiga de manga_Novembro_176
0.66,3.54,32.44,8.0,Nenhuma,Manteiga de manga_Novembro_177
0.81,6.11,31.06,8.0,ANVISA,Manteiga de manga_Novembro_178
0.74,1.0,32.16,7.0,ANVISA,Manteiga de manga_Novembro_179
0.72,8.17,31.39,7.0,ANVISA,Manteiga de manga_Novembro_180
0.45,4.55,36.63,7.0,ANVISA,Manteiga de manga_Novembro_181
0.76,6.23,29.79,7.0,Internacional,Manteiga de manga_Novembro_182
0.57,1.1,34.14,7.0,ISO-HACCP,Manteiga de manga_Novembro_183
1.08,5.69,37.35,10.0,ISO-HACCP,Manteiga de manga_Novembro_184
0.9,2.76,32.6,7.0,Nenhuma,Manteiga de manga_Novembro_185
0.74,1.69,31.51,9.0,ISO-HACCP,Manteiga de manga_Novembro_186
1.07,3.4,33.83,10.0,ISO-HACCP,Manteiga de manga_Novembro_187
0.64,3.3,35.52,6.0,Internacional,Manteiga de manga_Novembro_188
0.74,4.55,33.26,10.0,Nenhuma,Manteiga de manga_Novembro_189
0.72,1.14,34.52,8.0,ANVISA,Manteiga de manga_Novembro_190
0.54,3.2,31.68,8.0,Nenhuma,Manteiga de manga_Novembro_191
0.81,2.39,32.61,10.0,Nenhuma,Manteiga de manga_Novembro_192
0.44,3.8,30.59,8.0,ISO-HACCP,Manteiga de manga_Novembro_193
1.04,2.51,34.48,9.0,Nenhuma,Manteiga de manga_Novembro_194
0.88,3.97,35.62,8.0,ANVISA,Manteiga de manga_Novembro_195
0.17,5.58,34.8,6.0,ANVISA,Manteiga de manga_Novembro_196
0.56,7.25,34.79,9.0,,Manteiga de manga_Novembro_197
0.52,1.0,33.99,9.0,Internacional,Manteiga de manga_Novembro_198
0.78,3.12,34.21,7.0,ANVISA,Manteiga de manga_Novembro_199
0.48,5.13,32.31,8.0,Internacional,Manteiga de manga_Novembro_200
0.51,3.79,32.06,6.0,ISO-HACCP,Manteiga de manga_Novembro_201
0.24,5.95,32.77,5.0,ISO-HACCP,Manteiga de manga_Novembro_202
0.66,1.72,32.38,7.0,ANVISA,Manteiga de manga_Novembro_203
0.76,5.66,34.23,8.0,ANVISA,Manteiga de manga_Novembro_204
0.25,7.32,33.36,7.0,ISO-HACCP,Manteiga de manga_Novembro_205
0.83,3.88,32.75,10.0,ANVISA,Manteiga de manga_Novembro_206
0.1,5.57,34.58,9.0,ISO-HACCP,Manteiga de manga_Novembro_207
0.63,6.31,30.39,9.0,Internacional,Manteiga de manga_Novembro_208
0.38,5.44,32.57,6.0,Internacional,Manteiga de manga_Novembro_209
0.42,4.4,29.44,7.0,Internacional,Manteiga de manga_Novembro_210
0.6,2.87,36.5,9.0,ANVISA,Manteiga de manga_Novembro_211
0.69,1.45,33.45,10.0,Nenhuma,Manteiga de manga_Novembro_212
1.16,5.39,29.97,9.0,ISO-HACCP,Manteiga de manga_Novembro_213
0.65,2.4,33.5,8.0,ISO-HACCP,Manteiga de manga_Novembro_214
0.77,2.82,30.33,7.0,Nenhuma,Manteiga de manga_Novembro_215
0.91,6.61,32.01,9.0,ANVISA,Manteiga de manga_Novembro_216
0.32,3.25,35.32,9.0,Internacional,Manteiga de manga_Novembro_217
0.46,4.67,30.24,7.826709526592636,,Manteiga de manga_Novembro_218
0.9,4.36,30.11,8.0,ISO-HACCP,Manteiga de manga_Novembro_219
0.36,7.09,32.43,8.0,ANVISA,Manteiga de manga_Novembro_220
0.93,4.46,31.31,7.0,Internacional,Manteiga de manga_Novembro_221
0.17,3.27,34.0,8.0,Internacional,Manteiga de manga_Novembro_222
0.97,1.84,33.42,9.0,Internacional,Manteiga de manga_Novembro_223
0.62,1.74,33.88,7.826709526592636,Internacional,Manteiga de manga_Novembro_224
0.21,2.28,32.11,7.0,Internacional,Manteiga de manga_Novembro_225
0.7,3.4,34.45,7.826709526592636,ANVISA,Manteiga de manga_Novembro_226
0.4,3.49,31.58,6.0,ISO-HACCP,Manteiga de manga_Novembro_227
0.58,5.43,33.17,7.0,ANVISA,Manteiga de manga_Novembro_228
0.79,4.23,32.45,9.0,Internacional,Manteiga de manga_Novembro_229
0.5,6.7,33.18,8.0,Internacional,Manteiga de manga_Novembro_230
0.75,6.09,37.06,9.0,ANVISA,Manteiga de manga_Novembro_231
0.75,3.2,34.88,7.0,ISO-HACCP,Manteiga de manga_Novembro_232
0.16,7.15,34.24,8.0,ISO-HACCP,Manteiga de manga_Novembro_233
0.95,4.49,33.94,6.0,ANVISA,Manteiga de manga_Novembro_234
0.83,2.89,35.25,9.0,Nenhuma,Manteiga de manga_Novembro_235
0.83,1.83,38.14,8.0,ANVISA,Manteiga de manga_Novembro_236
0.68,6.64,32.65,7.0,ANVISA,Manteiga de manga_Novembro_237
0.48,4.23,30.85,7.0,Internacional,Manteiga de manga_Novembro_238
0.79,5.17,31.61,6.0,ANVISA,Manteiga de manga_Novembro_239
0.95,3.98,31.72,7.0,ISO-HACCP,Manteiga de manga_Novembro_240
0.44,4.39,33.45,8.0,Internacional,Manteiga de manga_Novembro_241
1.15,3.45,36.94,8.0,Internacional,Manteiga de manga_Novembro_242
0.91,4.35,35.55,8.0,ISO-HACCP,Manteiga de manga_Novembro_243
0.58,4.88,32.99,9.0,ANVISA,Manteiga de manga_Novembro_244
0.41,6.08,32.64,8.0,ANVISA,Manteiga de manga_Novembro_245
0.65,6.06,30.34,7.0,Internacional,Manteiga de manga_Novembro_246
0.14,2.86,33.99,6.0,Internacional,Manteiga de manga_Novembro_247
0.67,5.4,32.39,8.0,Internacional,Manteiga de manga_Novembro_248
0.44,4.78,32.26,8.0,ISO-HACCP,Manteiga de manga_Novembro_249
0.48,4.82,33.47,7.0,ANVISA,Manteiga de manga_Novembro_250
0.64,2.62,30.38,8.0,Internacional,Manteiga de manga_Novembro_251
0.65,5.84,36.14,7.0,ISO-HACCP,Manteiga de manga_Novembro_252
0.87,2.77,35.52,9.0,Internacional,Manteiga de manga_Novembro_253
1.02,3.93,31.92,8.0,ISO-HACCP,Manteiga de manga_Novembro_254
0.85,6.28,34.35,7.0,Internacional,Manteiga de manga_Novembro_255
0.91,6.8,35.0,7.0,Internacional,Manteiga de manga_Novembro_256
0.5,2.09,34.38,8.0,ANVISA,Manteiga de manga_Novembro_257
0.51,3.42,32.66,9.0,Nenhuma,Manteiga de manga_Novembro_258
0.49,3.14,33.82,8.0,ISO-HACCP,Manteiga de manga_Novembro_259
0.99,7.74,36.22,10.0,,Manteiga de manga_Novembro_260
0.67,4.43,35.91,6.0,ANVISA,Manteiga de manga_Novembro_261
0.47,1.68,31.58,10.0,ISO-HACCP,Manteiga de manga_Novembro_262
0.74,5.29,38.02,6.0,ISO-HACCP,Manteiga de manga_Novembro_263
0.7,1.67,34.27,8.0,ANVISA,Manteiga de manga_Novembro_264
0.37,5.07,33.58,9.0,Nenhuma,Manteiga de manga_Novembro_265
0.54,3.85,30.81,10.0,Internacional,Manteiga de manga_Novembro_266
0.47,5.41,32.95,9.0,Nenhuma,Manteiga de manga_Novembro_267
0.87,5.33,35.33,8.0,Internacional,Manteiga de manga_Novembro_268
0.73,4.62,35.77,8.0,ISO-HACCP,Manteiga de manga_Novembro_269
0.89,3.29,29.82,8.0,ISO-HACCP,Manteiga de manga_Novembro_270
0.57,5.73,36.28,8.0,ISO-HACCP,Manteiga de manga_Novembro_271
0.81,5.52,28.0,7.0,Internacional,Manteiga de manga_Novembro_272
0.85,6.33,30.22,9.0,Internacional,Manteiga de manga_Novembro_273
1.06,2.37,31.27,8.0,ISO-HACCP,Manteiga de manga_Novembro_274
0.76,1.5,33.75,9.0,Internacional,Manteiga de manga_Novembro_275
0.81,1.83,31.35,9.0,Internacional,Manteiga de manga_Novembro_276
0.7,4.61,32.31,10.0,ISO-HACCP,Manteiga de manga_Novembro_277
0.47,2.13,31.55,5.0,ISO-HACCP,Manteiga de manga_Novembro_278
0.69,6.17,33.32,6.0,ISO-HACCP,Manteiga de manga_Novembro_279
0.57,5.11,33.34,7.0,Internacional,Manteiga de manga_Novembro_280
0.3,5.46,33.1,8.0,ISO-HACCP,Manteiga de manga_Novembro_281
0.75,8.07,34.85,8.0,Internacional,Manteiga de manga_Novembro_282
0.64,4.75,33.03,9.0,ISO-HACCP,Manteiga de manga_Novembro_283
0.53,6.0,33.3,6.0,ISO-HACCP,Manteiga de manga_Novembro_284
0.62,5.44,34.17,8.0,ANVISA,Manteiga de manga_Novembro_285
0.56,3.19,32.22,7.0,ISO-HACCP,Manteiga de manga_Novembro_286
0.93,4.35,32.81,9.0,ISO-HACCP,Manteiga de manga_Novembro_287
0.1,6.78,34.31,8.0,ISO-HACCP,Manteiga de manga_Novembro_288
0.64,3.87,36.72,7.0,ISO-HACCP,Manteiga de manga_Novembro_289
0.48,4.61,29.79,9.0,ISO-HACCP,Manteiga de manga_Novembro_290
0.89,3.62,34.23,8.0,ISO-HACCP,Manteiga de manga_Novembro_291
0.8,3.93,35.65,9.0,ANVISA,Manteiga de manga_Novembro_292
0.64,1.52,29.41,4.0,ANVISA,Manteiga de manga_Novembro_293
0.6,2.54,29.12,6.0,ANVISA,Manteiga de manga_Novembro_294
0.35,6.27,34.31,8.0,Internacional,Manteiga de manga_Novembro_295
0.32,5.86,28.86,7.0,Internacional,Manteiga de manga_Novembro_296
0.9,5.54,35.91,8.0,ANVISA,Manteiga de manga_Novembro_297
1.01,4.73,30.9,9.0,Internacional,Manteiga de manga_Novembro_298
0.17,3.71,34.12,7.0,ANVISA,Manteiga de manga_Novembro_299
0.73,6.97,32.26,8.0,Internacional,Manteiga de manga_Novembro_300
0.79,5.98,32.11,6.0,Internacional,Manteiga de manga_Novembro_301
1.11,5.73,35.0,10.0,Internacional,Manteiga de manga_Novembro_302
0.78,2.21,32.24,9.0,ISO-HACCP,Manteiga de manga_Novembro_303
0.52,6.3,32.4,6.0,ISO-HACCP,Manteiga de manga_Novembro_304
0.65,6.02,29.87,6.0,ANVISA,Manteiga de manga_Novembro_305
0.68,5.55,34.5,8.0,Nenhuma,Manteiga de manga_Novembro_306
1.27,5.9,35.94,8.0,ANVISA,Manteiga de manga_Novembro_307
0.2,4.1,31.58,10.0,ANVISA,Manteiga de manga_Novembro_308
0.43,4.11,31.12,8.0,ANVISA,Manteiga de manga_Novembro_309
0.5,3.76,28.55,10.0,Internacional,Manteiga de manga_Novembro_310
0.51,3.41,32.96,6.0,ISO-HACCP,Manteiga de manga_Novembro_311
0.5,2.92,33.89,8.0,ANVISA,Manteiga de manga_Novembro_312
0.47,1.0,35.3,5.0,ANVISA,Manteiga de manga_Novembro_313
0.54,2.98,34.49,7.0,ISO-HACCP,Manteiga de manga_Novembro_314
0.51,6.31,32.17,9.0,ANVISA,Manteiga de manga_Novembro_315
0.64,2.68,34.15,7.0,ANVISA,Manteiga de manga_Novembro_316
0.5,5.93,37.88,7.0,ANVISA,Manteiga de manga_Novembro_317
0.85,6.45,32.92,10.0,Internacional,Manteiga de manga_Novembro_318
0.69,3.18,32.68,7.0,Internacional,Manteiga de manga_Novembro_319
0.54,3.08,40.0,8.0,ANVISA,Manteiga de manga_Novembro_320
0.5,4.8,40.0,6.0,ISO-HACCP,Manteiga de manga_Novembro_321
0.11,4.99,36.77,7.0,ISO-HACCP,Manteiga de manga_Novembro_322
0.34,1.92,33.91,7.0,ISO-HACCP,Manteiga de manga_Novembro_323
0.34,3.66,30.26,6.0,ISO-HACCP,Manteiga de manga_Novembro_324
0.57,4.7,33.41,8.0,ANVISA,Manteiga de manga_Novembro_325
0.8,5.9,32.86,8.0,ISO-HACCP,Manteiga de manga_Novembro_326
0.61,1.38,31.42,8.0,Internacional,Manteiga de manga_Novembro_327
0.86,5.35,33.75,9.0,Internacional,Manteiga de manga_Novembro_328
0.68,5.91,30.85,8.0,ISO-HACCP,Manteiga de manga_Novembro_329
0.51,7.07,31.82,9.0,ISO-HACCP,Manteiga de manga_Novembro_330
0.52,2.98,32.98,7.0,ISO-HACCP,Manteiga de manga_Novembro_331
0.29,1.2,32.38,6.0,ANVISA,Manteiga de manga_Novembro_332
0.68,1.57,31.75,8.0,ISO-HACCP,Manteiga de manga_Novembro_333
0.61,4.4,32.43,8.0,Internacional,Manteiga de manga_Novembro_334
0.85,2.99,32.06,9.0,Internacional,Manteiga de manga_Novembro_335
0.38,5.71,33.53,9.0,Internacional,Manteiga de manga_Novembro_336
0.56,6.14,37.71,6.0,Internacional,Manteiga de manga_Novembro_337
0.18,2.0,34.23,7.826709526592636,ISO-HACCP,Manteiga de manga_Novembro_338
0.64,4.41,31.7,7.0,ISO-HACCP,Manteiga de manga_Novembro_339
0.64,5.06,30.12,8.0,Internacional,Manteiga de manga_Novembro_340
0.75,4.35,33.14,7.0,ANVISA,Manteiga de manga_Novembro_341
0.63,1.0,32.41,10.0,ANVISA,Manteiga de manga_Novembro_342
0.44,1.0,31.88,7.0,ISO-HACCP,Manteiga de manga_Novembro_343
0.46,2.95,34.12,6.0,ISO-HACCP,Manteiga de manga_Novembro_344
0.71,4.62,29.62,8.0,ANVISA,Manteiga de manga_Novembro_345
0.43,5.17,34.89,9.0,,Manteiga de manga_Novembro_346
0.82,5.61,35.18,8.0,Nenhuma,Manteiga de manga_Novembro_347
0.74,3.49,34.23,7.0,Nenhuma,Manteiga de manga_Novembro_348
0.31,4.18,32.56,7.0,Internacional,Manteiga de manga_Novembro_349
0.26,3.95,37.22,7.826709526592636,ISO-HACCP,Manteiga de manga_Novembro_350
0.63,4.63,32.26,7.0,Internacional,Manteiga de manga_Novembro_351
0.48,4.08,34.94,9.0,Internacional,Manteiga de manga_Novembro_352
0.75,3.46,32.06,7.826709526592636,Internacional,Manteiga de manga_Novembro_353
0.46,6.38,35.62,8.0,ISO-HACCP,Manteiga de manga_Novembro_354
0.79,4.12,33.21,8.0,ANVISA,Manteiga de manga_Novembro_355
0.5,6.83,33.71,7.0,Internacional,Manteiga de manga_Novembro_356
0.77,2.67,29.48,7.0,ISO-HACCP,Manteiga de manga_Novembro_357
0.75,5.08,30.52,8.0,ISO-HACCP,Manteiga de manga_Novembro_358
0.5,5.3,29.6,6.0,Internacional,Manteiga de manga_Novembro_359
0.68,3.82,34.12,10.0,Internacional,Manteiga de manga_Novembro_360
0.68,3.06,28.0,6.0,ANVISA,Manteiga de manga_Novembro_361
0.87,2.97,32.59,9.0,Internacional,Manteiga de manga_Novembro_362
0.46,1.94,33.83,8.0,ISO-HACCP,Manteiga de manga_Novembro_363
0.82,7.05,34.29,9.0,Internacional,Manteiga de manga_Novembro_364
0.51,2.54,31.99,8.0,Internacional,Manteiga de manga_Novembro_365
0.73,6.35,33.88,7.0,Internacional,Manteiga de manga_Novembro_366
0.64,5.57,32.78,7.0,Nenhuma,Manteiga de manga_Novembro_367
0.76,1.0,35.19,7.0,ANVISA,Manteiga de manga_Novembro_368
0.36,3.79,30.37,6.0,Internacional,Manteiga de manga_Novembro_369
0.72,4.13,30.09,10.0,ANVISA,Manteiga de manga_Novembro_370
0.25,6.65,35.57,7.0,Nenhuma,Manteiga de manga_Novembro_371
0.51,6.81,29.53,7.0,ISO-HACCP,Manteiga de manga_Novembro_372
1.14,4.69,34.89,9.0,Internacional,Manteiga de manga_Novembro_373
0.59,5.5,29.54,7.0,Internacional,Manteiga de manga_Novembro_374
0.61,3.41,28.41,8.0,ANVISA,Manteiga de manga_Novembro_375
0.62,5.86,31.55,7.0,ANVISA,Manteiga de manga_Novembro_376
0.77,6.17,32.03,10.0,Nenhuma,Manteiga de manga_Novembro_377
0.61,3.43,31.03,7.0,ANVISA,Manteiga de manga_Novembro_378
0.62,2.35,33.78,8.0,Nenhuma,Manteiga de manga_Novembro_379
0.75,3.87,34.32,9.0,ISO-HACCP,Manteiga de manga_Novembro_380
0.41,6.08,33.21,9.0,ISO-HACCP,Manteiga de manga_Novembro_381
0.71,3.97,34.53,9.0,ANVISA,Manteiga de manga_Novembro_382
0.47,4.58,33.79,7.0,Internacional,Manteiga de manga_Novembro_383
0.8,3.7,31.06,8.0,ISO-HACCP,Manteiga de manga_Novembro_384
0.97,3.76,35.56,10.0,ANVISA,Manteiga de manga_Novembro_385
0.23,3.97,31.8,5.0,ISO-HACCP,Manteiga de manga_Novembro_386
0.7,4.32,31.83,8.0,ISO-HACCP,Manteiga de manga_Novembro_387
0.55,6.46,32.44,7.0,Internacional,Manteiga de manga_Novembro_388
0.44,5.21,33.2,6.0,ANVISA,Manteiga de manga_Novembro_389
0.72,4.94,33.43,8.0,ISO-HACCP,Manteiga de manga_Novembro_390
0.4,6.97,34.65,10.0,ISO-HACCP,Manteiga de manga_Novembro_391
0.7,4.9,35.71,7.0,ISO-HACCP,Manteiga de manga_Novembro_392
0.65,3.23,35.41,7.0,ISO-HACCP,Manteiga de manga_Novembro_393
0.85,3.49,34.43,7.0,ISO-HACCP,Manteiga de manga_Novembro_394
1.03,4.17,35.93,6.0,ANVISA,Manteiga de manga_Novembro_395
0.45,4.27,29.46,9.0,Internacional,Manteiga de manga_Novembro_396
0.68,4.05,33.86,7.0,ANVISA,Manteiga de manga_Novembro_397
0.41,4.94,31.16,7.826709526592636,ANVISA,Manteiga de manga_Novembro_398
0.79,4.64,34.38,7.0,ISO-HACCP,Manteiga de manga_Novembro_399
0.36,4.72,34.8,7.0,ISO-HACCP,Manteiga de manga_Novembro_400
0.86,1.1,30.78,8.0,ANVISA,Manteiga de manga_Novembro_401
0.89,3.37,31.81,8.0,ISO-HACCP,Manteiga de manga_Novembro_402
0.33,2.52,30.94,9.0,ANVISA,Manteiga de manga_Novembro_403
0.71,1.05,31.71,9.0,ISO-HACCP,Manteiga de manga_Novembro_404
0.91,5.23,37.13,10.0,Nenhuma,Manteiga de manga_Novembro_405
0.42,3.08,33.33,8.0,ISO-HACCP,Manteiga de manga_Novembro_406
0.84,1.5,34.3,10.0,ISO-HACCP,Manteiga de manga_Novembro_407
0.17,1.0,35.5,9.0,ISO-HACCP,Manteiga de manga_Novembro_408
0.64,8.88,32.21,8.0,Internacional,Manteiga de manga_Novembro_409
0.32,5.51,29.17,7.0,Internacional,Manteiga de manga_Novembro_410
0.46,4.73,35.66,10.0,ISO-HACCP,Manteiga de manga_Novembro_411
0.77,1.73,33.76,9.0,ANVISA,Manteiga de manga_Novembro_412
0.14,5.43,34.52,8.0,ISO-HACCP,Manteiga de manga_Novembro_413
0.53,1.91,33.66,9.0,Internacional,Manteiga de manga_Novembro_414
0.49,3.25,32.23,6.0,Internacional,Manteiga de manga_Novembro_415
0.58,3.93,32.78,7.0,ANVISA,Manteiga de manga_Novembro_416
0.59,5.11,32.64,10.0,ANVISA,Manteiga de manga_Novembro_417
0.23,3.62,33.92,6.0,ANVISA,Manteiga de manga_Novembro_418
0.28,5.44,28.77,7.0,ISO-HACCP,Manteiga de manga_Novembro_419
0.67,3.2,32.07,6.0,ANVISA,Manteiga de manga_Novembro_420
0.72,3.12,33.74,9.0,,Manteiga de manga_Novembro_421
0.47,6.95,31.59,6.0,ANVISA,Manteiga de manga_Novembro_422
0.25,1.56,30.98,7.0,Internacional,Manteiga de manga_Novembro_423
0.18,4.6,28.12,9.0,ANVISA,Manteiga de manga_Novembro_424
0.52,4.11,36.04,7.0,ISO-HACCP,Manteiga de manga_Novembro_425
0.49,3.4,36.39,6.0,ANVISA,Manteiga de manga_Novembro_426
0.77,4.65,30.42,7.0,ANVISA,Manteiga de manga_Novembro_427
0.67,3.89,28.93,9.0,ANVISA,Manteiga de manga_Novembro_428
0.16,3.2,32.67,9.0,ISO-HACCP,Manteiga de manga_Novembro_429
1.07,3.14,37.61,8.0,ISO-HACCP,Manteiga de manga_Novembro_430
0.31,5.0,35.98,8.0,Internacional,Manteiga de manga_Novembro_431
0.53,2.28,30.87,8.0,Nenhuma,Manteiga de manga_Novembro_432
0.8,3.37,32.75,8.0,Internacional,Manteiga de manga_Novembro_433
0.75,3.66,31.71,6.0,Internacional,Manteiga de manga_Novembro_434
0.63,4.64,29.81,8.0,ANVISA,Manteiga de manga_Novembro_435
0.67,8.87,33.75,7.0,ISO-HACCP,Manteiga de manga_Novembro_436
0.43,5.16,33.42,7.0,ANVISA,Manteiga de manga_Novembro_437
0.97,1.49,31.86,9.0,ANVISA,Manteiga de manga_Novembro_438
0.47,4.24,30.75,7.0,Internacional,Manteiga de manga_Novembro_439
0.26,5.26,31.09,7.0,ANVISA,Manteiga de manga_Novembro_440
0.28,5.67,31.08,9.0,ANVISA,Manteiga de manga_Novembro_441
0.22,2.9,31.53,6.0,Internacional,Manteiga de manga_Novembro_442
0.35,4.15,34.99,7.0,,Manteiga de manga_Novembro_443
0.46,2.96,30.25,8.0,ISO-HACCP,Manteiga de manga_Novembro_444
0.4,3.98,35.75,7.0,Nenhuma,Manteiga de manga_Novembro_445
0.21,6.03,30.04,8.0,ANVISA,Manteiga de manga_Novembro_446
0.63,3.96,35.99,7.0,Internacional,Manteiga de manga_Novembro_447
0.38,4.44,35.16,8.0,Internacional,Manteiga de manga_Novembro_448
0.43,4.26,31.08,7.0,Internacional,Manteiga de manga_Novembro_449
0.78,4.64,33.93,8.0,Nenhuma,Manteiga de manga_Novembro_450
0.67,5.26,29.94,7.0,ISO-HACCP,Manteiga de manga_Novembro_451
0.7,5.3,30.66,7.0,Nenhuma,Manteiga de manga_Novembro_452
0.86,3.2,33.13,8.0,Internacional,Manteiga de manga_Novembro_453
0.51,3.94,28.0,7.0,ISO-HACCP,Manteiga de manga_Novembro_454
0.33,5.32,35.26,9.0,Internacional,Manteiga de manga_Novembro_455
0.6,2.72,35.62,5.0,Internacional,Manteiga de manga_Novembro_456
0.48,5.75,31.53,8.0,ISO-HACCP,Manteiga de manga_Novembro_457
0.97,6.45,34.15,6.0,Internacional,Manteiga de manga_Novembro_458
0.65,1.07,34.1,9.0,ISO-HACCP,Manteiga de manga_Novembro_459
0.52,1.78,32.08,8.0,ANVISA,Manteiga de manga_Novembro_460
0.55,3.93,35.23,9.0,ANVISA,Manteiga de manga_Novembro_461
0.45,5.36,35.29,9.0,Internacional,Manteiga de manga_Novembro_462
0.4,2.97,28.94,8.0,Internacional,Manteiga de manga_Novembro_463
0.87,4.47,35.62,9.0,Internacional,Manteiga de manga_Novembro_464
0.6,2.47,36.66,5.0,ISO-HACCP,Manteiga de manga_Novembro_465
0.72,4.75,33.89,7.0,Internacional,Manteiga de manga_Novembro_466
0.64,2.98,32.35,8.0,ISO-HACCP,Manteiga de manga_Novembro_467
0.46,5.13,33.23,9.0,ISO-HACCP,Manteiga de manga_Novembro_468
0.21,3.96,31.03,8.0,ANVISA,Manteiga de manga_Novembro_469
0.57,1.0,35.47,9.0,ANVISA,Manteiga de manga_Novembro_470
0.8,5.25,35.8,5.0,ISO-HACCP,Manteiga de manga_Novembro_471
0.62,2.59,32.54,6.0,ANVISA,Manteiga de manga_Novembro_472
0.59,3.68,34.59,8.0,ANVISA,Manteiga de manga_Novembro_473
0.29,4.66,38.57,7.0,ANVISA,Manteiga de manga_Novembro_474
0.16,3.05,32.17,7.0,ISO-HACCP,Manteiga de manga_Novembro_475
0.6,3.73,32.89,8.0,Internacional,Manteiga de manga_Novembro_476
0.62,3.12,35.67,7.0,Internacional,Manteiga de manga_Novembro_477
0.6,4.29,33.53,7.0,Internacional,Manteiga de manga_Novembro_478
0.55,3.75,30.15,8.0,Internacional,Manteiga de manga_Novembro_479
0.1,5.87,31.15,8.0,ISO-HACCP,Manteiga de manga_Novembro_480
0.53,4.41,36.22,8.0,ISO-HACCP,Manteiga de manga_Novembro_481
0.62,4.49,35.26,8.0,Internacional,Manteiga de manga_Novembro_482
0.17,3.64,34.81,7.0,ANVISA,Manteiga de manga_Novembro_483
0.85,4.62,29.71,7.0,,Manteiga de manga_Novembro_484
1.48,6.11,33.57,9.0,ISO-HACCP,Manteiga de manga_Novembro_485
0.89,4.66,31.42,9.0,Internacional,Manteiga de manga_Novembro_486
0.32,5.74,35.68,8.0,Nenhuma,Manteiga de manga_Novembro_487
0.66,5.06,33.79,8.0,ANVISA,Manteiga de manga_Novembro_488
1.14,4.07,30.27,10.0,ISO-HACCP,Manteiga de manga_Novembro_489
0.47,3.98,34.98,7.0,ANVISA,Manteiga de manga_Novembro_490
0.47,5.56,33.64,7.0,ANVISA,Manteiga de manga_Novembro_491
0.34,3.69,31.79,6.0,ANVISA,Manteiga de manga_Novembro_492
0.1,3.15,36.97,8.0,ISO-HACCP,Manteiga de manga_Novembro_493
0.65,6.03,36.56,8.0,Internacional,Manteiga de manga_Novembro_494
0.47,3.24,33.65,8.0,ISO-HACCP,Manteiga de manga_Novembro_495
0.45,4.85,28.8,8.0,Internacional,Manteiga de manga_Novembro_496
0.71,6.33,31.58,7.0,ANVISA,Manteiga de manga_Novembro_497
0.34,3.7,30.55,9.0,ANVISA,Manteiga de manga_Novembro_498
0.53,3.06,29.08,8.0,ANVISA,Manteiga de manga_Novembro_499
0.6,4.09,34.09,8.0,,Manteiga de manga_Novembro_500
0.57,2.9,34.31,7.0,ANVISA,Manteiga de manga_Novembro_501
0.8,4.23,33.72,9.0,ISO-HACCP,Manteiga de manga_Novembro_502
0.91,3.74,28.97,9.0,Internacional,Manteiga de manga_Novembro_503
0.47,4.28,31.25,8.0,Nenhuma,Manteiga de manga_Novembro_504
0.65,6.03,30.36,8.0,ANVISA,Manteiga de manga_Novembro_505
0.61,2.98,31.04,4.0,ISO-HACCP,Manteiga de manga_Novembro_506
1.0,4.34,36.21,7.826709526592636,Internacional,Manteiga de manga_Novembro_507
0.87,3.74,31.79,6.0,ANVISA,Manteiga de manga_Novembro_508
0.1,4.32,32.33,9.0,ISO-HACCP,Manteiga de manga_Novembro_509
0.39,5.57,32.57,10.0,ANVISA,Manteiga de manga_Novembro_510
0.69,3.5,30.28,6.0,ANVISA,Manteiga de manga_Novembro_511
0.77,6.02,34.2,9.0,Internacional,Manteiga de manga_Novembro_512
0.74,2.2,33.48,10.0,ANVISA,Manteiga de manga_Novembro_513
0.39,7.29,32.86,7.0,Internacional,Manteiga de manga_Novembro_514
0.38,6.33,31.81,9.0,ANVISA,Manteiga de manga_Novembro_515
0.82,5.38,34.74,8.0,Internacional,Manteiga de manga_Novembro_516
0.14,4.12,32.6,8.0,Internacional,Manteiga de manga_Novembro_517
0.58,4.36,33.56,9.0,ISO-HACCP,Manteiga de manga_Novembro_518
0.89,5.16,30.51,7.0,Internacional,Manteiga de manga_Novembro_519
1.01,5.56,32.33,8.0,Internacional,Manteiga de manga_Novembro_520
0.29,3.93,31.66,7.0,ISO-HACCP,Manteiga de manga_Novembro_521
0.88,5.04,32.06,9.0,Internacional,Manteiga de manga_Novembro_522
0.64,3.44,30.4,8.0,Nenhuma,Manteiga de manga_Novembro_523
0.81,3.79,34.87,6.0,ISO-HACCP,Manteiga de manga_Novembro_524
0.66,4.04,30.88,9.0,ISO-HACCP,Manteiga de manga_Dezembro_0
0.53,1.0,34.21,10.0,ANVISA,Manteiga de manga_Dezembro_1
0.57,3.45,33.88,7.0,Internacional,Manteiga de manga_Dezembro_2
0.9,7.13,32.31,8.0,Internacional,Manteiga de manga_Dezembro_3
0.34,5.81,33.57,5.0,ISO-HACCP,Manteiga de manga_Dezembro_4
0.58,2.36,36.44,10.0,Nenhuma,Manteiga de manga_Dezembro_5
0.74,3.39,31.72,8.0,ANVISA,Manteiga de manga_Dezembro_6
0.67,6.97,34.38,8.0,ISO-HACCP,Manteiga de manga_Dezembro_7
0.72,3.73,34.62,6.0,Nenhuma,Manteiga de manga_Dezembro_8
0.57,1.49,36.4,8.0,ANVISA,Manteiga de manga_Dezembro_9
1.23,1.73,30.44,9.0,Internacional,Manteiga de manga_Dezembro_10
1.2,5.27,34.44,9.0,Internacional,Manteiga de manga_Dezembro_11
0.71,5.2,32.93,9.0,ANVISA,Manteiga de manga_Dezembro_12
0.32,4.86,34.79,7.0,ISO-HACCP,Manteiga de manga_Dezembro_13
0.86,4.65,32.37,7.0,ANVISA,Manteiga de manga_Dezembro_14
0.6,4.06,36.6,7.0,ANVISA,Manteiga de manga_Dezembro_15
0.6,1.05,30.26,8.0,Internacional,Manteiga de manga_Dezembro_16
0.34,3.86,29.79,8.0,ANVISA,Manteiga de manga_Dezembro_17
0.81,5.82,35.08,6.0,Internacional,Manteiga de manga_Dezembro_18
0.66,5.89,32.5,8.0,ISO-HACCP,Manteiga de manga_Dezembro_19
0.99,5.16,31.89,9.0,ISO-HACCP,Manteiga de manga_Dezembro_20
0.8,4.25,32.87,8.0,ANVISA,Manteiga de manga_Dezembro_21
0.47,3.54,31.74,7.0,Internacional,Manteiga de manga_Dezembro_22
0.64,2.82,33.67,6.0,Internacional,Manteiga de manga_Dezembro_23
0.37,3.83,33.13,10.0,Internacional,Manteiga de manga_Dezembro_24
0.41,2.13,30.27,9.0,Internacional,Manteiga de manga_Dezembro_25
0.9,3.24,33.11,9.0,ANVISA,Manteiga de manga_Dezembro_26
0.61,6.21,33.08,7.0,ANVISA,Manteiga de manga_Dezembro_27
0.26,3.03,34.38,9.0,ISO-HACCP,Manteiga de manga_Dezembro_28
0.48,6.79,33.07,9.0,Internacional,Manteiga de manga_Dezembro_29
0.92,7.19,34.28,10.0,ANVISA,Manteiga de manga_Dezembro_30
0.3,2.94,34.82,8.0,ISO-HACCP,Manteiga de manga_Dezembro_31
0.34,5.2,33.4,8.0,ANVISA,Manteiga de manga_Dezembro_32
0.76,3.36,34.71,6.0,ANVISA,Manteiga de manga_Dezembro_33
0.39,5.98,31.46,8.0,ISO-HACCP,Manteiga de manga_Dezembro_34
0.1,7.05,33.72,7.0,Internacional,Manteiga de manga_Dezembro_35
0.1,3.51,34.54,9.0,ANVISA,Manteiga de manga_Dezembro_36
0.43,1.7,36.55,8.0,ANVISA,Manteiga de manga_Dezembro_37
0.21,4.12,31.12,7.0,ANVISA,Manteiga de manga_Dezembro_38
0.49,3.65,31.53,7.0,Internacional,Manteiga de manga_Dezembro_39
0.76,2.28,28.42,8.0,Internacional,Manteiga de manga_Dezembro_40
0.91,4.86,32.12,10.0,Internacional,Manteiga de manga_Dezembro_41
0.63,2.16,33.58,10.0,ANVISA,Manteiga de manga_Dezembro_42
0.22,4.07,32.88,7.0,ISO-HACCP,Manteiga de manga_Dezembro_43
0.73,4.88,36.6,8.0,Internacional,Manteiga de manga_Dezembro_44
0.52,1.98,31.94,8.0,ISO-HACCP,Manteiga de manga_Dezembro_45
0.7,4.67,34.08,8.0,ANVISA,Manteiga de manga_Dezembro_46
0.45,6.52,33.74,9.0,ISO-HACCP,Manteiga de manga_Dezembro_47
0.97,2.66,33.59,8.0,ISO-HACCP,Manteiga de manga_Dezembro_48
0.74,3.08,33.67,9.0,ANVISA,Manteiga de manga_Dezembro_49
0.44,6.82,34.61,7.0,ANVISA,Manteiga de manga_Dezembro_50
0.37,3.78,33.32,7.0,ISO-HACCP,Manteiga de manga_Dezembro_51
0.71,5.0,33.59,9.0,ANVISA,Manteiga de manga_Dezembro_52
0.77,4.39,30.27,9.0,Internacional,Manteiga de manga_Dezembro_53
0.4,5.02,29.22,8.0,Internacional,Manteiga de manga_Dezembro_54
0.85,2.05,35.88,7.0,Internacional,Manteiga de manga_Dezembro_55
0.51,3.98,33.41,9.0,Internacional,Manteiga de manga_Dezembro_56
0.45,6.46,33.72,7.0,Internacional,Manteiga de manga_Dezembro_57
0.61,3.63,34.12,8.0,Internacional,Manteiga de manga_Dezembro_58
0.79,7.01,33.97,8.0,ANVISA,Manteiga de manga_Dezembro_59
0.42,4.3,29.79,6.0,ANVISA,Manteiga de manga_Dezembro_60
0.23,5.74,30.99,9.0,ISO-HACCP,Manteiga de manga_Dezembro_61
0.64,4.6,31.19,8.0,ANVISA,Manteiga de manga_Dezembro_62
0.38,3.62,34.84,9.0,ANVISA,Manteiga de manga_Dezembro_63
0.74,7.93,35.45,7.0,Internacional,Manteiga de manga_Dezembro_64
0.81,2.55,36.82,10.0,ISO-HACCP,Manteiga de manga_Dezembro_65
0.1,3.74,37.53,8.0,ANVISA,Manteiga de manga_Dezembro_66
0.59,5.75,34.05,8.0,ANVISA,Manteiga de manga_Dezembro_67
0.63,2.94,34.01,9.0,ANVISA,Manteiga de manga_Dezembro_68
0.42,5.22,34.79,8.0,Internacional,Manteiga de manga_Dezembro_69
0.64,6.25,36.13,10.0,ANVISA,Manteiga de manga_Dezembro_70
1.06,3.22,34.74,7.0,ANVISA,Manteiga de manga_Dezembro_71
0.67,4.63,31.51,9.0,,Manteiga de manga_Dezembro_72
0.36,1.38,30.05,7.0,ISO-HACCP,Manteiga de manga_Dezembro_73
0.85,4.88,30.78,10.0,ANVISA,Manteiga de manga_Dezembro_74
0.36,5.97,31.22,8.0,Internacional,Manteiga de manga_Dezembro_75
0.54,3.3,34.75,8.0,ISO-HACCP,Manteiga de manga_Dezembro_76
0.86,5.58,32.14,9.0,Internacional,Manteiga de manga_Dezembro_77
0.72,2.91,33.59,7.0,Internacional,Manteiga de manga_Dezembro_78
0.44,5.45,30.7,7.0,ISO-HACCP,Manteiga de manga_Dezembro_79
0.63,8.96,35.05,9.0,Internacional,Manteiga de manga_Dezembro_80
0.44,4.14,37.11,8.0,Internacional,Manteiga de manga_Dezembro_81
0.35,4.83,33.68,8.0,ANVISA,Manteiga de manga_Dezembro_82
0.66,2.76,32.12,10.0,ISO-HACCP,Manteiga de manga_Dezembro_83
0.13,3.28,37.0,5.0,ANVISA,Manteiga de manga_Dezembro_84
0.74,2.59,28.52,9.0,ANVISA,Manteiga de manga_Dezembro_85
0.17,4.63,35.54,10.0,ANVISA,Manteiga de manga_Dezembro_86
0.54,9.3,31.68,6.0,Internacional,Manteiga de manga_Dezembro_87
0.18,6.05,34.06,6.0,ANVISA,Manteiga de manga_Dezembro_88
0.57,5.32,32.48,8.0,Internacional,Manteiga de manga_Dezembro_89
1.13,4.33,32.48,7.0,Internacional,Manteiga de manga_Dezembro_90
0.44,6.11,37.19,7.0,Internacional,Manteiga de manga_Dezembro_91
0.81,3.98,34.49,9.0,ISO-HACCP,Manteiga de manga_Dezembro_92
0.88,4.05,35.99,9.0,ANVISA,Manteiga de manga_Dezembro_93
0.61,4.91,35.14,9.0,,Manteiga de manga_Dezembro_94
0.36,2.61,31.11,7.0,Internacional,Manteiga de manga_Dezembro_95
0.75,4.75,32.05,10.0,ANVISA,Manteiga de manga_Dezembro_96
0.66,1.61,30.41,8.0,ISO-HACCP,Manteiga de manga_Dezembro_97
0.8,5.17,28.48,6.0,ANVISA,Manteiga de manga_Dezembro_98
0.33,1.55,29.11,6.0,ANVISA,Manteiga de manga_Dezembro_99
0.83,5.6,37.95,6.0,ANVISA,Manteiga de manga_Dezembro_100
0.52,1.14,35.26,8.0,ISO-HACCP,Manteiga de manga_Dezembro_101
0.87,1.37,31.15,10.0,ISO-HACCP,Manteiga de manga_Dezembro_102
0.57,3.96,35.33,10.0,Internacional,Manteiga de manga_Dezembro_103
0.63,2.78,35.43,9.0,Internacional,Manteiga de manga_Dezembro_104
0.85,3.78,33.91,5.0,Internacional,Manteiga de manga_Dezembro_105
0.54,5.13,34.64,9.0,ISO-HACCP,Manteiga de manga_Dezembro_106
0.39,4.97,31.49,7.0,Nenhuma,Manteiga de manga_Dezembro_107
0.34,5.44,34.82,8.0,Internacional,Manteiga de manga_Dezembro_108
0.55,5.54,30.84,7.0,ISO-HACCP,Manteiga de manga_Dezembro_109
0.71,2.93,31.09,8.0,Internacional,Manteiga de manga_Dezembro_110
0.73,4.94,29.8,8.0,Nenhuma,Manteiga de manga_Dezembro_111
0.49,5.73,37.48,9.0,ISO-HACCP,Manteiga de manga_Dezembro_112
0.6,6.29,34.05,8.0,ISO-HACCP,Manteiga de manga_Dezembro_113
0.9,5.99,32.99,8.0,Internacional,Manteiga de manga_Dezembro_114
0.76,3.24,31.2,8.0,Internacional,Manteiga de manga_Dezembro_115
0.23,4.13,32.5,8.0,ANVISA,Manteiga de manga_Dezembro_116
0.44,4.03,28.39,9.0,Internacional,Manteiga de manga_Dezembro_117
0.76,5.13,28.5,10.0,Internacional,Manteiga de manga_Dezembro_118
0.46,4.51,36.9,6.0,Internacional,Manteiga de manga_Dezembro_119
0.71,3.69,37.69,6.0,ISO-HACCP,Manteiga de manga_Dezembro_120
0.35,4.67,31.76,7.0,ANVISA,Manteiga de manga_Dezembro_121
0.59,1.72,34.22,8.0,ISO-HACCP,Manteiga de manga_Dezembro_122
0.95,5.56,36.31,8.0,,Manteiga de manga_Dezembro_123
0.48,2.9,28.0,9.0,Internacional,Manteiga de manga_Dezembro_124
0.83,4.22,31.49,7.826709526592636,,Manteiga de manga_Dezembro_125
0.49,4.83,29.89,10.0,Internacional,Manteiga de manga_Dezembro_126
0.2,1.34,33.62,6.0,ANVISA,Manteiga de manga_Dezembro_127
0.74,6.8,32.48,10.0,Internacional,Manteiga de manga_Dezembro_128
0.92,3.3,33.15,9.0,ISO-HACCP,Manteiga de manga_Dezembro_129
0.6,6.11,37.77,9.0,ANVISA,Manteiga de manga_Dezembro_130
0.81,1.66,33.13,7.0,ISO-HACCP,Manteiga de manga_Dezembro_131
1.16,6.16,34.96,7.0,Nenhuma,Manteiga de manga_Dezembro_132
0.97,3.35,34.57,8.0,ISO-HACCP,Manteiga de manga_Dezembro_133
0.19,4.83,36.8,8.0,ANVISA,Manteiga de manga_Dezembro_134
0.81,4.52,34.92,6.0,ANVISA,Manteiga de manga_Dezembro_135
0.47,3.85,33.14,9.0,Internacional,Manteiga de manga_Dezembro_136
0.52,3.43,34.71,7.0,ISO-HACCP,Manteiga de manga_Dezembro_137
0.5,4.23,32.71,8.0,ANVISA,Manteiga de manga_Dezembro_138
0.98,3.38,31.84,8.0,Internacional,Manteiga de manga_Dezembro_139
0.62,6.5,31.19,7.0,ISO-HACCP,Manteiga de manga_Dezembro_140
0.99,1.28,31.84,8.0,ISO-HACCP,Manteiga de manga_Dezembro_141
0.61,1.0,34.06,7.0,,Manteiga de manga_Dezembro_142
0.52,4.36,33.67,8.0,Internacional,Manteiga de manga_Dezembro_143
0.78,6.25,37.42,8.0,ANVISA,Manteiga de manga_Dezembro_144
0.32,3.2,35.9,8.0,ANVISA,Manteiga de manga_Dezembro_145
0.98,3.1,32.53,8.0,Internacional,Manteiga de manga_Dezembro_146
0.37,3.82,31.57,9.0,ISO-HACCP,Manteiga de manga_Dezembro_147
0.72,3.95,32.89,8.0,ANVISA,Manteiga de manga_Dezembro_148
0.45,1.0,29.98,7.0,Internacional,Manteiga de manga_Dezembro_149
0.26,5.87,31.12,9.0,ISO-HACCP,Manteiga de manga_Dezembro_150
0.27,6.21,33.81,7.826709526592636,Internacional,Manteiga de manga_Dezembro_151
0.34,4.31,34.85,6.0,ISO-HACCP,Manteiga de manga_Dezembro_152
0.28,4.8,30.63,7.0,ANVISA,Manteiga de manga_Dezembro_153
0.67,5.15,29.71,8.0,ANVISA,Manteiga de manga_Dezembro_154
0.87,3.24,32.72,7.826709526592636,ANVISA,Manteiga de manga_Dezembro_155
0.52,4.94,30.52,7.0,ISO-HACCP,Manteiga de manga_Dezembro_156
0.61,3.37,33.54,9.0,ANVISA,Manteiga de manga_Dezembro_157
0.4,5.22,33.38,7.826709526592636,ISO-HACCP,Manteiga de manga_Dezembro_158
0.49,4.95,35.73,8.0,ANVISA,Manteiga de manga_Dezembro_159
0.67,5.08,32.95,8.0,ISO-HACCP,Manteiga de manga_Dezembro_160
0.28,1.0,37.86,8.0,ANVISA,Manteiga de manga_Dezembro_161
0.56,4.63,30.74,9.0,Internacional,Manteiga de manga_Dezembro_162
0.64,3.38,28.76,8.0,Internacional,Manteiga de manga_Dezembro_163
0.85,3.94,30.39,6.0,Internacional,Manteiga de manga_Dezembro_164
0.79,3.34,37.0,9.0,,Manteiga de manga_Dezembro_165
0.67,4.74,35.02,8.0,ANVISA,Manteiga de manga_Dezembro_166
0.35,2.18,32.39,8.0,ANVISA,Manteiga de manga_Dezembro_167
0.63,1.22,34.14,8.0,ANVISA,Manteiga de manga_Dezembro_168
0.27,3.53,34.43,8.0,Internacional,Manteiga de manga_Dezembro_169
0.71,6.56,31.52,8.0,Internacional,Manteiga de manga_Dezembro_170
0.15,6.38,34.49,8.0,,Manteiga de manga_Dezembro_171
0.74,4.42,35.32,7.0,Internacional,Manteiga de manga_Dezembro_172
0.21,3.85,33.43,9.0,Internacional,Manteiga de manga_Dezembro_173
0.54,3.84,30.49,7.0,ANVISA,Manteiga de manga_Dezembro_174
0.92,4.87,34.42,6.0,ISO-HACCP,Manteiga de manga_Dezembro_175
1.04,6.96,35.69,8.0,Internacional,Manteiga de manga_Dezembro_176
0.42,6.15,31.41,6.0,Internacional,Manteiga de manga_Dezembro_177
0.25,5.02,34.44,7.0,ISO-HACCP,Manteiga de manga_Dezembro_178
0.87,7.53,34.19,8.0,ISO-HACCP,Manteiga de manga_Dezembro_179
0.56,3.93,30.41,8.0,ANVISA,Manteiga de manga_Dezembro_180
0.1,6.19,33.51,8.0,ISO-HACCP,Manteiga de manga_Dezembro_181
0.38,3.45,36.52,7.0,ANVISA,Manteiga de manga_Dezembro_182
0.93,6.45,33.05,7.0,ANVISA,Manteiga de manga_Dezembro_183
0.63,2.62,32.18,7.0,ANVISA,Manteiga de manga_Dezembro_184
0.76,4.37,34.02,7.0,Internacional,Manteiga de manga_Dezembro_185
0.43,4.71,32.09,7.0,Internacional,Manteiga de manga_Dezembro_186
0.81,4.01,32.98,8.0,ANVISA,Manteiga de manga_Dezembro_187
0.62,4.94,32.78,7.0,Internacional,Manteiga de manga_Dezembro_188
0.78,3.1,33.92,7.826709526592636,Nenhuma,Manteiga de manga_Dezembro_189
0.49,2.84,31.84,7.0,ISO-HACCP,Manteiga de manga_Dezembro_190
0.38,3.74,29.27,7.0,ANVISA,Manteiga de manga_Dezembro_191
0.36,6.28,34.22,10.0,ISO-HACCP,Manteiga de manga_Dezembro_192
0.81,1.68,33.24,7.0,ISO-HACCP,Manteiga de manga_Dezembro_193
0.64,3.78,35.76,6.0,Internacional,Manteiga de manga_Dezembro_194
0.24,3.42,33.61,5.0,Internacional,Manteiga de manga_Dezembro_195
0.57,7.33,33.73,10.0,Internacional,Manteiga de manga_Dezembro_196
0.71,4.0,34.1,7.0,ISO-HACCP,Manteiga de manga_Dezembro_197
0.8,5.07,28.87,8.0,Internacional,Manteiga de manga_Dezembro_198
0.14,4.93,30.7,7.0,ANVISA,Manteiga de manga_Dezembro_199
0.84,4.05,30.13,7.826709526592636,Internacional,Manteiga de manga_Dezembro_200
0.81,2.39,36.78,7.826709526592636,ISO-HACCP,Manteiga de manga_Dezembro_201
0.51,3.24,32.08,7.0,Internacional,Manteiga de manga_Dezembro_202
0.41,4.38,33.11,8.0,Internacional,Manteiga de manga_Dezembro_203
1.01,3.2,35.61,8.0,Internacional,Manteiga de manga_Dezembro_204
0.52,4.72,32.13,7.0,Internacional,Manteiga de manga_Dezembro_205
0.71,2.39,35.31,7.0,ISO-HACCP,Manteiga de manga_Dezembro_206
1.27,1.03,33.44,9.0,ISO-HACCP,Manteiga de manga_Dezembro_207
0.56,3.02,30.87,8.0,ANVISA,Manteiga de manga_Dezembro_208
0.38,7.63,32.92,7.0,ISO-HACCP,Manteiga de manga_Dezembro_209
0.61,6.53,31.86,10.0,Internacional,Manteiga de manga_Dezembro_210
0.32,4.04,31.1,9.0,Internacional,Manteiga de manga_Dezembro_211
0.47,5.43,31.63,9.0,ANVISA,Manteiga de manga_Dezembro_212
0.1,3.81,33.05,8.0,ISO-HACCP,Manteiga de manga_Dezembro_213
0.59,1.39,30.81,9.0,Nenhuma,Manteiga de manga_Dezembro_214
0.83,3.73,30.31,8.0,ANVISA,Manteiga de manga_Dezembro_215
0.71,3.93,30.41,8.0,Internacional,Manteiga de manga_Dezembro_216
0.26,2.82,34.05,10.0,ANVISA,Manteiga de manga_Dezembro_217
0.51,5.94,34.38,10.0,ISO-HACCP,Manteiga de manga_Dezembro_218
0.33,5.24,28.76,7.0,ANVISA,Manteiga de manga_Dezembro_219
0.7,4.37,31.73,7.0,Internacional,Manteiga de manga_Dezembro_220
0.53,5.16,33.22,10.0,ANVISA,Manteiga de manga_Dezembro_221
0.78,3.77,33.95,7.0,Internacional,Manteiga de manga_Dezembro_222
0.19,5.33,34.28,10.0,ANVISA,Manteiga de manga_Dezembro_223
0.57,4.44,34.76,8.0,ISO-HACCP,Manteiga de manga_Dezembro_224
0.54,1.48,30.52,9.0,ANVISA,Manteiga de manga_Dezembro_225
0.54,4.57,33.1,9.0,Internacional,Manteiga de manga_Dezembro_226
0.51,5.36,32.33,6.0,ISO-HACCP,Manteiga de manga_Dezembro_227
0.74,2.51,33.06,8.0,ANVISA,Manteiga de manga_Dezembro_228
0.54,4.7,31.72,7.0,Internacional,Manteiga de manga_Dezembro_229
0.83,2.79,32.24,7.0,ISO-HACCP,Manteiga de manga_Dezembro_230
0.56,1.69,33.77,9.0,ANVISA,Manteiga de manga_Dezembro_231
0.38,6.32,32.69,7.0,ISO-HACCP,Manteiga de manga_Dezembro_232
0.97,2.47,31.76,10.0,ISO-HACCP,Manteiga de manga_Dezembro_233
1.02,1.2,35.01,7.0,Internacional,Manteiga de manga_Dezembro_234
0.64,1.61,31.93,8.0,ANVISA,Manteiga de manga_Dezembro_235
0.47,4.88,30.02,7.0,Internacional,Manteiga de manga_Dezembro_236
0.84,4.79,31.55,6.0,Internacional,Manteiga de manga_Dezembro_237
0.59,5.1,35.41,7.0,ISO-HACCP,Manteiga de manga_Dezembro_238
1.04,3.09,35.61,8.0,ISO-HACCP,Manteiga de manga_Dezembro_239
0.71,3.84,31.34,9.0,ANVISA,Manteiga de manga_Dezembro_240
0.89,4.14,33.58,8.0,ISO-HACCP,Manteiga de manga_Dezembro_241
1.02,3.2,35.37,5.0,ISO-HACCP,Manteiga de manga_Dezembro_242
0.1,3.02,29.17,10.0,ISO-HACCP,Manteiga de manga_Dezembro_243
0.62,6.67,33.84,8.0,ANVISA,Manteiga de manga_Dezembro_244
0.32,1.25,29.09,9.0,Internacional,Manteiga de manga_Dezembro_245
1.28,4.6,30.42,9.0,,Manteiga de manga_Dezembro_246
0.71,6.85,35.06,7.0,ISO-HACCP,Manteiga de manga_Dezembro_247
0.39,1.0,33.14,8.0,ISO-HACCP,Manteiga de manga_Dezembro_248
0.17,3.64,31.66,9.0,Internacional,Manteiga de manga_Dezembro_249
0.53,4.96,34.71,8.0,ANVISA,Manteiga de manga_Dezembro_250
0.82,1.51,30.25,6.0,ISO-HACCP,Manteiga de manga_Dezembro_251
0.49,7.66,30.7,7.0,ISO-HACCP,Manteiga de manga_Dezembro_252
0.67,5.92,33.14,7.0,Internacional,Manteiga de manga_Dezembro_253
0.57,5.8,36.01,8.0,Internacional,Manteiga de manga_Dezembro_254
0.76,4.93,34.11,10.0,Internacional,Manteiga de manga_Dezembro_255
0.94,3.59,33.74,9.0,Internacional,Manteiga de manga_Dezembro_256
0.8,6.0,31.79,8.0,ISO-HACCP,Manteiga de manga_Dezembro_257
0.1,5.43,37.61,10.0,Nenhuma,Manteiga de manga_Dezembro_258
0.32,6.14,31.57,8.0,ISO-HACCP,Manteiga de manga_Dezembro_259
0.27,5.14,34.31,9.0,ISO-HACCP,Manteiga de manga_Dezembro_260
0.79,7.52,32.16,8.0,Internacional,Manteiga de manga_Dezembro_261
1.06,2.77,31.64,7.0,Internacional,Manteiga de manga_Dezembro_262
0.95,3.78,30.54,7.0,Internacional,Manteiga de manga_Dezembro_263
0.59,6.21,30.12,7.0,ANVISA,Manteiga de manga_Dezembro_264
0.74,4.31,32.77,10.0,Internacional,Manteiga de manga_Dezembro_265
0.48,3.48,33.21,9.0,ISO-HACCP,Manteiga de manga_Dezembro_266
0.26,4.73,34.13,8.0,ISO-HACCP,Manteiga de manga_Dezembro_267
0.84,5.74,33.01,7.0,ANVISA,Manteiga de manga_Dezembro_268
0.11,2.27,37.24,7.0,Internacional,Manteiga de manga_Dezembro_269
0.58,6.69,36.63,7.0,ISO-HACCP,Manteiga de manga_Dezembro_270
0.64,2.78,33.19,8.0,Internacional,Manteiga de manga_Dezembro_271
0.62,3.0,33.28,7.0,ANVISA,Manteiga de manga_Dezembro_272
0.8,4.28,31.33,7.0,ANVISA,Manteiga de manga_Dezembro_273
0.59,4.56,29.34,8.0,Internacional,Manteiga de manga_Dezembro_274
0.55,4.85,30.57,8.0,ANVISA,Manteiga de manga_Dezembro_275
0.64,3.62,32.37,7.0,ISO-HACCP,Manteiga de manga_Dezembro_276
0.74,2.23,32.36,10.0,ISO-HACCP,Manteiga de manga_Dezembro_277
0.7,4.31,35.5,7.826709526592636,ANVISA,Manteiga de manga_Dezembro_278
0.7,3.8,30.27,10.0,ANVISA,Manteiga de manga_Dezembro_279
0.7,5.96,35.22,10.0,ISO-HACCP,Manteiga de manga_Dezembro_280
0.52,3.34,34.66,7.0,Internacional,Manteiga de manga_Dezembro_281
0.62,4.22,36.01,7.0,ISO-HACCP,Manteiga de manga_Dezembro_282
0.58,3.86,32.93,6.0,ISO-HACCP,Manteiga de manga_Dezembro_283
0.87,3.87,32.65,8.0,ISO-HACCP,Manteiga de manga_Dezembro_284
0.3,2.84,35.22,7.0,Internacional,Manteiga de manga_Dezembro_285
0.35,5.24,34.34,8.0,Internacional,Manteiga de manga_Dezembro_286
0.67,4.62,30.76,6.0,ANVISA,Manteiga de manga_Dezembro_287
0.82,2.64,35.65,9.0,Internacional,Manteiga de manga_Dezembro_288
0.5,4.02,36.01,9.0,ISO-HACCP,Manteiga de manga_Dezembro_289
0.88,6.19,32.49,9.0,ISO-HACCP,Manteiga de manga_Dezembro_290
0.62,3.41,34.12,8.0,ANVISA,Manteiga de manga_Dezembro_291
0.31,4.48,32.7,10.0,Nenhuma,Manteiga de manga_Dezembro_292
0.64,6.62,32.12,8.0,ISO-HACCP,Manteiga de manga_Dezembro_293
0.3,6.12,35.95,10.0,Internacional,Manteiga de manga_Dezembro_294
0.34,7.33,37.28,9.0,Internacional,Manteiga de manga_Dezembro_295
0.15,3.01,32.4,7.0,Internacional,Manteiga de manga_Dezembro_296
0.92,2.56,32.16,9.0,Internacional,Manteiga de manga_Dezembro_297
1.32,1.96,31.34,7.0,Nenhuma,Manteiga de manga_Dezembro_298
0.47,3.1,31.92,9.0,ANVISA,Manteiga de manga_Dezembro_299
0.9,1.18,31.06,6.0,ANVISA,Manteiga de manga_Dezembro_300
0.66,2.91,35.22,8.0,Internacional,Manteiga de manga_Dezembro_301
0.44,4.02,35.04,8.0,Internacional,Manteiga de manga_Dezembro_302
0.89,1.45,34.34,8.0,Nenhuma,Manteiga de manga_Dezembro_303
0.4,4.6,32.64,9.0,ISO-HACCP,Manteiga de manga_Dezembro_304
0.21,4.02,31.77,8.0,Internacional,Manteiga de manga_Dezembro_305
0.79,6.48,32.53,8.0,ISO-HACCP,Manteiga de manga_Dezembro_306
0.55,4.27,31.23,6.0,Internacional,Manteiga de manga_Dezembro_307
0.61,3.02,31.35,8.0,ISO-HACCP,Manteiga de manga_Dezembro_308
0.72,3.06,31.22,5.0,Internacional,Manteiga de manga_Dezembro_309
0.59,4.61,35.65,7.0,Internacional,Manteiga de manga_Dezembro_310
1.26,6.5,36.33,7.0,ISO-HACCP,Manteiga de manga_Dezembro_311
0.65,4.89,35.44,10.0,ANVISA,Manteiga de manga_Dezembro_312
0.64,5.77,33.09,6.0,ANVISA,Manteiga de manga_Dezembro_313
0.88,5.19,28.75,10.0,ISO-HACCP,Manteiga de manga_Dezembro_314
0.1,4.09,34.58,9.0,ANVISA,Manteiga de manga_Dezembro_315
0.87,3.03,33.15,7.0,ANVISA,Manteiga de manga_Dezembro_316
0.65,2.64,30.75,8.0,ISO-HACCP,Manteiga de manga_Dezembro_317
0.46,3.85,28.0,10.0,ISO-HACCP,Manteiga de manga_Dezembro_318
0.3,3.79,29.14,6.0,Nenhuma,Manteiga de manga_Dezembro_319
0.11,4.56,33.78,8.0,Internacional,Manteiga de manga_Dezembro_320
0.5,5.59,34.31,8.0,ISO-HACCP,Manteiga de manga_Dezembro_321
0.92,5.01,30.28,9.0,ISO-HACCP,Manteiga de manga_Dezembro_322
0.84,5.35,34.98,8.0,ANVISA,Manteiga de manga_Dezembro_323
0.9,5.51,34.59,6.0,ANVISA,Manteiga de manga_Dezembro_324
0.4,4.27,31.33,9.0,Internacional,Manteiga de manga_Dezembro_325
0.53,3.65,33.09,6.0,Internacional,Manteiga de manga_Dezembro_326
0.88,3.91,35.16,7.0,ISO-HACCP,Manteiga de manga_Dezembro_327
0.92,3.98,32.77,8.0,Internacional,Manteiga de manga_Dezembro_328
0.91,4.86,32.24,8.0,Internacional,Manteiga de manga_Dezembro_329
0.67,5.02,33.89,8.0,ISO-HACCP,Manteiga de manga_Dezembro_330
0.5,5.26,38.2,7.0,ANVISA,Manteiga de manga_Dezembro_331
0.3,1.0,36.87,6.0,ISO-HACCP,Manteiga de manga_Dezembro_332
0.31,8.24,34.36,9.0,Internacional,Manteiga de manga_Dezembro_333
0.88,1.0,33.57,10.0,Nenhuma,Manteiga de manga_Dezembro_334
0.98,1.11,33.99,10.0,ISO-HACCP,Manteiga de manga_Dezembro_335
0.48,2.66,32.68,8.0,ISO-HACCP,Manteiga de manga_Dezembro_336
0.32,4.53,32.42,7.0,Internacional,Manteiga de manga_Dezembro_337
0.96,1.63,34.49,10.0,ANVISA,Manteiga de manga_Dezembro_338
0.78,5.27,30.19,9.0,ISO-HACCP,Manteiga de manga_Dezembro_339
0.31,5.0,34.45,7.0,ISO-HACCP,Manteiga de manga_Dezembro_340
0.43,5.75,33.21,8.0,Internacional,Manteiga de manga_Dezembro_341
0.96,1.64,34.16,10.0,ANVISA,Manteiga de manga_Dezembro_342
0.92,4.63,31.81,7.0,ISO-HACCP,Manteiga de manga_Dezembro_343
0.57,4.45,36.92,6.0,ISO-HACCP,Manteiga de manga_Dezembro_344
0.73,6.16,34.18,8.0,ANVISA,Manteiga de manga_Dezembro_345
0.22,1.93,32.92,8.0,Internacional,Manteiga de manga_Dezembro_346
0.87,2.48,31.2,8.0,ANVISA,Manteiga de manga_Dezembro_347
0.66,5.37,36.13,7.0,ISO-HACCP,Manteiga de manga_Dezembro_348
0.49,4.81,36.36,9.0,Internacional,Manteiga de manga_Dezembro_349
