logistica_brl,desconto_brl,lote_id,indice_qualidade_1a10,perda_processamento_pct,id_pedido
477.48,196.34738686131388,POLPA-202507-1999,8.0,2.19,Polpa congelada_Julho_0
205.88,87.57,POLPA-202507-6136,8.0,2.54,Polpa congelada_Julho_1
467.25,86.95,POLPA-202507-4632,7.0,1.68,Polpa congelada_Julho_2
452.76,77.44,POLPA-202507-7758,8.0,2.43,Polpa congelada_Julho_3
548.71,351.0,POLPA-202507-1549,10.0,3.0,Polpa congelada_Julho_4
559.49,205.27,POLPA-202507-6300,9.0,1.63,Polpa congelada_Julho_5
259.41,283.32,POLPA-202507-3843,9.0,0.93,Polpa congelada_Julho_6
2828.16,228.12,POLPA-202507-4149,9.0,1.86,Polpa congelada_Julho_7
78.14,16.57,POLPA-202507-6216,10.0,0.44,Polpa congelada_Julho_8
381.29,173.13,POLPA-202507-1178,9.0,1.58,Polpa congelada_Julho_9
1085.89,53.15,POLPA-202507-6633,8.0,1.58,Polpa congelada_Julho_10
889.78,129.76,POLPA-202507-8520,8.0,0.3,Polpa congelada_Julho_11
696.4,464.01,POLPA-202507-2844,10.0,2.93,Polpa congelada_Julho_12
506.79,170.99,POLPA-202507-8725,9.0,1.57,Polpa congelada_Julho_13
625.98,152.73,POLPA-202507-7627,8.0,2.07,Polpa congelada_Julho_14
1100.32,72.42,POLPA-202507-5960,8.0,1.68,Polpa congelada_Julho_15
1212.83,387.55,POLPA-202507-6034,9.0,3.24,Polpa congelada_Julho_16
1281.25,636.16,POLPA-202507-7867,9.0,1.48,Polpa congelada_Julho_17
1019.78,161.57,POLPA-202507-5180,9.0,1.17,Polpa congelada_Julho_18
188.7,44.58,POLPA-202507-3890,8.0,1.69,Polpa congelada_Julho_19
56.03,51.05,POLPA-202507-2398,10.0,1.78,Polpa congelada_Julho_20
876.72,339.87,POLPA-202507-7622,9.0,1.13,Polpa congelada_Julho_21
83.22,0.0,POLPA-202507-5974,7.0,2.4,Polpa congelada_Julho_22
239.57,89.0,POLPA-202507-8405,9.0,1.99,Polpa congelada_Julho_23
438.35,321.58,POLPA-202507-3854,9.0,1.88,Polpa congelada_Julho_24
944.56,217.94,POLPA-202507-4640,8.0,0.93,Polpa congelada_Julho_25
295.31,75.68,POLPA-202507-5402,10.0,2.98,Polpa congelada_Julho_26
489.59,228.2,POLPA-202507-2608,9.0,1.09,Polpa congelada_Julho_27
578.7460611353711,48.78,POLPA-202507-5431,9.0,3.04,Polpa congelada_Julho_28
480.37,267.42,POLPA-202507-4006,9.0,1.27,Polpa congelada_Julho_29
177.72,100.04,POLPA-202507-8699,8.387342513917375,2.99,Polpa congelada_Julho_30
169.15,113.21,POLPA-202507-4259,8.0,0.66,Polpa congelada_Julho_31
230.67,71.57,POLPA-202507-5163,8.0,2.95,Polpa congelada_Julho_32
816.75,277.53,POLPA-202507-8962,9.0,2.12,Polpa congelada_Julho_33
795.56,187.61,POLPA-202507-2114,9.0,1.33,Polpa congelada_Julho_34
368.67,148.2,POLPA-202507-8956,7.0,0.57,Polpa congelada_Julho_35
491.0,243.09,POLPA-202507-7438,10.0,1.96,Polpa congelada_Julho_36
494.07,178.88,POLPA-202507-9306,6.0,0.3,Polpa congelada_Julho_37
940.59,506.21,POLPA-202507-8009,7.0,1.0,Polpa congelada_Julho_38
234.74,140.29,POLPA-202507-5487,8.0,1.57,Polpa congelada_Julho_39
517.78,126.15,POLPA-202507-3429,8.0,0.34,Polpa congelada_Julho_40
772.36,269.85,POLPA-202507-3130,8.0,1.82,Polpa congelada_Julho_41
129.54,36.67,POLPA-202507-2422,8.0,2.0,Polpa congelada_Julho_42
855.83,373.48,POLPA-202507-2022,9.0,1.73,Polpa congelada_Julho_43
1366.68,553.91,POLPA-202507-9802,9.0,0.91,Polpa congelada_Julho_44
1024.22,575.04,POLPA-202507-1035,7.0,1.99,Polpa congelada_Julho_45
633.31,69.39,POLPA-202507-9404,8.0,0.81,Polpa congelada_Julho_46
843.91,306.77,POLPA-202507-2472,8.0,1.2,Polpa congelada_Julho_47
329.96,186.5,POLPA-202507-3708,6.0,1.45,Polpa congelada_Julho_48
164.72,131.66,POLPA-202507-8869,8.0,2.87,Polpa congelada_Julho_49
838.06,537.68,POLPA-202507-6878,8.0,1.79,Polpa congelada_Julho_50
533.56,170.37,POLPA-202507-2155,7.0,1.98,Polpa congelada_Julho_51
341.79,61.95,POLPA-202507-7989,10.0,1.3,Polpa congelada_Julho_52
198.42,63.45,POLPA-202507-4555,6.0,1.21,Polpa congelada_Julho_53
64.18,5.93,POLPA-202507-5401,9.0,0.69,Polpa congelada_Julho_54
525.57,64.99,POLPA-202507-9366,7.0,3.6,Polpa congelada_Julho_55
675.07,299.85,POLPA-202507-3103,9.0,1.15,Polpa congelada_Julho_56
318.32,89.03,POLPA-202507-9056,7.0,1.05,Polpa congelada_Julho_57
703.05,286.43,POLPA-202507-9311,9.0,2.82,Polpa congelada_Julho_58
419.86,78.19,POLPA-202507-8898,7.0,0.88,Polpa congelada_Julho_59
348.51,196.34738686131388,POLPA-202507-7088,10.0,2.5,Polpa congelada_Julho_60
415.34,360.32,POLPA-202507-3354,9.0,2.73,Polpa congelada_Julho_61
422.55,54.68,POLPA-202507-3376,9.0,1.49,Polpa congelada_Julho_62
310.87,71.61,POLPA-202507-5124,8.0,2.7,Polpa congelada_Julho_63
789.01,52.47,POLPA-202507-8128,10.0,2.4,Polpa congelada_Julho_64
1260.03,60.19,POLPA-202507-6540,8.0,3.15,Polpa congelada_Julho_65
262.88,125.53,POLPA-202507-8460,8.0,0.98,Polpa congelada_Julho_66
592.54,279.42,POLPA-202507-3843,7.0,1.69,Polpa congelada_Julho_67
620.57,517.26,POLPA-202507-2478,9.0,2.18,Polpa congelada_Julho_68
601.51,64.1,POLPA-202507-1974,10.0,2.16,Polpa congelada_Julho_69
536.09,519.09,POLPA-202507-9699,8.387342513917375,2.18,Polpa congelada_Julho_70
251.63,191.45,POLPA-202507-6717,9.0,1.48,Polpa congelada_Julho_71
390.83,404.94,POLPA-202507-3922,9.0,1.86,Polpa congelada_Julho_72
1059.3,193.19,POLPA-202507-5262,9.0,0.51,Polpa congelada_Julho_73
287.82,46.27,POLPA-202507-3378,10.0,1.11,Polpa congelada_Julho_74
495.5,24.58,POLPA-202507-6348,9.0,1.49,Polpa congelada_Julho_75
685.7,521.46,POLPA-202507-6559,10.0,1.68,Polpa congelada_Julho_76
578.7460611353711,0.51,POLPA-202507-9864,8.0,1.11,Polpa congelada_Julho_77
183.52,83.9,POLPA-202507-7250,9.0,3.39,Polpa congelada_Julho_78
505.57,193.58,POLPA-202507-2357,8.0,2.19,Polpa congelada_Julho_79
426.08,180.4,POLPA-202507-5653,9.0,2.29,Polpa congelada_Julho_80
552.26,362.43,POLPA-202507-6536,8.0,1.85,Polpa congelada_Julho_81
686.43,764.68,POLPA-202507-8791,7.0,3.33,Polpa congelada_Julho_82
137.75,36.95,POLPA-202507-5646,7.0,2.04,Polpa congelada_Julho_83
809.82,282.65,POLPA-202507-4809,10.0,1.74,Polpa congelada_Julho_84
542.3,10.95,POLPA-202507-9822,9.0,1.57,Polpa congelada_Julho_85
654.38,256.47,POLPA-202507-9622,9.0,1.85,Polpa congelada_Julho_86
468.82,154.49,POLPA-202507-5496,8.0,1.25,Polpa congelada_Julho_87
234.74,18.42,POLPA-202507-1279,8.0,3.28,Polpa congelada_Julho_88
395.82,87.08,POLPA-202507-3207,7.0,2.77,Polpa congelada_Julho_89
606.89,138.72,POLPA-202507-8178,8.0,2.33,Polpa congelada_Julho_90
435.8,41.42,POLPA-202507-6496,10.0,0.32,Polpa congelada_Julho_91
633.64,251.93,POLPA-202507-1223,10.0,2.86,Polpa congelada_Julho_92
776.57,337.0,POLPA-202507-2328,7.0,1.28,Polpa congelada_Julho_93
928.03,527.35,POLPA-202507-1856,8.0,2.11,Polpa congelada_Julho_94
1575.81,78.72,POLPA-202507-2944,7.0,2.19,Polpa congelada_Julho_95
385.96,58.98,POLPA-202507-4514,8.0,1.73,Polpa congelada_Julho_96
200.2,34.58,POLPA-202507-5242,7.0,1.53,Polpa congelada_Julho_97
277.39,190.51,POLPA-202507-8565,9.0,2.05,Polpa congelada_Julho_98
680.13,116.69,POLPA-202507-1685,9.0,2.06,Polpa congelada_Julho_99
464.09,58.57,POLPA-202507-1796,8.0,1.05,Polpa congelada_Julho_100
1004.1,281.38,POLPA-202507-6187,9.0,2.1,Polpa congelada_Julho_101
278.11,268.93,POLPA-202507-4644,8.387342513917375,2.95,Polpa congelada_Julho_102
945.49,80.66,POLPA-202507-1633,7.0,1.65,Polpa congelada_Julho_103
574.48,156.6,POLPA-202507-3472,8.0,3.03,Polpa congelada_Julho_104
550.68,263.91,POLPA-202507-5750,8.0,2.57,Polpa congelada_Julho_105
280.28,55.97,POLPA-202507-5905,8.0,1.04,Polpa congelada_Julho_106
382.1,205.26,POLPA-202507-5283,8.0,1.71,Polpa congelada_Julho_107
512.36,349.53,POLPA-202507-2573,8.0,0.91,Polpa congelada_Julho_108
373.83,134.86,POLPA-202507-5804,9.0,1.25,Polpa congelada_Julho_109
155.46,131.29,POLPA-202507-7729,9.0,2.53,Polpa congelada_Julho_110
533.25,412.53,POLPA-202507-5384,8.0,0.3,Polpa congelada_Julho_111
578.7460611353711,81.71,POLPA-202507-7442,7.0,1.83,Polpa congelada_Julho_112
578.7460611353711,21.76,POLPA-202507-6058,8.0,2.32,Polpa congelada_Julho_113
249.93,142.9,POLPA-202507-9789,9.0,2.01,Polpa congelada_Julho_114
959.22,238.47,POLPA-202507-9782,8.0,1.98,Polpa congelada_Julho_115
631.92,125.35,POLPA-202507-6424,8.0,2.95,Polpa congelada_Julho_116
251.08,185.86,POLPA-202507-1314,8.0,1.45,Polpa congelada_Julho_117
366.71,37.99,POLPA-202507-8905,8.0,1.87,Polpa congelada_Julho_118
113.82,8.25,POLPA-202507-3479,7.0,2.96,Polpa congelada_Julho_119
280.18,7.79,POLPA-202507-1828,9.0,3.4,Polpa congelada_Julho_120
588.09,14.11,POLPA-202507-8355,8.0,0.63,Polpa congelada_Julho_121
542.29,314.22,POLPA-202507-5239,6.0,2.15,Polpa congelada_Julho_122
368.0,251.82,POLPA-202507-6372,8.0,1.83,Polpa congelada_Julho_123
769.02,64.42,POLPA-202507-4360,7.0,1.97,Polpa congelada_Julho_124
365.06,251.64,POLPA-202507-1976,9.0,2.05,Polpa congelada_Julho_125
590.16,98.71,POLPA-202507-6000,9.0,1.1,Polpa congelada_Julho_126
380.51,263.09,POLPA-202507-2966,10.0,1.13,Polpa congelada_Julho_127
578.7460611353711,79.91,POLPA-202507-4520,7.0,1.17,Polpa congelada_Julho_128
563.11,70.37,POLPA-202507-2283,8.0,2.16,Polpa congelada_Julho_129
236.75,23.55,POLPA-202507-3233,8.0,2.5,Polpa congelada_Julho_130
818.25,163.97,POLPA-202507-4927,8.0,2.24,Polpa congelada_Julho_131
578.7460611353711,282.3,POLPA-202507-9110,9.0,1.03,Polpa congelada_Julho_132
578.7460611353711,3.22,POLPA-202507-4063,8.0,0.3,Polpa congelada_Julho_133
298.4,7.86,POLPA-202507-1777,9.0,1.74,Polpa congelada_Julho_134
125.32,21.69,POLPA-202507-6357,8.0,2.44,Polpa congelada_Julho_135
321.92,207.43,POLPA-202507-1301,8.0,2.64,Polpa congelada_Julho_136
521.96,109.64,POLPA-202507-1697,9.0,2.93,Polpa congelada_Julho_137
106.24,72.16,POLPA-202507-7621,10.0,2.15,Polpa congelada_Julho_138
239.0,190.23,POLPA-202507-1363,7.0,1.93,Polpa congelada_Julho_139
449.77,69.09,POLPA-202507-4142,9.0,1.87,Polpa congelada_Julho_140
263.61,2.56,POLPA-202507-9458,8.0,0.95,Polpa congelada_Julho_141
1055.69,362.59,POLPA-202507-6811,7.0,1.66,Polpa congelada_Julho_142
845.88,246.87,POLPA-202507-6955,9.0,1.63,Polpa congelada_Julho_143
425.55,27.46,POLPA-202507-8034,8.0,1.84,Polpa congelada_Julho_144
1073.11,198.94,POLPA-202507-4272,7.0,1.86,Polpa congelada_Julho_145
402.88,219.43,POLPA-202507-2024,9.0,3.19,Polpa congelada_Julho_146
133.07,103.49,POLPA-202507-8562,8.0,1.23,Polpa congelada_Julho_147
566.86,372.7,POLPA-202507-6718,8.0,0.93,Polpa congelada_Julho_148
789.71,274.24,POLPA-202507-7762,10.0,2.24,Polpa congelada_Julho_149
356.68,79.62,POLPA-202507-8938,8.387342513917375,1.92,Polpa congelada_Julho_150
337.71,196.34738686131388,POLPA-202507-6205,9.0,3.16,Polpa congelada_Julho_151
431.76,153.67,POLPA-202507-1425,7.0,1.11,Polpa congelada_Julho_152
857.52,439.84,POLPA-202507-1609,9.0,2.72,Polpa congelada_Julho_153
695.85,16.31,POLPA-202507-2466,8.0,1.86,Polpa congelada_Julho_154
175.97,49.86,POLPA-202507-9248,8.0,1.37,Polpa congelada_Julho_155
593.48,565.11,POLPA-202507-3119,10.0,2.95,Polpa congelada_Julho_156
699.56,304.61,POLPA-202507-9174,6.0,1.75,Polpa congelada_Julho_157
139.03,12.76,POLPA-202507-2675,8.0,3.04,Polpa congelada_Julho_158
854.67,195.61,POLPA-202507-2376,9.0,1.95,Polpa congelada_Julho_159
257.79,77.44,POLPA-202507-7248,9.0,0.69,Polpa congelada_Julho_160
230.92,41.29,POLPA-202507-3484,9.0,2.57,Polpa congelada_Julho_161
623.09,42.11,POLPA-202507-1698,9.0,1.35,Polpa congelada_Julho_162
1648.5,284.21,POLPA-202507-2000,8.0,2.06,Polpa congelada_Julho_163
122.58,58.64,POLPA-202507-2387,8.0,2.89,Polpa congelada_Julho_164
672.0,179.97,POLPA-202507-8221,9.0,2.45,Polpa congelada_Julho_165
239.76,107.11,POLPA-202507-8857,9.0,3.58,Polpa congelada_Julho_166
278.46,107.65,POLPA-202507-2531,10.0,2.08,Polpa congelada_Julho_167
371.84,251.94,POLPA-202507-2834,9.0,2.07,Polpa congelada_Julho_168
1555.94,151.02,POLPA-202507-4194,10.0,1.15,Polpa congelada_Julho_169
1515.45,288.22,POLPA-202507-3179,9.0,0.91,Polpa congelada_Julho_170
166.96,24.25,POLPA-202507-5375,8.387342513917375,2.39,Polpa congelada_Julho_171
412.67,132.54,POLPA-202507-3418,8.387342513917375,2.98,Polpa congelada_Julho_172
791.31,100.49,POLPA-202507-4570,10.0,1.59,Polpa congelada_Julho_173
440.7,103.06,POLPA-202507-3715,8.0,3.07,Polpa congelada_Julho_174
244.23,39.95,POLPA-202507-9627,7.0,2.34,Polpa congelada_Julho_175
640.17,386.93,POLPA-202507-6948,8.0,0.95,Polpa congelada_Julho_176
1555.58,146.37,POLPA-202507-1768,7.0,0.93,Polpa congelada_Julho_177
720.07,364.1,POLPA-202507-7765,8.0,1.4,Polpa congelada_Julho_178
762.3,127.97,POLPA-202507-9691,9.0,1.29,Polpa congelada_Julho_179
593.04,235.41,POLPA-202507-2442,8.0,1.18,Polpa congelada_Julho_180
214.44,18.78,POLPA-202507-9406,10.0,1.41,Polpa congelada_Julho_181
128.62,88.92,POLPA-202507-8813,7.0,1.56,Polpa congelada_Julho_182
733.71,27.03,POLPA-202507-2389,10.0,0.3,Polpa congelada_Julho_183
774.52,1035.75,POLPA-202507-8976,9.0,2.02,Polpa congelada_Julho_184
919.78,136.53,POLPA-202507-9830,6.0,2.46,Polpa congelada_Julho_185
343.03,22.81,POLPA-202507-9183,8.387342513917375,2.23,Polpa congelada_Julho_186
1049.42,334.13,POLPA-202507-7918,8.0,0.3,Polpa congelada_Julho_187
593.24,119.88,POLPA-202507-3248,9.0,2.73,Polpa congelada_Julho_188
482.81,241.81,POLPA-202507-7112,8.387342513917375,0.72,Polpa congelada_Julho_189
896.3,400.26,POLPA-202507-7648,9.0,2.39,Polpa congelada_Julho_190
427.39,178.39,POLPA-202507-7155,6.0,2.43,Polpa congelada_Julho_191
562.13,176.06,POLPA-202507-9942,10.0,0.83,Polpa congelada_Julho_192
817.55,272.85,POLPA-202507-2164,8.0,1.71,Polpa congelada_Julho_193
53.03,60.34,POLPA-202507-3967,8.0,2.66,Polpa congelada_Julho_194
486.49,32.65,POLPA-202507-6330,9.0,1.21,Polpa congelada_Julho_195
422.49,142.52,POLPA-202507-3225,7.0,1.07,Polpa congelada_Julho_196
116.12,22.07,POLPA-202507-2826,8.0,1.54,Polpa congelada_Julho_197
630.99,152.95,POLPA-202507-4923,9.0,0.61,Polpa congelada_Julho_198
667.59,308.37,POLPA-202507-9141,8.0,1.87,Polpa congelada_Julho_199
636.44,544.82,POLPA-202507-3177,8.0,1.85,Polpa congelada_Julho_200
575.59,152.04,POLPA-202507-9402,5.0,2.05,Polpa congelada_Julho_201
741.4,59.9,POLPA-202507-5956,9.0,3.01,Polpa congelada_Julho_202
1853.46,2.46,POLPA-202507-8443,7.0,1.47,Polpa congelada_Julho_203
1061.9,143.35,POLPA-202507-7279,8.0,0.71,Polpa congelada_Julho_204
244.75,4.49,POLPA-202507-3223,8.0,0.54,Polpa congelada_Julho_205
625.23,616.62,POLPA-202507-4600,9.0,1.7,Polpa congelada_Julho_206
427.57,113.51,POLPA-202507-1876,8.0,1.74,Polpa congelada_Julho_207
292.64,107.55,POLPA-202507-8568,7.0,3.07,Polpa congelada_Julho_208
1630.12,122.61,POLPA-202507-3488,8.0,2.36,Polpa congelada_Julho_209
329.99,31.96,POLPA-202507-1962,6.0,1.99,Polpa congelada_Julho_210
334.91,153.87,POLPA-202507-3678,8.0,2.71,Polpa congelada_Julho_211
868.26,213.61,POLPA-202507-2787,7.0,2.68,Polpa congelada_Julho_212
241.89,25.54,POLPA-202507-9568,9.0,1.26,Polpa congelada_Julho_213
145.77,34.03,POLPA-202507-8501,9.0,3.03,Polpa congelada_Julho_214
346.27,397.63,POLPA-202507-1123,8.387342513917375,0.31,Polpa congelada_Julho_215
96.65,15.46,POLPA-202507-2192,7.0,2.44,Polpa congelada_Julho_216
723.02,176.44,POLPA-202507-5075,10.0,1.46,Polpa congelada_Julho_217
141.9,27.78,POLPA-202507-2197,9.0,1.49,Polpa congelada_Julho_218
973.01,632.57,POLPA-202507-2644,8.0,2.93,Polpa congelada_Julho_219
650.3,317.47,POLPA-202507-6481,9.0,2.23,Polpa congelada_Julho_220
617.73,487.27,POLPA-202507-3595,8.0,2.84,Polpa congelada_Julho_221
353.99,0.19,POLPA-202507-3227,9.0,2.65,Polpa congelada_Julho_222
441.67,196.34738686131388,POLPA-202507-6326,8.0,2.05,Polpa congelada_Julho_223
335.63,56.41,POLPA-202507-1682,9.0,0.36,Polpa congelada_Julho_224
1161.58,40.41,POLPA-202507-1732,9.0,0.3,Polpa congelada_Julho_225
439.11,117.94,POLPA-202507-9005,8.0,2.18,Polpa congelada_Julho_226
156.12,65.73,POLPA-202507-4801,8.0,2.79,Polpa congelada_Julho_227
271.03,20.93,POLPA-202507-6133,6.0,1.3,Polpa congelada_Julho_228
573.21,420.39,POLPA-202507-3535,9.0,2.61,Polpa congelada_Julho_229
243.75,45.6,POLPA-202507-3754,9.0,1.6,Polpa congelada_Julho_230
110.5,2.98,POLPA-202507-4483,6.0,2.24,Polpa congelada_Julho_231
564.44,44.59,POLPA-202507-3711,9.0,2.49,Polpa congelada_Julho_232
1656.39,291.08,POLPA-202507-2589,9.0,0.8,Polpa congelada_Julho_233
321.13,31.64,POLPA-202507-7828,9.0,2.01,Polpa congelada_Julho_234
304.77,21.85,POLPA-202507-3226,7.0,1.67,Polpa congelada_Julho_235
111.22,43.64,POLPA-202507-5072,9.0,2.43,Polpa congelada_Julho_236
377.65,30.44,POLPA-202507-1052,8.0,1.31,Polpa congelada_Julho_237
701.57,10.69,POLPA-202507-3985,8.0,0.49,Polpa congelada_Julho_238
357.63,42.66,POLPA-202507-4528,7.0,1.77,Polpa congelada_Julho_239
577.35,121.39,POLPA-202507-7580,9.0,1.85,Polpa congelada_Julho_240
549.7,462.51,POLPA-202507-7003,8.0,1.37,Polpa congelada_Julho_241
299.44,86.81,POLPA-202507-8628,7.0,1.55,Polpa congelada_Julho_242
424.87,89.02,POLPA-202507-5754,8.0,2.05,Polpa congelada_Julho_243
445.82,65.32,POLPA-202507-3845,8.0,0.3,Polpa congelada_Julho_244
224.42,12.01,POLPA-202507-1282,8.0,0.72,Polpa congelada_Julho_245
814.29,708.17,POLPA-202507-5461,7.0,2.09,Polpa congelada_Julho_246
248.56,147.52,POLPA-202507-6493,9.0,0.83,Polpa congelada_Julho_247
610.19,61.57,POLPA-202507-8720,8.0,2.52,Polpa congelada_Julho_248
816.66,38.64,POLPA-202507-9908,8.0,3.79,Polpa congelada_Julho_249
220.08,271.32,POLPA-202507-4494,7.0,1.99,Polpa congelada_Julho_250
511.07,272.64,POLPA-202507-9570,7.0,2.56,Polpa congelada_Julho_251
1421.65,187.55,POLPA-202507-9609,9.0,4.31,Polpa congelada_Julho_252
1283.99,566.69,POLPA-202507-5768,7.0,1.63,Polpa congelada_Julho_253
637.09,163.54,POLPA-202507-6277,8.0,0.3,Polpa congelada_Julho_254
359.19,57.51,POLPA-202507-4147,8.0,1.2,Polpa congelada_Julho_255
202.11,275.61,POLPA-202507-7979,7.0,1.92,Polpa congelada_Julho_256
207.12,6.61,POLPA-202507-8244,9.0,1.42,Polpa congelada_Julho_257
701.09,239.95,POLPA-202507-2990,9.0,0.3,Polpa congelada_Julho_258
721.44,121.35,POLPA-202507-6512,9.0,2.45,Polpa congelada_Julho_259
1277.33,121.64,POLPA-202507-6205,8.387342513917375,3.2,Polpa congelada_Julho_260
970.41,38.59,POLPA-202507-1220,7.0,1.04,Polpa congelada_Julho_261
273.12,45.48,POLPA-202507-5720,8.0,2.09,Polpa congelada_Julho_262
1111.95,39.03,POLPA-202507-1861,9.0,0.97,Polpa congelada_Julho_263
578.7460611353711,167.61,POLPA-202507-5999,10.0,2.51,Polpa congelada_Julho_264
249.38,217.64,POLPA-202507-6199,8.0,1.07,Polpa congelada_Julho_265
1305.35,310.54,POLPA-202507-8462,9.0,2.16,Polpa congelada_Julho_266
369.2,42.83,POLPA-202507-2501,10.0,3.51,Polpa congelada_Julho_267
95.84,30.13,POLPA-202507-1682,8.0,1.32,Polpa congelada_Julho_268
491.84,107.87,POLPA-202507-3463,7.0,1.54,Polpa congelada_Julho_269
448.52,273.27,POLPA-202507-9181,7.0,1.99,Polpa congelada_Julho_270
474.01,168.78,POLPA-202507-2815,8.0,0.3,Polpa congelada_Julho_271
121.65,52.12,POLPA-202507-4098,10.0,2.17,Polpa congelada_Julho_272
270.4,143.18,POLPA-202507-5896,6.0,1.34,Polpa congelada_Julho_273
302.9,140.23,POLPA-202507-3878,9.0,1.96,Polpa congelada_Julho_274
207.05,125.02,POLPA-202507-7111,8.0,2.92,Polpa congelada_Julho_275
388.59,122.92,POLPA-202507-2840,7.0,0.93,Polpa congelada_Julho_276
85.48,0.8,POLPA-202507-8978,8.0,0.64,Polpa congelada_Julho_277
57.56,25.42,POLPA-202507-1368,9.0,2.62,Polpa congelada_Julho_278
131.96,57.96,POLPA-202507-8546,6.0,1.0,Polpa congelada_Julho_279
1267.59,848.7,POLPA-202507-5064,9.0,2.22,Polpa congelada_Julho_280
246.95,225.96,POLPA-202507-2689,7.0,2.16,Polpa congelada_Julho_281
930.88,12.14,POLPA-202507-8072,8.0,2.18,Polpa congelada_Julho_282
316.32,67.57,POLPA-202507-8845,8.0,2.15,Polpa congelada_Julho_283
492.49,397.92,POLPA-202507-1883,8.0,0.5,Polpa congelada_Julho_284
462.98,63.92,POLPA-202507-3753,9.0,1.19,Polpa congelada_Julho_285
951.12,505.03,POLPA-202507-2458,8.0,2.64,Polpa congelada_Julho_286
93.96,33.38,POLPA-202507-2024,8.0,2.63,Polpa congelada_Julho_287
147.04,30.45,POLPA-202507-6304,8.0,2.07,Polpa congelada_Julho_288
192.98,157.59,POLPA-202507-6523,7.0,1.61,Polpa congelada_Julho_289
327.07,173.41,POLPA-202507-7376,10.0,1.86,Polpa congelada_Julho_290
924.06,122.47,POLPA-202507-6630,9.0,1.8,Polpa congelada_Julho_291
685.43,116.98,POLPA-202507-4492,9.0,1.16,Polpa congelada_Julho_292
67.97,72.25,POLPA-202507-8686,7.0,2.83,Polpa congelada_Julho_293
770.09,196.34738686131388,POLPA-202507-9559,8.0,1.5,Polpa congelada_Julho_294
407.83,179.38,POLPA-202507-3762,9.0,2.94,Polpa congelada_Julho_295
382.12,127.32,POLPA-202507-7184,8.0,2.92,Polpa congelada_Julho_296
169.91,108.78,POLPA-202507-4848,10.0,2.01,Polpa congelada_Julho_297
685.94,218.62,POLPA-202507-9772,9.0,2.92,Polpa congelada_Julho_298
690.19,321.86,POLPA-202507-6717,10.0,1.65,Polpa congelada_Julho_299
171.02,9.34,POLPA-202507-4530,9.0,0.3,Polpa congelada_Julho_300
475.68,88.31,POLPA-202507-1084,7.0,0.47,Polpa congelada_Julho_301
446.59,236.38,POLPA-202507-4201,9.0,1.42,Polpa congelada_Julho_302
659.52,619.21,POLPA-202507-3386,9.0,3.46,Polpa congelada_Julho_303
731.25,494.8,POLPA-202507-6466,9.0,2.59,Polpa congelada_Julho_304
471.52,282.28,POLPA-202507-3798,10.0,2.6,Polpa congelada_Julho_305
441.2,16.81,POLPA-202507-3817,9.0,1.26,Polpa congelada_Julho_306
73.56,82.23,POLPA-202507-4232,9.0,2.78,Polpa congelada_Julho_307
900.34,306.24,POLPA-202507-5674,8.0,3.21,Polpa congelada_Julho_308
403.74,238.92,POLPA-202507-1453,7.0,0.5,Polpa congelada_Julho_309
212.96,2.35,POLPA-202507-1732,8.0,1.43,Polpa congelada_Julho_310
389.24,300.28,POLPA-202507-8671,9.0,1.38,Polpa congelada_Julho_311
71.72,44.63,POLPA-202507-6999,9.0,1.07,Polpa congelada_Julho_312
107.16,196.34738686131388,POLPA-202507-9514,9.0,2.02,Polpa congelada_Julho_313
443.62,149.48,POLPA-202507-5897,9.0,2.68,Polpa congelada_Julho_314
614.15,481.6,POLPA-202507-2528,9.0,2.61,Polpa congelada_Julho_315
229.74,328.07,POLPA-202507-6381,8.0,3.35,Polpa congelada_Julho_316
352.78,146.33,POLPA-202507-8431,8.0,3.26,Polpa congelada_Julho_317
578.7460611353711,24.05,POLPA-202507-6673,7.0,1.51,Polpa congelada_Julho_318
463.14,126.72,POLPA-202507-1237,7.0,0.7,Polpa congelada_Julho_319
1450.24,62.55,POLPA-202507-7589,7.0,1.33,Polpa congelada_Julho_320
436.08,180.38,POLPA-202507-3068,9.0,2.39,Polpa congelada_Julho_321
94.23,7.96,POLPA-202507-4036,8.0,2.85,Polpa congelada_Julho_322
835.21,23.55,POLPA-202507-7691,8.0,1.52,Polpa congelada_Julho_323
229.96,70.58,POLPA-202507-8210,9.0,1.62,Polpa congelada_Julho_324
618.22,203.01,POLPA-202507-8162,8.0,0.36,Polpa congelada_Julho_325
781.44,413.45,POLPA-202507-4559,9.0,2.04,Polpa congelada_Julho_326
456.55,235.86,POLPA-202507-4261,8.0,2.81,Polpa congelada_Julho_327
194.92,5.5,POLPA-202507-7977,8.0,2.79,Polpa congelada_Julho_328
408.05,237.68,POLPA-202507-9489,9.0,2.48,Polpa congelada_Julho_329
422.15,134.95,POLPA-202507-2350,9.0,3.27,Polpa congelada_Julho_330
674.17,168.56,POLPA-202507-5729,9.0,1.84,Polpa congelada_Julho_331
846.5,153.87,POLPA-202507-9480,9.0,2.48,Polpa congelada_Julho_332
679.02,162.56,POLPA-202507-1020,9.0,1.83,Polpa congelada_Julho_333
266.15,156.85,POLPA-202507-9281,10.0,1.68,Polpa congelada_Julho_334
313.28,245.37,POLPA-202507-8516,8.0,0.49,Polpa congelada_Julho_335
157.58,116.99,POLPA-202507-7781,8.0,1.46,Polpa congelada_Julho_336
330.32,29.51,POLPA-202507-1076,8.387342513917375,2.72,Polpa congelada_Julho_337
1551.7,1061.52,POLPA-202507-2939,10.0,1.36,Polpa congelada_Julho_338
445.95,534.32,POLPA-202507-8888,9.0,1.16,Polpa congelada_Julho_339
48.16,1.98,POLPA-202507-1256,9.0,2.04,Polpa congelada_Julho_340
578.7460611353711,33.21,POLPA-202507-8559,10.0,2.62,Polpa congelada_Julho_341
174.39,79.36,POLPA-202507-8877,7.0,2.19,Polpa congelada_Julho_342
150.97,8.78,POLPA-202507-3802,8.0,0.94,Polpa congelada_Julho_343
1143.42,823.21,POLPA-202507-4887,9.0,1.11,Polpa congelada_Julho_344
541.25,59.47,POLPA-202507-7919,7.0,2.62,Polpa congelada_Julho_345
729.54,331.0,POLPA-202507-3216,8.0,0.8,Polpa congelada_Julho_346
175.57,99.61,POLPA-202507-8661,10.0,1.94,Polpa congelada_Julho_347
192.47,167.65,POLPA-202507-5404,7.0,1.73,Polpa congelada_Julho_348
379.79,172.36,POLPA-202507-9489,8.0,2.55,Polpa congelada_Julho_349
166.79,40.65,POLPA-202507-5397,9.0,1.05,Polpa congelada_Julho_350
1023.48,344.26,POLPA-202507-4000,9.0,2.38,Polpa congelada_Julho_351
506.67,15.62,POLPA-202507-2171,7.0,0.75,Polpa congelada_Julho_352
385.96,158.56,POLPA-202507-5329,8.0,0.3,Polpa congelada_Julho_353
250.08,111.32,POLPA-202507-8562,9.0,0.92,Polpa congelada_Julho_354
1219.47,674.76,POLPA-202507-3419,9.0,2.53,Polpa congelada_Julho_355
737.88,179.75,POLPA-202507-7214,6.0,3.43,Polpa congelada_Julho_356
935.01,112.37,POLPA-202507-4233,9.0,2.18,Polpa congelada_Julho_357
577.39,88.84,POLPA-202507-3170,8.0,1.21,Polpa congelada_Julho_358
476.44,167.08,POLPA-202507-8484,7.0,2.31,Polpa congelada_Julho_359
345.39,103.55,POLPA-202507-3790,7.0,3.08,Polpa congelada_Julho_360
164.98,27.09,POLPA-202507-3435,9.0,1.31,Polpa congelada_Julho_361
446.24,297.52,POLPA-202507-2568,9.0,2.02,Polpa congelada_Julho_362
356.51,170.9,POLPA-202507-9508,10.0,0.3,Polpa congelada_Julho_363
665.21,365.13,POLPA-202507-6076,9.0,2.12,Polpa congelada_Julho_364
73.13,21.92,POLPA-202507-1922,9.0,1.11,Polpa congelada_Julho_365
1065.58,155.47,POLPA-202507-2081,7.0,2.49,Polpa congelada_Julho_366
279.13,83.93,POLPA-202507-6485,8.0,0.61,Polpa congelada_Julho_367
799.56,313.37,POLPA-202507-9461,9.0,2.66,Polpa congelada_Julho_368
1005.5,282.05,POLPA-202507-1070,9.0,0.88,Polpa congelada_Julho_369
599.79,246.55,POLPA-202507-5508,10.0,2.8,Polpa congelada_Julho_370
1174.45,551.51,POLPA-202507-1743,9.0,2.3,Polpa congelada_Julho_371
590.75,255.35,POLPA-202507-6835,8.0,0.36,Polpa congelada_Julho_372
564.29,232.81,POLPA-202507-1057,8.0,0.94,Polpa congelada_Julho_373
642.47,153.61,POLPA-202507-9425,7.0,1.89,Polpa congelada_Julho_374
1060.82,321.7,POLPA-202507-5589,6.0,0.88,Polpa congelada_Julho_375
579.83,247.69,POLPA-202507-6974,10.0,0.53,Polpa congelada_Julho_376
523.07,387.14,POLPA-202507-7559,8.0,2.28,Polpa congelada_Julho_377
125.97,32.35,POLPA-202507-2197,8.0,0.32,Polpa congelada_Julho_378
413.04,235.46,POLPA-202507-2317,8.0,0.37,Polpa congelada_Julho_379
1462.47,194.88,POLPA-202507-3009,8.0,2.19,Polpa congelada_Julho_380
84.61,74.35,POLPA-202507-6207,9.0,1.96,Polpa congelada_Julho_381
640.21,62.35,POLPA-202507-5248,9.0,2.08,Polpa congelada_Julho_382
560.15,210.26,POLPA-202507-1521,8.0,0.3,Polpa congelada_Julho_383
139.2,54.74,POLPA-202507-9169,8.0,2.98,Polpa congelada_Julho_384
745.23,76.98,POLPA-202507-5059,8.0,2.53,Polpa congelada_Julho_385
777.7,194.66,POLPA-202507-5456,10.0,2.07,Polpa congelada_Julho_386
227.2,86.98,POLPA-202507-3718,10.0,2.14,Polpa congelada_Julho_387
1000.64,672.79,POLPA-202507-1493,9.0,0.47,Polpa congelada_Julho_388
832.61,128.37,POLPA-202507-3618,9.0,2.2,Polpa congelada_Julho_389
711.7,411.25,POLPA-202507-4791,7.0,1.2,Polpa congelada_Julho_390
603.87,141.25,POLPA-202507-6708,8.0,1.51,Polpa congelada_Julho_391
478.94,139.75,POLPA-202507-8063,6.0,3.91,Polpa congelada_Julho_392
621.19,196.34738686131388,POLPA-202507-3910,8.0,0.3,Polpa congelada_Julho_393
1199.42,428.05,POLPA-202507-1125,7.0,1.8,Polpa congelada_Julho_394
997.13,225.18,POLPA-202507-7507,7.0,1.26,Polpa congelada_Julho_395
581.77,54.02,POLPA-202507-2833,9.0,1.68,Polpa congelada_Julho_396
1077.02,590.47,POLPA-202507-6703,9.0,1.63,Polpa congelada_Julho_397
633.9,14.82,POLPA-202507-5977,7.0,1.42,Polpa congelada_Julho_398
204.08,173.09,POLPA-202507-6079,9.0,0.76,Polpa congelada_Julho_399
528.92,272.27,POLPA-202507-5744,9.0,2.44,Polpa congelada_Julho_400
859.29,386.19,POLPA-202507-7608,8.0,2.39,Polpa congelada_Julho_401
237.7,196.34738686131388,POLPA-202507-4318,8.0,0.67,Polpa congelada_Julho_402
361.68,71.55,POLPA-202507-9811,9.0,2.82,Polpa congelada_Julho_403
833.9,242.1,POLPA-202507-4374,6.0,2.27,Polpa congelada_Julho_404
327.41,160.34,POLPA-202507-9686,5.0,0.74,Polpa congelada_Julho_405
1134.49,246.95,POLPA-202507-3549,7.0,1.42,Polpa congelada_Julho_406
219.75,52.37,POLPA-202507-4504,10.0,2.22,Polpa congelada_Julho_407
186.78,158.17,POLPA-202507-3980,8.0,1.5,Polpa congelada_Julho_408
788.94,708.69,POLPA-202507-4373,9.0,1.32,Polpa congelada_Julho_409
309.88,187.79,POLPA-202507-8513,9.0,1.66,Polpa congelada_Julho_410
359.62,110.26,POLPA-202507-8617,7.0,2.19,Polpa congelada_Julho_411
441.51,234.88,POLPA-202507-5373,7.0,1.18,Polpa congelada_Julho_412
951.19,99.16,POLPA-202507-2871,7.0,2.43,Polpa congelada_Julho_413
579.84,594.75,POLPA-202507-7598,8.0,2.45,Polpa congelada_Julho_414
1106.15,948.18,POLPA-202507-1801,10.0,2.23,Polpa congelada_Julho_415
326.42,15.93,POLPA-202507-3605,9.0,3.91,Polpa congelada_Julho_416
1041.69,137.84,POLPA-202507-8077,9.0,3.12,Polpa congelada_Julho_417
670.31,92.9,POLPA-202507-8089,9.0,2.2,Polpa congelada_Julho_418
528.2,65.91,POLPA-202507-5734,8.0,1.11,Polpa congelada_Julho_419
345.42,186.24,POLPA-202507-3561,9.0,2.98,Polpa congelada_Julho_420
1343.67,112.03,POLPA-202507-4641,7.0,2.12,Polpa congelada_Julho_421
224.27,201.97,POLPA-202507-1112,7.0,2.94,Polpa congelada_Julho_422
1080.63,167.12,POLPA-202507-9829,6.0,1.37,Polpa congelada_Julho_423
246.26,302.25,POLPA-202507-5129,8.0,0.82,Polpa congelada_Julho_424
761.37,135.93,POLPA-202507-5427,9.0,1.82,Polpa congelada_Julho_425
1526.57,907.88,POLPA-202507-4925,7.0,1.86,Polpa congelada_Julho_426
705.72,188.54,POLPA-202507-4730,10.0,0.73,Polpa congelada_Julho_427
646.64,178.37,POLPA-202507-7955,9.0,2.09,Polpa congelada_Julho_428
573.94,125.21,POLPA-202507-4492,9.0,2.82,Polpa congelada_Julho_429
253.13,36.04,POLPA-202507-5024,9.0,3.25,Polpa congelada_Julho_430
322.43,245.36,POLPA-202507-9894,7.0,0.3,Polpa congelada_Julho_431
416.06,64.32,POLPA-202507-1691,7.0,2.78,Polpa congelada_Julho_432
536.18,178.82,POLPA-202507-7357,8.0,1.37,Polpa congelada_Julho_433
113.15,58.16,POLPA-202507-3273,10.0,1.08,Polpa congelada_Julho_434
370.91,123.63,POLPA-202507-3441,8.0,2.74,Polpa congelada_Julho_435
1554.53,153.77,POLPA-202507-2628,7.0,1.14,Polpa congelada_Julho_436
274.65,196.34738686131388,POLPA-202507-8652,7.0,3.94,Polpa congelada_Julho_437
2852.73,567.22,POLPA-202507-4429,10.0,1.63,Polpa congelada_Julho_438
168.0,83.61,POLPA-202507-6955,8.0,0.58,Polpa congelada_Julho_439
602.43,394.81,POLPA-202507-7603,8.0,3.42,Polpa congelada_Julho_440
1038.15,95.19,POLPA-202507-4779,10.0,3.21,Polpa congelada_Julho_441
704.32,88.99,POLPA-202507-9422,7.0,2.26,Polpa congelada_Julho_442
553.02,87.48,POLPA-202507-8627,8.0,2.89,Polpa congelada_Julho_443
309.68,268.91,POLPA-202507-7777,10.0,2.84,Polpa congelada_Julho_444
472.64,41.54,POLPA-202507-3046,8.0,2.19,Polpa congelada_Julho_445
578.7460611353711,276.41,POLPA-202507-7862,8.0,1.88,Polpa congelada_Julho_446
295.45,281.01,POLPA-202507-3984,8.0,1.68,Polpa congelada_Julho_447
487.37,63.54,POLPA-202507-2314,10.0,1.83,Polpa congelada_Julho_448
1191.84,157.93,POLPA-202507-7545,9.0,1.5,Polpa congelada_Julho_449
599.76,371.28,POLPA-202507-4953,8.0,2.65,Polpa congelada_Julho_450
288.42,419.99,POLPA-202507-7415,9.0,2.76,Polpa congelada_Julho_451
678.32,377.24,POLPA-202507-6989,7.0,1.29,Polpa congelada_Julho_452
514.67,314.55,POLPA-202507-5872,9.0,2.13,Polpa congelada_Julho_453
1445.92,781.56,POLPA-202507-3246,10.0,2.61,Polpa congelada_Julho_454
280.95,91.79,POLPA-202507-5862,9.0,0.7,Polpa congelada_Julho_455
446.35,234.64,POLPA-202507-7345,8.0,1.12,Polpa congelada_Julho_456
157.1,40.48,POLPA-202507-8237,8.0,2.61,Polpa congelada_Julho_457
187.05,162.95,POLPA-202507-6867,8.0,0.3,Polpa congelada_Julho_458
764.65,24.95,POLPA-202507-6612,10.0,1.59,Polpa congelada_Julho_459
2002.87,244.62,POLPA-202507-7428,8.0,0.93,Polpa congelada_Julho_460
136.5,60.05,POLPA-202507-7483,9.0,3.02,Polpa congelada_Julho_461
221.43,38.32,POLPA-202507-1312,7.0,2.47,Polpa congelada_Julho_462
55.41,12.07,POLPA-202507-6033,8.0,1.97,Polpa congelada_Julho_463
356.69,74.93,POLPA-202507-2048,9.0,2.33,Polpa congelada_Julho_464
382.42,58.23,POLPA-202507-4823,7.0,1.99,Polpa congelada_Julho_465
1054.19,14.69,POLPA-202507-5073,9.0,1.72,Polpa congelada_Julho_466
123.86,1.27,POLPA-202507-1880,8.0,0.95,Polpa congelada_Julho_467
555.36,156.7,POLPA-202507-5317,10.0,1.59,Polpa congelada_Julho_468
317.73,12.27,POLPA-202507-3805,7.0,2.19,Polpa congelada_Julho_469
161.89,67.5,POLPA-202507-5825,9.0,2.41,Polpa congelada_Julho_470
1044.51,198.12,POLPA-202507-2973,10.0,2.73,Polpa congelada_Julho_471
110.95,103.87,POLPA-202507-9516,10.0,4.32,Polpa congelada_Julho_472
659.97,196.34738686131388,POLPA-202507-8784,9.0,1.84,Polpa congelada_Julho_473
360.78,2.07,POLPA-202507-7053,9.0,1.98,Polpa congelada_Julho_474
776.35,499.59,POLPA-202507-3712,10.0,1.43,Polpa congelada_Julho_475
951.55,12.83,POLPA-202507-5846,7.0,0.6,Polpa congelada_Julho_476
226.67,65.27,POLPA-202507-1026,8.387342513917375,1.56,Polpa congelada_Julho_477
767.95,60.48,POLPA-202507-2893,8.0,3.25,Polpa congelada_Julho_478
598.29,206.02,POLPA-202507-3700,9.0,1.88,Polpa congelada_Julho_479
417.76,322.02,POLPA-202507-5413,7.0,2.26,Polpa congelada_Julho_480
485.01,246.47,POLPA-202507-2398,7.0,3.54,Polpa congelada_Julho_481
288.39,39.95,POLPA-202507-5676,9.0,1.32,Polpa congelada_Julho_482
661.33,708.74,POLPA-202507-2276,9.0,2.02,Polpa congelada_Julho_483
240.14,69.33,POLPA-202507-6101,10.0,1.62,Polpa congelada_Julho_484
759.26,103.17,POLPA-202507-2560,7.0,1.89,Polpa congelada_Julho_485
939.15,487.93,POLPA-202507-5886,8.0,0.83,Polpa congelada_Julho_486
522.21,194.02,POLPA-202507-5785,9.0,1.73,Polpa congelada_Julho_487
1715.3,266.9,POLPA-202507-2221,8.0,1.94,Polpa congelada_Julho_488
611.64,153.09,POLPA-202507-2093,7.0,2.45,Polpa congelada_Julho_489
578.7460611353711,890.94,POLPA-202507-2862,8.0,2.51,Polpa congelada_Julho_490
582.58,173.6,POLPA-202507-2551,8.0,2.16,Polpa congelada_Julho_491
220.17,13.34,POLPA-202507-1353,9.0,1.73,Polpa congelada_Julho_492
415.51,302.7,POLPA-202507-9863,8.0,2.49,Polpa congelada_Julho_493
407.1,31.88,POLPA-202507-2987,9.0,1.39,Polpa congelada_Julho_494
885.68,76.58,POLPA-202507-3968,7.0,3.1,Polpa congelada_Julho_495
75.61,20.58,POLPA-202507-7250,8.0,1.43,Polpa congelada_Julho_496
39.25,5.92,POLPA-202507-8739,7.0,1.52,Polpa congelada_Julho_497
1209.81,690.32,POLPA-202507-5461,8.0,1.42,Polpa congelada_Julho_498
280.06,66.85,POLPA-202507-6666,7.0,1.81,Polpa congelada_Julho_499
245.36,240.06,POLPA-202507-4915,9.0,1.51,Polpa congelada_Julho_500
276.65,123.18,POLPA-202507-4860,9.0,1.88,Polpa congelada_Julho_501
411.77,143.8,POLPA-202507-5762,7.0,1.09,Polpa congelada_Julho_502
643.37,30.48,POLPA-202507-7787,9.0,1.62,Polpa congelada_Julho_503
495.1,99.93,POLPA-202507-6714,7.0,2.87,Polpa congelada_Julho_504
1807.08,295.64,POLPA-202507-6060,8.0,3.21,Polpa congelada_Julho_505
344.47,73.56,POLPA-202507-9896,8.387342513917375,1.88,Polpa congelada_Julho_506
738.1,280.4,POLPA-202507-7844,8.0,2.87,Polpa congelada_Julho_507
330.25,113.36,POLPA-202507-1786,8.0,3.47,Polpa congelada_Julho_508
616.8,188.7,POLPA-202507-6604,9.0,1.23,Polpa congelada_Julho_509
347.45,85.05,POLPA-202507-6503,10.0,1.55,Polpa congelada_Julho_510
915.81,314.52,POLPA-202507-5040,6.0,0.3,Polpa congelada_Julho_511
327.07,70.86,POLPA-202507-3238,10.0,1.81,Polpa congelada_Julho_512
1393.96,789.86,POLPA-202507-4945,8.0,2.07,Polpa congelada_Julho_513
656.01,112.75,POLPA-202507-4299,6.0,2.09,Polpa congelada_Julho_514
375.27,66.32,POLPA-202507-3255,8.0,1.38,Polpa congelada_Julho_515
365.83,137.26,POLPA-202507-9447,8.0,3.34,Polpa congelada_Julho_516
1121.32,945.97,POLPA-202507-9690,8.0,2.36,Polpa congelada_Julho_517
157.53,38.99,POLPA-202507-8529,9.0,0.65,Polpa congelada_Julho_518
926.27,133.79,POLPA-202507-5753,8.0,1.75,Polpa congelada_Julho_519
295.59,191.61,POLPA-202507-4583,8.0,2.23,Polpa congelada_Julho_520
309.17,115.78,POLPA-202507-5249,10.0,0.98,Polpa congelada_Julho_521
356.29,240.73,POLPA-202507-9509,9.0,1.92,Polpa congelada_Julho_522
312.26,209.94,POLPA-202507-5451,8.0,2.19,Polpa congelada_Julho_523
467.42,185.59,POLPA-202507-8902,9.0,2.94,Polpa congelada_Julho_524
214.38,93.8,POLPA-202508-6780,9.0,2.48,Polpa congelada_Agosto_0
405.43,296.14,POLPA-202508-9432,10.0,3.26,Polpa congelada_Agosto_1
521.77,80.14,POLPA-202508-2415,7.0,2.63,Polpa congelada_Agosto_2
412.53,102.23,POLPA-202508-1901,8.0,2.1,Polpa congelada_Agosto_3
1174.97,310.35,POLPA-202508-4289,8.0,2.42,Polpa congelada_Agosto_4
881.15,452.68,POLPA-202508-3524,10.0,2.05,Polpa congelada_Agosto_5
411.75,311.58,POLPA-202508-3462,8.0,1.88,Polpa congelada_Agosto_6
1263.06,238.41,POLPA-202508-8860,10.0,2.34,Polpa congelada_Agosto_7
878.6,143.93,POLPA-202508-4274,9.0,3.69,Polpa congelada_Agosto_8
1054.61,656.48,POLPA-202508-6769,8.0,0.3,Polpa congelada_Agosto_9
955.75,486.85,POLPA-202508-6766,8.0,1.87,Polpa congelada_Agosto_10
398.85,123.61,POLPA-202508-9713,8.0,2.38,Polpa congelada_Agosto_11
753.03,96.55,POLPA-202508-1609,7.0,1.88,Polpa congelada_Agosto_12
761.94,268.6,POLPA-202508-1758,10.0,1.21,Polpa congelada_Agosto_13
239.74,108.34,POLPA-202508-7782,8.0,2.26,Polpa congelada_Agosto_14
1699.36,251.36,POLPA-202508-5718,9.0,2.28,Polpa congelada_Agosto_15
1069.31,704.66,POLPA-202508-4764,10.0,1.59,Polpa congelada_Agosto_16
163.7,38.13,POLPA-202508-1956,9.0,3.07,Polpa congelada_Agosto_17
999.11,196.92,POLPA-202508-2751,10.0,0.77,Polpa congelada_Agosto_18
1364.66,165.08,POLPA-202508-1636,8.0,2.11,Polpa congelada_Agosto_19
713.41,372.78,POLPA-202508-5910,9.0,2.95,Polpa congelada_Agosto_20
280.23,82.83,POLPA-202508-8388,7.0,3.05,Polpa congelada_Agosto_21
643.0,102.48,POLPA-202508-6354,9.0,1.53,Polpa congelada_Agosto_22
391.31,287.82,POLPA-202508-8066,8.0,0.3,Polpa congelada_Agosto_23
1058.63,512.96,POLPA-202508-4083,8.0,2.15,Polpa congelada_Agosto_24
424.78,0.55,POLPA-202508-7398,7.0,1.96,Polpa congelada_Agosto_25
515.66,318.25,POLPA-202508-3856,8.0,1.17,Polpa congelada_Agosto_26
160.36,122.88,POLPA-202508-2661,8.387342513917375,0.92,Polpa congelada_Agosto_27
418.84,8.41,POLPA-202508-2766,8.0,0.44,Polpa congelada_Agosto_28
796.17,546.46,POLPA-202508-1582,9.0,0.81,Polpa congelada_Agosto_29
609.94,488.46,POLPA-202508-1624,9.0,1.57,Polpa congelada_Agosto_30
443.49,253.81,POLPA-202508-1406,8.0,1.74,Polpa congelada_Agosto_31
1310.27,249.01,POLPA-202508-4173,9.0,2.16,Polpa congelada_Agosto_32
320.86,176.99,POLPA-202508-3508,8.0,0.98,Polpa congelada_Agosto_33
428.69,367.29,POLPA-202508-8185,7.0,3.13,Polpa congelada_Agosto_34
319.57,167.92,POLPA-202508-9915,10.0,1.99,Polpa congelada_Agosto_35
912.15,457.49,POLPA-202508-1619,7.0,2.59,Polpa congelada_Agosto_36
233.36,63.84,POLPA-202508-1867,8.0,2.27,Polpa congelada_Agosto_37
228.21,58.39,POLPA-202508-8535,9.0,1.56,Polpa congelada_Agosto_38
160.98,92.88,POLPA-202508-5408,8.0,0.93,Polpa congelada_Agosto_39
450.09,78.68,POLPA-202508-4888,8.0,2.27,Polpa congelada_Agosto_40
526.81,23.56,POLPA-202508-5590,9.0,1.56,Polpa congelada_Agosto_41
1435.9,244.02,POLPA-202508-5308,6.0,2.18,Polpa congelada_Agosto_42
479.64,114.21,POLPA-202508-9209,10.0,0.71,Polpa congelada_Agosto_43
827.24,637.04,POLPA-202508-5482,7.0,0.3,Polpa congelada_Agosto_44
379.24,7.23,POLPA-202508-3797,8.0,0.78,Polpa congelada_Agosto_45
541.43,49.64,POLPA-202508-5987,10.0,2.58,Polpa congelada_Agosto_46
131.56,5.62,POLPA-202508-6179,8.0,1.19,Polpa congelada_Agosto_47
158.91,45.85,POLPA-202508-3566,9.0,1.41,Polpa congelada_Agosto_48
354.2,28.96,POLPA-202508-5595,8.0,1.06,Polpa congelada_Agosto_49
1496.4,94.69,POLPA-202508-8320,10.0,2.19,Polpa congelada_Agosto_50
1446.43,49.16,POLPA-202508-8155,8.0,2.34,Polpa congelada_Agosto_51
1302.79,836.48,POLPA-202508-5076,7.0,2.81,Polpa congelada_Agosto_52
1374.55,132.97,POLPA-202508-3217,10.0,1.74,Polpa congelada_Agosto_53
327.94,114.72,POLPA-202508-6622,8.0,1.12,Polpa congelada_Agosto_54
196.68,40.9,POLPA-202508-6074,9.0,1.89,Polpa congelada_Agosto_55
556.17,580.79,POLPA-202508-5666,10.0,2.27,Polpa congelada_Agosto_56
443.9,615.05,POLPA-202508-7624,8.0,1.29,Polpa congelada_Agosto_57
890.07,466.97,POLPA-202508-8887,9.0,0.3,Polpa congelada_Agosto_58
239.03,259.07,POLPA-202508-8004,9.0,1.69,Polpa congelada_Agosto_59
217.72,80.59,POLPA-202508-2492,9.0,1.34,Polpa congelada_Agosto_60
645.01,210.62,POLPA-202508-5943,10.0,1.81,Polpa congelada_Agosto_61
190.32,34.58,POLPA-202508-4899,10.0,1.88,Polpa congelada_Agosto_62
1132.61,30.6,POLPA-202508-8957,9.0,1.07,Polpa congelada_Agosto_63
192.95,140.8,POLPA-202508-6963,8.0,2.4,Polpa congelada_Agosto_64
446.79,175.92,POLPA-202508-5593,8.0,0.4,Polpa congelada_Agosto_65
621.09,60.77,POLPA-202508-8506,10.0,1.14,Polpa congelada_Agosto_66
211.08,246.48,POLPA-202508-1262,8.0,0.67,Polpa congelada_Agosto_67
652.83,105.51,POLPA-202508-3283,9.0,2.23,Polpa congelada_Agosto_68
270.11,114.88,POLPA-202508-1160,10.0,2.75,Polpa congelada_Agosto_69
1106.43,304.63,POLPA-202508-8379,9.0,0.59,Polpa congelada_Agosto_70
930.01,847.88,POLPA-202508-7154,7.0,2.3,Polpa congelada_Agosto_71
234.76,143.07,POLPA-202508-8531,10.0,2.39,Polpa congelada_Agosto_72
326.62,238.03,POLPA-202508-9555,7.0,1.54,Polpa congelada_Agosto_73
1032.73,196.34738686131388,POLPA-202508-5666,8.0,2.88,Polpa congelada_Agosto_74
1042.74,450.61,POLPA-202508-6512,8.0,1.38,Polpa congelada_Agosto_75
352.43,48.19,POLPA-202508-9813,9.0,3.87,Polpa congelada_Agosto_76
842.11,228.69,POLPA-202508-2523,8.0,2.76,Polpa congelada_Agosto_77
104.46,20.52,POLPA-202508-6551,8.0,3.32,Polpa congelada_Agosto_78
1478.68,524.81,POLPA-202508-2139,10.0,2.15,Polpa congelada_Agosto_79
785.65,287.34,POLPA-202508-7657,8.0,2.15,Polpa congelada_Agosto_80
209.14,157.63,POLPA-202508-7140,8.387342513917375,0.88,Polpa congelada_Agosto_81
635.8,276.65,POLPA-202508-8431,9.0,2.07,Polpa congelada_Agosto_82
370.0,64.29,POLPA-202508-4457,9.0,2.17,Polpa congelada_Agosto_83
801.31,72.81,POLPA-202508-7423,9.0,0.3,Polpa congelada_Agosto_84
991.28,11.14,POLPA-202508-8024,8.0,1.63,Polpa congelada_Agosto_85
597.53,165.67,POLPA-202508-8025,9.0,1.52,Polpa congelada_Agosto_86
241.69,110.25,POLPA-202508-1104,8.0,1.69,Polpa congelada_Agosto_87
507.75,139.23,POLPA-202508-7015,10.0,1.94,Polpa congelada_Agosto_88
1692.97,243.76,POLPA-202508-1714,10.0,1.12,Polpa congelada_Agosto_89
563.51,61.58,POLPA-202508-6307,9.0,2.55,Polpa congelada_Agosto_90
199.44,122.7,POLPA-202508-9508,7.0,0.69,Polpa congelada_Agosto_91
405.04,133.33,POLPA-202508-4845,7.0,2.05,Polpa congelada_Agosto_92
357.38,173.74,POLPA-202508-3914,7.0,3.05,Polpa congelada_Agosto_93
671.54,264.79,POLPA-202508-5421,8.0,2.08,Polpa congelada_Agosto_94
578.7460611353711,44.98,POLPA-202508-3074,8.0,2.21,Polpa congelada_Agosto_95
417.94,180.26,POLPA-202508-5598,8.0,1.79,Polpa congelada_Agosto_96
353.16,230.07,POLPA-202508-6706,7.0,2.64,Polpa congelada_Agosto_97
410.1,183.54,POLPA-202508-8428,9.0,1.76,Polpa congelada_Agosto_98
473.45,349.73,POLPA-202508-2953,7.0,3.25,Polpa congelada_Agosto_99
285.94,415.98,POLPA-202508-9488,7.0,1.4,Polpa congelada_Agosto_100
99.84,83.94,POLPA-202508-4825,8.0,2.18,Polpa congelada_Agosto_101
659.28,200.1,POLPA-202508-5262,9.0,1.0,Polpa congelada_Agosto_102
1361.8,905.76,POLPA-202508-3035,9.0,2.83,Polpa congelada_Agosto_103
484.85,171.39,POLPA-202508-6062,7.0,1.25,Polpa congelada_Agosto_104
536.4,37.42,POLPA-202508-5138,9.0,3.3,Polpa congelada_Agosto_105
397.73,149.07,POLPA-202508-3098,9.0,1.18,Polpa congelada_Agosto_106
142.52,13.58,POLPA-202508-2282,6.0,1.83,Polpa congelada_Agosto_107
345.01,0.02,POLPA-202508-1268,8.0,1.75,Polpa congelada_Agosto_108
365.2,223.88,POLPA-202508-4076,8.0,1.69,Polpa congelada_Agosto_109
158.09,101.71,POLPA-202508-9729,9.0,1.71,Polpa congelada_Agosto_110
364.76,281.46,POLPA-202508-3222,9.0,2.72,Polpa congelada_Agosto_111
780.68,127.46,POLPA-202508-7054,7.0,3.78,Polpa congelada_Agosto_112
77.17,3.16,POLPA-202508-1764,9.0,3.78,Polpa congelada_Agosto_113
664.79,281.24,POLPA-202508-7599,7.0,1.36,Polpa congelada_Agosto_114
265.96,4.15,POLPA-202508-4670,8.0,1.76,Polpa congelada_Agosto_115
592.76,78.21,POLPA-202508-9224,10.0,2.48,Polpa congelada_Agosto_116
523.14,91.69,POLPA-202508-8602,7.0,1.76,Polpa congelada_Agosto_117
249.78,301.6,POLPA-202508-1360,8.0,1.48,Polpa congelada_Agosto_118
387.7,185.32,POLPA-202508-7292,9.0,2.83,Polpa congelada_Agosto_119
121.88,38.75,POLPA-202508-9760,9.0,2.01,Polpa congelada_Agosto_120
427.16,521.88,POLPA-202508-5864,8.0,0.52,Polpa congelada_Agosto_121
53.77,3.44,POLPA-202508-1937,10.0,1.68,Polpa congelada_Agosto_122
291.13,196.34738686131388,POLPA-202508-3229,9.0,2.91,Polpa congelada_Agosto_123
374.17,17.57,POLPA-202508-9057,8.0,1.06,Polpa congelada_Agosto_124
161.92,88.78,POLPA-202508-6668,8.0,1.43,Polpa congelada_Agosto_125
183.03,0.64,POLPA-202508-1087,7.0,2.06,Polpa congelada_Agosto_126
1702.34,174.74,POLPA-202508-1103,7.0,3.92,Polpa congelada_Agosto_127
1108.24,145.38,POLPA-202508-3422,7.0,1.77,Polpa congelada_Agosto_128
1339.02,1170.46,POLPA-202508-3922,8.0,0.86,Polpa congelada_Agosto_129
64.3,41.21,POLPA-202508-9342,9.0,1.98,Polpa congelada_Agosto_130
197.65,113.11,POLPA-202508-5157,7.0,1.58,Polpa congelada_Agosto_131
2055.33,326.24,POLPA-202508-5568,10.0,1.69,Polpa congelada_Agosto_132
359.72,60.01,POLPA-202508-8204,9.0,1.85,Polpa congelada_Agosto_133
962.14,304.78,POLPA-202508-8323,10.0,2.61,Polpa congelada_Agosto_134
1345.21,89.74,POLPA-202508-5969,8.0,2.23,Polpa congelada_Agosto_135
422.37,187.87,POLPA-202508-4611,9.0,2.09,Polpa congelada_Agosto_136
848.63,214.47,POLPA-202508-3453,10.0,1.35,Polpa congelada_Agosto_137
283.71,37.58,POLPA-202508-9534,8.0,1.62,Polpa congelada_Agosto_138
997.01,429.7,POLPA-202508-8038,9.0,0.3,Polpa congelada_Agosto_139
957.55,715.52,POLPA-202508-6807,8.0,1.62,Polpa congelada_Agosto_140
599.72,388.05,POLPA-202508-9594,9.0,0.39,Polpa congelada_Agosto_141
209.59,163.05,POLPA-202508-4713,7.0,2.4,Polpa congelada_Agosto_142
536.66,224.71,POLPA-202508-4252,9.0,1.52,Polpa congelada_Agosto_143
553.01,247.27,POLPA-202508-9880,7.0,2.77,Polpa congelada_Agosto_144
574.56,33.95,POLPA-202508-5076,9.0,2.37,Polpa congelada_Agosto_145
297.86,35.74,POLPA-202508-5776,8.0,2.4,Polpa congelada_Agosto_146
389.12,80.42,POLPA-202508-6502,9.0,1.22,Polpa congelada_Agosto_147
266.46,153.35,POLPA-202508-6051,8.0,1.92,Polpa congelada_Agosto_148
1658.85,243.92,POLPA-202508-6176,7.0,1.81,Polpa congelada_Agosto_149
648.31,118.83,POLPA-202508-7043,9.0,2.39,Polpa congelada_Agosto_150
367.98,222.25,POLPA-202508-8932,10.0,0.3,Polpa congelada_Agosto_151
610.37,314.81,POLPA-202508-9390,8.0,2.49,Polpa congelada_Agosto_152
286.08,138.04,POLPA-202508-7760,7.0,0.3,Polpa congelada_Agosto_153
196.25,49.66,POLPA-202508-2844,9.0,0.74,Polpa congelada_Agosto_154
561.53,162.75,POLPA-202508-9423,9.0,2.07,Polpa congelada_Agosto_155
2090.39,498.98,POLPA-202508-8479,10.0,1.16,Polpa congelada_Agosto_156
799.18,532.38,POLPA-202508-1879,10.0,2.42,Polpa congelada_Agosto_157
675.04,91.66,POLPA-202508-8503,9.0,0.38,Polpa congelada_Agosto_158
433.88,54.24,POLPA-202508-5730,10.0,1.33,Polpa congelada_Agosto_159
435.47,19.81,POLPA-202508-9418,6.0,2.73,Polpa congelada_Agosto_160
112.72,29.98,POLPA-202508-8955,8.0,2.94,Polpa congelada_Agosto_161
324.69,21.58,POLPA-202508-1539,7.0,2.83,Polpa congelada_Agosto_162
334.37,65.99,POLPA-202508-1306,8.0,2.22,Polpa congelada_Agosto_163
193.64,184.0,POLPA-202508-9980,10.0,1.95,Polpa congelada_Agosto_164
578.7460611353711,24.33,POLPA-202508-6604,9.0,2.5,Polpa congelada_Agosto_165
946.54,582.94,POLPA-202508-5494,8.0,1.35,Polpa congelada_Agosto_166
462.36,201.7,POLPA-202508-3598,8.0,0.73,Polpa congelada_Agosto_167
731.43,89.27,POLPA-202508-4470,8.0,0.95,Polpa congelada_Agosto_168
135.24,5.07,POLPA-202508-6908,9.0,1.48,Polpa congelada_Agosto_169
412.77,203.51,POLPA-202508-5648,8.0,1.63,Polpa congelada_Agosto_170
555.46,66.13,POLPA-202508-7213,7.0,0.94,Polpa congelada_Agosto_171
967.73,228.52,POLPA-202508-2739,6.0,3.02,Polpa congelada_Agosto_172
252.0,207.54,POLPA-202508-5621,9.0,1.92,Polpa congelada_Agosto_173
615.41,272.84,POLPA-202508-5053,10.0,1.95,Polpa congelada_Agosto_174
800.21,238.97,POLPA-202508-2610,9.0,1.79,Polpa congelada_Agosto_175
317.24,86.78,POLPA-202508-3247,9.0,1.3,Polpa congelada_Agosto_176
367.19,180.27,POLPA-202508-7288,8.0,1.29,Polpa congelada_Agosto_177
669.88,222.3,POLPA-202508-5262,10.0,1.47,Polpa congelada_Agosto_178
2805.56,20.09,POLPA-202508-3995,8.0,2.94,Polpa congelada_Agosto_179
729.58,308.28,POLPA-202508-9399,10.0,2.69,Polpa congelada_Agosto_180
706.96,341.6,POLPA-202508-1894,8.0,2.21,Polpa congelada_Agosto_181
176.17,46.95,POLPA-202508-6255,8.0,0.65,Polpa congelada_Agosto_182
415.75,469.36,POLPA-202508-3895,8.0,2.22,Polpa congelada_Agosto_183
1299.28,444.53,POLPA-202508-1522,9.0,2.05,Polpa congelada_Agosto_184
915.03,525.13,POLPA-202508-9630,10.0,2.63,Polpa congelada_Agosto_185
839.21,316.21,POLPA-202508-2752,8.0,1.42,Polpa congelada_Agosto_186
988.76,362.65,POLPA-202508-3135,10.0,1.71,Polpa congelada_Agosto_187
707.1,64.75,POLPA-202508-8173,8.387342513917375,0.88,Polpa congelada_Agosto_188
510.93,246.93,POLPA-202508-8976,10.0,1.93,Polpa congelada_Agosto_189
357.22,32.4,POLPA-202508-7453,7.0,0.48,Polpa congelada_Agosto_190
291.53,216.42,POLPA-202508-3303,8.0,1.95,Polpa congelada_Agosto_191
816.29,804.5,POLPA-202508-6727,9.0,1.93,Polpa congelada_Agosto_192
2356.97,469.6,POLPA-202508-4805,8.0,1.28,Polpa congelada_Agosto_193
609.06,168.14,POLPA-202508-6906,9.0,3.47,Polpa congelada_Agosto_194
159.79,64.6,POLPA-202508-7670,10.0,2.02,Polpa congelada_Agosto_195
850.98,101.2,POLPA-202508-5667,10.0,1.74,Polpa congelada_Agosto_196
401.28,81.08,POLPA-202508-2387,7.0,2.53,Polpa congelada_Agosto_197
550.48,11.62,POLPA-202508-2906,7.0,0.73,Polpa congelada_Agosto_198
620.6,29.63,POLPA-202508-1897,10.0,3.12,Polpa congelada_Agosto_199
100.3,29.12,POLPA-202508-7705,9.0,1.46,Polpa congelada_Agosto_200
286.47,137.38,POLPA-202508-2620,9.0,1.09,Polpa congelada_Agosto_201
276.61,292.81,POLPA-202508-7912,10.0,1.22,Polpa congelada_Agosto_202
1472.04,274.09,POLPA-202508-5456,9.0,1.7,Polpa congelada_Agosto_203
1095.16,106.43,POLPA-202508-7634,7.0,1.57,Polpa congelada_Agosto_204
616.94,296.09,POLPA-202508-6153,8.0,1.61,Polpa congelada_Agosto_205
348.31,456.53,POLPA-202508-7245,8.0,1.38,Polpa congelada_Agosto_206
471.26,153.46,POLPA-202508-8966,9.0,0.86,Polpa congelada_Agosto_207
369.51,46.24,POLPA-202508-3580,9.0,2.56,Polpa congelada_Agosto_208
403.92,87.32,POLPA-202508-6792,10.0,1.83,Polpa congelada_Agosto_209
905.84,516.38,POLPA-202508-7975,8.0,1.64,Polpa congelada_Agosto_210
695.29,580.9,POLPA-202508-8171,7.0,2.0,Polpa congelada_Agosto_211
1055.9,34.13,POLPA-202508-6061,9.0,2.81,Polpa congelada_Agosto_212
937.64,183.74,POLPA-202508-6391,10.0,1.35,Polpa congelada_Agosto_213
1649.05,87.21,POLPA-202508-5912,8.0,0.3,Polpa congelada_Agosto_214
578.7460611353711,166.59,POLPA-202508-3810,7.0,1.3,Polpa congelada_Agosto_215
645.25,299.11,POLPA-202508-2914,9.0,1.27,Polpa congelada_Agosto_216
447.77,3.65,POLPA-202508-6225,8.0,2.17,Polpa congelada_Agosto_217
820.32,114.14,POLPA-202508-4952,10.0,2.06,Polpa congelada_Agosto_218
560.83,145.93,POLPA-202508-1948,9.0,0.83,Polpa congelada_Agosto_219
770.58,75.42,POLPA-202508-5642,9.0,2.02,Polpa congelada_Agosto_220
611.64,146.92,POLPA-202508-8171,8.0,2.72,Polpa congelada_Agosto_221
879.41,499.48,POLPA-202508-1308,7.0,2.39,Polpa congelada_Agosto_222
998.17,190.06,POLPA-202508-2042,8.0,2.01,Polpa congelada_Agosto_223
302.11,17.32,POLPA-202508-7392,9.0,2.78,Polpa congelada_Agosto_224
701.67,579.4,POLPA-202508-9004,7.0,1.64,Polpa congelada_Agosto_225
1294.6,815.88,POLPA-202508-9591,7.0,0.4,Polpa congelada_Agosto_226
925.96,141.27,POLPA-202508-9271,8.0,1.44,Polpa congelada_Agosto_227
587.44,266.02,POLPA-202508-1601,8.387342513917375,0.9,Polpa congelada_Agosto_228
446.64,137.7,POLPA-202508-1914,10.0,4.03,Polpa congelada_Agosto_229
118.39,74.32,POLPA-202508-1911,9.0,1.73,Polpa congelada_Agosto_230
578.7460611353711,512.79,POLPA-202508-7898,8.0,1.67,Polpa congelada_Agosto_231
644.74,81.35,POLPA-202508-7826,9.0,1.63,Polpa congelada_Agosto_232
762.89,236.47,POLPA-202508-1703,8.0,2.05,Polpa congelada_Agosto_233
1644.53,415.48,POLPA-202508-1361,7.0,2.8,Polpa congelada_Agosto_234
209.25,5.86,POLPA-202508-5893,8.0,1.3,Polpa congelada_Agosto_235
127.93,46.73,POLPA-202508-1792,9.0,1.23,Polpa congelada_Agosto_236
603.35,245.56,POLPA-202508-4071,8.0,1.41,Polpa congelada_Agosto_237
648.1,315.15,POLPA-202508-5091,7.0,1.11,Polpa congelada_Agosto_238
321.98,158.54,POLPA-202508-8575,8.387342513917375,0.92,Polpa congelada_Agosto_239
847.43,548.76,POLPA-202508-3040,10.0,1.51,Polpa congelada_Agosto_240
235.7,99.61,POLPA-202508-9371,10.0,0.55,Polpa congelada_Agosto_241
2560.76,645.21,POLPA-202508-6123,7.0,1.89,Polpa congelada_Agosto_242
382.79,174.91,POLPA-202508-6407,10.0,2.46,Polpa congelada_Agosto_243
1084.18,337.29,POLPA-202508-7722,7.0,2.8,Polpa congelada_Agosto_244
639.34,464.64,POLPA-202508-5672,8.0,2.59,Polpa congelada_Agosto_245
741.91,65.57,POLPA-202508-4330,9.0,2.08,Polpa congelada_Agosto_246
334.41,48.06,POLPA-202508-7701,9.0,2.07,Polpa congelada_Agosto_247
395.74,30.17,POLPA-202508-5549,9.0,2.15,Polpa congelada_Agosto_248
542.83,137.88,POLPA-202508-8335,6.0,1.2,Polpa congelada_Agosto_249
776.98,0.2,POLPA-202508-9586,8.0,1.49,Polpa congelada_Agosto_250
99.74,14.95,POLPA-202508-3730,8.0,0.77,Polpa congelada_Agosto_251
114.79,51.76,POLPA-202508-2672,7.0,2.71,Polpa congelada_Agosto_252
540.3,119.58,POLPA-202508-5667,10.0,0.37,Polpa congelada_Agosto_253
899.73,540.08,POLPA-202508-5301,9.0,1.54,Polpa congelada_Agosto_254
123.86,22.38,POLPA-202508-5721,9.0,1.52,Polpa congelada_Agosto_255
567.55,249.82,POLPA-202508-2148,9.0,1.13,Polpa congelada_Agosto_256
254.64,56.8,POLPA-202508-6657,7.0,1.33,Polpa congelada_Agosto_257
351.65,19.09,POLPA-202508-7801,9.0,2.47,Polpa congelada_Agosto_258
726.17,196.34738686131388,POLPA-202508-1382,7.0,0.59,Polpa congelada_Agosto_259
1172.78,196.34738686131388,POLPA-202508-3934,8.0,0.68,Polpa congelada_Agosto_260
323.29,35.8,POLPA-202508-8982,9.0,0.6,Polpa congelada_Agosto_261
187.75,41.54,POLPA-202508-1164,8.0,2.58,Polpa congelada_Agosto_262
332.88,24.85,POLPA-202508-1177,9.0,3.3,Polpa congelada_Agosto_263
898.48,353.07,POLPA-202508-6314,8.0,1.64,Polpa congelada_Agosto_264
1168.69,815.95,POLPA-202508-9931,8.0,1.68,Polpa congelada_Agosto_265
147.66,76.22,POLPA-202508-3793,8.0,2.5,Polpa congelada_Agosto_266
603.76,743.66,POLPA-202508-2413,8.0,0.44,Polpa congelada_Agosto_267
573.39,26.84,POLPA-202508-1900,9.0,2.2,Polpa congelada_Agosto_268
166.04,155.64,POLPA-202508-6738,8.0,2.23,Polpa congelada_Agosto_269
54.81,18.47,POLPA-202508-8155,7.0,1.89,Polpa congelada_Agosto_270
322.04,5.5,POLPA-202508-3401,8.0,3.13,Polpa congelada_Agosto_271
69.26,66.81,POLPA-202508-6296,6.0,2.88,Polpa congelada_Agosto_272
636.71,199.68,POLPA-202508-7014,8.0,2.12,Polpa congelada_Agosto_273
327.62,252.18,POLPA-202508-4344,8.0,1.08,Polpa congelada_Agosto_274
403.48,459.2,POLPA-202508-2889,9.0,2.73,Polpa congelada_Agosto_275
1173.11,695.24,POLPA-202508-4250,7.0,1.66,Polpa congelada_Agosto_276
174.22,0.25,POLPA-202508-9401,10.0,1.34,Polpa congelada_Agosto_277
597.91,21.29,POLPA-202508-1216,8.0,1.88,Polpa congelada_Agosto_278
1376.47,576.07,POLPA-202508-2109,9.0,2.56,Polpa congelada_Agosto_279
560.15,225.33,POLPA-202508-2768,9.0,4.39,Polpa congelada_Agosto_280
360.24,104.12,POLPA-202508-5540,10.0,1.47,Polpa congelada_Agosto_281
730.59,206.9,POLPA-202508-2476,9.0,3.25,Polpa congelada_Agosto_282
455.64,166.76,POLPA-202508-9208,8.0,1.18,Polpa congelada_Agosto_283
150.04,7.91,POLPA-202508-8910,7.0,1.03,Polpa congelada_Agosto_284
527.11,498.01,POLPA-202508-1959,10.0,2.48,Polpa congelada_Agosto_285
539.61,335.0,POLPA-202508-8178,9.0,2.32,Polpa congelada_Agosto_286
991.27,4.16,POLPA-202508-9760,9.0,1.77,Polpa congelada_Agosto_287
761.75,397.81,POLPA-202508-5914,8.0,1.11,Polpa congelada_Agosto_288
416.62,35.09,POLPA-202508-4608,9.0,2.31,Polpa congelada_Agosto_289
1487.63,335.49,POLPA-202508-7745,8.0,1.51,Polpa congelada_Agosto_290
578.7460611353711,372.93,POLPA-202508-5866,9.0,2.05,Polpa congelada_Agosto_291
437.76,431.39,POLPA-202508-5490,8.0,1.43,Polpa congelada_Agosto_292
366.91,174.73,POLPA-202508-7454,8.0,1.09,Polpa congelada_Agosto_293
592.3,145.32,POLPA-202508-4606,7.0,1.76,Polpa congelada_Agosto_294
332.55,216.62,POLPA-202508-7085,9.0,1.97,Polpa congelada_Agosto_295
61.04,56.26,POLPA-202508-2410,7.0,2.22,Polpa congelada_Agosto_296
618.09,660.16,POLPA-202508-2763,10.0,1.34,Polpa congelada_Agosto_297
299.63,94.53,POLPA-202508-4197,9.0,0.37,Polpa congelada_Agosto_298
1174.75,34.59,POLPA-202508-3798,9.0,2.13,Polpa congelada_Agosto_299
363.8,57.15,POLPA-202508-6725,10.0,0.3,Polpa congelada_Agosto_300
527.27,417.27,POLPA-202508-2524,8.0,1.96,Polpa congelada_Agosto_301
1000.69,512.09,POLPA-202508-1300,9.0,0.8,Polpa congelada_Agosto_302
255.99,146.17,POLPA-202508-9522,7.0,1.52,Polpa congelada_Agosto_303
486.75,53.9,POLPA-202508-2042,9.0,1.23,Polpa congelada_Agosto_304
242.3,3.28,POLPA-202508-6873,10.0,2.7,Polpa congelada_Agosto_305
1661.29,3.31,POLPA-202508-4130,6.0,2.75,Polpa congelada_Agosto_306
462.08,332.25,POLPA-202508-1868,8.0,0.64,Polpa congelada_Agosto_307
686.02,136.1,POLPA-202508-4934,7.0,2.9,Polpa congelada_Agosto_308
1865.82,571.55,POLPA-202508-8714,8.387342513917375,1.8,Polpa congelada_Agosto_309
956.85,438.1,POLPA-202508-5848,8.0,3.76,Polpa congelada_Agosto_310
431.27,444.11,POLPA-202508-2352,7.0,2.31,Polpa congelada_Agosto_311
1944.7,476.56,POLPA-202508-5010,6.0,0.38,Polpa congelada_Agosto_312
624.56,44.04,POLPA-202508-1302,8.0,1.27,Polpa congelada_Agosto_313
250.93,45.92,POLPA-202508-9834,7.0,2.94,Polpa congelada_Agosto_314
1294.92,770.43,POLPA-202508-9128,8.0,0.72,Polpa congelada_Agosto_315
690.13,225.93,POLPA-202508-7556,8.0,1.79,Polpa congelada_Agosto_316
567.29,196.34738686131388,POLPA-202508-8312,8.0,1.1,Polpa congelada_Agosto_317
863.33,221.82,POLPA-202508-5620,8.0,1.22,Polpa congelada_Agosto_318
637.8,250.63,POLPA-202508-4311,8.0,2.01,Polpa congelada_Agosto_319
224.57,110.01,POLPA-202508-1342,9.0,3.18,Polpa congelada_Agosto_320
184.73,80.44,POLPA-202508-3782,8.0,1.87,Polpa congelada_Agosto_321
285.42,0.57,POLPA-202508-9236,9.0,1.93,Polpa congelada_Agosto_322
1024.56,438.37,POLPA-202508-2461,9.0,0.97,Polpa congelada_Agosto_323
640.62,585.6,POLPA-202508-7757,10.0,2.53,Polpa congelada_Agosto_324
578.86,324.99,POLPA-202508-6614,6.0,0.93,Polpa congelada_Agosto_325
1070.65,202.98,POLPA-202508-8878,9.0,3.3,Polpa congelada_Agosto_326
1452.8,451.15,POLPA-202508-4858,9.0,0.3,Polpa congelada_Agosto_327
758.62,87.37,POLPA-202508-4362,9.0,2.41,Polpa congelada_Agosto_328
278.92,87.85,POLPA-202508-2216,8.0,1.74,Polpa congelada_Agosto_329
562.67,295.52,POLPA-202508-9006,9.0,1.38,Polpa congelada_Agosto_330
673.32,381.59,POLPA-202508-8509,9.0,2.45,Polpa congelada_Agosto_331
377.94,1.04,POLPA-202508-9667,9.0,1.67,Polpa congelada_Agosto_332
411.34,19.59,POLPA-202508-8250,8.0,3.42,Polpa congelada_Agosto_333
585.78,449.33,POLPA-202508-5680,9.0,1.37,Polpa congelada_Agosto_334
531.77,457.79,POLPA-202508-7628,10.0,1.78,Polpa congelada_Agosto_335
655.77,652.14,POLPA-202508-2165,8.0,0.46,Polpa congelada_Agosto_336
331.98,72.22,POLPA-202508-4815,7.0,2.34,Polpa congelada_Agosto_337
749.1,350.78,POLPA-202508-5584,8.0,2.09,Polpa congelada_Agosto_338
552.73,245.0,POLPA-202508-1541,8.0,1.72,Polpa congelada_Agosto_339
654.87,261.48,POLPA-202508-8287,10.0,2.84,Polpa congelada_Agosto_340
890.93,443.6,POLPA-202508-7123,7.0,3.16,Polpa congelada_Agosto_341
683.6,196.73,POLPA-202508-9443,8.0,0.3,Polpa congelada_Agosto_342
578.7460611353711,381.32,POLPA-202508-8718,9.0,0.78,Polpa congelada_Agosto_343
467.25,69.83,POLPA-202508-2396,9.0,1.72,Polpa congelada_Agosto_344
507.37,544.51,POLPA-202508-8632,7.0,0.3,Polpa congelada_Agosto_345
829.49,336.47,POLPA-202508-8718,7.0,1.74,Polpa congelada_Agosto_346
866.82,286.1,POLPA-202508-4967,10.0,3.03,Polpa congelada_Agosto_347
391.15,148.3,POLPA-202508-4565,9.0,2.28,Polpa congelada_Agosto_348
588.27,221.88,POLPA-202508-4654,8.0,2.11,Polpa congelada_Agosto_349
215.33,31.9,POLPA-202508-2413,9.0,3.41,Polpa congelada_Agosto_350
553.57,100.0,POLPA-202508-3573,9.0,2.15,Polpa congelada_Agosto_351
297.92,75.59,POLPA-202508-3910,9.0,3.4,Polpa congelada_Agosto_352
2243.47,386.32,POLPA-202508-4224,9.0,3.22,Polpa congelada_Agosto_353
342.57,82.26,POLPA-202508-6940,7.0,1.6,Polpa congelada_Agosto_354
113.03,66.54,POLPA-202508-2873,9.0,1.47,Polpa congelada_Agosto_355
478.98,348.5,POLPA-202508-8494,10.0,3.35,Polpa congelada_Agosto_356
737.82,498.56,POLPA-202508-3326,10.0,3.17,Polpa congelada_Agosto_357
365.35,55.15,POLPA-202508-6224,9.0,2.04,Polpa congelada_Agosto_358
1847.97,522.07,POLPA-202508-6540,9.0,2.3,Polpa congelada_Agosto_359
446.39,465.27,POLPA-202508-8816,10.0,1.75,Polpa congelada_Agosto_360
510.49,415.87,POLPA-202508-8877,9.0,2.18,Polpa congelada_Agosto_361
842.57,347.39,POLPA-202508-9859,10.0,0.93,Polpa congelada_Agosto_362
1051.69,186.1,POLPA-202508-1917,9.0,1.02,Polpa congelada_Agosto_363
383.29,7.87,POLPA-202508-8846,8.0,1.61,Polpa congelada_Agosto_364
1285.11,406.01,POLPA-202508-9480,9.0,1.01,Polpa congelada_Agosto_365
488.21,64.84,POLPA-202508-7051,7.0,2.32,Polpa congelada_Agosto_366
910.63,372.82,POLPA-202508-8357,8.0,2.07,Polpa congelada_Agosto_367
1052.54,431.81,POLPA-202508-9765,9.0,2.17,Polpa congelada_Agosto_368
516.84,102.82,POLPA-202508-2966,7.0,1.31,Polpa congelada_Agosto_369
1139.53,375.45,POLPA-202508-7246,8.0,1.46,Polpa congelada_Agosto_370
1701.6,54.62,POLPA-202508-8163,7.0,0.3,Polpa congelada_Agosto_371
420.17,35.59,POLPA-202508-5899,8.0,0.88,Polpa congelada_Agosto_372
766.8,361.98,POLPA-202508-6580,8.0,1.81,Polpa congelada_Agosto_373
300.83,143.22,POLPA-202508-2567,7.0,2.08,Polpa congelada_Agosto_374
441.77,89.14,POLPA-202508-2418,9.0,0.85,Polpa congelada_Agosto_375
1252.14,20.05,POLPA-202508-4886,9.0,1.68,Polpa congelada_Agosto_376
1019.95,740.99,POLPA-202508-4338,8.0,1.09,Polpa congelada_Agosto_377
1402.04,436.68,POLPA-202508-8314,8.0,3.1,Polpa congelada_Agosto_378
506.64,24.85,POLPA-202508-2591,8.387342513917375,0.51,Polpa congelada_Agosto_379
1486.75,551.38,POLPA-202508-5452,9.0,2.67,Polpa congelada_Agosto_380
570.97,238.02,POLPA-202508-4995,10.0,1.33,Polpa congelada_Agosto_381
889.19,235.92,POLPA-202508-8356,9.0,1.26,Polpa congelada_Agosto_382
324.64,76.33,POLPA-202508-3919,8.0,3.96,Polpa congelada_Agosto_383
441.97,21.43,POLPA-202508-7317,9.0,0.93,Polpa congelada_Agosto_384
746.47,37.67,POLPA-202508-3573,8.0,0.3,Polpa congelada_Agosto_385
140.86,17.1,POLPA-202508-4338,8.387342513917375,2.76,Polpa congelada_Agosto_386
430.07,10.53,POLPA-202508-8463,8.0,2.98,Polpa congelada_Agosto_387
690.6,146.77,POLPA-202508-3532,9.0,2.34,Polpa congelada_Agosto_388
348.28,164.02,POLPA-202508-5535,6.0,2.64,Polpa congelada_Agosto_389
1908.48,35.3,POLPA-202508-7138,8.0,3.64,Polpa congelada_Agosto_390
171.08,21.18,POLPA-202508-5093,8.0,0.61,Polpa congelada_Agosto_391
220.93,96.74,POLPA-202508-6726,8.0,1.29,Polpa congelada_Agosto_392
276.49,222.48,POLPA-202508-5540,7.0,1.15,Polpa congelada_Agosto_393
219.96,52.87,POLPA-202508-7216,9.0,1.7,Polpa congelada_Agosto_394
431.25,311.71,POLPA-202508-5518,10.0,4.42,Polpa congelada_Agosto_395
132.23,144.94,POLPA-202508-5074,8.0,1.82,Polpa congelada_Agosto_396
600.11,225.18,POLPA-202508-2949,9.0,2.09,Polpa congelada_Agosto_397
578.7460611353711,297.56,POLPA-202508-1931,7.0,3.14,Polpa congelada_Agosto_398
224.34,14.62,POLPA-202508-5797,8.0,2.67,Polpa congelada_Agosto_399
2109.14,882.44,POLPA-202508-9101,8.0,1.79,Polpa congelada_Agosto_400
179.48,118.46,POLPA-202508-1482,7.0,1.34,Polpa congelada_Agosto_401
489.65,202.43,POLPA-202508-2322,8.0,2.09,Polpa congelada_Agosto_402
610.62,27.76,POLPA-202508-8051,9.0,2.29,Polpa congelada_Agosto_403
101.1,34.55,POLPA-202508-9308,9.0,3.59,Polpa congelada_Agosto_404
253.18,110.32,POLPA-202508-3123,9.0,2.44,Polpa congelada_Agosto_405
276.21,79.28,POLPA-202508-6420,9.0,3.63,Polpa congelada_Agosto_406
370.08,58.24,POLPA-202508-9339,8.0,1.8,Polpa congelada_Agosto_407
743.33,165.6,POLPA-202508-1361,7.0,1.09,Polpa congelada_Agosto_408
688.02,130.64,POLPA-202508-3699,7.0,1.25,Polpa congelada_Agosto_409
377.25,209.6,POLPA-202508-9242,8.0,1.63,Polpa congelada_Agosto_410
969.87,101.6,POLPA-202508-8039,9.0,0.3,Polpa congelada_Agosto_411
595.61,105.74,POLPA-202508-2522,10.0,2.44,Polpa congelada_Agosto_412
578.7460611353711,182.41,POLPA-202508-9877,7.0,0.47,Polpa congelada_Agosto_413
146.56,75.52,POLPA-202508-9292,7.0,1.08,Polpa congelada_Agosto_414
859.3,196.34738686131388,POLPA-202508-9792,9.0,2.34,Polpa congelada_Agosto_415
171.84,166.36,POLPA-202508-5403,8.0,2.25,Polpa congelada_Agosto_416
288.36,208.17,POLPA-202508-9309,7.0,0.75,Polpa congelada_Agosto_417
319.49,126.15,POLPA-202508-5666,9.0,1.53,Polpa congelada_Agosto_418
457.42,87.13,POLPA-202508-7300,10.0,2.57,Polpa congelada_Agosto_419
462.16,107.35,POLPA-202508-3794,8.0,0.3,Polpa congelada_Agosto_420
185.85,83.35,POLPA-202508-4362,8.0,2.69,Polpa congelada_Agosto_421
524.44,120.99,POLPA-202508-8881,7.0,2.58,Polpa congelada_Agosto_422
1751.4,421.55,POLPA-202508-8199,9.0,1.39,Polpa congelada_Agosto_423
619.27,186.98,POLPA-202508-1943,9.0,1.45,Polpa congelada_Agosto_424
284.5,156.88,POLPA-202508-6664,8.0,1.35,Polpa congelada_Agosto_425
731.78,146.15,POLPA-202508-4261,8.0,2.71,Polpa congelada_Agosto_426
477.25,241.03,POLPA-202508-4791,8.0,1.84,Polpa congelada_Agosto_427
250.82,145.34,POLPA-202508-4371,7.0,1.86,Polpa congelada_Agosto_428
887.78,473.76,POLPA-202508-8824,8.0,3.33,Polpa congelada_Agosto_429
277.09,384.65,POLPA-202508-7329,9.0,1.86,Polpa congelada_Agosto_430
345.72,162.75,POLPA-202508-7872,7.0,1.52,Polpa congelada_Agosto_431
172.85,159.59,POLPA-202508-6941,9.0,2.5,Polpa congelada_Agosto_432
389.65,219.91,POLPA-202508-7281,9.0,0.99,Polpa congelada_Agosto_433
243.54,37.29,POLPA-202508-5282,6.0,1.99,Polpa congelada_Agosto_434
335.42,246.83,POLPA-202508-7891,9.0,2.62,Polpa congelada_Agosto_435
556.7,272.04,POLPA-202508-2954,7.0,2.29,Polpa congelada_Agosto_436
1654.32,171.39,POLPA-202508-9015,9.0,1.74,Polpa congelada_Agosto_437
732.56,164.39,POLPA-202508-5560,8.0,2.74,Polpa congelada_Agosto_438
470.17,219.8,POLPA-202508-7396,9.0,2.43,Polpa congelada_Agosto_439
668.54,375.43,POLPA-202508-9054,7.0,1.94,Polpa congelada_Agosto_440
737.13,30.04,POLPA-202508-2290,8.387342513917375,1.28,Polpa congelada_Agosto_441
489.69,49.14,POLPA-202508-6912,8.0,0.89,Polpa congelada_Agosto_442
149.46,22.66,POLPA-202508-1511,9.0,2.38,Polpa congelada_Agosto_443
113.19,196.34738686131388,POLPA-202508-6211,9.0,0.3,Polpa congelada_Agosto_444
290.72,146.89,POLPA-202508-6356,7.0,2.44,Polpa congelada_Agosto_445
420.37,508.36,POLPA-202508-3743,9.0,2.48,Polpa congelada_Agosto_446
346.14,202.98,POLPA-202508-8349,8.0,1.16,Polpa congelada_Agosto_447
336.02,182.91,POLPA-202508-5920,7.0,0.98,Polpa congelada_Agosto_448
519.97,285.19,POLPA-202508-6087,9.0,2.33,Polpa congelada_Agosto_449
639.22,196.34738686131388,POLPA-202508-2669,10.0,1.83,Polpa congelada_Agosto_450
169.37,18.54,POLPA-202508-1771,10.0,1.73,Polpa congelada_Agosto_451
189.64,76.86,POLPA-202508-8476,8.0,1.93,Polpa congelada_Agosto_452
1019.5,483.83,POLPA-202508-4866,8.0,2.25,Polpa congelada_Agosto_453
339.81,289.29,POLPA-202508-7723,8.0,2.73,Polpa congelada_Agosto_454
500.98,103.17,POLPA-202508-5528,8.387342513917375,2.31,Polpa congelada_Agosto_455
678.24,37.71,POLPA-202508-6325,7.0,1.23,Polpa congelada_Agosto_456
297.76,151.94,POLPA-202508-2422,7.0,3.15,Polpa congelada_Agosto_457
191.09,66.37,POLPA-202508-1939,9.0,1.46,Polpa congelada_Agosto_458
1246.7,30.0,POLPA-202508-5319,8.0,3.13,Polpa congelada_Agosto_459
108.62,196.34738686131388,POLPA-202508-5223,7.0,0.97,Polpa congelada_Agosto_460
188.9,100.91,POLPA-202508-2172,8.0,1.83,Polpa congelada_Agosto_461
1189.5,463.08,POLPA-202508-3556,9.0,1.54,Polpa congelada_Agosto_462
920.9,505.74,POLPA-202508-3413,7.0,1.74,Polpa congelada_Agosto_463
953.04,155.49,POLPA-202508-1470,7.0,2.26,Polpa congelada_Agosto_464
887.18,404.78,POLPA-202508-7449,7.0,1.58,Polpa congelada_Agosto_465
505.0,349.42,POLPA-202508-8784,7.0,1.91,Polpa congelada_Agosto_466
89.55,26.88,POLPA-202508-5924,7.0,0.67,Polpa congelada_Agosto_467
453.16,34.82,POLPA-202508-5305,9.0,1.89,Polpa congelada_Agosto_468
896.85,3.03,POLPA-202508-4594,8.0,2.8,Polpa congelada_Agosto_469
1151.98,297.58,POLPA-202508-7973,8.0,1.38,Polpa congelada_Agosto_470
944.18,234.55,POLPA-202508-1011,7.0,2.78,Polpa congelada_Agosto_471
434.31,262.77,POLPA-202508-8256,7.0,1.49,Polpa congelada_Agosto_472
98.25,93.97,POLPA-202508-2424,9.0,1.77,Polpa congelada_Agosto_473
913.6,809.48,POLPA-202508-2050,9.0,2.31,Polpa congelada_Agosto_474
677.82,166.93,POLPA-202508-8718,8.0,2.32,Polpa congelada_Agosto_475
1425.73,447.01,POLPA-202508-4624,7.0,1.6,Polpa congelada_Agosto_476
816.68,200.55,POLPA-202508-7918,9.0,1.91,Polpa congelada_Agosto_477
585.88,22.7,POLPA-202508-6583,9.0,3.04,Polpa congelada_Agosto_478
261.93,41.09,POLPA-202508-7152,8.0,1.32,Polpa congelada_Agosto_479
563.72,341.83,POLPA-202508-3987,8.387342513917375,2.47,Polpa congelada_Agosto_480
673.95,196.34738686131388,POLPA-202508-4991,8.0,1.14,Polpa congelada_Agosto_481
249.68,136.56,POLPA-202508-7775,9.0,2.38,Polpa congelada_Agosto_482
855.08,281.19,POLPA-202508-6526,8.0,3.17,Polpa congelada_Agosto_483
222.09,28.73,POLPA-202508-2775,6.0,1.83,Polpa congelada_Agosto_484
728.47,163.1,POLPA-202508-1280,9.0,2.41,Polpa congelada_Agosto_485
1008.25,317.59,POLPA-202508-7667,9.0,3.59,Polpa congelada_Agosto_486
2688.38,406.78,POLPA-202508-2655,8.0,0.3,Polpa congelada_Agosto_487
193.55,10.64,POLPA-202508-3277,6.0,0.51,Polpa congelada_Agosto_488
350.93,291.95,POLPA-202508-6162,8.0,1.73,Polpa congelada_Agosto_489
642.73,319.47,POLPA-202508-8336,8.0,0.57,Polpa congelada_Agosto_490
578.7460611353711,922.45,POLPA-202508-5900,8.0,1.39,Polpa congelada_Agosto_491
203.47,86.62,POLPA-202508-2156,9.0,3.0,Polpa congelada_Agosto_492
210.57,47.56,POLPA-202508-2774,9.0,2.5,Polpa congelada_Agosto_493
206.56,147.83,POLPA-202508-4154,9.0,0.42,Polpa congelada_Agosto_494
698.27,134.24,POLPA-202508-8907,10.0,2.19,Polpa congelada_Agosto_495
512.74,416.29,POLPA-202508-6822,7.0,2.68,Polpa congelada_Agosto_496
500.26,420.78,POLPA-202508-2917,9.0,2.19,Polpa congelada_Agosto_497
1323.37,384.75,POLPA-202508-3122,9.0,1.59,Polpa congelada_Agosto_498
1299.23,82.48,POLPA-202508-4259,7.0,2.84,Polpa congelada_Agosto_499
447.06,154.03,POLPA-202508-9311,9.0,3.44,Polpa congelada_Agosto_500
744.63,130.2,POLPA-202508-8262,8.0,0.57,Polpa congelada_Agosto_501
1459.12,115.32,POLPA-202508-4003,7.0,2.96,Polpa congelada_Agosto_502
249.29,82.98,POLPA-202508-6508,9.0,0.3,Polpa congelada_Agosto_503
768.16,578.43,POLPA-202508-5170,8.0,0.81,Polpa congelada_Agosto_504
539.59,135.08,POLPA-202508-8555,8.0,1.48,Polpa congelada_Agosto_505
1364.8,226.25,POLPA-202508-4236,7.0,1.23,Polpa congelada_Agosto_506
488.26,145.53,POLPA-202508-9334,9.0,0.91,Polpa congelada_Agosto_507
482.29,19.25,POLPA-202508-8879,8.0,3.12,Polpa congelada_Agosto_508
339.8,25.01,POLPA-202508-6932,7.0,1.36,Polpa congelada_Agosto_509
720.7,424.23,POLPA-202508-6734,9.0,2.51,Polpa congelada_Agosto_510
107.95,44.47,POLPA-202508-2803,10.0,2.06,Polpa congelada_Agosto_511
578.7460611353711,419.57,POLPA-202508-1256,9.0,1.38,Polpa congelada_Agosto_512
479.45,186.27,POLPA-202508-5707,7.0,0.54,Polpa congelada_Agosto_513
979.4,369.28,POLPA-202508-1099,8.0,1.53,Polpa congelada_Agosto_514
578.92,363.1,POLPA-202508-5181,8.0,2.69,Polpa congelada_Agosto_515
381.83,258.49,POLPA-202508-5170,8.0,1.77,Polpa congelada_Agosto_516
184.12,139.83,POLPA-202508-9968,8.0,1.6,Polpa congelada_Agosto_517
124.04,40.56,POLPA-202508-2073,10.0,1.88,Polpa congelada_Agosto_518
696.36,100.24,POLPA-202508-7870,8.0,2.28,Polpa congelada_Agosto_519
924.38,123.47,POLPA-202508-6413,10.0,2.47,Polpa congelada_Agosto_520
578.7460611353711,78.16,POLPA-202508-4713,8.0,3.23,Polpa congelada_Agosto_521
970.82,352.75,POLPA-202508-8168,8.0,1.2,Polpa congelada_Agosto_522
841.46,114.51,POLPA-202508-5114,8.0,1.44,Polpa congelada_Agosto_523
359.89,144.49,POLPA-202508-7862,6.0,1.79,Polpa congelada_Agosto_524
836.17,469.88,POLPA-202508-2684,8.0,0.4,Polpa congelada_Agosto_525
1035.85,315.0,POLPA-202508-6349,10.0,2.78,Polpa congelada_Agosto_526
891.54,123.01,POLPA-202508-4904,6.0,1.77,Polpa congelada_Agosto_527
1169.04,488.55,POLPA-202508-2865,10.0,0.95,Polpa congelada_Agosto_528
339.36,115.88,POLPA-202508-5102,8.0,1.51,Polpa congelada_Agosto_529
1150.29,539.75,POLPA-202508-3728,9.0,1.85,Polpa congelada_Agosto_530
811.54,173.95,POLPA-202508-7914,9.0,2.32,Polpa congelada_Agosto_531
1139.3,51.71,POLPA-202508-3524,9.0,2.32,Polpa congelada_Agosto_532
336.62,22.92,POLPA-202508-8019,9.0,2.32,Polpa congelada_Agosto_533
905.89,89.65,POLPA-202508-5064,7.0,2.27,Polpa congelada_Agosto_534
644.92,162.49,POLPA-202508-4389,7.0,2.05,Polpa congelada_Agosto_535
647.2,23.09,POLPA-202508-9181,10.0,1.73,Polpa congelada_Agosto_536
353.6,31.78,POLPA-202508-3239,8.0,2.25,Polpa congelada_Agosto_537
544.55,156.75,POLPA-202508-1410,7.0,2.13,Polpa congelada_Agosto_538
802.67,181.51,POLPA-202508-1169,8.0,1.18,Polpa congelada_Agosto_539
501.18,456.58,POLPA-202508-7688,7.0,0.3,Polpa congelada_Agosto_540
292.37,30.73,POLPA-202508-3491,8.0,0.78,Polpa congelada_Agosto_541
1472.79,178.07,POLPA-202508-9497,8.0,2.53,Polpa congelada_Agosto_542
337.14,122.23,POLPA-202508-8831,8.0,3.62,Polpa congelada_Agosto_543
252.22,95.04,POLPA-202508-6329,9.0,4.23,Polpa congelada_Agosto_544
714.83,230.22,POLPA-202508-7448,8.0,2.44,Polpa congelada_Agosto_545
338.08,183.02,POLPA-202508-3422,7.0,2.83,Polpa congelada_Agosto_546
731.24,485.42,POLPA-202508-5305,8.0,1.99,Polpa congelada_Agosto_547
385.11,286.05,POLPA-202508-5726,9.0,3.84,Polpa congelada_Agosto_548
294.08,195.15,POLPA-202508-9611,10.0,2.17,Polpa congelada_Agosto_549
112.42,14.44,POLPA-202508-4124,9.0,1.16,Polpa congelada_Agosto_550
644.5,383.73,POLPA-202508-8424,7.0,2.01,Polpa congelada_Agosto_551
689.55,167.1,POLPA-202508-6021,8.0,2.57,Polpa congelada_Agosto_552
938.03,296.99,POLPA-202508-6031,9.0,1.0,Polpa congelada_Agosto_553
235.07,106.88,POLPA-202508-8821,9.0,1.71,Polpa congelada_Agosto_554
532.38,766.63,POLPA-202508-5456,9.0,0.3,Polpa congelada_Agosto_555
1383.51,562.22,POLPA-202508-4399,9.0,3.13,Polpa congelada_Agosto_556
1756.83,296.27,POLPA-202508-8200,8.0,2.36,Polpa congelada_Agosto_557
160.44,118.87,POLPA-202508-2049,10.0,2.91,Polpa congelada_Agosto_558
937.75,809.8,POLPA-202508-1287,9.0,2.53,Polpa congelada_Agosto_559
505.95,204.43,POLPA-202508-3135,9.0,1.93,Polpa congelada_Agosto_560
578.7460611353711,561.07,POLPA-202508-5329,10.0,0.79,Polpa congelada_Agosto_561
1364.7,501.4,POLPA-202508-7580,8.0,2.1,Polpa congelada_Agosto_562
197.67,24.86,POLPA-202508-2132,8.0,3.06,Polpa congelada_Agosto_563
124.31,39.78,POLPA-202508-9421,8.0,3.05,Polpa congelada_Agosto_564
421.49,39.62,POLPA-202508-5342,7.0,0.3,Polpa congelada_Agosto_565
521.74,106.02,POLPA-202508-1152,8.0,0.98,Polpa congelada_Agosto_566
144.81,93.21,POLPA-202508-8718,10.0,1.88,Polpa congelada_Agosto_567
1470.71,285.06,POLPA-202508-5697,9.0,2.72,Polpa congelada_Agosto_568
632.29,64.82,POLPA-202508-1848,9.0,0.67,Polpa congelada_Agosto_569
1287.24,352.36,POLPA-202508-9139,9.0,0.5,Polpa congelada_Agosto_570
898.84,64.3,POLPA-202508-5353,8.0,0.45,Polpa congelada_Agosto_571
236.83,228.06,POLPA-202508-5113,7.0,0.95,Polpa congelada_Agosto_572
2346.29,72.88,POLPA-202508-3014,9.0,1.98,Polpa congelada_Agosto_573
172.75,2.86,POLPA-202508-6786,10.0,0.67,Polpa congelada_Agosto_574
55.47,23.06,POLPA-202508-9134,8.0,1.95,Polpa congelada_Agosto_575
314.31,74.77,POLPA-202508-6120,8.0,3.7,Polpa congelada_Agosto_576
327.96,63.97,POLPA-202508-3137,6.0,2.58,Polpa congelada_Agosto_577
946.81,704.99,POLPA-202508-7575,8.0,1.09,Polpa congelada_Agosto_578
175.91,5.57,POLPA-202508-4815,8.0,0.55,Polpa congelada_Agosto_579
516.87,266.65,POLPA-202508-8010,8.0,1.37,Polpa congelada_Agosto_580
927.76,319.01,POLPA-202508-9985,8.0,2.88,Polpa congelada_Agosto_581
137.32,25.06,POLPA-202508-7513,8.0,1.03,Polpa congelada_Agosto_582
692.56,246.06,POLPA-202508-3715,10.0,2.67,Polpa congelada_Agosto_583
165.58,77.19,POLPA-202508-9751,8.0,3.3,Polpa congelada_Agosto_584
382.29,134.23,POLPA-202508-9739,9.0,0.3,Polpa congelada_Agosto_585
617.46,221.1,POLPA-202508-4773,9.0,1.35,Polpa congelada_Agosto_586
1088.55,264.82,POLPA-202508-9892,9.0,1.96,Polpa congelada_Agosto_587
891.29,133.17,POLPA-202508-6027,10.0,1.77,Polpa congelada_Agosto_588
496.72,232.34,POLPA-202508-7652,7.0,1.62,Polpa congelada_Agosto_589
405.76,73.23,POLPA-202508-1701,9.0,0.87,Polpa congelada_Agosto_590
250.24,243.38,POLPA-202508-9276,8.387342513917375,2.52,Polpa congelada_Agosto_591
687.03,130.09,POLPA-202508-2047,9.0,2.83,Polpa congelada_Agosto_592
508.35,86.34,POLPA-202508-1140,9.0,1.06,Polpa congelada_Agosto_593
553.25,263.61,POLPA-202508-7640,7.0,2.18,Polpa congelada_Agosto_594
306.66,174.73,POLPA-202508-9512,10.0,0.54,Polpa congelada_Agosto_595
239.77,137.92,POLPA-202508-8443,8.387342513917375,1.14,Polpa congelada_Agosto_596
236.26,98.44,POLPA-202508-9107,9.0,2.31,Polpa congelada_Agosto_597
335.94,85.19,POLPA-202508-6977,8.0,0.95,Polpa congelada_Agosto_598
596.96,228.03,POLPA-202508-5930,9.0,2.56,Polpa congelada_Agosto_599
600.52,397.91,POLPA-202508-9661,10.0,2.8,Polpa congelada_Agosto_600
299.44,153.82,POLPA-202508-4519,8.0,3.36,Polpa congelada_Agosto_601
598.95,145.8,POLPA-202508-6581,8.0,0.3,Polpa congelada_Agosto_602
826.88,551.92,POLPA-202508-8964,10.0,1.79,Polpa congelada_Agosto_603
333.12,82.54,POLPA-202508-1886,10.0,3.98,Polpa congelada_Agosto_604
221.92,206.31,POLPA-202508-3746,8.0,2.04,Polpa congelada_Agosto_605
839.02,186.75,POLPA-202508-3353,8.0,0.47,Polpa congelada_Agosto_606
159.35,64.82,POLPA-202508-5881,7.0,0.3,Polpa congelada_Agosto_607
681.0,22.6,POLPA-202508-1307,8.0,2.65,Polpa congelada_Agosto_608
583.92,313.4,POLPA-202508-6695,8.0,2.56,Polpa congelada_Agosto_609
384.01,21.49,POLPA-202508-7039,8.0,2.22,Polpa congelada_Agosto_610
137.81,82.93,POLPA-202508-8877,8.0,1.19,Polpa congelada_Agosto_611
436.7,163.0,POLPA-202508-9639,8.0,2.12,Polpa congelada_Agosto_612
1364.16,274.16,POLPA-202508-6568,9.0,0.9,Polpa congelada_Agosto_613
1374.47,156.93,POLPA-202508-9668,8.0,2.77,Polpa congelada_Agosto_614
760.31,519.2,POLPA-202508-5035,10.0,0.3,Polpa congelada_Agosto_615
80.0,57.8,POLPA-202508-2352,10.0,0.55,Polpa congelada_Agosto_616
483.71,108.01,POLPA-202508-5525,8.0,1.77,Polpa congelada_Agosto_617
1178.02,753.23,POLPA-202508-7841,8.0,1.72,Polpa congelada_Agosto_618
298.34,208.73,POLPA-202508-7826,7.0,2.53,Polpa congelada_Agosto_619
1103.02,226.47,POLPA-202508-5778,9.0,2.46,Polpa congelada_Agosto_620
1774.57,471.57,POLPA-202508-3234,10.0,0.92,Polpa congelada_Agosto_621
1691.17,967.95,POLPA-202508-3314,10.0,1.97,Polpa congelada_Agosto_622
84.46,70.83,POLPA-202508-7484,8.0,2.2,Polpa congelada_Agosto_623
694.16,156.72,POLPA-202508-5705,7.0,2.22,Polpa congelada_Agosto_624
1578.33,254.38,POLPA-202508-2907,10.0,1.44,Polpa congelada_Agosto_625
1713.95,675.9,POLPA-202508-9269,10.0,0.54,Polpa congelada_Agosto_626
124.49,48.6,POLPA-202508-4091,9.0,1.93,Polpa congelada_Agosto_627
211.32,44.2,POLPA-202508-6182,7.0,1.37,Polpa congelada_Agosto_628
1028.96,397.65,POLPA-202508-1440,8.0,1.32,Polpa congelada_Agosto_629
1510.54,1281.86,POLPA-202508-6057,9.0,2.9,Polpa congelada_Agosto_630
238.02,135.35,POLPA-202508-5029,8.0,1.28,Polpa congelada_Agosto_631
375.95,144.4,POLPA-202508-8519,9.0,0.52,Polpa congelada_Agosto_632
536.09,140.94,POLPA-202508-7559,8.0,2.25,Polpa congelada_Agosto_633
2196.39,827.65,POLPA-202508-3744,7.0,1.74,Polpa congelada_Agosto_634
479.02,148.39,POLPA-202508-6165,8.0,0.3,Polpa congelada_Agosto_635
1491.94,276.41,POLPA-202508-4346,9.0,2.77,Polpa congelada_Agosto_636
1329.05,4.79,POLPA-202508-7074,9.0,2.35,Polpa congelada_Agosto_637
98.2,7.0,POLPA-202508-8012,8.0,3.63,Polpa congelada_Agosto_638
809.85,401.22,POLPA-202508-3815,9.0,1.66,Polpa congelada_Agosto_639
489.94,160.91,POLPA-202508-7198,9.0,2.58,Polpa congelada_Agosto_640
425.07,89.43,POLPA-202508-6558,8.0,4.03,Polpa congelada_Agosto_641
630.02,422.63,POLPA-202508-1444,9.0,2.39,Polpa congelada_Agosto_642
109.35,41.99,POLPA-202508-9506,8.0,2.09,Polpa congelada_Agosto_643
362.24,223.06,POLPA-202508-9389,10.0,1.92,Polpa congelada_Agosto_644
1010.66,230.46,POLPA-202508-2471,9.0,2.82,Polpa congelada_Agosto_645
512.63,604.86,POLPA-202508-4624,8.0,0.41,Polpa congelada_Agosto_646
227.81,118.41,POLPA-202508-7001,8.0,0.45,Polpa congelada_Agosto_647
946.71,87.94,POLPA-202508-4102,8.0,2.55,Polpa congelada_Agosto_648
829.9,98.15,POLPA-202508-8479,9.0,2.05,Polpa congelada_Agosto_649
855.47,137.92,POLPA-202508-4647,7.0,2.24,Polpa congelada_Agosto_650
688.47,126.23,POLPA-202508-5144,8.0,0.48,Polpa congelada_Agosto_651
1014.18,196.34738686131388,POLPA-202508-6156,9.0,2.25,Polpa congelada_Agosto_652
315.03,140.28,POLPA-202508-1965,10.0,2.51,Polpa congelada_Agosto_653
862.85,266.43,POLPA-202508-4994,9.0,2.17,Polpa congelada_Agosto_654
611.3,416.52,POLPA-202508-5376,9.0,1.1,Polpa congelada_Agosto_655
756.88,355.77,POLPA-202508-4893,9.0,2.43,Polpa congelada_Agosto_656
1007.51,241.27,POLPA-202508-9214,10.0,0.87,Polpa congelada_Agosto_657
181.87,133.96,POLPA-202508-1117,8.0,2.15,Polpa congelada_Agosto_658
705.62,262.08,POLPA-202508-8974,7.0,2.6,Polpa congelada_Agosto_659
369.18,27.41,POLPA-202508-1699,9.0,1.45,Polpa congelada_Agosto_660
129.43,21.06,POLPA-202508-9458,10.0,1.72,Polpa congelada_Agosto_661
671.19,237.18,POLPA-202508-1604,8.0,0.43,Polpa congelada_Agosto_662
446.44,25.79,POLPA-202508-3553,9.0,1.57,Polpa congelada_Agosto_663
172.91,0.11,POLPA-202508-8175,8.0,1.96,Polpa congelada_Agosto_664
363.94,244.41,POLPA-202508-6251,7.0,2.95,Polpa congelada_Agosto_665
492.12,102.76,POLPA-202508-5039,8.0,1.91,Polpa congelada_Agosto_666
421.36,156.79,POLPA-202508-3147,9.0,1.56,Polpa congelada_Agosto_667
212.25,173.87,POLPA-202508-4653,9.0,1.99,Polpa congelada_Agosto_668
793.83,160.82,POLPA-202508-3708,10.0,0.4,Polpa congelada_Agosto_669
115.73,44.63,POLPA-202508-6115,9.0,0.4,Polpa congelada_Agosto_670
841.04,70.9,POLPA-202508-2055,10.0,2.04,Polpa congelada_Agosto_671
751.55,98.71,POLPA-202508-1021,9.0,1.34,Polpa congelada_Agosto_672
746.75,583.85,POLPA-202508-2982,8.0,1.74,Polpa congelada_Agosto_673
234.13,13.84,POLPA-202508-2184,9.0,2.66,Polpa congelada_Agosto_674
340.17,356.62,POLPA-202508-1492,8.0,2.08,Polpa congelada_Agosto_675
217.41,24.59,POLPA-202508-4441,7.0,3.49,Polpa congelada_Agosto_676
642.86,139.99,POLPA-202508-8054,9.0,1.77,Polpa congelada_Agosto_677
66.05,17.64,POLPA-202508-9857,8.0,1.14,Polpa congelada_Agosto_678
653.49,142.18,POLPA-202508-3002,9.0,2.57,Polpa congelada_Agosto_679
286.71,153.6,POLPA-202508-4809,9.0,2.4,Polpa congelada_Agosto_680
578.7460611353711,558.72,POLPA-202508-4548,8.0,0.63,Polpa congelada_Agosto_681
129.95,26.24,POLPA-202508-4983,8.0,0.39,Polpa congelada_Agosto_682
80.94,30.49,POLPA-202508-8784,9.0,0.84,Polpa congelada_Agosto_683
377.21,125.18,POLPA-202508-1318,10.0,1.83,Polpa congelada_Agosto_684
1140.73,101.98,POLPA-202508-3933,8.0,0.93,Polpa congelada_Agosto_685
893.09,80.1,POLPA-202508-3961,7.0,1.57,Polpa congelada_Agosto_686
1304.75,197.05,POLPA-202508-4521,7.0,2.64,Polpa congelada_Agosto_687
469.29,35.03,POLPA-202508-2296,9.0,1.48,Polpa congelada_Agosto_688
574.33,108.85,POLPA-202508-4146,9.0,2.19,Polpa congelada_Agosto_689
1547.38,57.11,POLPA-202508-2463,8.0,1.42,Polpa congelada_Agosto_690
96.14,27.64,POLPA-202508-4638,10.0,2.97,Polpa congelada_Agosto_691
471.24,208.16,POLPA-202508-2472,8.0,2.29,Polpa congelada_Agosto_692
1152.15,256.86,POLPA-202508-6992,9.0,1.67,Polpa congelada_Agosto_693
166.76,28.71,POLPA-202508-1427,9.0,0.3,Polpa congelada_Agosto_694
207.79,84.64,POLPA-202508-6991,8.0,1.56,Polpa congelada_Agosto_695
122.77,5.15,POLPA-202508-9813,8.0,1.06,Polpa congelada_Agosto_696
317.82,432.35,POLPA-202508-5458,8.0,1.38,Polpa congelada_Agosto_697
1347.57,259.62,POLPA-202508-4313,8.0,1.97,Polpa congelada_Agosto_698
1105.93,806.98,POLPA-202508-9593,7.0,2.11,Polpa congelada_Agosto_699
299.83,181.38,POLPA-202509-4303,8.0,1.88,Polpa congelada_Setembro_0
600.66,51.36,POLPA-202509-8943,8.0,2.19,Polpa congelada_Setembro_1
57.57,60.73,POLPA-202509-4854,7.0,0.3,Polpa congelada_Setembro_2
762.94,331.06,POLPA-202509-7930,8.0,2.81,Polpa congelada_Setembro_3
202.93,234.66,POLPA-202509-6798,6.0,2.07,Polpa congelada_Setembro_4
579.2,69.83,POLPA-202509-4489,7.0,0.3,Polpa congelada_Setembro_5
88.99,3.03,POLPA-202509-7904,7.0,3.21,Polpa congelada_Setembro_6
86.52,18.58,POLPA-202509-4559,8.0,1.52,Polpa congelada_Setembro_7
648.48,345.26,POLPA-202509-2214,10.0,2.93,Polpa congelada_Setembro_8
212.43,28.27,POLPA-202509-6716,9.0,2.4,Polpa congelada_Setembro_9
279.23,46.72,POLPA-202509-2232,8.0,2.1,Polpa congelada_Setembro_10
636.02,33.59,POLPA-202509-8930,8.0,2.76,Polpa congelada_Setembro_11
831.62,633.96,POLPA-202509-5533,8.0,2.08,Polpa congelada_Setembro_12
2949.21,66.09,POLPA-202509-7149,7.0,1.79,Polpa congelada_Setembro_13
313.12,221.16,POLPA-202509-5650,8.0,2.09,Polpa congelada_Setembro_14
366.41,102.65,POLPA-202509-3941,8.0,0.3,Polpa congelada_Setembro_15
929.6,42.68,POLPA-202509-1291,8.0,0.49,Polpa congelada_Setembro_16
287.69,86.77,POLPA-202509-5501,10.0,3.18,Polpa congelada_Setembro_17
523.14,138.77,POLPA-202509-7231,7.0,1.22,Polpa congelada_Setembro_18
352.63,113.93,POLPA-202509-6587,8.0,1.63,Polpa congelada_Setembro_19
1131.0,690.07,POLPA-202509-2953,8.0,3.61,Polpa congelada_Setembro_20
301.94,10.25,POLPA-202509-1405,9.0,2.12,Polpa congelada_Setembro_21
623.6,141.18,POLPA-202509-2671,8.0,2.65,Polpa congelada_Setembro_22
499.41,248.69,POLPA-202509-8996,8.0,2.17,Polpa congelada_Setembro_23
417.65,304.73,POLPA-202509-9019,10.0,2.69,Polpa congelada_Setembro_24
334.42,34.35,POLPA-202509-2337,8.0,0.3,Polpa congelada_Setembro_25
196.98,20.53,POLPA-202509-9149,9.0,2.57,Polpa congelada_Setembro_26
652.74,131.47,POLPA-202509-4244,8.0,2.74,Polpa congelada_Setembro_27
651.24,259.95,POLPA-202509-6186,10.0,1.91,Polpa congelada_Setembro_28
616.78,197.07,POLPA-202509-6914,9.0,1.39,Polpa congelada_Setembro_29
67.17,2.54,POLPA-202509-3192,8.0,2.35,Polpa congelada_Setembro_30
284.57,114.67,POLPA-202509-6618,9.0,1.74,Polpa congelada_Setembro_31
1090.62,626.81,POLPA-202509-3550,10.0,3.11,Polpa congelada_Setembro_32
138.12,38.34,POLPA-202509-2442,8.0,2.39,Polpa congelada_Setembro_33
918.29,420.74,POLPA-202509-2570,7.0,1.0,Polpa congelada_Setembro_34
113.95,11.61,POLPA-202509-3605,7.0,0.96,Polpa congelada_Setembro_35
622.51,231.59,POLPA-202509-6562,9.0,2.7,Polpa congelada_Setembro_36
636.7,138.5,POLPA-202509-8582,9.0,2.76,Polpa congelada_Setembro_37
727.65,150.2,POLPA-202509-1933,7.0,1.66,Polpa congelada_Setembro_38
2485.56,483.67,POLPA-202509-4713,8.0,2.42,Polpa congelada_Setembro_39
496.96,344.6,POLPA-202509-7920,7.0,1.4,Polpa congelada_Setembro_40
254.52,61.67,POLPA-202509-2215,10.0,2.65,Polpa congelada_Setembro_41
986.5,373.74,POLPA-202509-3701,8.0,2.02,Polpa congelada_Setembro_42
1933.85,175.15,POLPA-202509-5338,8.387342513917375,1.49,Polpa congelada_Setembro_43
662.78,264.6,POLPA-202509-6738,8.0,3.63,Polpa congelada_Setembro_44
405.66,264.57,POLPA-202509-2580,7.0,1.27,Polpa congelada_Setembro_45
550.04,151.67,POLPA-202509-3429,6.0,2.91,Polpa congelada_Setembro_46
338.96,350.63,POLPA-202509-9184,10.0,0.93,Polpa congelada_Setembro_47
801.59,364.39,POLPA-202509-7230,9.0,1.61,Polpa congelada_Setembro_48
627.07,148.85,POLPA-202509-8523,7.0,0.3,Polpa congelada_Setembro_49
375.28,171.36,POLPA-202509-3834,8.0,1.2,Polpa congelada_Setembro_50
114.22,15.29,POLPA-202509-5538,9.0,2.1,Polpa congelada_Setembro_51
167.56,42.49,POLPA-202509-4883,7.0,1.91,Polpa congelada_Setembro_52
922.91,142.26,POLPA-202509-1972,8.0,2.8,Polpa congelada_Setembro_53
837.87,88.71,POLPA-202509-8561,9.0,2.44,Polpa congelada_Setembro_54
453.36,158.69,POLPA-202509-6719,9.0,1.19,Polpa congelada_Setembro_55
482.17,118.3,POLPA-202509-6575,7.0,2.18,Polpa congelada_Setembro_56
126.19,21.67,POLPA-202509-7330,9.0,1.98,Polpa congelada_Setembro_57
191.94,96.89,POLPA-202509-2668,9.0,1.35,Polpa congelada_Setembro_58
808.95,346.47,POLPA-202509-1422,8.0,2.14,Polpa congelada_Setembro_59
572.75,77.23,POLPA-202509-9845,8.0,3.93,Polpa congelada_Setembro_60
183.99,4.8,POLPA-202509-5636,8.0,2.48,Polpa congelada_Setembro_61
569.43,202.08,POLPA-202509-4808,9.0,3.77,Polpa congelada_Setembro_62
150.41,0.49,POLPA-202509-9066,8.387342513917375,2.79,Polpa congelada_Setembro_63
787.67,110.5,POLPA-202509-9904,8.0,1.47,Polpa congelada_Setembro_64
93.15,90.17,POLPA-202509-5248,9.0,1.9,Polpa congelada_Setembro_65
352.28,75.77,POLPA-202509-9261,8.0,1.11,Polpa congelada_Setembro_66
403.27,6.53,POLPA-202509-7254,7.0,1.52,Polpa congelada_Setembro_67
462.38,255.25,POLPA-202509-8038,8.0,0.31,Polpa congelada_Setembro_68
1061.29,115.85,POLPA-202509-8250,10.0,1.35,Polpa congelada_Setembro_69
343.55,1.83,POLPA-202509-9170,9.0,1.55,Polpa congelada_Setembro_70
495.17,297.66,POLPA-202509-9802,9.0,1.46,Polpa congelada_Setembro_71
578.66,12.65,POLPA-202509-7311,8.387342513917375,1.32,Polpa congelada_Setembro_72
566.89,292.43,POLPA-202509-4705,10.0,1.09,Polpa congelada_Setembro_73
115.43,69.57,POLPA-202509-8488,10.0,1.76,Polpa congelada_Setembro_74
467.51,66.74,POLPA-202509-4268,10.0,3.32,Polpa congelada_Setembro_75
573.7,192.52,POLPA-202509-1064,8.0,2.9,Polpa congelada_Setembro_76
190.8,38.18,POLPA-202509-4381,8.0,1.27,Polpa congelada_Setembro_77
3081.88,690.79,POLPA-202509-8919,8.0,1.45,Polpa congelada_Setembro_78
433.27,576.65,POLPA-202509-4422,10.0,1.12,Polpa congelada_Setembro_79
1068.12,778.1,POLPA-202509-4646,9.0,0.53,Polpa congelada_Setembro_80
619.66,102.36,POLPA-202509-6513,9.0,2.64,Polpa congelada_Setembro_81
756.69,129.05,POLPA-202509-2207,7.0,0.76,Polpa congelada_Setembro_82
212.2,94.99,POLPA-202509-8190,9.0,1.27,Polpa congelada_Setembro_83
513.06,286.51,POLPA-202509-4697,8.0,1.34,Polpa congelada_Setembro_84
549.45,91.18,POLPA-202509-8351,8.0,0.46,Polpa congelada_Setembro_85
413.29,184.94,POLPA-202509-7467,9.0,3.28,Polpa congelada_Setembro_86
120.77,91.22,POLPA-202509-4043,10.0,2.51,Polpa congelada_Setembro_87
326.66,103.47,POLPA-202509-2665,7.0,0.83,Polpa congelada_Setembro_88
859.83,109.53,POLPA-202509-7590,9.0,1.12,Polpa congelada_Setembro_89
680.88,63.54,POLPA-202509-1624,8.0,1.9,Polpa congelada_Setembro_90
396.99,348.27,POLPA-202509-4016,8.0,1.35,Polpa congelada_Setembro_91
964.16,110.53,POLPA-202509-4658,9.0,1.97,Polpa congelada_Setembro_92
1204.36,402.09,POLPA-202509-3136,9.0,2.47,Polpa congelada_Setembro_93
112.11,16.96,POLPA-202509-5466,8.0,3.71,Polpa congelada_Setembro_94
601.6,611.35,POLPA-202509-4349,10.0,3.26,Polpa congelada_Setembro_95
104.37,30.56,POLPA-202509-1754,6.0,2.38,Polpa congelada_Setembro_96
212.7,32.83,POLPA-202509-9676,6.0,1.98,Polpa congelada_Setembro_97
843.25,30.7,POLPA-202509-7576,6.0,2.96,Polpa congelada_Setembro_98
295.78,168.25,POLPA-202509-3890,8.0,1.75,Polpa congelada_Setembro_99
343.19,24.75,POLPA-202509-8934,9.0,1.97,Polpa congelada_Setembro_100
578.7460611353711,51.99,POLPA-202509-8247,8.0,3.07,Polpa congelada_Setembro_101
2093.52,229.27,POLPA-202509-7810,7.0,1.36,Polpa congelada_Setembro_102
673.0,188.18,POLPA-202509-2580,8.0,0.3,Polpa congelada_Setembro_103
324.19,323.69,POLPA-202509-9205,9.0,1.3,Polpa congelada_Setembro_104
65.27,12.58,POLPA-202509-3706,8.0,1.1,Polpa congelada_Setembro_105
781.07,430.75,POLPA-202509-1611,10.0,2.44,Polpa congelada_Setembro_106
676.94,310.73,POLPA-202509-6601,9.0,0.59,Polpa congelada_Setembro_107
590.17,59.46,POLPA-202509-7756,9.0,2.8,Polpa congelada_Setembro_108
1746.28,903.83,POLPA-202509-2333,9.0,4.5,Polpa congelada_Setembro_109
666.87,98.38,POLPA-202509-8349,7.0,2.83,Polpa congelada_Setembro_110
622.19,358.78,POLPA-202509-4184,8.0,1.2,Polpa congelada_Setembro_111
1493.76,869.63,POLPA-202509-5940,9.0,1.06,Polpa congelada_Setembro_112
953.91,15.18,POLPA-202509-5504,8.0,1.03,Polpa congelada_Setembro_113
107.43,32.9,POLPA-202509-7250,9.0,1.9,Polpa congelada_Setembro_114
477.13,212.13,POLPA-202509-3776,8.0,2.51,Polpa congelada_Setembro_115
235.46,164.7,POLPA-202509-5712,9.0,1.05,Polpa congelada_Setembro_116
1045.63,651.21,POLPA-202509-7087,10.0,3.76,Polpa congelada_Setembro_117
391.9,196.34738686131388,POLPA-202509-5815,9.0,1.21,Polpa congelada_Setembro_118
607.39,408.71,POLPA-202509-5219,9.0,2.32,Polpa congelada_Setembro_119
281.28,59.23,POLPA-202509-8086,8.0,4.29,Polpa congelada_Setembro_120
849.41,661.92,POLPA-202509-5631,9.0,1.26,Polpa congelada_Setembro_121
555.77,318.19,POLPA-202509-2707,7.0,2.0,Polpa congelada_Setembro_122
1422.5,187.98,POLPA-202509-2629,10.0,0.3,Polpa congelada_Setembro_123
527.07,260.71,POLPA-202509-3160,8.0,1.19,Polpa congelada_Setembro_124
131.58,31.13,POLPA-202509-4258,8.0,1.31,Polpa congelada_Setembro_125
177.42,13.72,POLPA-202509-6565,9.0,2.57,Polpa congelada_Setembro_126
922.06,12.85,POLPA-202509-9882,7.0,1.61,Polpa congelada_Setembro_127
553.45,519.33,POLPA-202509-3035,9.0,2.3,Polpa congelada_Setembro_128
443.7,1.23,POLPA-202509-9865,10.0,3.39,Polpa congelada_Setembro_129
224.85,25.97,POLPA-202509-8649,8.0,3.26,Polpa congelada_Setembro_130
713.47,85.96,POLPA-202509-2106,9.0,0.39,Polpa congelada_Setembro_131
516.89,290.54,POLPA-202509-6169,8.0,1.35,Polpa congelada_Setembro_132
314.84,93.28,POLPA-202509-6222,10.0,2.42,Polpa congelada_Setembro_133
124.85,21.11,POLPA-202509-6283,9.0,1.97,Polpa congelada_Setembro_134
1537.14,543.23,POLPA-202509-5756,9.0,2.91,Polpa congelada_Setembro_135
650.11,448.79,POLPA-202509-9268,8.0,1.21,Polpa congelada_Setembro_136
1202.9,574.16,POLPA-202509-6779,9.0,2.63,Polpa congelada_Setembro_137
359.49,151.19,POLPA-202509-7488,8.0,2.24,Polpa congelada_Setembro_138
1655.53,340.42,POLPA-202509-9384,8.0,2.38,Polpa congelada_Setembro_139
473.88,199.69,POLPA-202509-3258,10.0,1.39,Polpa congelada_Setembro_140
242.06,25.16,POLPA-202509-8104,9.0,2.57,Polpa congelada_Setembro_141
965.68,234.03,POLPA-202509-4169,10.0,1.33,Polpa congelada_Setembro_142
188.25,3.65,POLPA-202509-8401,7.0,2.63,Polpa congelada_Setembro_143
238.82,75.82,POLPA-202509-5644,8.0,1.34,Polpa congelada_Setembro_144
578.7460611353711,21.65,POLPA-202509-6665,10.0,1.03,Polpa congelada_Setembro_145
978.24,473.84,POLPA-202509-8928,8.0,2.23,Polpa congelada_Setembro_146
1119.71,657.38,POLPA-202509-2529,8.0,2.25,Polpa congelada_Setembro_147
526.12,71.44,POLPA-202509-7215,8.0,1.82,Polpa congelada_Setembro_148
141.8,5.63,POLPA-202509-9800,9.0,2.08,Polpa congelada_Setembro_149
164.76,29.14,POLPA-202509-4477,6.0,2.8,Polpa congelada_Setembro_150
229.63,40.49,POLPA-202509-8920,9.0,0.58,Polpa congelada_Setembro_151
367.65,81.3,POLPA-202509-3856,10.0,1.41,Polpa congelada_Setembro_152
139.5,5.24,POLPA-202509-4003,10.0,0.77,Polpa congelada_Setembro_153
178.58,71.71,POLPA-202509-1528,8.0,2.62,Polpa congelada_Setembro_154
437.38,78.63,POLPA-202509-9164,7.0,2.39,Polpa congelada_Setembro_155
562.58,139.29,POLPA-202509-7530,9.0,1.59,Polpa congelada_Setembro_156
1010.9,198.16,POLPA-202509-2166,9.0,1.4,Polpa congelada_Setembro_157
112.57,3.73,POLPA-202509-9618,8.0,1.58,Polpa congelada_Setembro_158
532.89,54.54,POLPA-202509-5811,9.0,2.4,Polpa congelada_Setembro_159
1188.69,330.48,POLPA-202509-4172,9.0,1.47,Polpa congelada_Setembro_160
400.38,163.1,POLPA-202509-2951,8.387342513917375,1.84,Polpa congelada_Setembro_161
910.26,303.72,POLPA-202509-4505,8.0,0.87,Polpa congelada_Setembro_162
578.7460611353711,203.23,POLPA-202509-4341,8.387342513917375,1.36,Polpa congelada_Setembro_163
578.7460611353711,374.45,POLPA-202509-1231,7.0,3.47,Polpa congelada_Setembro_164
282.07,262.04,POLPA-202509-9545,8.0,0.88,Polpa congelada_Setembro_165
230.32,51.79,POLPA-202509-4659,7.0,1.75,Polpa congelada_Setembro_166
653.68,163.1,POLPA-202509-1642,8.0,1.26,Polpa congelada_Setembro_167
812.07,221.56,POLPA-202509-9581,9.0,3.03,Polpa congelada_Setembro_168
687.49,442.03,POLPA-202509-3507,10.0,1.85,Polpa congelada_Setembro_169
119.76,18.62,POLPA-202509-5062,9.0,2.54,Polpa congelada_Setembro_170
248.65,53.63,POLPA-202509-8506,9.0,1.54,Polpa congelada_Setembro_171
395.23,186.68,POLPA-202509-7478,7.0,2.43,Polpa congelada_Setembro_172
48.28,0.37,POLPA-202509-8287,8.0,1.45,Polpa congelada_Setembro_173
1418.74,439.15,POLPA-202509-4495,10.0,1.86,Polpa congelada_Setembro_174
576.68,142.36,POLPA-202509-1739,8.0,1.69,Polpa congelada_Setembro_175
416.13,196.34738686131388,POLPA-202509-4604,10.0,1.41,Polpa congelada_Setembro_176
464.18,105.07,POLPA-202509-6599,8.0,0.75,Polpa congelada_Setembro_177
618.37,201.32,POLPA-202509-5668,9.0,0.3,Polpa congelada_Setembro_178
1247.11,696.04,POLPA-202509-2882,7.0,1.21,Polpa congelada_Setembro_179
1002.08,157.84,POLPA-202509-5993,7.0,2.21,Polpa congelada_Setembro_180
174.32,13.55,POLPA-202509-6513,9.0,0.85,Polpa congelada_Setembro_181
989.72,291.86,POLPA-202509-9815,9.0,1.34,Polpa congelada_Setembro_182
463.18,124.77,POLPA-202509-2697,8.0,0.82,Polpa congelada_Setembro_183
357.22,66.55,POLPA-202509-6104,9.0,1.58,Polpa congelada_Setembro_184
999.51,85.97,POLPA-202509-1086,8.0,1.12,Polpa congelada_Setembro_185
840.1,34.2,POLPA-202509-2479,8.0,0.3,Polpa congelada_Setembro_186
185.45,20.67,POLPA-202509-4043,9.0,1.04,Polpa congelada_Setembro_187
311.5,73.69,POLPA-202509-5845,8.0,2.11,Polpa congelada_Setembro_188
753.94,427.44,POLPA-202509-2245,8.0,0.3,Polpa congelada_Setembro_189
843.59,124.69,POLPA-202509-7654,9.0,1.11,Polpa congelada_Setembro_190
303.94,128.76,POLPA-202509-8146,7.0,0.52,Polpa congelada_Setembro_191
388.85,151.53,POLPA-202509-2655,10.0,2.33,Polpa congelada_Setembro_192
217.02,144.19,POLPA-202509-8751,9.0,0.71,Polpa congelada_Setembro_193
837.29,392.06,POLPA-202509-7836,8.0,2.08,Polpa congelada_Setembro_194
1273.55,149.24,POLPA-202509-6059,8.0,2.22,Polpa congelada_Setembro_195
705.49,244.22,POLPA-202509-9309,8.0,2.01,Polpa congelada_Setembro_196
578.7460611353711,107.3,POLPA-202509-2363,10.0,1.83,Polpa congelada_Setembro_197
1119.38,274.18,POLPA-202509-5357,10.0,0.32,Polpa congelada_Setembro_198
477.97,33.99,POLPA-202509-5915,9.0,1.84,Polpa congelada_Setembro_199
775.89,537.14,POLPA-202509-1530,9.0,2.82,Polpa congelada_Setembro_200
166.59,196.34738686131388,POLPA-202509-4568,9.0,2.95,Polpa congelada_Setembro_201
762.22,187.08,POLPA-202509-7268,10.0,0.35,Polpa congelada_Setembro_202
473.5,293.18,POLPA-202509-8565,7.0,1.28,Polpa congelada_Setembro_203
393.48,168.42,POLPA-202509-5611,9.0,1.94,Polpa congelada_Setembro_204
601.3,196.34738686131388,POLPA-202509-9458,8.0,3.08,Polpa congelada_Setembro_205
369.16,17.31,POLPA-202509-7695,8.0,1.21,Polpa congelada_Setembro_206
108.41,56.98,POLPA-202509-9851,8.0,1.43,Polpa congelada_Setembro_207
424.18,168.04,POLPA-202509-4104,8.0,1.51,Polpa congelada_Setembro_208
836.56,23.96,POLPA-202509-5355,8.0,2.29,Polpa congelada_Setembro_209
866.3,240.19,POLPA-202509-9449,8.0,2.47,Polpa congelada_Setembro_210
832.72,604.21,POLPA-202509-5036,8.0,1.2,Polpa congelada_Setembro_211
175.28,139.23,POLPA-202509-1720,7.0,3.75,Polpa congelada_Setembro_212
1038.44,16.54,POLPA-202509-9574,10.0,3.15,Polpa congelada_Setembro_213
220.27,162.06,POLPA-202509-4817,9.0,2.89,Polpa congelada_Setembro_214
740.01,354.39,POLPA-202509-2223,10.0,2.35,Polpa congelada_Setembro_215
294.13,33.5,POLPA-202509-8301,7.0,2.23,Polpa congelada_Setembro_216
444.0,18.47,POLPA-202509-3131,8.0,0.52,Polpa congelada_Setembro_217
880.21,187.29,POLPA-202509-2171,8.0,1.83,Polpa congelada_Setembro_218
1424.54,499.98,POLPA-202509-1662,7.0,2.48,Polpa congelada_Setembro_219
244.37,147.8,POLPA-202509-5236,9.0,0.74,Polpa congelada_Setembro_220
1756.21,326.69,POLPA-202509-5000,9.0,2.36,Polpa congelada_Setembro_221
316.98,125.82,POLPA-202509-6409,10.0,3.54,Polpa congelada_Setembro_222
783.99,119.72,POLPA-202509-2864,6.0,1.75,Polpa congelada_Setembro_223
949.7,320.69,POLPA-202509-6565,9.0,0.97,Polpa congelada_Setembro_224
967.04,177.74,POLPA-202509-8833,10.0,1.3,Polpa congelada_Setembro_225
1673.14,269.53,POLPA-202509-3258,8.0,1.55,Polpa congelada_Setembro_226
1375.63,548.8,POLPA-202509-9870,8.0,0.53,Polpa congelada_Setembro_227
271.74,2.76,POLPA-202509-7013,9.0,0.89,Polpa congelada_Setembro_228
1040.15,48.68,POLPA-202509-5646,9.0,0.3,Polpa congelada_Setembro_229
1876.68,246.15,POLPA-202509-1511,9.0,2.55,Polpa congelada_Setembro_230
253.43,80.63,POLPA-202509-7095,10.0,0.3,Polpa congelada_Setembro_231
1230.0,537.39,POLPA-202509-7523,10.0,1.01,Polpa congelada_Setembro_232
296.35,1.9,POLPA-202509-4893,7.0,2.0,Polpa congelada_Setembro_233
1295.98,250.08,POLPA-202509-9483,9.0,3.66,Polpa congelada_Setembro_234
862.18,298.21,POLPA-202509-1859,10.0,0.94,Polpa congelada_Setembro_235
861.65,304.66,POLPA-202509-3307,8.0,1.72,Polpa congelada_Setembro_236
578.7460611353711,39.64,POLPA-202509-1913,10.0,1.42,Polpa congelada_Setembro_237
701.91,124.59,POLPA-202509-4211,8.0,2.67,Polpa congelada_Setembro_238
582.06,405.4,POLPA-202509-4294,10.0,1.85,Polpa congelada_Setembro_239
657.17,37.54,POLPA-202509-7108,8.0,1.47,Polpa congelada_Setembro_240
275.49,183.69,POLPA-202509-4314,8.0,3.24,Polpa congelada_Setembro_241
540.61,263.09,POLPA-202509-9798,9.0,1.39,Polpa congelada_Setembro_242
918.06,439.34,POLPA-202509-9666,8.0,0.3,Polpa congelada_Setembro_243
108.23,51.78,POLPA-202509-8590,8.0,2.04,Polpa congelada_Setembro_244
584.2,134.28,POLPA-202509-9926,7.0,3.09,Polpa congelada_Setembro_245
1471.48,837.44,POLPA-202509-2931,9.0,1.24,Polpa congelada_Setembro_246
256.85,85.45,POLPA-202509-8382,8.0,1.26,Polpa congelada_Setembro_247
96.04,59.62,POLPA-202509-9427,9.0,2.8,Polpa congelada_Setembro_248
282.64,269.82,POLPA-202509-5145,7.0,1.81,Polpa congelada_Setembro_249
104.98,112.33,POLPA-202509-5480,7.0,1.46,Polpa congelada_Setembro_250
431.13,54.13,POLPA-202509-2209,8.387342513917375,2.43,Polpa congelada_Setembro_251
476.68,270.43,POLPA-202509-6576,8.387342513917375,1.87,Polpa congelada_Setembro_252
410.23,82.86,POLPA-202509-2329,8.0,2.28,Polpa congelada_Setembro_253
399.21,18.08,POLPA-202509-2007,10.0,3.21,Polpa congelada_Setembro_254
534.27,69.4,POLPA-202509-6333,7.0,2.62,Polpa congelada_Setembro_255
578.7460611353711,66.29,POLPA-202509-9965,9.0,2.03,Polpa congelada_Setembro_256
901.71,413.43,POLPA-202509-7452,8.0,0.7,Polpa congelada_Setembro_257
509.29,91.8,POLPA-202509-5800,10.0,2.82,Polpa congelada_Setembro_258
99.64,33.6,POLPA-202509-7933,9.0,1.74,Polpa congelada_Setembro_259
635.05,84.69,POLPA-202509-5941,9.0,0.3,Polpa congelada_Setembro_260
731.99,210.28,POLPA-202509-5971,8.0,1.4,Polpa congelada_Setembro_261
546.65,371.42,POLPA-202509-5888,7.0,0.81,Polpa congelada_Setembro_262
2987.16,419.29,POLPA-202509-3092,8.0,0.83,Polpa congelada_Setembro_263
583.3,397.01,POLPA-202509-2003,8.0,2.13,Polpa congelada_Setembro_264
891.38,44.37,POLPA-202509-8955,6.0,0.6,Polpa congelada_Setembro_265
245.0,12.6,POLPA-202509-7632,8.0,3.18,Polpa congelada_Setembro_266
319.92,118.61,POLPA-202509-8010,10.0,1.84,Polpa congelada_Setembro_267
193.71,154.0,POLPA-202509-7850,6.0,1.24,Polpa congelada_Setembro_268
246.75,56.63,POLPA-202509-8476,9.0,1.82,Polpa congelada_Setembro_269
549.05,312.55,POLPA-202509-7118,8.0,1.81,Polpa congelada_Setembro_270
211.05,55.78,POLPA-202509-1271,8.0,1.08,Polpa congelada_Setembro_271
1911.72,656.19,POLPA-202509-3365,8.0,3.43,Polpa congelada_Setembro_272
153.3,33.24,POLPA-202509-4656,7.0,0.45,Polpa congelada_Setembro_273
352.92,259.76,POLPA-202509-8602,8.0,2.29,Polpa congelada_Setembro_274
801.59,110.12,POLPA-202509-8978,10.0,0.57,Polpa congelada_Setembro_275
254.7,170.75,POLPA-202509-6490,9.0,2.13,Polpa congelada_Setembro_276
333.69,143.46,POLPA-202509-7623,9.0,0.98,Polpa congelada_Setembro_277
583.13,21.56,POLPA-202509-7893,7.0,0.66,Polpa congelada_Setembro_278
509.43,15.46,POLPA-202509-2663,8.0,2.93,Polpa congelada_Setembro_279
905.15,215.45,POLPA-202509-4064,9.0,1.88,Polpa congelada_Setembro_280
63.79,62.94,POLPA-202509-4723,8.0,2.58,Polpa congelada_Setembro_281
639.2,27.5,POLPA-202509-6958,8.387342513917375,1.18,Polpa congelada_Setembro_282
601.91,66.07,POLPA-202509-4653,8.0,3.11,Polpa congelada_Setembro_283
73.05,40.45,POLPA-202509-1535,9.0,0.53,Polpa congelada_Setembro_284
609.71,263.89,POLPA-202509-3441,9.0,2.45,Polpa congelada_Setembro_285
1142.15,515.99,POLPA-202509-6063,9.0,2.42,Polpa congelada_Setembro_286
127.67,63.07,POLPA-202509-7432,8.0,3.31,Polpa congelada_Setembro_287
1623.14,700.49,POLPA-202509-5780,9.0,2.39,Polpa congelada_Setembro_288
82.65,44.84,POLPA-202509-8106,9.0,1.01,Polpa congelada_Setembro_289
965.99,151.46,POLPA-202509-4611,7.0,0.94,Polpa congelada_Setembro_290
818.33,296.52,POLPA-202509-8757,9.0,0.3,Polpa congelada_Setembro_291
692.73,47.11,POLPA-202509-1063,8.0,1.89,Polpa congelada_Setembro_292
578.7460611353711,369.28,POLPA-202509-3811,10.0,3.07,Polpa congelada_Setembro_293
275.01,144.77,POLPA-202509-4879,8.0,0.3,Polpa congelada_Setembro_294
235.2,11.55,POLPA-202509-1897,9.0,1.2,Polpa congelada_Setembro_295
1048.18,381.37,POLPA-202509-2042,8.387342513917375,2.64,Polpa congelada_Setembro_296
334.67,24.63,POLPA-202509-4438,8.0,2.7,Polpa congelada_Setembro_297
1780.6,298.64,POLPA-202509-6574,9.0,2.66,Polpa congelada_Setembro_298
140.18,37.64,POLPA-202509-5851,6.0,2.27,Polpa congelada_Setembro_299
866.02,190.29,POLPA-202509-6513,8.0,2.7,Polpa congelada_Setembro_300
89.05,99.72,POLPA-202509-3969,9.0,3.56,Polpa congelada_Setembro_301
334.18,71.75,POLPA-202509-9301,8.0,1.99,Polpa congelada_Setembro_302
1087.48,196.34738686131388,POLPA-202509-2711,7.0,1.94,Polpa congelada_Setembro_303
1265.94,400.14,POLPA-202509-9666,8.0,1.72,Polpa congelada_Setembro_304
717.0,18.83,POLPA-202509-9434,8.0,2.11,Polpa congelada_Setembro_305
729.95,661.33,POLPA-202509-5375,9.0,2.56,Polpa congelada_Setembro_306
745.19,264.57,POLPA-202509-3879,8.0,2.16,Polpa congelada_Setembro_307
170.28,67.2,POLPA-202509-1447,9.0,1.13,Polpa congelada_Setembro_308
166.1,45.51,POLPA-202509-5585,8.0,1.41,Polpa congelada_Setembro_309
311.88,207.32,POLPA-202509-2501,8.0,0.77,Polpa congelada_Setembro_310
316.65,95.13,POLPA-202509-1740,9.0,2.24,Polpa congelada_Setembro_311
122.7,56.91,POLPA-202509-3752,8.0,3.74,Polpa congelada_Setembro_312
845.05,127.73,POLPA-202509-1034,9.0,0.94,Polpa congelada_Setembro_313
1933.05,374.26,POLPA-202509-7024,9.0,2.55,Polpa congelada_Setembro_314
919.06,146.28,POLPA-202509-6148,10.0,2.32,Polpa congelada_Setembro_315
178.64,83.57,POLPA-202509-8775,8.0,2.3,Polpa congelada_Setembro_316
99.03,127.07,POLPA-202509-3792,7.0,2.07,Polpa congelada_Setembro_317
1189.56,192.27,POLPA-202509-1851,8.0,1.59,Polpa congelada_Setembro_318
656.41,94.56,POLPA-202509-6295,9.0,2.29,Polpa congelada_Setembro_319
164.91,36.1,POLPA-202509-4013,9.0,0.3,Polpa congelada_Setembro_320
679.66,445.24,POLPA-202509-2677,8.0,2.71,Polpa congelada_Setembro_321
490.36,126.59,POLPA-202509-4643,9.0,1.77,Polpa congelada_Setembro_322
1383.74,196.34738686131388,POLPA-202509-8042,9.0,3.5,Polpa congelada_Setembro_323
1179.24,294.77,POLPA-202509-7063,8.0,0.41,Polpa congelada_Setembro_324
274.93,101.86,POLPA-202509-6221,9.0,1.94,Polpa congelada_Setembro_325
335.53,404.61,POLPA-202509-5292,7.0,1.42,Polpa congelada_Setembro_326
933.25,14.26,POLPA-202509-8210,8.0,1.01,Polpa congelada_Setembro_327
816.98,255.97,POLPA-202509-9265,9.0,1.18,Polpa congelada_Setembro_328
996.7,474.32,POLPA-202509-8466,8.0,1.38,Polpa congelada_Setembro_329
245.67,145.32,POLPA-202509-5561,8.0,2.13,Polpa congelada_Setembro_330
578.7460611353711,275.19,POLPA-202509-8443,8.0,2.87,Polpa congelada_Setembro_331
909.46,755.52,POLPA-202509-9964,9.0,2.13,Polpa congelada_Setembro_332
368.43,87.98,POLPA-202509-2229,9.0,0.5,Polpa congelada_Setembro_333
1060.81,287.66,POLPA-202509-6992,9.0,2.14,Polpa congelada_Setembro_334
646.66,166.5,POLPA-202509-1087,8.0,0.3,Polpa congelada_Setembro_335
257.38,57.31,POLPA-202509-6207,9.0,1.45,Polpa congelada_Setembro_336
813.81,219.04,POLPA-202509-4015,9.0,1.37,Polpa congelada_Setembro_337
468.2,62.24,POLPA-202509-4960,9.0,1.37,Polpa congelada_Setembro_338
268.18,196.34738686131388,POLPA-202509-8323,10.0,2.3,Polpa congelada_Setembro_339
147.62,196.34738686131388,POLPA-202509-5220,8.0,2.2,Polpa congelada_Setembro_340
824.64,458.62,POLPA-202509-8294,6.0,3.2,Polpa congelada_Setembro_341
259.16,60.25,POLPA-202509-8107,8.0,1.53,Polpa congelada_Setembro_342
130.94,0.09,POLPA-202509-5234,7.0,1.62,Polpa congelada_Setembro_343
99.87,42.74,POLPA-202509-2583,9.0,0.78,Polpa congelada_Setembro_344
1124.94,506.02,POLPA-202509-2822,10.0,2.76,Polpa congelada_Setembro_345
348.05,79.47,POLPA-202509-2825,6.0,2.79,Polpa congelada_Setembro_346
329.45,296.11,POLPA-202509-1294,7.0,0.53,Polpa congelada_Setembro_347
641.73,12.11,POLPA-202509-7377,9.0,1.9,Polpa congelada_Setembro_348
1636.2,199.5,POLPA-202509-5299,8.0,2.96,Polpa congelada_Setembro_349
644.31,552.7,POLPA-202509-6484,10.0,3.68,Polpa congelada_Setembro_350
467.14,147.54,POLPA-202509-3863,9.0,2.01,Polpa congelada_Setembro_351
188.07,46.95,POLPA-202509-3015,9.0,0.44,Polpa congelada_Setembro_352
1640.29,107.41,POLPA-202509-8000,7.0,0.3,Polpa congelada_Setembro_353
338.28,130.84,POLPA-202509-1581,6.0,2.4,Polpa congelada_Setembro_354
1082.52,578.99,POLPA-202509-7090,10.0,2.86,Polpa congelada_Setembro_355
815.56,17.18,POLPA-202509-8510,9.0,2.01,Polpa congelada_Setembro_356
578.7460611353711,407.97,POLPA-202509-6240,8.0,0.63,Polpa congelada_Setembro_357
600.74,92.67,POLPA-202509-9557,9.0,0.3,Polpa congelada_Setembro_358
329.79,3.38,POLPA-202509-9208,8.0,2.09,Polpa congelada_Setembro_359
169.7,109.84,POLPA-202509-7305,9.0,1.73,Polpa congelada_Setembro_360
586.06,191.69,POLPA-202509-2592,10.0,2.03,Polpa congelada_Setembro_361
441.94,129.31,POLPA-202509-5916,8.0,1.61,Polpa congelada_Setembro_362
417.78,122.55,POLPA-202509-7418,8.0,3.02,Polpa congelada_Setembro_363
305.76,83.23,POLPA-202509-2088,10.0,1.5,Polpa congelada_Setembro_364
257.58,54.37,POLPA-202509-2182,9.0,0.61,Polpa congelada_Setembro_365
274.01,8.03,POLPA-202509-2585,6.0,1.26,Polpa congelada_Setembro_366
371.0,237.98,POLPA-202509-3092,10.0,2.65,Polpa congelada_Setembro_367
432.93,15.87,POLPA-202509-1144,9.0,3.28,Polpa congelada_Setembro_368
810.06,388.52,POLPA-202509-7419,9.0,1.82,Polpa congelada_Setembro_369
1370.17,510.73,POLPA-202509-1561,10.0,3.26,Polpa congelada_Setembro_370
768.23,520.63,POLPA-202509-3786,9.0,1.5,Polpa congelada_Setembro_371
553.49,196.34738686131388,POLPA-202509-2227,10.0,1.33,Polpa congelada_Setembro_372
1121.41,123.35,POLPA-202509-8067,9.0,0.3,Polpa congelada_Setembro_373
128.7,75.32,POLPA-202509-7615,9.0,2.02,Polpa congelada_Setembro_374
499.57,50.15,POLPA-202509-6428,9.0,1.08,Polpa congelada_Setembro_375
2290.75,195.57,POLPA-202509-9424,9.0,1.65,Polpa congelada_Setembro_376
230.97,2.28,POLPA-202509-5326,9.0,1.56,Polpa congelada_Setembro_377
200.01,38.5,POLPA-202509-6602,9.0,1.14,Polpa congelada_Setembro_378
580.12,270.53,POLPA-202509-6142,9.0,0.6,Polpa congelada_Setembro_379
2453.83,17.36,POLPA-202509-9104,9.0,2.19,Polpa congelada_Setembro_380
570.69,177.58,POLPA-202509-3429,8.0,2.12,Polpa congelada_Setembro_381
321.11,203.96,POLPA-202509-4330,8.0,1.2,Polpa congelada_Setembro_382
316.37,196.34738686131388,POLPA-202509-5499,7.0,1.78,Polpa congelada_Setembro_383
295.84,410.51,POLPA-202509-4057,9.0,1.56,Polpa congelada_Setembro_384
362.16,60.62,POLPA-202509-9498,8.0,2.45,Polpa congelada_Setembro_385
770.6,62.33,POLPA-202509-9017,10.0,1.73,Polpa congelada_Setembro_386
73.7,33.13,POLPA-202509-6118,9.0,1.67,Polpa congelada_Setembro_387
444.99,95.3,POLPA-202509-9230,10.0,2.73,Polpa congelada_Setembro_388
335.72,147.04,POLPA-202509-2559,10.0,1.63,Polpa congelada_Setembro_389
733.05,660.52,POLPA-202509-7271,9.0,1.54,Polpa congelada_Setembro_390
343.54,216.22,POLPA-202509-4387,9.0,2.09,Polpa congelada_Setembro_391
314.12,106.95,POLPA-202509-2608,8.0,2.47,Polpa congelada_Setembro_392
269.43,178.49,POLPA-202509-4994,9.0,3.06,Polpa congelada_Setembro_393
135.01,129.66,POLPA-202509-1124,8.0,0.72,Polpa congelada_Setembro_394
468.29,110.92,POLPA-202509-7686,9.0,0.53,Polpa congelada_Setembro_395
105.67,43.43,POLPA-202509-7535,10.0,2.52,Polpa congelada_Setembro_396
1343.42,11.83,POLPA-202509-3541,8.0,0.58,Polpa congelada_Setembro_397
804.45,273.02,POLPA-202509-4454,8.0,1.34,Polpa congelada_Setembro_398
931.1,348.19,POLPA-202509-4407,7.0,0.7,Polpa congelada_Setembro_399
2310.68,297.29,POLPA-202509-9606,8.0,1.37,Polpa congelada_Setembro_400
684.73,128.89,POLPA-202509-5182,7.0,1.9,Polpa congelada_Setembro_401
409.19,275.24,POLPA-202509-2693,9.0,2.47,Polpa congelada_Setembro_402
959.95,76.56,POLPA-202509-7801,8.0,1.34,Polpa congelada_Setembro_403
449.9,135.47,POLPA-202509-6553,7.0,2.1,Polpa congelada_Setembro_404
1394.44,45.27,POLPA-202509-3390,10.0,0.3,Polpa congelada_Setembro_405
418.69,136.16,POLPA-202509-2252,9.0,3.29,Polpa congelada_Setembro_406
439.63,148.3,POLPA-202509-8223,8.0,3.34,Polpa congelada_Setembro_407
913.9,157.39,POLPA-202509-7810,9.0,0.76,Polpa congelada_Setembro_408
109.63,59.53,POLPA-202509-5171,9.0,1.83,Polpa congelada_Setembro_409
713.21,290.79,POLPA-202509-2124,10.0,2.13,Polpa congelada_Setembro_410
316.64,125.6,POLPA-202509-1414,9.0,0.3,Polpa congelada_Setembro_411
578.7460611353711,196.34738686131388,POLPA-202509-2450,8.0,1.2,Polpa congelada_Setembro_412
233.7,83.98,POLPA-202509-7937,8.0,1.42,Polpa congelada_Setembro_413
339.28,175.67,POLPA-202509-8262,8.0,1.15,Polpa congelada_Setembro_414
540.16,196.37,POLPA-202509-1866,9.0,2.04,Polpa congelada_Setembro_415
1013.45,176.58,POLPA-202509-4025,10.0,2.29,Polpa congelada_Setembro_416
192.01,22.13,POLPA-202509-9802,8.0,1.76,Polpa congelada_Setembro_417
586.55,233.43,POLPA-202509-5404,8.387342513917375,1.48,Polpa congelada_Setembro_418
525.66,153.93,POLPA-202509-5650,9.0,1.97,Polpa congelada_Setembro_419
668.67,10.75,POLPA-202509-2672,8.0,3.13,Polpa congelada_Setembro_420
379.37,104.25,POLPA-202509-8520,8.0,2.0,Polpa congelada_Setembro_421
342.58,118.79,POLPA-202509-1707,10.0,2.45,Polpa congelada_Setembro_422
613.73,32.1,POLPA-202509-2052,9.0,1.06,Polpa congelada_Setembro_423
137.67,19.47,POLPA-202509-7500,9.0,1.8,Polpa congelada_Setembro_424
477.06,576.83,POLPA-202509-7080,9.0,1.99,Polpa congelada_Setembro_425
1056.02,287.22,POLPA-202509-1983,9.0,1.7,Polpa congelada_Setembro_426
183.38,76.29,POLPA-202509-4233,9.0,0.93,Polpa congelada_Setembro_427
617.23,391.01,POLPA-202509-8446,9.0,0.82,Polpa congelada_Setembro_428
489.2,19.45,POLPA-202509-5122,8.0,1.29,Polpa congelada_Setembro_429
177.3,87.23,POLPA-202509-3278,7.0,1.11,Polpa congelada_Setembro_430
359.06,82.58,POLPA-202509-9721,9.0,2.54,Polpa congelada_Setembro_431
861.85,741.85,POLPA-202509-8228,7.0,2.47,Polpa congelada_Setembro_432
157.25,31.9,POLPA-202509-2010,9.0,1.34,Polpa congelada_Setembro_433
924.46,256.49,POLPA-202509-9410,9.0,1.16,Polpa congelada_Setembro_434
195.59,5.82,POLPA-202509-8465,7.0,2.16,Polpa congelada_Setembro_435
266.89,14.01,POLPA-202509-9059,10.0,3.0,Polpa congelada_Setembro_436
803.64,224.03,POLPA-202509-6561,9.0,1.05,Polpa congelada_Setembro_437
224.43,178.92,POLPA-202509-9921,8.0,1.8,Polpa congelada_Setembro_438
683.35,137.05,POLPA-202509-1997,10.0,3.54,Polpa congelada_Setembro_439
989.33,448.76,POLPA-202509-1999,7.0,0.3,Polpa congelada_Setembro_440
165.68,68.01,POLPA-202509-8990,7.0,0.54,Polpa congelada_Setembro_441
916.95,758.0,POLPA-202509-9752,7.0,1.91,Polpa congelada_Setembro_442
417.55,5.74,POLPA-202509-6164,10.0,2.47,Polpa congelada_Setembro_443
531.42,35.89,POLPA-202509-9298,9.0,2.25,Polpa congelada_Setembro_444
292.72,276.33,POLPA-202509-7028,7.0,1.61,Polpa congelada_Setembro_445
1062.07,500.57,POLPA-202509-5735,7.0,1.77,Polpa congelada_Setembro_446
190.48,103.2,POLPA-202509-2095,10.0,2.9,Polpa congelada_Setembro_447
1044.26,323.5,POLPA-202509-5502,8.0,1.5,Polpa congelada_Setembro_448
493.89,475.73,POLPA-202509-5819,9.0,2.23,Polpa congelada_Setembro_449
257.82,289.87,POLPA-202509-3119,9.0,0.47,Polpa congelada_Setembro_450
519.29,11.0,POLPA-202509-9456,10.0,2.65,Polpa congelada_Setembro_451
171.79,50.22,POLPA-202509-6273,7.0,1.33,Polpa congelada_Setembro_452
649.48,282.54,POLPA-202509-1399,9.0,3.29,Polpa congelada_Setembro_453
469.94,143.21,POLPA-202509-2955,8.0,1.52,Polpa congelada_Setembro_454
422.69,54.41,POLPA-202509-7987,7.0,1.32,Polpa congelada_Setembro_455
57.54,37.45,POLPA-202509-9264,8.0,1.22,Polpa congelada_Setembro_456
441.95,335.64,POLPA-202509-9272,9.0,1.86,Polpa congelada_Setembro_457
310.57,62.23,POLPA-202509-4349,9.0,1.67,Polpa congelada_Setembro_458
839.78,18.26,POLPA-202509-9805,6.0,2.67,Polpa congelada_Setembro_459
439.23,256.25,POLPA-202509-8458,8.0,0.78,Polpa congelada_Setembro_460
1081.72,32.39,POLPA-202509-3273,9.0,3.06,Polpa congelada_Setembro_461
913.68,57.62,POLPA-202509-6803,7.0,1.14,Polpa congelada_Setembro_462
1209.4,203.99,POLPA-202509-7600,8.387342513917375,2.4,Polpa congelada_Setembro_463
953.26,755.24,POLPA-202509-1831,8.0,1.05,Polpa congelada_Setembro_464
354.2,124.66,POLPA-202509-1823,10.0,1.41,Polpa congelada_Setembro_465
170.97,76.64,POLPA-202509-5262,9.0,2.87,Polpa congelada_Setembro_466
223.83,206.55,POLPA-202509-9664,9.0,2.34,Polpa congelada_Setembro_467
70.23,25.29,POLPA-202509-9194,8.0,0.88,Polpa congelada_Setembro_468
254.98,104.63,POLPA-202509-2716,7.0,2.22,Polpa congelada_Setembro_469
673.66,61.88,POLPA-202509-6907,9.0,2.12,Polpa congelada_Setembro_470
695.04,6.66,POLPA-202509-9856,9.0,1.87,Polpa congelada_Setembro_471
111.78,28.05,POLPA-202509-6466,7.0,2.16,Polpa congelada_Setembro_472
449.36,8.65,POLPA-202509-9981,8.0,1.22,Polpa congelada_Setembro_473
398.08,49.96,POLPA-202509-9470,9.0,0.3,Polpa congelada_Setembro_474
659.74,333.96,POLPA-202509-2277,9.0,1.66,Polpa congelada_Setembro_475
365.25,145.12,POLPA-202509-9307,9.0,0.6,Polpa congelada_Setembro_476
621.18,65.33,POLPA-202509-4845,9.0,1.9,Polpa congelada_Setembro_477
799.12,17.0,POLPA-202509-1671,7.0,1.57,Polpa congelada_Setembro_478
689.93,251.38,POLPA-202509-3585,8.0,1.3,Polpa congelada_Setembro_479
1496.26,305.49,POLPA-202509-2004,9.0,1.74,Polpa congelada_Setembro_480
333.83,53.6,POLPA-202509-4201,10.0,2.36,Polpa congelada_Setembro_481
452.9,73.99,POLPA-202509-9319,8.0,1.78,Polpa congelada_Setembro_482
165.95,28.07,POLPA-202509-4624,7.0,1.69,Polpa congelada_Setembro_483
744.48,180.64,POLPA-202509-9993,10.0,1.71,Polpa congelada_Setembro_484
198.59,181.97,POLPA-202509-8406,6.0,0.78,Polpa congelada_Setembro_485
354.83,56.11,POLPA-202509-7468,9.0,1.78,Polpa congelada_Setembro_486
734.44,319.4,POLPA-202509-3247,7.0,3.07,Polpa congelada_Setembro_487
677.58,129.37,POLPA-202509-8803,9.0,2.21,Polpa congelada_Setembro_488
199.18,48.26,POLPA-202509-8638,9.0,1.74,Polpa congelada_Setembro_489
971.98,387.01,POLPA-202509-7716,9.0,1.91,Polpa congelada_Setembro_490
152.42,175.16,POLPA-202509-4054,7.0,1.3,Polpa congelada_Setembro_491
578.7460611353711,321.27,POLPA-202509-6740,10.0,2.16,Polpa congelada_Setembro_492
601.84,22.45,POLPA-202509-5687,8.0,1.97,Polpa congelada_Setembro_493
449.85,584.81,POLPA-202509-3600,8.0,1.17,Polpa congelada_Setembro_494
189.55,17.24,POLPA-202509-3775,8.0,2.38,Polpa congelada_Setembro_495
906.14,467.97,POLPA-202509-2159,7.0,2.23,Polpa congelada_Setembro_496
335.18,36.24,POLPA-202509-6886,8.0,1.38,Polpa congelada_Setembro_497
319.31,39.12,POLPA-202509-3864,6.0,3.37,Polpa congelada_Setembro_498
179.88,30.51,POLPA-202509-4996,7.0,2.3,Polpa congelada_Setembro_499
1058.53,127.14,POLPA-202509-2083,8.0,1.78,Polpa congelada_Setembro_500
1325.97,428.35,POLPA-202509-9630,9.0,0.69,Polpa congelada_Setembro_501
566.4,59.84,POLPA-202509-3966,9.0,1.93,Polpa congelada_Setembro_502
434.86,103.68,POLPA-202509-7922,9.0,1.61,Polpa congelada_Setembro_503
887.46,836.05,POLPA-202509-1714,9.0,0.3,Polpa congelada_Setembro_504
1273.65,785.44,POLPA-202509-1558,8.0,1.93,Polpa congelada_Setembro_505
304.23,10.17,POLPA-202509-1335,9.0,2.09,Polpa congelada_Setembro_506
173.26,124.75,POLPA-202509-5967,8.0,2.0,Polpa congelada_Setembro_507
582.35,755.79,POLPA-202509-4433,8.0,2.45,Polpa congelada_Setembro_508
654.87,507.92,POLPA-202509-2152,7.0,1.43,Polpa congelada_Setembro_509
476.78,226.48,POLPA-202509-4322,9.0,1.16,Polpa congelada_Setembro_510
316.17,238.87,POLPA-202509-5325,9.0,1.2,Polpa congelada_Setembro_511
854.84,830.0,POLPA-202509-1617,9.0,0.42,Polpa congelada_Setembro_512
147.51,31.18,POLPA-202509-9273,8.0,1.6,Polpa congelada_Setembro_513
121.58,76.31,POLPA-202509-3537,9.0,2.5,Polpa congelada_Setembro_514
235.87,83.47,POLPA-202509-3777,9.0,0.54,Polpa congelada_Setembro_515
153.43,84.8,POLPA-202509-3682,9.0,3.88,Polpa congelada_Setembro_516
500.21,44.96,POLPA-202509-3045,7.0,0.55,Polpa congelada_Setembro_517
1041.43,278.15,POLPA-202509-1899,9.0,0.66,Polpa congelada_Setembro_518
317.77,75.66,POLPA-202509-6558,8.0,2.51,Polpa congelada_Setembro_519
122.92,41.05,POLPA-202509-7305,7.0,1.03,Polpa congelada_Setembro_520
586.59,152.43,POLPA-202509-4452,8.0,0.91,Polpa congelada_Setembro_521
365.48,382.08,POLPA-202509-6532,8.0,4.5,Polpa congelada_Setembro_522
414.32,12.4,POLPA-202509-7881,10.0,2.33,Polpa congelada_Setembro_523
779.6,279.36,POLPA-202509-3243,10.0,0.41,Polpa congelada_Setembro_524
161.08,39.38,POLPA-202509-2488,7.0,1.12,Polpa congelada_Setembro_525
420.56,161.91,POLPA-202509-2906,9.0,2.85,Polpa congelada_Setembro_526
164.63,93.41,POLPA-202509-6006,9.0,2.36,Polpa congelada_Setembro_527
647.73,103.39,POLPA-202509-8296,9.0,1.33,Polpa congelada_Setembro_528
1490.98,196.34738686131388,POLPA-202509-1329,6.0,2.02,Polpa congelada_Setembro_529
509.16,159.13,POLPA-202509-7704,7.0,2.66,Polpa congelada_Setembro_530
177.83,30.78,POLPA-202509-3136,10.0,1.91,Polpa congelada_Setembro_531
301.48,402.38,POLPA-202509-8003,7.0,0.3,Polpa congelada_Setembro_532
986.2,313.55,POLPA-202509-6410,8.0,1.11,Polpa congelada_Setembro_533
456.04,111.2,POLPA-202509-7714,9.0,1.72,Polpa congelada_Setembro_534
494.29,146.41,POLPA-202509-5601,8.0,1.39,Polpa congelada_Setembro_535
744.91,119.26,POLPA-202509-9141,7.0,0.3,Polpa congelada_Setembro_536
115.91,49.59,POLPA-202509-8675,8.0,0.57,Polpa congelada_Setembro_537
1092.35,113.3,POLPA-202509-7329,9.0,2.86,Polpa congelada_Setembro_538
294.36,83.52,POLPA-202509-5158,8.0,2.21,Polpa congelada_Setembro_539
317.3,104.43,POLPA-202509-5747,10.0,2.68,Polpa congelada_Setembro_540
471.98,142.79,POLPA-202509-2371,10.0,4.43,Polpa congelada_Setembro_541
313.78,49.14,POLPA-202509-2155,7.0,2.27,Polpa congelada_Setembro_542
475.94,104.54,POLPA-202509-2190,7.0,2.07,Polpa congelada_Setembro_543
114.05,196.34738686131388,POLPA-202509-2832,8.387342513917375,2.7,Polpa congelada_Setembro_544
241.9,52.54,POLPA-202509-3702,9.0,3.35,Polpa congelada_Setembro_545
495.27,241.3,POLPA-202509-1978,8.0,4.5,Polpa congelada_Setembro_546
68.47,12.05,POLPA-202509-5921,7.0,1.58,Polpa congelada_Setembro_547
104.72,109.57,POLPA-202509-4202,8.0,1.38,Polpa congelada_Setembro_548
702.55,25.76,POLPA-202509-8002,9.0,0.35,Polpa congelada_Setembro_549
2033.92,344.52,POLPA-202509-4742,9.0,2.32,Polpa congelada_Setembro_550
1380.42,639.42,POLPA-202509-7269,9.0,2.46,Polpa congelada_Setembro_551
196.04,48.49,POLPA-202509-9237,9.0,1.93,Polpa congelada_Setembro_552
135.82,19.55,POLPA-202509-9656,7.0,1.6,Polpa congelada_Setembro_553
97.65,3.71,POLPA-202509-8454,8.0,0.38,Polpa congelada_Setembro_554
567.53,73.86,POLPA-202509-5003,8.0,2.67,Polpa congelada_Setembro_555
208.97,10.01,POLPA-202509-1180,8.0,2.29,Polpa congelada_Setembro_556
596.75,353.48,POLPA-202509-2707,9.0,2.16,Polpa congelada_Setembro_557
901.67,278.3,POLPA-202509-6376,8.0,2.02,Polpa congelada_Setembro_558
2154.0,236.46,POLPA-202509-7866,8.0,0.3,Polpa congelada_Setembro_559
1300.48,301.78,POLPA-202509-8583,8.387342513917375,2.28,Polpa congelada_Setembro_560
349.93,79.47,POLPA-202509-9838,8.0,1.97,Polpa congelada_Setembro_561
875.93,67.46,POLPA-202509-7995,7.0,0.93,Polpa congelada_Setembro_562
116.56,22.4,POLPA-202509-8259,10.0,1.04,Polpa congelada_Setembro_563
231.71,259.53,POLPA-202509-8211,8.0,2.04,Polpa congelada_Setembro_564
383.99,129.82,POLPA-202509-7279,8.0,2.47,Polpa congelada_Setembro_565
555.03,480.65,POLPA-202509-6446,6.0,0.89,Polpa congelada_Setembro_566
444.99,6.44,POLPA-202509-4321,8.0,0.75,Polpa congelada_Setembro_567
450.95,163.89,POLPA-202509-6629,9.0,3.19,Polpa congelada_Setembro_568
684.34,196.45,POLPA-202509-8278,7.0,0.96,Polpa congelada_Setembro_569
620.09,288.1,POLPA-202509-1527,7.0,2.52,Polpa congelada_Setembro_570
529.2,86.02,POLPA-202509-4627,9.0,0.96,Polpa congelada_Setembro_571
649.62,37.64,POLPA-202509-5002,7.0,3.3,Polpa congelada_Setembro_572
276.78,26.22,POLPA-202509-4250,7.0,2.48,Polpa congelada_Setembro_573
248.87,207.2,POLPA-202509-4512,9.0,1.71,Polpa congelada_Setembro_574
578.7460611353711,22.77,POLPA-202509-2871,9.0,1.89,Polpa congelada_Setembro_575
140.76,32.77,POLPA-202509-9682,8.0,1.62,Polpa congelada_Setembro_576
176.07,17.9,POLPA-202509-7827,8.0,2.29,Polpa congelada_Setembro_577
1036.8,872.65,POLPA-202509-2406,8.0,1.28,Polpa congelada_Setembro_578
589.81,163.4,POLPA-202509-7922,8.0,2.73,Polpa congelada_Setembro_579
942.21,483.99,POLPA-202509-6604,8.0,1.45,Polpa congelada_Setembro_580
1063.46,353.73,POLPA-202509-4869,8.0,1.88,Polpa congelada_Setembro_581
1012.45,797.79,POLPA-202509-9292,8.0,1.52,Polpa congelada_Setembro_582
78.74,21.83,POLPA-202509-8290,9.0,0.75,Polpa congelada_Setembro_583
554.66,361.89,POLPA-202509-3310,10.0,1.05,Polpa congelada_Setembro_584
284.25,30.28,POLPA-202509-6374,7.0,1.95,Polpa congelada_Setembro_585
420.57,196.34738686131388,POLPA-202509-8835,9.0,2.08,Polpa congelada_Setembro_586
475.6,296.02,POLPA-202509-8532,8.387342513917375,1.67,Polpa congelada_Setembro_587
315.4,196.34738686131388,POLPA-202509-1969,9.0,2.44,Polpa congelada_Setembro_588
870.51,172.43,POLPA-202509-3596,8.0,2.54,Polpa congelada_Setembro_589
276.55,244.49,POLPA-202509-5084,8.0,1.53,Polpa congelada_Setembro_590
611.06,297.32,POLPA-202509-1136,7.0,1.12,Polpa congelada_Setembro_591
517.11,205.44,POLPA-202509-8294,8.387342513917375,3.04,Polpa congelada_Setembro_592
733.2,224.37,POLPA-202509-9697,8.0,2.2,Polpa congelada_Setembro_593
455.96,196.88,POLPA-202509-8666,9.0,0.68,Polpa congelada_Setembro_594
430.92,199.62,POLPA-202509-4609,10.0,1.82,Polpa congelada_Setembro_595
422.27,150.36,POLPA-202509-6039,10.0,0.86,Polpa congelada_Setembro_596
752.07,554.07,POLPA-202509-6883,8.387342513917375,1.64,Polpa congelada_Setembro_597
590.0,218.0,POLPA-202509-8566,9.0,2.35,Polpa congelada_Setembro_598
596.18,109.92,POLPA-202509-4245,8.0,1.35,Polpa congelada_Setembro_599
685.73,133.64,POLPA-202509-6756,8.0,2.66,Polpa congelada_Setembro_600
1341.85,522.84,POLPA-202509-2482,9.0,2.4,Polpa congelada_Setembro_601
535.58,238.88,POLPA-202509-9126,8.0,3.15,Polpa congelada_Setembro_602
372.36,2.48,POLPA-202509-7856,9.0,2.28,Polpa congelada_Setembro_603
201.74,9.75,POLPA-202509-4074,10.0,1.82,Polpa congelada_Setembro_604
143.9,93.21,POLPA-202509-4867,10.0,2.53,Polpa congelada_Setembro_605
693.84,3.87,POLPA-202509-3919,8.0,1.55,Polpa congelada_Setembro_606
292.46,148.64,POLPA-202509-5807,8.0,0.3,Polpa congelada_Setembro_607
283.59,167.53,POLPA-202509-1036,9.0,1.2,Polpa congelada_Setembro_608
516.95,113.64,POLPA-202509-6949,8.0,1.64,Polpa congelada_Setembro_609
1734.42,426.67,POLPA-202509-5288,7.0,1.0,Polpa congelada_Setembro_610
616.52,263.2,POLPA-202509-8923,8.0,0.81,Polpa congelada_Setembro_611
2583.55,84.98,POLPA-202509-5192,7.0,1.77,Polpa congelada_Setembro_612
333.48,153.39,POLPA-202509-4267,7.0,2.49,Polpa congelada_Setembro_613
578.7460611353711,156.14,POLPA-202509-1295,8.0,0.62,Polpa congelada_Setembro_614
197.74,196.34738686131388,POLPA-202509-7752,8.0,0.51,Polpa congelada_Setembro_615
1817.82,177.63,POLPA-202509-1611,8.0,3.55,Polpa congelada_Setembro_616
982.08,167.66,POLPA-202509-9993,6.0,1.52,Polpa congelada_Setembro_617
1123.36,236.15,POLPA-202509-1336,9.0,1.81,Polpa congelada_Setembro_618
695.16,3.77,POLPA-202509-3599,9.0,1.92,Polpa congelada_Setembro_619
933.92,29.88,POLPA-202509-9007,7.0,1.92,Polpa congelada_Setembro_620
846.56,183.46,POLPA-202509-1083,7.0,0.66,Polpa congelada_Setembro_621
109.53,196.34738686131388,POLPA-202509-4339,8.0,3.04,Polpa congelada_Setembro_622
1029.05,104.41,POLPA-202509-3573,7.0,2.12,Polpa congelada_Setembro_623
509.47,240.36,POLPA-202509-1083,8.0,2.15,Polpa congelada_Setembro_624
243.38,124.61,POLPA-202509-5621,7.0,1.7,Polpa congelada_Setembro_625
578.7460611353711,62.82,POLPA-202509-8967,7.0,2.21,Polpa congelada_Setembro_626
578.7460611353711,268.19,POLPA-202509-1568,9.0,1.94,Polpa congelada_Setembro_627
1294.48,316.74,POLPA-202509-3275,7.0,2.44,Polpa congelada_Setembro_628
1771.02,917.83,POLPA-202509-9621,7.0,1.29,Polpa congelada_Setembro_629
281.24,152.16,POLPA-202509-6665,10.0,1.67,Polpa congelada_Setembro_630
124.14,36.97,POLPA-202509-2364,7.0,1.55,Polpa congelada_Setembro_631
311.32,73.12,POLPA-202509-3485,8.0,1.96,Polpa congelada_Setembro_632
211.76,195.92,POLPA-202509-1009,10.0,1.88,Polpa congelada_Setembro_633
483.07,7.18,POLPA-202509-9888,8.0,1.37,Polpa congelada_Setembro_634
208.25,246.33,POLPA-202509-4326,7.0,1.86,Polpa congelada_Setembro_635
578.7460611353711,452.97,POLPA-202509-5031,7.0,0.53,Polpa congelada_Setembro_636
1552.11,61.38,POLPA-202509-6698,6.0,2.47,Polpa congelada_Setembro_637
599.23,111.8,POLPA-202509-7547,8.0,3.41,Polpa congelada_Setembro_638
439.66,335.76,POLPA-202509-9129,8.0,2.75,Polpa congelada_Setembro_639
354.1,65.35,POLPA-202509-1941,8.0,2.78,Polpa congelada_Setembro_640
878.97,263.82,POLPA-202509-3922,8.0,4.45,Polpa congelada_Setembro_641
587.89,53.49,POLPA-202509-1261,8.0,1.71,Polpa congelada_Setembro_642
126.3,55.21,POLPA-202509-9233,9.0,1.25,Polpa congelada_Setembro_643
573.08,150.68,POLPA-202509-3171,9.0,0.99,Polpa congelada_Setembro_644
200.33,191.68,POLPA-202509-2197,8.0,2.15,Polpa congelada_Setembro_645
832.68,329.94,POLPA-202509-9154,7.0,3.01,Polpa congelada_Setembro_646
427.11,108.44,POLPA-202509-7039,8.0,1.84,Polpa congelada_Setembro_647
304.0,9.86,POLPA-202509-8574,9.0,0.55,Polpa congelada_Setembro_648
72.12,35.55,POLPA-202509-2311,7.0,0.3,Polpa congelada_Setembro_649
817.97,146.43,POLPA-202509-1067,8.0,1.22,Polpa congelada_Setembro_650
859.39,609.53,POLPA-202509-2039,7.0,2.71,Polpa congelada_Setembro_651
925.77,171.27,POLPA-202509-6399,8.0,2.56,Polpa congelada_Setembro_652
900.89,190.69,POLPA-202509-4704,7.0,0.79,Polpa congelada_Setembro_653
410.82,196.34738686131388,POLPA-202509-2156,9.0,3.29,Polpa congelada_Setembro_654
1061.33,131.78,POLPA-202509-1953,6.0,1.49,Polpa congelada_Setembro_655
622.36,162.34,POLPA-202509-4944,9.0,0.78,Polpa congelada_Setembro_656
833.25,436.63,POLPA-202509-8226,9.0,3.28,Polpa congelada_Setembro_657
898.72,143.03,POLPA-202509-2182,8.0,1.24,Polpa congelada_Setembro_658
415.96,81.02,POLPA-202509-9002,7.0,2.98,Polpa congelada_Setembro_659
124.93,82.05,POLPA-202509-4989,10.0,2.66,Polpa congelada_Setembro_660
161.79,112.38,POLPA-202509-6336,9.0,1.86,Polpa congelada_Setembro_661
1140.88,212.96,POLPA-202509-8868,9.0,1.41,Polpa congelada_Setembro_662
1099.8,77.65,POLPA-202509-7120,7.0,1.54,Polpa congelada_Setembro_663
1761.13,378.47,POLPA-202509-2206,9.0,2.05,Polpa congelada_Setembro_664
713.33,223.2,POLPA-202509-8020,9.0,1.71,Polpa congelada_Setembro_665
222.42,119.25,POLPA-202509-3239,7.0,3.17,Polpa congelada_Setembro_666
858.65,516.01,POLPA-202509-3632,10.0,2.11,Polpa congelada_Setembro_667
578.7460611353711,308.9,POLPA-202509-8577,9.0,2.56,Polpa congelada_Setembro_668
290.88,276.28,POLPA-202509-2382,8.0,0.98,Polpa congelada_Setembro_669
287.91,59.84,POLPA-202509-2598,8.0,3.11,Polpa congelada_Setembro_670
229.47,7.23,POLPA-202509-4269,8.0,1.95,Polpa congelada_Setembro_671
357.98,22.42,POLPA-202509-2197,8.0,1.8,Polpa congelada_Setembro_672
1257.95,399.46,POLPA-202509-5321,8.387342513917375,1.62,Polpa congelada_Setembro_673
58.47,24.0,POLPA-202509-8334,8.387342513917375,0.77,Polpa congelada_Setembro_674
443.01,267.97,POLPA-202509-8137,9.0,3.58,Polpa congelada_Setembro_675
709.51,177.1,POLPA-202509-8145,7.0,0.66,Polpa congelada_Setembro_676
752.19,101.77,POLPA-202509-8243,6.0,1.87,Polpa congelada_Setembro_677
1366.64,451.05,POLPA-202509-2431,8.0,3.5,Polpa congelada_Setembro_678
811.41,186.79,POLPA-202509-4797,7.0,1.61,Polpa congelada_Setembro_679
370.91,139.94,POLPA-202509-4430,7.0,1.51,Polpa congelada_Setembro_680
1415.06,305.99,POLPA-202509-5567,8.0,0.3,Polpa congelada_Setembro_681
1722.06,175.55,POLPA-202509-5619,10.0,3.94,Polpa congelada_Setembro_682
608.36,157.71,POLPA-202509-8966,9.0,1.3,Polpa congelada_Setembro_683
409.66,250.35,POLPA-202509-9689,7.0,2.99,Polpa congelada_Setembro_684
526.52,131.33,POLPA-202509-7703,9.0,2.55,Polpa congelada_Setembro_685
368.48,84.02,POLPA-202509-2227,8.0,2.69,Polpa congelada_Setembro_686
185.23,10.31,POLPA-202509-1786,9.0,0.91,Polpa congelada_Setembro_687
186.98,125.2,POLPA-202509-5260,8.0,2.02,Polpa congelada_Setembro_688
372.33,75.54,POLPA-202509-8818,9.0,0.94,Polpa congelada_Setembro_689
943.67,12.0,POLPA-202509-2438,7.0,2.27,Polpa congelada_Setembro_690
452.47,198.28,POLPA-202509-4776,9.0,2.27,Polpa congelada_Setembro_691
580.69,359.75,POLPA-202509-5979,9.0,3.46,Polpa congelada_Setembro_692
572.36,316.09,POLPA-202509-7564,8.0,1.11,Polpa congelada_Setembro_693
283.86,254.8,POLPA-202509-6860,7.0,1.76,Polpa congelada_Setembro_694
356.52,20.08,POLPA-202509-9409,10.0,3.13,Polpa congelada_Setembro_695
1039.65,827.05,POLPA-202509-1036,9.0,0.96,Polpa congelada_Setembro_696
207.13,136.13,POLPA-202509-9394,9.0,1.09,Polpa congelada_Setembro_697
639.89,472.71,POLPA-202509-1434,9.0,1.86,Polpa congelada_Setembro_698
504.94,84.28,POLPA-202509-7297,8.0,1.12,Polpa congelada_Setembro_699
970.61,472.83,POLPA-202510-5980,8.0,0.98,Polpa congelada_Outubro_0
708.15,229.34,POLPA-202510-9347,7.0,0.92,Polpa congelada_Outubro_1
789.04,59.13,POLPA-202510-2308,10.0,1.33,Polpa congelada_Outubro_2
612.19,477.36,POLPA-202510-3775,7.0,0.49,Polpa congelada_Outubro_3
570.75,648.54,POLPA-202510-3524,8.0,1.08,Polpa congelada_Outubro_4
2161.98,573.78,POLPA-202510-9811,8.0,1.81,Polpa congelada_Outubro_5
786.02,59.03,POLPA-202510-1882,10.0,0.56,Polpa congelada_Outubro_6
162.95,91.72,POLPA-202510-7802,8.0,0.3,Polpa congelada_Outubro_7
935.47,376.07,POLPA-202510-5599,10.0,2.23,Polpa congelada_Outubro_8
190.99,237.74,POLPA-202510-6466,10.0,2.02,Polpa congelada_Outubro_9
219.94,9.93,POLPA-202510-6526,9.0,0.69,Polpa congelada_Outubro_10
1472.84,503.2,POLPA-202510-8198,9.0,2.79,Polpa congelada_Outubro_11
910.14,185.37,POLPA-202510-9930,8.0,1.83,Polpa congelada_Outubro_12
451.44,207.1,POLPA-202510-9644,10.0,1.15,Polpa congelada_Outubro_13
1038.83,386.08,POLPA-202510-7906,8.387342513917375,2.87,Polpa congelada_Outubro_14
460.51,623.48,POLPA-202510-3178,9.0,1.94,Polpa congelada_Outubro_15
1456.53,214.04,POLPA-202510-8956,8.0,2.8,Polpa congelada_Outubro_16
305.34,196.34738686131388,POLPA-202510-4782,8.0,1.61,Polpa congelada_Outubro_17
172.31,64.76,POLPA-202510-8303,9.0,2.94,Polpa congelada_Outubro_18
364.8,199.42,POLPA-202510-8740,7.0,2.65,Polpa congelada_Outubro_19
321.19,89.72,POLPA-202510-1467,8.0,1.63,Polpa congelada_Outubro_20
716.44,143.52,POLPA-202510-5076,6.0,0.92,Polpa congelada_Outubro_21
1129.64,115.23,POLPA-202510-7260,9.0,0.84,Polpa congelada_Outubro_22
148.34,10.65,POLPA-202510-6084,9.0,2.28,Polpa congelada_Outubro_23
674.28,291.57,POLPA-202510-9008,8.0,2.29,Polpa congelada_Outubro_24
272.12,17.3,POLPA-202510-6347,10.0,2.67,Polpa congelada_Outubro_25
489.88,126.79,POLPA-202510-9277,7.0,0.65,Polpa congelada_Outubro_26
772.61,55.62,POLPA-202510-7450,7.0,0.72,Polpa congelada_Outubro_27
306.73,141.02,POLPA-202510-7283,8.0,3.0,Polpa congelada_Outubro_28
286.63,36.79,POLPA-202510-5060,9.0,1.39,Polpa congelada_Outubro_29
263.77,84.43,POLPA-202510-3482,9.0,0.3,Polpa congelada_Outubro_30
344.7,182.34,POLPA-202510-6724,9.0,3.16,Polpa congelada_Outubro_31
339.73,370.95,POLPA-202510-1964,10.0,1.56,Polpa congelada_Outubro_32
436.2,333.08,POLPA-202510-6875,9.0,0.46,Polpa congelada_Outubro_33
1688.64,129.28,POLPA-202510-2582,10.0,1.67,Polpa congelada_Outubro_34
106.68,14.95,POLPA-202510-5270,8.0,0.3,Polpa congelada_Outubro_35
189.01,60.94,POLPA-202510-9293,8.0,0.71,Polpa congelada_Outubro_36
401.36,199.42,POLPA-202510-5655,7.0,1.62,Polpa congelada_Outubro_37
341.58,51.54,POLPA-202510-9954,10.0,0.37,Polpa congelada_Outubro_38
1198.11,179.43,POLPA-202510-6533,8.0,2.98,Polpa congelada_Outubro_39
557.63,107.66,POLPA-202510-8148,9.0,1.3,Polpa congelada_Outubro_40
1584.01,109.54,POLPA-202510-9686,8.0,2.68,Polpa congelada_Outubro_41
477.07,113.31,POLPA-202510-3486,9.0,3.73,Polpa congelada_Outubro_42
1238.3,232.6,POLPA-202510-4668,9.0,2.5,Polpa congelada_Outubro_43
601.09,196.3,POLPA-202510-3620,9.0,2.25,Polpa congelada_Outubro_44
506.12,86.73,POLPA-202510-1076,10.0,2.13,Polpa congelada_Outubro_45
456.17,233.34,POLPA-202510-9068,10.0,2.12,Polpa congelada_Outubro_46
949.86,414.17,POLPA-202510-1909,7.0,1.4,Polpa congelada_Outubro_47
392.12,435.69,POLPA-202510-9999,9.0,1.52,Polpa congelada_Outubro_48
1803.68,607.96,POLPA-202510-4393,9.0,2.21,Polpa congelada_Outubro_49
598.72,101.61,POLPA-202510-2138,7.0,2.5,Polpa congelada_Outubro_50
479.6,259.19,POLPA-202510-8350,8.0,2.36,Polpa congelada_Outubro_51
312.14,28.45,POLPA-202510-6143,8.0,2.33,Polpa congelada_Outubro_52
811.11,148.56,POLPA-202510-2962,8.387342513917375,2.46,Polpa congelada_Outubro_53
297.7,131.91,POLPA-202510-5203,9.0,2.45,Polpa congelada_Outubro_54
263.83,128.52,POLPA-202510-3994,7.0,1.03,Polpa congelada_Outubro_55
1150.66,287.88,POLPA-202510-7461,7.0,2.08,Polpa congelada_Outubro_56
646.62,197.3,POLPA-202510-9221,9.0,0.85,Polpa congelada_Outubro_57
467.8,99.21,POLPA-202510-6864,9.0,1.9,Polpa congelada_Outubro_58
264.35,270.01,POLPA-202510-6667,6.0,1.1,Polpa congelada_Outubro_59
902.49,678.92,POLPA-202510-5877,7.0,2.44,Polpa congelada_Outubro_60
138.34,73.87,POLPA-202510-2292,7.0,2.28,Polpa congelada_Outubro_61
1022.63,96.47,POLPA-202510-7354,9.0,1.44,Polpa congelada_Outubro_62
163.0,32.37,POLPA-202510-5810,10.0,1.79,Polpa congelada_Outubro_63
848.08,570.01,POLPA-202510-7423,10.0,0.3,Polpa congelada_Outubro_64
525.19,53.01,POLPA-202510-5727,7.0,0.68,Polpa congelada_Outubro_65
857.53,290.08,POLPA-202510-9917,7.0,1.16,Polpa congelada_Outubro_66
322.21,2.03,POLPA-202510-9662,7.0,1.89,Polpa congelada_Outubro_67
263.08,96.26,POLPA-202510-5443,10.0,2.91,Polpa congelada_Outubro_68
506.97,652.86,POLPA-202510-2111,8.0,0.93,Polpa congelada_Outubro_69
392.89,292.39,POLPA-202510-9391,8.0,1.81,Polpa congelada_Outubro_70
159.78,45.3,POLPA-202510-1224,8.0,2.59,Polpa congelada_Outubro_71
456.39,29.97,POLPA-202510-2737,8.0,3.0,Polpa congelada_Outubro_72
613.84,44.79,POLPA-202510-3961,9.0,1.05,Polpa congelada_Outubro_73
580.48,261.68,POLPA-202510-5504,9.0,1.8,Polpa congelada_Outubro_74
318.46,27.21,POLPA-202510-2830,8.0,2.58,Polpa congelada_Outubro_75
457.77,98.35,POLPA-202510-6577,9.0,1.5,Polpa congelada_Outubro_76
854.09,205.4,POLPA-202510-3389,9.0,2.86,Polpa congelada_Outubro_77
695.88,404.55,POLPA-202510-7219,8.387342513917375,0.3,Polpa congelada_Outubro_78
776.67,379.38,POLPA-202510-5907,8.0,1.51,Polpa congelada_Outubro_79
884.12,416.06,POLPA-202510-3154,7.0,2.83,Polpa congelada_Outubro_80
532.94,136.08,POLPA-202510-7969,9.0,3.41,Polpa congelada_Outubro_81
550.4,242.38,POLPA-202510-4370,9.0,0.63,Polpa congelada_Outubro_82
416.87,165.61,POLPA-202510-3725,5.0,1.52,Polpa congelada_Outubro_83
327.15,243.52,POLPA-202510-6554,8.0,0.3,Polpa congelada_Outubro_84
391.5,198.28,POLPA-202510-2422,9.0,2.99,Polpa congelada_Outubro_85
504.76,177.56,POLPA-202510-9205,7.0,1.33,Polpa congelada_Outubro_86
166.53,88.4,POLPA-202510-4498,8.0,2.55,Polpa congelada_Outubro_87
783.12,117.4,POLPA-202510-6105,8.0,1.64,Polpa congelada_Outubro_88
820.91,169.37,POLPA-202510-5307,8.0,3.03,Polpa congelada_Outubro_89
132.46,0.64,POLPA-202510-5409,10.0,2.72,Polpa congelada_Outubro_90
758.3,225.99,POLPA-202510-5553,9.0,0.51,Polpa congelada_Outubro_91
1478.77,207.07,POLPA-202510-3723,9.0,0.35,Polpa congelada_Outubro_92
903.56,12.08,POLPA-202510-8035,6.0,2.94,Polpa congelada_Outubro_93
1261.43,374.67,POLPA-202510-5645,6.0,2.98,Polpa congelada_Outubro_94
367.15,124.1,POLPA-202510-5211,9.0,0.3,Polpa congelada_Outubro_95
146.61,74.7,POLPA-202510-9206,8.0,1.57,Polpa congelada_Outubro_96
535.87,494.63,POLPA-202510-1583,8.0,0.3,Polpa congelada_Outubro_97
773.5,308.86,POLPA-202510-2970,9.0,3.29,Polpa congelada_Outubro_98
399.56,46.65,POLPA-202510-6784,8.0,1.4,Polpa congelada_Outubro_99
345.35,238.52,POLPA-202510-6980,10.0,1.8,Polpa congelada_Outubro_100
372.64,106.84,POLPA-202510-7572,10.0,1.91,Polpa congelada_Outubro_101
123.63,61.95,POLPA-202510-1896,9.0,1.25,Polpa congelada_Outubro_102
555.0,356.62,POLPA-202510-2777,7.0,2.86,Polpa congelada_Outubro_103
2560.24,112.31,POLPA-202510-9299,9.0,1.58,Polpa congelada_Outubro_104
177.31,21.05,POLPA-202510-7045,10.0,0.3,Polpa congelada_Outubro_105
168.44,56.97,POLPA-202510-2675,8.0,1.64,Polpa congelada_Outubro_106
917.55,584.32,POLPA-202510-3596,8.0,2.4,Polpa congelada_Outubro_107
1023.6,112.31,POLPA-202510-3121,7.0,2.64,Polpa congelada_Outubro_108
887.41,372.35,POLPA-202510-5467,8.0,0.46,Polpa congelada_Outubro_109
392.44,108.12,POLPA-202510-4410,9.0,1.59,Polpa congelada_Outubro_110
1124.64,101.49,POLPA-202510-4779,8.0,0.57,Polpa congelada_Outubro_111
2611.79,102.0,POLPA-202510-1285,7.0,2.25,Polpa congelada_Outubro_112
801.61,904.83,POLPA-202510-8444,7.0,0.57,Polpa congelada_Outubro_113
327.32,131.27,POLPA-202510-6316,8.0,2.58,Polpa congelada_Outubro_114
1086.66,612.15,POLPA-202510-2987,9.0,0.3,Polpa congelada_Outubro_115
334.39,103.11,POLPA-202510-3119,7.0,1.81,Polpa congelada_Outubro_116
399.66,317.85,POLPA-202510-2624,7.0,2.37,Polpa congelada_Outubro_117
1918.31,17.4,POLPA-202510-4220,9.0,1.84,Polpa congelada_Outubro_118
187.45,6.97,POLPA-202510-8397,10.0,0.86,Polpa congelada_Outubro_119
584.23,120.25,POLPA-202510-8392,7.0,1.36,Polpa congelada_Outubro_120
935.41,760.94,POLPA-202510-3972,8.0,2.31,Polpa congelada_Outubro_121
597.0,232.93,POLPA-202510-4642,9.0,0.61,Polpa congelada_Outubro_122
527.53,101.85,POLPA-202510-1578,7.0,1.84,Polpa congelada_Outubro_123
1244.66,2.57,POLPA-202510-6124,9.0,1.01,Polpa congelada_Outubro_124
882.63,232.94,POLPA-202510-5795,8.0,2.07,Polpa congelada_Outubro_125
334.12,66.8,POLPA-202510-3485,8.0,3.03,Polpa congelada_Outubro_126
950.85,334.2,POLPA-202510-3281,10.0,2.37,Polpa congelada_Outubro_127
628.09,235.73,POLPA-202510-9260,8.0,1.6,Polpa congelada_Outubro_128
232.52,72.03,POLPA-202510-5375,7.0,2.71,Polpa congelada_Outubro_129
1821.58,261.64,POLPA-202510-4013,8.0,1.72,Polpa congelada_Outubro_130
395.18,2.81,POLPA-202510-1211,10.0,1.97,Polpa congelada_Outubro_131
1073.44,219.03,POLPA-202510-3172,8.0,2.72,Polpa congelada_Outubro_132
270.38,330.64,POLPA-202510-9241,9.0,1.59,Polpa congelada_Outubro_133
775.53,330.38,POLPA-202510-7627,9.0,1.44,Polpa congelada_Outubro_134
818.37,902.86,POLPA-202510-5415,9.0,1.96,Polpa congelada_Outubro_135
133.11,101.83,POLPA-202510-9245,7.0,0.93,Polpa congelada_Outubro_136
748.09,235.27,POLPA-202510-9207,8.0,1.42,Polpa congelada_Outubro_137
756.68,542.59,POLPA-202510-5054,7.0,1.09,Polpa congelada_Outubro_138
943.47,26.78,POLPA-202510-7515,6.0,1.12,Polpa congelada_Outubro_139
213.33,68.53,POLPA-202510-1279,8.0,3.34,Polpa congelada_Outubro_140
135.28,42.47,POLPA-202510-2913,9.0,1.06,Polpa congelada_Outubro_141
1441.52,88.26,POLPA-202510-4238,10.0,1.55,Polpa congelada_Outubro_142
419.01,41.03,POLPA-202510-1277,9.0,1.23,Polpa congelada_Outubro_143
778.27,88.73,POLPA-202510-2248,9.0,3.87,Polpa congelada_Outubro_144
408.53,6.63,POLPA-202510-5591,8.0,2.36,Polpa congelada_Outubro_145
1362.81,288.76,POLPA-202510-4349,7.0,1.29,Polpa congelada_Outubro_146
562.82,414.51,POLPA-202510-1188,10.0,0.71,Polpa congelada_Outubro_147
385.45,313.68,POLPA-202510-1506,8.0,2.32,Polpa congelada_Outubro_148
582.43,207.99,POLPA-202510-6705,8.0,2.36,Polpa congelada_Outubro_149
939.64,6.84,POLPA-202510-5731,7.0,1.13,Polpa congelada_Outubro_150
190.93,21.92,POLPA-202510-4885,9.0,1.7,Polpa congelada_Outubro_151
1041.39,403.77,POLPA-202510-7091,9.0,2.9,Polpa congelada_Outubro_152
622.61,793.94,POLPA-202510-2491,8.0,2.26,Polpa congelada_Outubro_153
633.62,7.89,POLPA-202510-3118,8.0,0.92,Polpa congelada_Outubro_154
136.98,79.63,POLPA-202510-6651,9.0,1.32,Polpa congelada_Outubro_155
817.47,7.13,POLPA-202510-8266,8.0,1.26,Polpa congelada_Outubro_156
788.09,297.26,POLPA-202510-9529,8.0,1.7,Polpa congelada_Outubro_157
736.26,83.81,POLPA-202510-8906,7.0,1.59,Polpa congelada_Outubro_158
450.65,238.71,POLPA-202510-6430,8.0,0.81,Polpa congelada_Outubro_159
351.52,101.43,POLPA-202510-7785,10.0,2.07,Polpa congelada_Outubro_160
86.95,61.96,POLPA-202510-7398,9.0,2.39,Polpa congelada_Outubro_161
764.74,790.63,POLPA-202510-5079,8.0,1.18,Polpa congelada_Outubro_162
282.52,345.71,POLPA-202510-3128,7.0,1.94,Polpa congelada_Outubro_163
359.68,38.93,POLPA-202510-4025,9.0,0.99,Polpa congelada_Outubro_164
304.3,388.74,POLPA-202510-7754,10.0,2.34,Polpa congelada_Outubro_165
1914.44,196.34738686131388,POLPA-202510-1512,8.0,3.07,Polpa congelada_Outubro_166
231.35,45.9,POLPA-202510-4858,8.387342513917375,2.39,Polpa congelada_Outubro_167
477.73,82.44,POLPA-202510-8231,8.0,0.95,Polpa congelada_Outubro_168
1019.48,536.09,POLPA-202510-3701,8.0,1.68,Polpa congelada_Outubro_169
618.93,69.97,POLPA-202510-4753,8.0,1.46,Polpa congelada_Outubro_170
349.66,123.69,POLPA-202510-4144,9.0,3.42,Polpa congelada_Outubro_171
1060.0,84.29,POLPA-202510-5137,5.0,1.98,Polpa congelada_Outubro_172
181.67,32.67,POLPA-202510-8566,10.0,2.09,Polpa congelada_Outubro_173
547.6,455.62,POLPA-202510-7770,9.0,1.16,Polpa congelada_Outubro_174
208.77,63.42,POLPA-202510-2989,9.0,1.43,Polpa congelada_Outubro_175
103.51,68.01,POLPA-202510-8818,9.0,0.52,Polpa congelada_Outubro_176
468.92,243.15,POLPA-202510-2467,8.0,1.38,Polpa congelada_Outubro_177
905.62,256.96,POLPA-202510-2834,8.0,1.5,Polpa congelada_Outubro_178
203.97,25.81,POLPA-202510-3885,10.0,3.89,Polpa congelada_Outubro_179
472.54,120.82,POLPA-202510-5176,8.0,2.08,Polpa congelada_Outubro_180
1069.02,134.82,POLPA-202510-7366,8.0,0.66,Polpa congelada_Outubro_181
908.74,130.34,POLPA-202510-6249,8.0,1.54,Polpa congelada_Outubro_182
436.92,274.75,POLPA-202510-8764,10.0,1.78,Polpa congelada_Outubro_183
549.4,405.41,POLPA-202510-3757,8.387342513917375,1.66,Polpa congelada_Outubro_184
468.13,108.43,POLPA-202510-1006,8.0,2.11,Polpa congelada_Outubro_185
746.16,8.69,POLPA-202510-4926,7.0,2.39,Polpa congelada_Outubro_186
288.03,83.24,POLPA-202510-2087,9.0,1.9,Polpa congelada_Outubro_187
870.56,252.46,POLPA-202510-2391,7.0,2.55,Polpa congelada_Outubro_188
1205.09,73.38,POLPA-202510-9387,9.0,2.04,Polpa congelada_Outubro_189
160.46,49.76,POLPA-202510-3787,8.0,1.13,Polpa congelada_Outubro_190
446.92,196.34738686131388,POLPA-202510-9096,8.0,1.33,Polpa congelada_Outubro_191
934.18,101.58,POLPA-202510-8813,8.0,2.24,Polpa congelada_Outubro_192
444.86,318.74,POLPA-202510-6871,10.0,1.42,Polpa congelada_Outubro_193
2110.43,646.13,POLPA-202510-9488,9.0,1.11,Polpa congelada_Outubro_194
513.83,105.8,POLPA-202510-9672,7.0,1.03,Polpa congelada_Outubro_195
351.17,64.88,POLPA-202510-6787,9.0,0.3,Polpa congelada_Outubro_196
318.9,86.48,POLPA-202510-8865,9.0,2.75,Polpa congelada_Outubro_197
437.95,157.53,POLPA-202510-1325,10.0,2.57,Polpa congelada_Outubro_198
707.08,113.87,POLPA-202510-4176,8.0,1.9,Polpa congelada_Outubro_199
311.16,146.02,POLPA-202510-5611,9.0,2.06,Polpa congelada_Outubro_200
691.0,523.82,POLPA-202510-9805,9.0,3.76,Polpa congelada_Outubro_201
380.64,383.81,POLPA-202510-7881,8.387342513917375,0.62,Polpa congelada_Outubro_202
216.64,141.7,POLPA-202510-7170,9.0,2.08,Polpa congelada_Outubro_203
815.3,152.06,POLPA-202510-5928,9.0,1.43,Polpa congelada_Outubro_204
466.38,92.45,POLPA-202510-5878,9.0,3.8,Polpa congelada_Outubro_205
481.35,190.16,POLPA-202510-4617,7.0,0.94,Polpa congelada_Outubro_206
493.03,359.62,POLPA-202510-4404,8.0,2.04,Polpa congelada_Outubro_207
1000.47,389.81,POLPA-202510-8529,10.0,3.29,Polpa congelada_Outubro_208
412.78,35.94,POLPA-202510-9978,8.387342513917375,2.19,Polpa congelada_Outubro_209
961.7,485.5,POLPA-202510-3865,10.0,1.06,Polpa congelada_Outubro_210
388.98,29.17,POLPA-202510-2684,8.0,2.55,Polpa congelada_Outubro_211
240.41,93.53,POLPA-202510-4826,7.0,1.83,Polpa congelada_Outubro_212
359.54,68.03,POLPA-202510-7248,9.0,1.53,Polpa congelada_Outubro_213
406.17,23.67,POLPA-202510-3750,8.0,1.35,Polpa congelada_Outubro_214
144.12,29.69,POLPA-202510-7704,8.0,0.79,Polpa congelada_Outubro_215
570.09,18.93,POLPA-202510-8238,7.0,1.8,Polpa congelada_Outubro_216
642.42,767.69,POLPA-202510-2140,10.0,2.38,Polpa congelada_Outubro_217
144.22,7.99,POLPA-202510-8405,8.387342513917375,2.6,Polpa congelada_Outubro_218
515.02,174.97,POLPA-202510-6712,7.0,3.18,Polpa congelada_Outubro_219
506.94,408.45,POLPA-202510-7279,9.0,1.32,Polpa congelada_Outubro_220
1245.26,407.1,POLPA-202510-2709,10.0,2.81,Polpa congelada_Outubro_221
1051.48,483.14,POLPA-202510-8074,10.0,0.89,Polpa congelada_Outubro_222
276.36,188.15,POLPA-202510-6980,8.387342513917375,1.84,Polpa congelada_Outubro_223
382.07,121.92,POLPA-202510-5886,9.0,1.07,Polpa congelada_Outubro_224
254.76,266.09,POLPA-202510-4575,9.0,3.13,Polpa congelada_Outubro_225
1243.65,39.01,POLPA-202510-7290,8.0,1.45,Polpa congelada_Outubro_226
264.74,63.27,POLPA-202510-9432,8.0,2.65,Polpa congelada_Outubro_227
517.48,97.2,POLPA-202510-8506,9.0,2.4,Polpa congelada_Outubro_228
781.72,173.84,POLPA-202510-1175,8.0,2.46,Polpa congelada_Outubro_229
932.4,252.09,POLPA-202510-6224,7.0,0.3,Polpa congelada_Outubro_230
598.53,150.79,POLPA-202510-7290,10.0,0.3,Polpa congelada_Outubro_231
719.91,319.3,POLPA-202510-9080,8.0,3.16,Polpa congelada_Outubro_232
922.31,411.29,POLPA-202510-9207,10.0,1.44,Polpa congelada_Outubro_233
596.3,190.26,POLPA-202510-2077,7.0,0.3,Polpa congelada_Outubro_234
578.7460611353711,725.5,POLPA-202510-5354,9.0,1.94,Polpa congelada_Outubro_235
471.24,6.54,POLPA-202510-8010,7.0,1.4,Polpa congelada_Outubro_236
2252.67,366.6,POLPA-202510-7757,9.0,1.57,Polpa congelada_Outubro_237
272.31,196.34738686131388,POLPA-202510-3746,9.0,2.43,Polpa congelada_Outubro_238
123.91,77.1,POLPA-202510-5787,9.0,2.81,Polpa congelada_Outubro_239
148.56,47.43,POLPA-202510-3439,10.0,2.36,Polpa congelada_Outubro_240
50.55,14.11,POLPA-202510-6651,9.0,1.31,Polpa congelada_Outubro_241
234.56,185.79,POLPA-202510-3396,7.0,1.82,Polpa congelada_Outubro_242
859.75,58.53,POLPA-202510-2366,9.0,0.63,Polpa congelada_Outubro_243
597.68,270.97,POLPA-202510-4373,7.0,0.3,Polpa congelada_Outubro_244
92.77,54.22,POLPA-202510-5361,8.0,1.65,Polpa congelada_Outubro_245
320.27,93.99,POLPA-202510-1039,9.0,0.3,Polpa congelada_Outubro_246
452.81,237.51,POLPA-202510-1184,9.0,2.31,Polpa congelada_Outubro_247
1140.53,352.52,POLPA-202510-3107,10.0,1.59,Polpa congelada_Outubro_248
116.89,22.33,POLPA-202510-8637,9.0,1.09,Polpa congelada_Outubro_249
698.15,285.4,POLPA-202510-9885,9.0,2.75,Polpa congelada_Outubro_250
920.72,239.76,POLPA-202510-2693,7.0,1.53,Polpa congelada_Outubro_251
164.93,113.35,POLPA-202510-7588,10.0,1.0,Polpa congelada_Outubro_252
572.16,49.73,POLPA-202510-1386,8.0,1.82,Polpa congelada_Outubro_253
1147.43,764.99,POLPA-202510-2033,7.0,0.94,Polpa congelada_Outubro_254
209.95,100.68,POLPA-202510-6115,7.0,1.48,Polpa congelada_Outubro_255
1148.14,145.71,POLPA-202510-7876,8.0,3.04,Polpa congelada_Outubro_256
744.39,721.48,POLPA-202510-2541,8.0,3.08,Polpa congelada_Outubro_257
216.76,47.16,POLPA-202510-7924,9.0,2.84,Polpa congelada_Outubro_258
1562.71,938.97,POLPA-202510-9501,8.0,0.66,Polpa congelada_Outubro_259
898.45,209.82,POLPA-202510-2620,9.0,2.54,Polpa congelada_Outubro_260
796.23,280.67,POLPA-202510-7389,8.0,2.16,Polpa congelada_Outubro_261
424.4,152.63,POLPA-202510-9886,9.0,2.35,Polpa congelada_Outubro_262
374.53,111.64,POLPA-202510-2726,8.0,1.32,Polpa congelada_Outubro_263
289.74,131.8,POLPA-202510-3519,8.0,0.89,Polpa congelada_Outubro_264
102.2,18.58,POLPA-202510-7284,9.0,2.16,Polpa congelada_Outubro_265
496.7,81.05,POLPA-202510-2044,7.0,1.72,Polpa congelada_Outubro_266
530.21,215.78,POLPA-202510-1520,8.0,2.24,Polpa congelada_Outubro_267
452.83,277.28,POLPA-202510-6168,10.0,1.75,Polpa congelada_Outubro_268
685.35,486.82,POLPA-202510-5223,10.0,1.31,Polpa congelada_Outubro_269
798.12,19.16,POLPA-202510-7201,8.0,1.01,Polpa congelada_Outubro_270
349.12,245.64,POLPA-202510-2937,8.0,1.12,Polpa congelada_Outubro_271
209.81,0.34,POLPA-202510-5812,7.0,3.48,Polpa congelada_Outubro_272
430.33,399.6,POLPA-202510-2028,8.0,2.66,Polpa congelada_Outubro_273
465.27,136.28,POLPA-202510-5668,8.0,1.09,Polpa congelada_Outubro_274
1241.64,271.29,POLPA-202510-8951,9.0,0.78,Polpa congelada_Outubro_275
1248.52,610.19,POLPA-202510-8737,9.0,2.35,Polpa congelada_Outubro_276
129.39,68.06,POLPA-202510-1223,7.0,1.86,Polpa congelada_Outubro_277
784.38,658.05,POLPA-202510-6845,8.0,3.13,Polpa congelada_Outubro_278
1189.74,301.95,POLPA-202510-2738,9.0,2.94,Polpa congelada_Outubro_279
394.32,115.58,POLPA-202510-3062,9.0,1.45,Polpa congelada_Outubro_280
691.09,131.29,POLPA-202510-4845,8.387342513917375,1.02,Polpa congelada_Outubro_281
1564.59,335.09,POLPA-202510-2000,9.0,1.38,Polpa congelada_Outubro_282
1393.77,375.62,POLPA-202510-7816,9.0,2.32,Polpa congelada_Outubro_283
1315.29,101.66,POLPA-202510-7769,8.0,2.92,Polpa congelada_Outubro_284
633.06,55.89,POLPA-202510-5878,8.0,3.51,Polpa congelada_Outubro_285
123.53,12.31,POLPA-202510-2792,8.0,1.73,Polpa congelada_Outubro_286
818.22,213.14,POLPA-202510-8711,8.0,1.73,Polpa congelada_Outubro_287
595.56,40.62,POLPA-202510-5195,7.0,1.57,Polpa congelada_Outubro_288
293.33,24.39,POLPA-202510-6978,9.0,0.75,Polpa congelada_Outubro_289
633.66,270.61,POLPA-202510-3247,10.0,2.22,Polpa congelada_Outubro_290
641.4,91.45,POLPA-202510-8266,8.0,2.53,Polpa congelada_Outubro_291
168.27,217.5,POLPA-202510-7302,8.0,1.99,Polpa congelada_Outubro_292
1677.23,196.62,POLPA-202510-3618,10.0,0.82,Polpa congelada_Outubro_293
315.97,126.05,POLPA-202510-6879,10.0,0.72,Polpa congelada_Outubro_294
1490.63,83.07,POLPA-202510-8747,8.0,1.36,Polpa congelada_Outubro_295
221.43,15.5,POLPA-202510-2331,8.0,2.32,Polpa congelada_Outubro_296
578.7460611353711,236.59,POLPA-202510-1762,8.0,0.59,Polpa congelada_Outubro_297
302.42,27.87,POLPA-202510-7517,9.0,0.3,Polpa congelada_Outubro_298
966.81,177.5,POLPA-202510-6372,8.0,1.08,Polpa congelada_Outubro_299
459.73,135.76,POLPA-202510-7173,8.0,0.59,Polpa congelada_Outubro_300
690.94,92.67,POLPA-202510-7870,8.0,1.47,Polpa congelada_Outubro_301
107.71,6.17,POLPA-202510-3731,7.0,1.15,Polpa congelada_Outubro_302
88.55,34.31,POLPA-202510-4781,8.0,1.69,Polpa congelada_Outubro_303
339.14,393.43,POLPA-202510-1896,8.0,2.35,Polpa congelada_Outubro_304
83.78,5.08,POLPA-202510-6770,8.0,1.15,Polpa congelada_Outubro_305
224.88,132.04,POLPA-202510-2706,8.0,1.08,Polpa congelada_Outubro_306
947.03,239.79,POLPA-202510-7230,7.0,1.88,Polpa congelada_Outubro_307
1112.16,186.33,POLPA-202510-7764,9.0,1.65,Polpa congelada_Outubro_308
690.43,223.97,POLPA-202510-8775,9.0,2.53,Polpa congelada_Outubro_309
243.63,231.25,POLPA-202510-5129,8.0,0.3,Polpa congelada_Outubro_310
434.17,18.09,POLPA-202510-2351,9.0,1.36,Polpa congelada_Outubro_311
131.05,11.46,POLPA-202510-7887,9.0,3.03,Polpa congelada_Outubro_312
596.91,108.02,POLPA-202510-3341,10.0,0.83,Polpa congelada_Outubro_313
387.62,147.76,POLPA-202510-3139,7.0,3.32,Polpa congelada_Outubro_314
672.17,258.43,POLPA-202510-8161,10.0,2.51,Polpa congelada_Outubro_315
262.31,138.27,POLPA-202510-2446,8.0,4.04,Polpa congelada_Outubro_316
395.08,176.51,POLPA-202510-5055,10.0,1.21,Polpa congelada_Outubro_317
595.23,241.08,POLPA-202510-7635,8.0,3.46,Polpa congelada_Outubro_318
139.61,58.97,POLPA-202510-9857,8.0,2.43,Polpa congelada_Outubro_319
83.22,50.97,POLPA-202510-9611,8.0,0.57,Polpa congelada_Outubro_320
369.82,6.99,POLPA-202510-7274,8.387342513917375,3.51,Polpa congelada_Outubro_321
804.75,353.11,POLPA-202510-1648,10.0,1.53,Polpa congelada_Outubro_322
791.06,144.1,POLPA-202510-5227,8.0,0.89,Polpa congelada_Outubro_323
336.23,168.22,POLPA-202510-1415,8.0,0.3,Polpa congelada_Outubro_324
621.47,218.44,POLPA-202510-6574,10.0,2.35,Polpa congelada_Outubro_325
2391.72,402.15,POLPA-202510-3007,9.0,0.3,Polpa congelada_Outubro_326
919.08,588.18,POLPA-202510-5634,9.0,2.24,Polpa congelada_Outubro_327
321.22,247.58,POLPA-202510-8749,10.0,1.81,Polpa congelada_Outubro_328
142.97,93.72,POLPA-202510-7416,9.0,3.93,Polpa congelada_Outubro_329
1006.88,592.48,POLPA-202510-3032,7.0,1.4,Polpa congelada_Outubro_330
322.25,19.43,POLPA-202510-6093,10.0,1.56,Polpa congelada_Outubro_331
588.11,124.66,POLPA-202510-1666,9.0,2.78,Polpa congelada_Outubro_332
948.9,369.14,POLPA-202510-2585,8.0,0.84,Polpa congelada_Outubro_333
265.5,43.84,POLPA-202510-6164,8.0,1.44,Polpa congelada_Outubro_334
717.82,489.57,POLPA-202510-6853,8.0,1.37,Polpa congelada_Outubro_335
1205.19,158.8,POLPA-202510-1123,8.0,3.32,Polpa congelada_Outubro_336
176.73,1.64,POLPA-202510-9454,7.0,2.02,Polpa congelada_Outubro_337
938.66,246.58,POLPA-202510-9476,9.0,1.38,Polpa congelada_Outubro_338
414.06,342.6,POLPA-202510-6984,9.0,1.47,Polpa congelada_Outubro_339
549.63,275.76,POLPA-202510-8312,8.0,2.3,Polpa congelada_Outubro_340
174.85,114.93,POLPA-202510-5125,8.0,0.59,Polpa congelada_Outubro_341
595.29,239.29,POLPA-202510-7778,9.0,1.77,Polpa congelada_Outubro_342
652.16,308.19,POLPA-202510-4724,7.0,2.87,Polpa congelada_Outubro_343
154.09,109.99,POLPA-202510-7902,10.0,2.46,Polpa congelada_Outubro_344
326.21,196.34738686131388,POLPA-202510-9622,10.0,2.61,Polpa congelada_Outubro_345
509.99,283.73,POLPA-202510-4589,7.0,0.3,Polpa congelada_Outubro_346
239.43,45.02,POLPA-202510-1166,6.0,2.21,Polpa congelada_Outubro_347
255.38,13.76,POLPA-202510-2403,10.0,2.89,Polpa congelada_Outubro_348
122.67,11.52,POLPA-202510-2694,9.0,0.42,Polpa congelada_Outubro_349
196.91,12.3,POLPA-202510-8673,10.0,1.78,Polpa congelada_Outubro_350
671.11,130.49,POLPA-202510-3901,8.0,1.16,Polpa congelada_Outubro_351
218.29,63.23,POLPA-202510-8009,10.0,1.69,Polpa congelada_Outubro_352
101.64,55.86,POLPA-202510-8927,8.0,2.14,Polpa congelada_Outubro_353
70.39,34.9,POLPA-202510-3316,7.0,0.52,Polpa congelada_Outubro_354
575.16,372.55,POLPA-202510-3293,8.0,2.63,Polpa congelada_Outubro_355
549.24,165.34,POLPA-202510-3792,9.0,2.13,Polpa congelada_Outubro_356
132.74,189.87,POLPA-202510-8442,9.0,1.1,Polpa congelada_Outubro_357
673.35,182.06,POLPA-202510-8409,9.0,1.92,Polpa congelada_Outubro_358
917.9,595.08,POLPA-202510-9049,8.0,1.59,Polpa congelada_Outubro_359
1033.71,776.52,POLPA-202510-6651,7.0,0.78,Polpa congelada_Outubro_360
92.97,196.34738686131388,POLPA-202510-6246,9.0,1.54,Polpa congelada_Outubro_361
1367.59,165.97,POLPA-202510-9194,9.0,2.46,Polpa congelada_Outubro_362
331.69,143.59,POLPA-202510-1174,9.0,1.64,Polpa congelada_Outubro_363
434.75,53.82,POLPA-202510-5484,9.0,2.17,Polpa congelada_Outubro_364
293.75,78.66,POLPA-202510-2144,8.0,1.85,Polpa congelada_Outubro_365
540.8,163.53,POLPA-202510-1784,8.0,2.28,Polpa congelada_Outubro_366
258.8,37.2,POLPA-202510-3822,9.0,1.3,Polpa congelada_Outubro_367
2044.93,401.85,POLPA-202510-2968,10.0,1.05,Polpa congelada_Outubro_368
877.79,47.2,POLPA-202510-9984,7.0,2.94,Polpa congelada_Outubro_369
388.74,286.8,POLPA-202510-3433,9.0,1.46,Polpa congelada_Outubro_370
135.42,55.64,POLPA-202510-9686,10.0,1.34,Polpa congelada_Outubro_371
1341.3,85.71,POLPA-202510-1455,8.0,2.15,Polpa congelada_Outubro_372
678.19,355.82,POLPA-202510-8810,9.0,1.59,Polpa congelada_Outubro_373
1287.87,524.15,POLPA-202510-8433,9.0,2.79,Polpa congelada_Outubro_374
294.67,129.62,POLPA-202510-8949,7.0,3.1,Polpa congelada_Outubro_375
1144.34,780.74,POLPA-202510-4753,10.0,1.07,Polpa congelada_Outubro_376
1004.77,495.54,POLPA-202510-3369,10.0,0.55,Polpa congelada_Outubro_377
384.91,236.57,POLPA-202510-5793,8.0,1.75,Polpa congelada_Outubro_378
187.32,44.26,POLPA-202510-2530,9.0,2.37,Polpa congelada_Outubro_379
238.92,144.03,POLPA-202510-5619,8.0,0.3,Polpa congelada_Outubro_380
937.35,192.76,POLPA-202510-4656,9.0,1.33,Polpa congelada_Outubro_381
1889.64,822.87,POLPA-202510-4382,6.0,0.47,Polpa congelada_Outubro_382
240.68,5.8,POLPA-202510-4080,7.0,3.09,Polpa congelada_Outubro_383
449.03,196.34738686131388,POLPA-202510-5566,8.0,1.3,Polpa congelada_Outubro_384
684.28,474.91,POLPA-202510-5322,8.0,2.11,Polpa congelada_Outubro_385
535.38,89.37,POLPA-202510-9607,6.0,1.67,Polpa congelada_Outubro_386
1502.2,67.61,POLPA-202510-5590,8.0,0.49,Polpa congelada_Outubro_387
756.32,417.59,POLPA-202510-5893,7.0,2.75,Polpa congelada_Outubro_388
374.61,44.61,POLPA-202510-2805,9.0,2.74,Polpa congelada_Outubro_389
391.68,7.01,POLPA-202510-2324,8.0,1.47,Polpa congelada_Outubro_390
581.23,213.12,POLPA-202510-2309,7.0,3.18,Polpa congelada_Outubro_391
450.87,389.08,POLPA-202510-8147,9.0,2.3,Polpa congelada_Outubro_392
449.51,130.63,POLPA-202510-4800,6.0,2.48,Polpa congelada_Outubro_393
99.52,77.44,POLPA-202510-9526,8.0,3.87,Polpa congelada_Outubro_394
1578.93,244.96,POLPA-202510-8831,9.0,2.36,Polpa congelada_Outubro_395
510.0,112.52,POLPA-202510-1986,9.0,1.08,Polpa congelada_Outubro_396
927.4,461.48,POLPA-202510-9475,9.0,1.0,Polpa congelada_Outubro_397
578.7460611353711,225.15,POLPA-202510-4485,8.0,1.56,Polpa congelada_Outubro_398
191.06,118.55,POLPA-202510-4627,9.0,0.3,Polpa congelada_Outubro_399
752.44,158.62,POLPA-202510-8400,10.0,1.52,Polpa congelada_Outubro_400
471.73,179.43,POLPA-202510-6101,8.0,1.96,Polpa congelada_Outubro_401
508.59,59.49,POLPA-202510-7914,9.0,1.95,Polpa congelada_Outubro_402
296.93,51.8,POLPA-202510-5048,7.0,0.69,Polpa congelada_Outubro_403
346.58,355.17,POLPA-202510-8261,10.0,2.02,Polpa congelada_Outubro_404
746.18,262.44,POLPA-202510-4807,9.0,1.7,Polpa congelada_Outubro_405
254.18,101.34,POLPA-202510-1561,9.0,2.81,Polpa congelada_Outubro_406
817.3,131.54,POLPA-202510-5471,9.0,2.25,Polpa congelada_Outubro_407
164.5,133.85,POLPA-202510-1628,8.387342513917375,1.11,Polpa congelada_Outubro_408
684.8,41.11,POLPA-202510-6067,10.0,1.4,Polpa congelada_Outubro_409
785.86,182.5,POLPA-202510-3757,10.0,0.99,Polpa congelada_Outubro_410
661.51,420.88,POLPA-202510-8101,9.0,1.55,Polpa congelada_Outubro_411
704.39,8.38,POLPA-202510-4673,9.0,2.62,Polpa congelada_Outubro_412
403.42,188.9,POLPA-202510-1442,9.0,0.84,Polpa congelada_Outubro_413
489.55,464.1,POLPA-202510-1868,8.387342513917375,0.48,Polpa congelada_Outubro_414
352.96,291.23,POLPA-202510-1349,10.0,0.85,Polpa congelada_Outubro_415
802.46,24.31,POLPA-202510-8246,8.0,0.3,Polpa congelada_Outubro_416
822.8,45.79,POLPA-202510-2996,10.0,1.77,Polpa congelada_Outubro_417
582.41,282.9,POLPA-202510-2599,6.0,1.34,Polpa congelada_Outubro_418
2885.55,480.2,POLPA-202510-3426,9.0,0.33,Polpa congelada_Outubro_419
1244.0,283.33,POLPA-202510-3828,8.0,1.04,Polpa congelada_Outubro_420
539.38,422.12,POLPA-202510-2169,8.0,1.56,Polpa congelada_Outubro_421
1149.92,10.85,POLPA-202510-3522,8.0,2.78,Polpa congelada_Outubro_422
695.1,322.99,POLPA-202510-6062,8.387342513917375,2.59,Polpa congelada_Outubro_423
536.68,486.89,POLPA-202510-6943,9.0,2.45,Polpa congelada_Outubro_424
444.65,23.43,POLPA-202510-8732,9.0,0.92,Polpa congelada_Outubro_425
1364.96,356.66,POLPA-202510-4513,8.0,1.86,Polpa congelada_Outubro_426
827.77,15.58,POLPA-202510-8581,8.0,2.8,Polpa congelada_Outubro_427
1149.8,17.38,POLPA-202510-8683,7.0,1.7,Polpa congelada_Outubro_428
146.05,39.5,POLPA-202510-8800,6.0,2.95,Polpa congelada_Outubro_429
618.48,828.51,POLPA-202510-7416,8.0,1.28,Polpa congelada_Outubro_430
993.59,530.52,POLPA-202510-2999,7.0,1.06,Polpa congelada_Outubro_431
1035.15,172.43,POLPA-202510-8696,9.0,2.53,Polpa congelada_Outubro_432
186.77,196.34738686131388,POLPA-202510-8090,8.0,3.79,Polpa congelada_Outubro_433
80.75,18.29,POLPA-202510-2344,9.0,0.79,Polpa congelada_Outubro_434
985.49,188.37,POLPA-202510-4634,7.0,2.5,Polpa congelada_Outubro_435
540.53,340.2,POLPA-202510-3914,8.0,2.99,Polpa congelada_Outubro_436
866.7,29.68,POLPA-202510-2752,6.0,2.19,Polpa congelada_Outubro_437
469.25,247.02,POLPA-202510-7900,9.0,2.95,Polpa congelada_Outubro_438
985.48,570.11,POLPA-202510-6450,9.0,1.77,Polpa congelada_Outubro_439
170.47,80.47,POLPA-202510-8900,9.0,2.35,Polpa congelada_Outubro_440
383.76,182.7,POLPA-202510-3612,9.0,1.2,Polpa congelada_Outubro_441
286.75,199.31,POLPA-202510-9060,9.0,1.56,Polpa congelada_Outubro_442
506.96,172.48,POLPA-202510-8133,9.0,1.33,Polpa congelada_Outubro_443
234.69,176.03,POLPA-202510-1323,10.0,1.12,Polpa congelada_Outubro_444
1073.93,1181.68,POLPA-202510-9438,8.0,2.33,Polpa congelada_Outubro_445
1774.24,1012.97,POLPA-202510-7669,7.0,3.43,Polpa congelada_Outubro_446
377.6,105.12,POLPA-202510-2660,7.0,2.12,Polpa congelada_Outubro_447
768.78,192.91,POLPA-202510-6434,7.0,0.3,Polpa congelada_Outubro_448
105.45,82.55,POLPA-202510-6951,9.0,2.35,Polpa congelada_Outubro_449
220.7,42.33,POLPA-202510-1407,9.0,0.91,Polpa congelada_Outubro_450
452.82,208.11,POLPA-202510-6594,8.0,1.37,Polpa congelada_Outubro_451
192.4,101.7,POLPA-202510-1028,7.0,1.68,Polpa congelada_Outubro_452
293.21,85.21,POLPA-202510-7213,8.0,0.88,Polpa congelada_Outubro_453
403.06,217.36,POLPA-202510-2049,7.0,2.45,Polpa congelada_Outubro_454
260.06,68.53,POLPA-202510-9056,9.0,0.87,Polpa congelada_Outubro_455
864.36,47.45,POLPA-202510-2956,8.0,0.96,Polpa congelada_Outubro_456
1072.16,162.88,POLPA-202510-2430,9.0,2.78,Polpa congelada_Outubro_457
371.54,109.23,POLPA-202510-2581,7.0,2.38,Polpa congelada_Outubro_458
582.25,63.57,POLPA-202510-5390,7.0,2.43,Polpa congelada_Outubro_459
737.95,173.46,POLPA-202510-6311,9.0,2.31,Polpa congelada_Outubro_460
335.74,55.15,POLPA-202510-7099,9.0,1.02,Polpa congelada_Outubro_461
136.51,51.73,POLPA-202510-6212,10.0,1.48,Polpa congelada_Outubro_462
1065.69,169.53,POLPA-202510-5221,8.0,1.73,Polpa congelada_Outubro_463
255.02,132.82,POLPA-202510-3205,7.0,0.3,Polpa congelada_Outubro_464
812.37,1093.84,POLPA-202510-2410,8.0,0.41,Polpa congelada_Outubro_465
146.74,163.39,POLPA-202510-6383,8.0,1.07,Polpa congelada_Outubro_466
683.45,15.16,POLPA-202510-4799,9.0,1.79,Polpa congelada_Outubro_467
402.71,231.89,POLPA-202510-2078,7.0,1.89,Polpa congelada_Outubro_468
239.44,281.89,POLPA-202510-1547,8.387342513917375,2.29,Polpa congelada_Outubro_469
1674.56,893.26,POLPA-202510-9402,8.0,2.52,Polpa congelada_Outubro_470
649.94,289.68,POLPA-202510-7422,7.0,1.38,Polpa congelada_Outubro_471
606.44,137.03,POLPA-202510-4100,10.0,2.18,Polpa congelada_Outubro_472
508.4,259.37,POLPA-202510-1552,9.0,0.55,Polpa congelada_Outubro_473
372.93,1.42,POLPA-202510-4187,10.0,0.98,Polpa congelada_Outubro_474
863.04,123.41,POLPA-202510-8540,10.0,0.4,Polpa congelada_Outubro_475
873.52,417.89,POLPA-202510-6591,9.0,2.01,Polpa congelada_Outubro_476
288.28,62.35,POLPA-202510-4315,8.0,0.78,Polpa congelada_Outubro_477
1099.35,267.92,POLPA-202510-5821,9.0,1.55,Polpa congelada_Outubro_478
655.5,266.94,POLPA-202510-7048,8.0,2.04,Polpa congelada_Outubro_479
183.96,139.81,POLPA-202510-3178,8.0,1.52,Polpa congelada_Outubro_480
437.52,432.82,POLPA-202510-3131,6.0,1.08,Polpa congelada_Outubro_481
425.8,305.06,POLPA-202510-3132,8.0,0.86,Polpa congelada_Outubro_482
621.93,224.42,POLPA-202510-5524,8.0,1.24,Polpa congelada_Outubro_483
328.26,355.58,POLPA-202510-1241,10.0,0.38,Polpa congelada_Outubro_484
117.87,54.68,POLPA-202510-2960,7.0,2.18,Polpa congelada_Outubro_485
575.77,326.9,POLPA-202510-4975,9.0,1.61,Polpa congelada_Outubro_486
685.88,687.55,POLPA-202510-3831,8.0,1.73,Polpa congelada_Outubro_487
571.35,412.68,POLPA-202510-9349,7.0,2.22,Polpa congelada_Outubro_488
1496.31,428.59,POLPA-202510-1166,9.0,1.44,Polpa congelada_Outubro_489
146.37,196.34738686131388,POLPA-202510-5838,10.0,1.81,Polpa congelada_Outubro_490
352.68,120.61,POLPA-202510-4834,7.0,2.43,Polpa congelada_Outubro_491
256.68,130.23,POLPA-202510-1982,8.0,0.7,Polpa congelada_Outubro_492
797.72,218.46,POLPA-202510-2396,8.0,2.88,Polpa congelada_Outubro_493
1483.45,184.57,POLPA-202510-8445,8.0,1.47,Polpa congelada_Outubro_494
711.43,2.56,POLPA-202510-7598,8.0,2.47,Polpa congelada_Outubro_495
1252.62,977.64,POLPA-202510-2483,9.0,2.11,Polpa congelada_Outubro_496
242.29,119.37,POLPA-202510-5525,9.0,1.12,Polpa congelada_Outubro_497
599.15,362.22,POLPA-202510-7203,8.0,0.3,Polpa congelada_Outubro_498
578.7460611353711,142.11,POLPA-202510-9146,10.0,1.64,Polpa congelada_Outubro_499
578.7460611353711,728.98,POLPA-202510-7969,9.0,1.26,Polpa congelada_Outubro_500
460.46,399.53,POLPA-202510-2667,8.0,3.31,Polpa congelada_Outubro_501
324.11,41.74,POLPA-202510-7317,10.0,1.34,Polpa congelada_Outubro_502
433.07,286.24,POLPA-202510-5055,9.0,1.03,Polpa congelada_Outubro_503
215.26,89.24,POLPA-202510-1578,8.0,1.01,Polpa congelada_Outubro_504
656.05,235.09,POLPA-202510-2849,8.0,1.17,Polpa congelada_Outubro_505
73.29,33.54,POLPA-202510-3874,10.0,1.71,Polpa congelada_Outubro_506
992.73,827.1,POLPA-202510-1486,9.0,2.28,Polpa congelada_Outubro_507
685.62,150.63,POLPA-202510-8621,7.0,1.9,Polpa congelada_Outubro_508
97.32,1.84,POLPA-202510-2390,8.0,1.03,Polpa congelada_Outubro_509
381.42,71.56,POLPA-202510-2149,8.0,3.46,Polpa congelada_Outubro_510
766.5,590.3,POLPA-202510-8232,9.0,3.04,Polpa congelada_Outubro_511
721.13,27.94,POLPA-202510-5310,8.0,0.79,Polpa congelada_Outubro_512
463.75,28.19,POLPA-202510-8687,8.0,0.87,Polpa congelada_Outubro_513
711.42,306.61,POLPA-202510-6851,8.0,2.41,Polpa congelada_Outubro_514
296.61,122.0,POLPA-202510-6826,10.0,1.12,Polpa congelada_Outubro_515
828.0,217.96,POLPA-202510-6211,7.0,2.21,Polpa congelada_Outubro_516
390.42,114.05,POLPA-202510-7390,9.0,2.95,Polpa congelada_Outubro_517
1018.25,789.59,POLPA-202510-8506,8.0,2.36,Polpa congelada_Outubro_518
868.74,331.37,POLPA-202510-3112,8.0,1.53,Polpa congelada_Outubro_519
253.21,51.42,POLPA-202510-7353,8.0,1.78,Polpa congelada_Outubro_520
1510.81,297.56,POLPA-202510-9957,7.0,1.04,Polpa congelada_Outubro_521
1464.85,119.54,POLPA-202510-8889,7.0,0.96,Polpa congelada_Outubro_522
567.74,48.08,POLPA-202510-3438,7.0,1.78,Polpa congelada_Outubro_523
338.02,114.61,POLPA-202510-6241,8.0,1.08,Polpa congelada_Outubro_524
409.56,218.87,POLPA-202510-4341,9.0,1.23,Polpa congelada_Outubro_525
916.6,466.04,POLPA-202510-6429,9.0,0.31,Polpa congelada_Outubro_526
126.21,101.11,POLPA-202510-1390,8.0,0.62,Polpa congelada_Outubro_527
73.91,86.45,POLPA-202510-1637,8.0,2.57,Polpa congelada_Outubro_528
210.36,6.27,POLPA-202510-5475,9.0,3.49,Polpa congelada_Outubro_529
473.8,307.04,POLPA-202510-3497,7.0,2.23,Polpa congelada_Outubro_530
424.77,202.69,POLPA-202510-2873,9.0,1.94,Polpa congelada_Outubro_531
170.1,66.92,POLPA-202510-1244,7.0,1.82,Polpa congelada_Outubro_532
590.18,75.62,POLPA-202510-1466,10.0,2.22,Polpa congelada_Outubro_533
214.07,139.59,POLPA-202510-8432,8.0,0.95,Polpa congelada_Outubro_534
426.42,195.61,POLPA-202510-3171,8.0,1.55,Polpa congelada_Outubro_535
1575.94,97.1,POLPA-202510-8040,9.0,0.98,Polpa congelada_Outubro_536
236.04,21.7,POLPA-202510-6691,10.0,1.75,Polpa congelada_Outubro_537
1123.71,29.95,POLPA-202510-5609,9.0,2.84,Polpa congelada_Outubro_538
1092.35,506.06,POLPA-202510-5495,9.0,1.41,Polpa congelada_Outubro_539
498.93,106.93,POLPA-202510-5826,9.0,1.33,Polpa congelada_Outubro_540
98.18,49.5,POLPA-202510-2233,10.0,2.49,Polpa congelada_Outubro_541
526.84,195.84,POLPA-202510-7879,7.0,2.98,Polpa congelada_Outubro_542
402.36,92.05,POLPA-202510-2323,10.0,1.27,Polpa congelada_Outubro_543
323.5,22.77,POLPA-202510-4776,10.0,2.07,Polpa congelada_Outubro_544
570.95,331.0,POLPA-202510-5150,8.0,2.5,Polpa congelada_Outubro_545
1430.23,175.82,POLPA-202510-1532,9.0,1.19,Polpa congelada_Outubro_546
808.31,274.78,POLPA-202510-2622,10.0,0.3,Polpa congelada_Outubro_547
861.46,1071.31,POLPA-202510-7535,10.0,1.98,Polpa congelada_Outubro_548
565.55,66.13,POLPA-202510-7200,9.0,0.62,Polpa congelada_Outubro_549
310.66,38.91,POLPA-202510-2726,9.0,2.15,Polpa congelada_Outubro_550
785.27,283.07,POLPA-202510-1228,8.0,2.66,Polpa congelada_Outubro_551
773.5,352.89,POLPA-202510-4992,8.0,2.05,Polpa congelada_Outubro_552
309.62,83.74,POLPA-202510-8813,9.0,0.3,Polpa congelada_Outubro_553
723.54,619.86,POLPA-202510-5724,9.0,0.85,Polpa congelada_Outubro_554
272.79,196.34738686131388,POLPA-202510-7486,9.0,1.58,Polpa congelada_Outubro_555
798.49,673.15,POLPA-202510-9339,9.0,1.13,Polpa congelada_Outubro_556
183.27,61.88,POLPA-202510-8228,8.0,2.88,Polpa congelada_Outubro_557
631.97,400.64,POLPA-202510-7415,8.0,0.71,Polpa congelada_Outubro_558
145.7,18.58,POLPA-202510-4981,7.0,1.8,Polpa congelada_Outubro_559
1073.42,259.23,POLPA-202510-9556,7.0,0.6,Polpa congelada_Outubro_560
660.29,738.82,POLPA-202510-9049,9.0,1.98,Polpa congelada_Outubro_561
158.54,15.76,POLPA-202510-1682,7.0,2.91,Polpa congelada_Outubro_562
1904.55,1064.79,POLPA-202510-2995,9.0,1.37,Polpa congelada_Outubro_563
578.7460611353711,120.71,POLPA-202510-3290,9.0,0.95,Polpa congelada_Outubro_564
246.56,33.24,POLPA-202510-5826,8.0,0.3,Polpa congelada_Outubro_565
494.28,185.51,POLPA-202510-2282,7.0,2.15,Polpa congelada_Outubro_566
774.77,389.59,POLPA-202510-7260,8.0,2.02,Polpa congelada_Outubro_567
213.48,58.58,POLPA-202510-9637,8.0,0.97,Polpa congelada_Outubro_568
320.27,203.77,POLPA-202510-6746,9.0,1.45,Polpa congelada_Outubro_569
316.22,28.8,POLPA-202510-7868,9.0,2.61,Polpa congelada_Outubro_570
243.95,150.35,POLPA-202510-2441,7.0,1.78,Polpa congelada_Outubro_571
578.7460611353711,5.37,POLPA-202510-2831,10.0,1.33,Polpa congelada_Outubro_572
611.01,422.89,POLPA-202510-5776,8.0,1.26,Polpa congelada_Outubro_573
344.04,22.56,POLPA-202510-9289,9.0,3.23,Polpa congelada_Outubro_574
124.44,24.28,POLPA-202510-8478,8.0,2.33,Polpa congelada_Outubro_575
76.19,1.28,POLPA-202510-8600,7.0,3.52,Polpa congelada_Outubro_576
920.32,176.1,POLPA-202510-1851,8.0,0.48,Polpa congelada_Outubro_577
717.05,474.56,POLPA-202510-9464,9.0,2.94,Polpa congelada_Outubro_578
97.67,16.2,POLPA-202510-8103,8.0,2.47,Polpa congelada_Outubro_579
843.4,254.51,POLPA-202510-8423,10.0,1.22,Polpa congelada_Outubro_580
674.81,565.28,POLPA-202510-1120,7.0,2.14,Polpa congelada_Outubro_581
510.6,250.71,POLPA-202510-2437,9.0,3.28,Polpa congelada_Outubro_582
333.86,367.81,POLPA-202510-9053,8.0,2.86,Polpa congelada_Outubro_583
1072.76,172.65,POLPA-202510-9061,9.0,1.66,Polpa congelada_Outubro_584
1417.18,30.45,POLPA-202510-4847,8.0,3.17,Polpa congelada_Outubro_585
244.97,9.41,POLPA-202510-9634,10.0,1.96,Polpa congelada_Outubro_586
1304.11,220.49,POLPA-202510-2983,9.0,1.87,Polpa congelada_Outubro_587
528.36,76.85,POLPA-202510-3555,9.0,2.21,Polpa congelada_Outubro_588
1284.15,732.58,POLPA-202510-4308,8.0,2.24,Polpa congelada_Outubro_589
1058.43,327.61,POLPA-202510-9253,9.0,1.82,Polpa congelada_Outubro_590
91.01,79.26,POLPA-202510-7013,8.0,1.3,Polpa congelada_Outubro_591
950.61,459.75,POLPA-202510-9713,10.0,1.7,Polpa congelada_Outubro_592
944.97,381.46,POLPA-202510-5442,8.0,0.82,Polpa congelada_Outubro_593
645.29,292.72,POLPA-202510-4866,9.0,2.82,Polpa congelada_Outubro_594
1008.03,15.13,POLPA-202510-6691,9.0,1.68,Polpa congelada_Outubro_595
232.31,160.31,POLPA-202510-5867,8.0,1.88,Polpa congelada_Outubro_596
755.12,341.73,POLPA-202510-9097,10.0,2.89,Polpa congelada_Outubro_597
554.53,10.21,POLPA-202510-5926,8.0,2.14,Polpa congelada_Outubro_598
1149.69,81.35,POLPA-202510-9740,9.0,0.75,Polpa congelada_Outubro_599
611.57,35.15,POLPA-202510-2813,6.0,2.86,Polpa congelada_Outubro_600
931.17,315.66,POLPA-202510-4994,6.0,3.84,Polpa congelada_Outubro_601
307.0,26.5,POLPA-202510-4480,10.0,0.3,Polpa congelada_Outubro_602
892.92,237.36,POLPA-202510-2172,9.0,0.96,Polpa congelada_Outubro_603
312.44,64.58,POLPA-202510-6607,7.0,1.51,Polpa congelada_Outubro_604
554.58,139.98,POLPA-202510-3136,8.0,1.27,Polpa congelada_Outubro_605
71.84,64.05,POLPA-202510-4890,7.0,1.6,Polpa congelada_Outubro_606
867.38,55.66,POLPA-202510-6834,7.0,2.4,Polpa congelada_Outubro_607
159.79,3.04,POLPA-202510-7356,9.0,1.31,Polpa congelada_Outubro_608
844.62,191.34,POLPA-202510-8906,8.387342513917375,1.69,Polpa congelada_Outubro_609
1096.49,555.31,POLPA-202510-1393,8.0,1.29,Polpa congelada_Outubro_610
813.0,249.24,POLPA-202510-2212,7.0,0.57,Polpa congelada_Outubro_611
463.18,605.74,POLPA-202510-8445,9.0,0.88,Polpa congelada_Outubro_612
99.01,44.6,POLPA-202510-4864,8.0,0.87,Polpa congelada_Outubro_613
382.11,205.1,POLPA-202510-5868,9.0,2.43,Polpa congelada_Outubro_614
1398.45,1050.45,POLPA-202510-5430,8.0,0.75,Polpa congelada_Outubro_615
594.0,196.34738686131388,POLPA-202510-3310,10.0,1.0,Polpa congelada_Outubro_616
99.52,15.95,POLPA-202510-6791,10.0,1.02,Polpa congelada_Outubro_617
832.93,196.34738686131388,POLPA-202510-4616,9.0,3.81,Polpa congelada_Outubro_618
348.72,252.15,POLPA-202510-9208,9.0,1.05,Polpa congelada_Outubro_619
453.55,92.12,POLPA-202510-2554,7.0,1.96,Polpa congelada_Outubro_620
804.66,32.72,POLPA-202510-3417,9.0,0.8,Polpa congelada_Outubro_621
902.26,238.24,POLPA-202510-7697,9.0,0.94,Polpa congelada_Outubro_622
1190.78,492.29,POLPA-202510-6541,8.0,1.1,Polpa congelada_Outubro_623
1758.28,305.02,POLPA-202510-3497,9.0,2.09,Polpa congelada_Outubro_624
455.96,178.8,POLPA-202510-2367,7.0,1.87,Polpa congelada_Outubro_625
274.66,66.62,POLPA-202510-3858,9.0,3.07,Polpa congelada_Outubro_626
241.36,43.78,POLPA-202510-3375,8.0,2.27,Polpa congelada_Outubro_627
588.56,7.41,POLPA-202510-6113,10.0,1.95,Polpa congelada_Outubro_628
456.55,236.87,POLPA-202510-2458,8.0,1.37,Polpa congelada_Outubro_629
216.69,70.62,POLPA-202510-9605,8.0,2.47,Polpa congelada_Outubro_630
305.14,252.7,POLPA-202510-2378,7.0,1.88,Polpa congelada_Outubro_631
590.99,382.87,POLPA-202510-1413,9.0,2.92,Polpa congelada_Outubro_632
337.58,65.89,POLPA-202510-2956,7.0,2.37,Polpa congelada_Outubro_633
154.34,71.92,POLPA-202510-5078,8.0,1.94,Polpa congelada_Outubro_634
441.31,140.13,POLPA-202510-6473,9.0,1.21,Polpa congelada_Outubro_635
1781.08,7.81,POLPA-202510-7930,9.0,1.91,Polpa congelada_Outubro_636
431.92,42.51,POLPA-202510-7899,10.0,1.46,Polpa congelada_Outubro_637
363.43,72.27,POLPA-202510-1739,9.0,1.1,Polpa congelada_Outubro_638
578.7460611353711,138.52,POLPA-202510-1919,9.0,1.92,Polpa congelada_Outubro_639
112.08,37.44,POLPA-202510-7983,8.0,1.67,Polpa congelada_Outubro_640
549.33,421.59,POLPA-202510-1450,9.0,0.84,Polpa congelada_Outubro_641
433.6,196.34738686131388,POLPA-202510-4391,9.0,0.3,Polpa congelada_Outubro_642
396.72,28.67,POLPA-202510-8282,10.0,3.3,Polpa congelada_Outubro_643
825.6,197.0,POLPA-202510-8745,10.0,1.33,Polpa congelada_Outubro_644
358.26,164.99,POLPA-202510-4594,8.0,1.29,Polpa congelada_Outubro_645
373.79,104.19,POLPA-202510-6054,8.0,0.43,Polpa congelada_Outubro_646
271.7,23.66,POLPA-202510-8252,8.0,2.18,Polpa congelada_Outubro_647
655.68,3.97,POLPA-202510-6996,10.0,2.23,Polpa congelada_Outubro_648
829.84,209.75,POLPA-202510-8098,8.0,0.3,Polpa congelada_Outubro_649
613.38,774.34,POLPA-202510-4307,7.0,1.13,Polpa congelada_Outubro_650
98.96,11.32,POLPA-202510-8424,9.0,2.29,Polpa congelada_Outubro_651
489.45,204.77,POLPA-202510-7352,9.0,0.41,Polpa congelada_Outubro_652
349.25,485.58,POLPA-202510-6016,7.0,3.01,Polpa congelada_Outubro_653
409.73,146.39,POLPA-202510-1475,7.0,0.3,Polpa congelada_Outubro_654
865.35,17.96,POLPA-202510-4841,9.0,2.67,Polpa congelada_Outubro_655
498.54,8.47,POLPA-202510-4562,8.0,2.31,Polpa congelada_Outubro_656
1275.52,367.4,POLPA-202510-2748,7.0,3.3,Polpa congelada_Outubro_657
175.9,26.42,POLPA-202510-8917,7.0,1.7,Polpa congelada_Outubro_658
625.97,439.64,POLPA-202510-3295,8.0,3.56,Polpa congelada_Outubro_659
568.61,61.88,POLPA-202510-2410,8.0,1.05,Polpa congelada_Outubro_660
656.01,335.37,POLPA-202510-8646,7.0,0.34,Polpa congelada_Outubro_661
398.72,317.65,POLPA-202510-9699,8.0,3.9,Polpa congelada_Outubro_662
407.43,27.71,POLPA-202510-3497,9.0,1.44,Polpa congelada_Outubro_663
355.31,127.99,POLPA-202510-6386,8.0,0.3,Polpa congelada_Outubro_664
366.79,233.86,POLPA-202510-2277,8.0,2.22,Polpa congelada_Outubro_665
885.2,29.68,POLPA-202510-5133,10.0,0.31,Polpa congelada_Outubro_666
823.21,33.06,POLPA-202510-1904,8.0,1.83,Polpa congelada_Outubro_667
534.7,328.46,POLPA-202510-6099,9.0,3.36,Polpa congelada_Outubro_668
446.33,281.45,POLPA-202510-8893,10.0,0.67,Polpa congelada_Outubro_669
1083.39,29.09,POLPA-202510-6248,8.0,2.0,Polpa congelada_Outubro_670
175.51,86.19,POLPA-202510-5385,6.0,2.75,Polpa congelada_Outubro_671
486.79,199.23,POLPA-202510-5567,10.0,0.36,Polpa congelada_Outubro_672
247.89,1.36,POLPA-202510-4095,8.0,1.89,Polpa congelada_Outubro_673
202.83,63.84,POLPA-202510-2861,8.0,1.74,Polpa congelada_Outubro_674
758.81,89.34,POLPA-202510-4835,9.0,0.6,Polpa congelada_Outubro_675
630.5,410.48,POLPA-202510-7969,5.0,1.78,Polpa congelada_Outubro_676
343.8,16.5,POLPA-202510-1753,7.0,0.3,Polpa congelada_Outubro_677
288.81,195.53,POLPA-202510-4787,9.0,2.41,Polpa congelada_Outubro_678
467.73,131.55,POLPA-202510-6314,8.387342513917375,0.3,Polpa congelada_Outubro_679
853.35,202.6,POLPA-202510-5705,9.0,1.75,Polpa congelada_Outubro_680
648.49,253.02,POLPA-202510-1568,9.0,2.02,Polpa congelada_Outubro_681
185.42,6.66,POLPA-202510-6490,8.0,2.15,Polpa congelada_Outubro_682
109.78,67.3,POLPA-202510-3291,9.0,1.88,Polpa congelada_Outubro_683
648.74,339.04,POLPA-202510-5117,9.0,2.57,Polpa congelada_Outubro_684
198.93,148.03,POLPA-202510-9108,6.0,3.23,Polpa congelada_Outubro_685
462.35,196.34738686131388,POLPA-202510-3864,9.0,1.81,Polpa congelada_Outubro_686
361.3,213.03,POLPA-202510-1223,9.0,0.74,Polpa congelada_Outubro_687
462.04,303.87,POLPA-202510-7096,8.387342513917375,2.63,Polpa congelada_Outubro_688
386.21,282.62,POLPA-202510-2462,8.0,2.31,Polpa congelada_Outubro_689
760.02,310.41,POLPA-202510-4641,8.0,1.59,Polpa congelada_Outubro_690
229.81,87.09,POLPA-202510-2620,9.0,1.97,Polpa congelada_Outubro_691
457.59,16.35,POLPA-202510-7650,7.0,3.25,Polpa congelada_Outubro_692
371.34,87.59,POLPA-202510-6482,7.0,2.17,Polpa congelada_Outubro_693
467.35,294.96,POLPA-202510-6163,7.0,2.9,Polpa congelada_Outubro_694
188.15,166.62,POLPA-202510-1127,8.0,2.15,Polpa congelada_Outubro_695
419.41,78.01,POLPA-202510-4388,7.0,1.49,Polpa congelada_Outubro_696
850.72,438.66,POLPA-202510-3491,8.0,0.3,Polpa congelada_Outubro_697
396.14,10.82,POLPA-202510-1761,7.0,2.8,Polpa congelada_Outubro_698
865.58,199.02,POLPA-202510-5660,9.0,1.47,Polpa congelada_Outubro_699
632.06,216.55,POLPA-202511-2316,8.0,1.11,Polpa congelada_Novembro_0
827.83,11.2,POLPA-202511-9629,8.0,2.22,Polpa congelada_Novembro_1
496.48,61.83,POLPA-202511-1331,8.0,2.27,Polpa congelada_Novembro_2
523.74,331.21,POLPA-202511-1805,9.0,3.23,Polpa congelada_Novembro_3
941.66,283.39,POLPA-202511-8367,8.0,2.31,Polpa congelada_Novembro_4
649.9,241.95,POLPA-202511-5384,8.0,3.09,Polpa congelada_Novembro_5
108.92,58.37,POLPA-202511-1704,8.0,2.26,Polpa congelada_Novembro_6
515.58,51.1,POLPA-202511-8551,8.0,2.58,Polpa congelada_Novembro_7
399.37,155.45,POLPA-202511-8346,10.0,0.3,Polpa congelada_Novembro_8
706.12,254.78,POLPA-202511-4453,9.0,1.11,Polpa congelada_Novembro_9
939.08,228.11,POLPA-202511-3739,10.0,0.3,Polpa congelada_Novembro_10
279.58,196.34738686131388,POLPA-202511-6057,7.0,1.93,Polpa congelada_Novembro_11
507.44,233.5,POLPA-202511-3725,9.0,1.42,Polpa congelada_Novembro_12
634.68,220.3,POLPA-202511-3748,10.0,1.06,Polpa congelada_Novembro_13
323.67,102.38,POLPA-202511-2300,9.0,2.66,Polpa congelada_Novembro_14
468.53,334.16,POLPA-202511-4837,8.0,1.46,Polpa congelada_Novembro_15
847.69,508.23,POLPA-202511-9961,8.0,0.82,Polpa congelada_Novembro_16
148.2,67.56,POLPA-202511-6887,9.0,1.99,Polpa congelada_Novembro_17
1408.04,724.34,POLPA-202511-6035,9.0,2.66,Polpa congelada_Novembro_18
809.25,225.1,POLPA-202511-6618,7.0,2.28,Polpa congelada_Novembro_19
859.04,98.94,POLPA-202511-8062,6.0,2.95,Polpa congelada_Novembro_20
360.13,0.62,POLPA-202511-6685,7.0,2.15,Polpa congelada_Novembro_21
427.54,304.39,POLPA-202511-3426,7.0,2.93,Polpa congelada_Novembro_22
865.25,114.32,POLPA-202511-4227,10.0,3.22,Polpa congelada_Novembro_23
306.59,111.1,POLPA-202511-9685,10.0,1.95,Polpa congelada_Novembro_24
579.92,78.48,POLPA-202511-8911,9.0,2.42,Polpa congelada_Novembro_25
152.78,13.68,POLPA-202511-6172,7.0,1.91,Polpa congelada_Novembro_26
382.06,200.84,POLPA-202511-5017,10.0,1.4,Polpa congelada_Novembro_27
531.43,125.69,POLPA-202511-5434,8.0,3.12,Polpa congelada_Novembro_28
681.33,40.67,POLPA-202511-5787,9.0,1.63,Polpa congelada_Novembro_29
795.98,22.67,POLPA-202511-8541,8.0,1.3,Polpa congelada_Novembro_30
546.57,162.17,POLPA-202511-8218,9.0,1.01,Polpa congelada_Novembro_31
255.03,262.59,POLPA-202511-5400,10.0,2.07,Polpa congelada_Novembro_32
214.4,27.73,POLPA-202511-8093,9.0,1.23,Polpa congelada_Novembro_33
915.71,417.49,POLPA-202511-7788,8.0,3.34,Polpa congelada_Novembro_34
199.95,11.44,POLPA-202511-6332,5.0,0.3,Polpa congelada_Novembro_35
423.05,284.21,POLPA-202511-5085,8.0,1.59,Polpa congelada_Novembro_36
528.49,24.3,POLPA-202511-8341,10.0,0.86,Polpa congelada_Novembro_37
974.94,34.63,POLPA-202511-4113,8.0,2.78,Polpa congelada_Novembro_38
525.37,566.13,POLPA-202511-7389,9.0,1.61,Polpa congelada_Novembro_39
564.33,483.73,POLPA-202511-1155,10.0,2.62,Polpa congelada_Novembro_40
738.17,359.98,POLPA-202511-3178,8.0,0.9,Polpa congelada_Novembro_41
675.95,82.8,POLPA-202511-5490,7.0,1.61,Polpa congelada_Novembro_42
189.17,47.35,POLPA-202511-5831,9.0,0.3,Polpa congelada_Novembro_43
358.44,167.68,POLPA-202511-1128,8.0,1.57,Polpa congelada_Novembro_44
361.66,162.16,POLPA-202511-9725,10.0,1.2,Polpa congelada_Novembro_45
578.7460611353711,291.67,POLPA-202511-8081,9.0,0.41,Polpa congelada_Novembro_46
617.26,90.07,POLPA-202511-8538,8.387342513917375,2.29,Polpa congelada_Novembro_47
1011.23,88.38,POLPA-202511-8814,7.0,2.14,Polpa congelada_Novembro_48
360.84,132.52,POLPA-202511-6567,8.0,1.68,Polpa congelada_Novembro_49
120.64,93.41,POLPA-202511-5086,7.0,0.5,Polpa congelada_Novembro_50
467.87,145.65,POLPA-202511-1122,10.0,3.13,Polpa congelada_Novembro_51
256.91,225.16,POLPA-202511-6519,8.0,1.78,Polpa congelada_Novembro_52
646.51,65.22,POLPA-202511-1679,8.0,1.57,Polpa congelada_Novembro_53
649.46,444.47,POLPA-202511-2340,8.0,1.76,Polpa congelada_Novembro_54
300.5,296.31,POLPA-202511-8080,7.0,1.82,Polpa congelada_Novembro_55
2574.08,526.89,POLPA-202511-1185,5.0,1.91,Polpa congelada_Novembro_56
362.68,201.74,POLPA-202511-5847,8.0,2.07,Polpa congelada_Novembro_57
945.21,105.27,POLPA-202511-5937,6.0,2.28,Polpa congelada_Novembro_58
380.75,132.91,POLPA-202511-9890,8.0,2.39,Polpa congelada_Novembro_59
170.17,119.4,POLPA-202511-2421,8.0,2.21,Polpa congelada_Novembro_60
525.5,306.62,POLPA-202511-3239,10.0,2.17,Polpa congelada_Novembro_61
419.23,238.72,POLPA-202511-2465,8.0,3.25,Polpa congelada_Novembro_62
700.3,58.32,POLPA-202511-4167,8.387342513917375,0.3,Polpa congelada_Novembro_63
433.43,84.25,POLPA-202511-2855,8.0,2.25,Polpa congelada_Novembro_64
428.62,65.58,POLPA-202511-2961,9.0,1.35,Polpa congelada_Novembro_65
556.5,308.13,POLPA-202511-2657,9.0,1.44,Polpa congelada_Novembro_66
491.98,240.82,POLPA-202511-3492,8.0,3.04,Polpa congelada_Novembro_67
899.15,459.28,POLPA-202511-4798,8.0,2.45,Polpa congelada_Novembro_68
840.73,292.16,POLPA-202511-3664,9.0,2.7,Polpa congelada_Novembro_69
369.68,26.77,POLPA-202511-4045,8.0,2.09,Polpa congelada_Novembro_70
142.7,125.05,POLPA-202511-6638,8.387342513917375,2.31,Polpa congelada_Novembro_71
303.14,56.27,POLPA-202511-8625,8.387342513917375,1.36,Polpa congelada_Novembro_72
1168.81,531.46,POLPA-202511-2876,9.0,0.32,Polpa congelada_Novembro_73
667.81,151.98,POLPA-202511-5079,10.0,1.13,Polpa congelada_Novembro_74
208.95,105.94,POLPA-202511-1339,10.0,1.17,Polpa congelada_Novembro_75
402.46,312.66,POLPA-202511-5857,9.0,0.3,Polpa congelada_Novembro_76
839.49,264.92,POLPA-202511-8436,7.0,2.3,Polpa congelada_Novembro_77
80.42,58.83,POLPA-202511-1368,9.0,1.75,Polpa congelada_Novembro_78
111.94,68.25,POLPA-202511-5428,8.0,0.73,Polpa congelada_Novembro_79
965.53,205.32,POLPA-202511-4446,9.0,2.54,Polpa congelada_Novembro_80
545.67,397.59,POLPA-202511-2374,7.0,1.78,Polpa congelada_Novembro_81
347.49,451.29,POLPA-202511-5046,7.0,2.11,Polpa congelada_Novembro_82
275.14,107.51,POLPA-202511-3143,8.0,2.37,Polpa congelada_Novembro_83
244.3,117.05,POLPA-202511-4778,9.0,1.51,Polpa congelada_Novembro_84
291.39,49.17,POLPA-202511-4078,10.0,1.03,Polpa congelada_Novembro_85
583.19,179.85,POLPA-202511-5130,6.0,2.04,Polpa congelada_Novembro_86
1040.09,55.38,POLPA-202511-9648,8.0,3.66,Polpa congelada_Novembro_87
237.96,37.79,POLPA-202511-9531,10.0,2.76,Polpa congelada_Novembro_88
613.73,258.15,POLPA-202511-9798,9.0,1.18,Polpa congelada_Novembro_89
696.62,433.04,POLPA-202511-9799,9.0,2.36,Polpa congelada_Novembro_90
85.47,55.21,POLPA-202511-3776,8.0,2.33,Polpa congelada_Novembro_91
517.89,9.83,POLPA-202511-6489,8.0,1.21,Polpa congelada_Novembro_92
535.64,120.38,POLPA-202511-4108,8.0,1.41,Polpa congelada_Novembro_93
379.2,102.67,POLPA-202511-8282,7.0,4.01,Polpa congelada_Novembro_94
276.19,106.07,POLPA-202511-3686,9.0,2.46,Polpa congelada_Novembro_95
799.98,280.59,POLPA-202511-1811,9.0,2.43,Polpa congelada_Novembro_96
617.89,253.46,POLPA-202511-9011,9.0,3.09,Polpa congelada_Novembro_97
459.05,151.25,POLPA-202511-4053,8.0,2.32,Polpa congelada_Novembro_98
449.1,45.72,POLPA-202511-7036,8.0,1.31,Polpa congelada_Novembro_99
735.36,42.71,POLPA-202511-4647,10.0,1.22,Polpa congelada_Novembro_100
556.54,196.34738686131388,POLPA-202511-1129,8.0,0.83,Polpa congelada_Novembro_101
182.65,62.94,POLPA-202511-1694,10.0,2.34,Polpa congelada_Novembro_102
1103.56,364.2,POLPA-202511-3716,8.0,2.8,Polpa congelada_Novembro_103
818.89,104.75,POLPA-202511-7130,9.0,1.53,Polpa congelada_Novembro_104
405.76,261.86,POLPA-202511-9582,7.0,1.18,Polpa congelada_Novembro_105
347.83,144.16,POLPA-202511-4417,8.0,1.09,Polpa congelada_Novembro_106
689.34,430.71,POLPA-202511-9580,8.0,3.27,Polpa congelada_Novembro_107
660.04,152.11,POLPA-202511-7879,10.0,1.62,Polpa congelada_Novembro_108
163.52,30.15,POLPA-202511-6885,8.0,1.6,Polpa congelada_Novembro_109
113.26,53.73,POLPA-202511-5221,9.0,3.4,Polpa congelada_Novembro_110
1049.95,186.89,POLPA-202511-9767,7.0,1.68,Polpa congelada_Novembro_111
140.47,31.03,POLPA-202511-3967,10.0,1.28,Polpa congelada_Novembro_112
588.25,340.32,POLPA-202511-5264,8.0,1.86,Polpa congelada_Novembro_113
162.14,55.04,POLPA-202511-1964,9.0,2.69,Polpa congelada_Novembro_114
156.27,113.06,POLPA-202511-6216,9.0,2.9,Polpa congelada_Novembro_115
578.7460611353711,9.51,POLPA-202511-1757,8.0,2.1,Polpa congelada_Novembro_116
223.09,1.58,POLPA-202511-1559,9.0,2.2,Polpa congelada_Novembro_117
1334.44,736.22,POLPA-202511-6964,8.0,2.73,Polpa congelada_Novembro_118
268.69,95.61,POLPA-202511-1182,9.0,1.85,Polpa congelada_Novembro_119
351.23,147.52,POLPA-202511-2310,10.0,2.08,Polpa congelada_Novembro_120
333.53,37.9,POLPA-202511-6261,8.0,2.06,Polpa congelada_Novembro_121
112.94,51.95,POLPA-202511-4620,10.0,1.61,Polpa congelada_Novembro_122
289.41,28.78,POLPA-202511-1904,9.0,1.94,Polpa congelada_Novembro_123
601.93,22.29,POLPA-202511-1055,8.0,2.27,Polpa congelada_Novembro_124
477.02,266.57,POLPA-202511-6555,10.0,2.19,Polpa congelada_Novembro_125
1167.61,325.93,POLPA-202511-7293,10.0,1.51,Polpa congelada_Novembro_126
874.91,646.59,POLPA-202511-5405,7.0,1.39,Polpa congelada_Novembro_127
812.51,420.71,POLPA-202511-1035,7.0,1.66,Polpa congelada_Novembro_128
1380.99,278.54,POLPA-202511-6486,8.0,2.54,Polpa congelada_Novembro_129
162.27,83.75,POLPA-202511-5474,9.0,3.18,Polpa congelada_Novembro_130
363.87,392.1,POLPA-202511-9455,10.0,1.86,Polpa congelada_Novembro_131
1828.94,344.93,POLPA-202511-4058,10.0,2.86,Polpa congelada_Novembro_132
847.12,276.58,POLPA-202511-1965,8.387342513917375,3.11,Polpa congelada_Novembro_133
190.41,29.24,POLPA-202511-1649,7.0,0.3,Polpa congelada_Novembro_134
62.93,68.8,POLPA-202511-2288,9.0,1.44,Polpa congelada_Novembro_135
939.36,175.19,POLPA-202511-3522,7.0,2.22,Polpa congelada_Novembro_136
259.13,98.07,POLPA-202511-1596,10.0,3.36,Polpa congelada_Novembro_137
310.06,182.11,POLPA-202511-7161,9.0,2.03,Polpa congelada_Novembro_138
691.11,235.35,POLPA-202511-6069,7.0,3.86,Polpa congelada_Novembro_139
1091.1,406.66,POLPA-202511-8404,9.0,2.13,Polpa congelada_Novembro_140
455.95,438.06,POLPA-202511-8588,9.0,0.51,Polpa congelada_Novembro_141
601.73,122.32,POLPA-202511-7872,7.0,2.07,Polpa congelada_Novembro_142
228.18,153.29,POLPA-202511-2726,10.0,2.06,Polpa congelada_Novembro_143
749.72,31.88,POLPA-202511-7774,8.0,3.04,Polpa congelada_Novembro_144
750.37,287.47,POLPA-202511-7913,8.0,1.39,Polpa congelada_Novembro_145
638.05,68.17,POLPA-202511-8844,8.0,0.88,Polpa congelada_Novembro_146
640.21,104.44,POLPA-202511-6409,9.0,2.63,Polpa congelada_Novembro_147
145.61,119.97,POLPA-202511-9197,8.0,2.98,Polpa congelada_Novembro_148
223.07,99.24,POLPA-202511-2176,9.0,1.23,Polpa congelada_Novembro_149
570.23,531.99,POLPA-202511-3983,10.0,2.64,Polpa congelada_Novembro_150
1086.39,99.79,POLPA-202511-5178,9.0,2.37,Polpa congelada_Novembro_151
370.08,127.61,POLPA-202511-4329,10.0,1.57,Polpa congelada_Novembro_152
391.49,64.68,POLPA-202511-1582,6.0,2.1,Polpa congelada_Novembro_153
525.12,138.59,POLPA-202511-9969,9.0,1.61,Polpa congelada_Novembro_154
670.8,241.51,POLPA-202511-2822,8.387342513917375,2.54,Polpa congelada_Novembro_155
467.77,237.47,POLPA-202511-2319,8.387342513917375,1.29,Polpa congelada_Novembro_156
608.59,52.88,POLPA-202511-3418,8.0,1.52,Polpa congelada_Novembro_157
901.39,207.07,POLPA-202511-5498,8.0,1.0,Polpa congelada_Novembro_158
141.18,14.25,POLPA-202511-2158,9.0,1.24,Polpa congelada_Novembro_159
392.1,25.02,POLPA-202511-9696,9.0,2.28,Polpa congelada_Novembro_160
709.24,64.62,POLPA-202511-6129,9.0,1.5,Polpa congelada_Novembro_161
838.89,151.04,POLPA-202511-3280,7.0,1.87,Polpa congelada_Novembro_162
377.34,126.08,POLPA-202511-3143,10.0,1.63,Polpa congelada_Novembro_163
2773.86,236.19,POLPA-202511-7448,9.0,1.66,Polpa congelada_Novembro_164
483.5,95.04,POLPA-202511-7715,8.0,1.82,Polpa congelada_Novembro_165
697.27,306.18,POLPA-202511-7223,10.0,0.81,Polpa congelada_Novembro_166
1875.75,181.42,POLPA-202511-5171,7.0,0.63,Polpa congelada_Novembro_167
405.18,218.26,POLPA-202511-8708,9.0,0.3,Polpa congelada_Novembro_168
648.3,82.95,POLPA-202511-8606,9.0,2.58,Polpa congelada_Novembro_169
259.13,48.52,POLPA-202511-3083,8.0,0.56,Polpa congelada_Novembro_170
253.74,263.3,POLPA-202511-9419,8.0,0.3,Polpa congelada_Novembro_171
1694.76,1011.07,POLPA-202511-3831,7.0,2.03,Polpa congelada_Novembro_172
248.48,213.3,POLPA-202511-9267,8.0,0.61,Polpa congelada_Novembro_173
205.14,81.6,POLPA-202511-2488,9.0,2.2,Polpa congelada_Novembro_174
228.98,88.04,POLPA-202511-1426,10.0,1.67,Polpa congelada_Novembro_175
427.3,313.42,POLPA-202511-6830,8.0,1.59,Polpa congelada_Novembro_176
953.43,499.72,POLPA-202511-7358,8.0,1.57,Polpa congelada_Novembro_177
79.91,25.1,POLPA-202511-9008,10.0,0.52,Polpa congelada_Novembro_178
627.02,95.19,POLPA-202511-8172,8.0,2.2,Polpa congelada_Novembro_179
268.61,34.5,POLPA-202511-9392,10.0,1.93,Polpa congelada_Novembro_180
253.53,203.63,POLPA-202511-6360,6.0,3.14,Polpa congelada_Novembro_181
745.22,7.36,POLPA-202511-3054,8.0,0.3,Polpa congelada_Novembro_182
374.56,97.14,POLPA-202511-6566,7.0,1.75,Polpa congelada_Novembro_183
890.18,552.45,POLPA-202511-7712,7.0,1.59,Polpa congelada_Novembro_184
667.76,205.03,POLPA-202511-8167,8.387342513917375,1.59,Polpa congelada_Novembro_185
1857.5,196.34738686131388,POLPA-202511-7064,9.0,4.24,Polpa congelada_Novembro_186
268.22,74.39,POLPA-202511-5851,9.0,3.67,Polpa congelada_Novembro_187
484.61,248.21,POLPA-202511-2817,10.0,1.27,Polpa congelada_Novembro_188
451.43,89.81,POLPA-202511-4985,10.0,2.24,Polpa congelada_Novembro_189
753.28,341.93,POLPA-202511-8923,9.0,2.95,Polpa congelada_Novembro_190
716.65,195.08,POLPA-202511-7999,9.0,2.13,Polpa congelada_Novembro_191
79.79,29.73,POLPA-202511-6772,8.0,0.76,Polpa congelada_Novembro_192
859.47,281.86,POLPA-202511-3531,8.0,2.08,Polpa congelada_Novembro_193
559.84,195.87,POLPA-202511-9105,10.0,3.01,Polpa congelada_Novembro_194
907.75,312.95,POLPA-202511-8830,6.0,2.9,Polpa congelada_Novembro_195
111.12,15.99,POLPA-202511-1836,7.0,3.16,Polpa congelada_Novembro_196
165.19,2.76,POLPA-202511-7953,8.0,0.66,Polpa congelada_Novembro_197
840.78,205.51,POLPA-202511-5618,9.0,0.7,Polpa congelada_Novembro_198
195.08,40.38,POLPA-202511-3328,8.0,2.16,Polpa congelada_Novembro_199
469.41,222.54,POLPA-202511-6078,10.0,1.02,Polpa congelada_Novembro_200
617.45,105.5,POLPA-202511-1613,9.0,0.86,Polpa congelada_Novembro_201
1110.61,634.96,POLPA-202511-9716,7.0,1.05,Polpa congelada_Novembro_202
257.9,72.96,POLPA-202511-1372,9.0,3.33,Polpa congelada_Novembro_203
391.78,106.12,POLPA-202511-6721,8.0,1.19,Polpa congelada_Novembro_204
692.41,346.34,POLPA-202511-2199,9.0,3.07,Polpa congelada_Novembro_205
162.52,15.87,POLPA-202511-5742,8.0,2.06,Polpa congelada_Novembro_206
248.44,14.88,POLPA-202511-4774,7.0,3.34,Polpa congelada_Novembro_207
302.59,45.89,POLPA-202511-4498,9.0,0.93,Polpa congelada_Novembro_208
743.91,172.02,POLPA-202511-6824,8.387342513917375,0.75,Polpa congelada_Novembro_209
718.06,273.19,POLPA-202511-2098,9.0,1.66,Polpa congelada_Novembro_210
381.02,151.55,POLPA-202511-5808,9.0,2.84,Polpa congelada_Novembro_211
78.78,1.82,POLPA-202511-1713,9.0,2.05,Polpa congelada_Novembro_212
547.68,10.59,POLPA-202511-7620,9.0,2.27,Polpa congelada_Novembro_213
738.83,144.43,POLPA-202511-9919,8.0,2.3,Polpa congelada_Novembro_214
746.68,28.31,POLPA-202511-2146,7.0,1.04,Polpa congelada_Novembro_215
176.38,14.57,POLPA-202511-9721,7.0,1.63,Polpa congelada_Novembro_216
374.49,354.84,POLPA-202511-6612,10.0,1.92,Polpa congelada_Novembro_217
504.09,384.35,POLPA-202511-6310,10.0,1.88,Polpa congelada_Novembro_218
1045.5,623.96,POLPA-202511-4709,8.0,1.89,Polpa congelada_Novembro_219
1121.86,547.46,POLPA-202511-3876,9.0,2.3,Polpa congelada_Novembro_220
295.51,70.42,POLPA-202511-6159,10.0,1.4,Polpa congelada_Novembro_221
697.36,444.59,POLPA-202511-1312,8.0,2.82,Polpa congelada_Novembro_222
144.76,2.23,POLPA-202511-8985,8.0,1.34,Polpa congelada_Novembro_223
295.89,64.51,POLPA-202511-3731,8.0,1.89,Polpa congelada_Novembro_224
1090.15,180.21,POLPA-202511-5498,8.0,1.99,Polpa congelada_Novembro_225
543.64,515.31,POLPA-202511-8310,8.0,1.45,Polpa congelada_Novembro_226
130.27,19.1,POLPA-202511-8173,9.0,1.55,Polpa congelada_Novembro_227
716.21,193.77,POLPA-202511-4291,8.0,0.51,Polpa congelada_Novembro_228
654.33,305.3,POLPA-202511-7160,8.0,0.95,Polpa congelada_Novembro_229
78.56,5.4,POLPA-202511-5501,8.0,2.98,Polpa congelada_Novembro_230
635.18,92.66,POLPA-202511-1183,9.0,2.26,Polpa congelada_Novembro_231
178.32,51.51,POLPA-202511-4193,9.0,2.65,Polpa congelada_Novembro_232
283.24,221.49,POLPA-202511-7888,7.0,2.22,Polpa congelada_Novembro_233
134.85,26.48,POLPA-202511-8548,9.0,2.75,Polpa congelada_Novembro_234
652.8,136.32,POLPA-202511-2331,10.0,1.62,Polpa congelada_Novembro_235
321.87,253.7,POLPA-202511-8296,8.0,1.68,Polpa congelada_Novembro_236
856.55,15.6,POLPA-202511-2225,8.0,1.93,Polpa congelada_Novembro_237
675.45,150.67,POLPA-202511-4629,9.0,1.11,Polpa congelada_Novembro_238
784.21,216.39,POLPA-202511-6173,10.0,2.05,Polpa congelada_Novembro_239
181.45,87.49,POLPA-202511-6270,8.0,1.32,Polpa congelada_Novembro_240
1168.48,50.57,POLPA-202511-6207,9.0,2.51,Polpa congelada_Novembro_241
199.22,250.44,POLPA-202511-8867,9.0,0.86,Polpa congelada_Novembro_242
181.12,72.45,POLPA-202511-6839,7.0,1.97,Polpa congelada_Novembro_243
188.87,15.67,POLPA-202511-3285,8.0,2.07,Polpa congelada_Novembro_244
716.61,182.79,POLPA-202511-8749,9.0,1.69,Polpa congelada_Novembro_245
508.81,89.49,POLPA-202511-8260,9.0,0.97,Polpa congelada_Novembro_246
428.98,13.76,POLPA-202511-8321,10.0,2.43,Polpa congelada_Novembro_247
356.18,147.93,POLPA-202511-2324,8.0,2.28,Polpa congelada_Novembro_248
301.22,199.14,POLPA-202511-2207,9.0,0.61,Polpa congelada_Novembro_249
175.45,49.98,POLPA-202511-6353,8.0,2.33,Polpa congelada_Novembro_250
226.62,48.7,POLPA-202511-6770,9.0,1.84,Polpa congelada_Novembro_251
637.35,449.75,POLPA-202511-7191,6.0,1.07,Polpa congelada_Novembro_252
1387.19,415.84,POLPA-202511-4930,10.0,2.31,Polpa congelada_Novembro_253
502.68,10.76,POLPA-202511-8741,8.0,1.91,Polpa congelada_Novembro_254
584.68,308.57,POLPA-202511-7330,9.0,1.56,Polpa congelada_Novembro_255
1117.56,773.3,POLPA-202511-1709,7.0,2.32,Polpa congelada_Novembro_256
292.06,62.95,POLPA-202511-9348,9.0,1.91,Polpa congelada_Novembro_257
59.92,48.5,POLPA-202511-6652,10.0,0.3,Polpa congelada_Novembro_258
554.68,558.24,POLPA-202511-5149,8.387342513917375,0.54,Polpa congelada_Novembro_259
381.27,188.88,POLPA-202511-4544,7.0,0.53,Polpa congelada_Novembro_260
262.16,15.99,POLPA-202511-1166,9.0,3.54,Polpa congelada_Novembro_261
99.01,81.03,POLPA-202511-3459,10.0,2.82,Polpa congelada_Novembro_262
380.72,160.4,POLPA-202511-1331,8.0,2.85,Polpa congelada_Novembro_263
600.22,262.94,POLPA-202511-2499,9.0,1.34,Polpa congelada_Novembro_264
503.62,117.57,POLPA-202511-2177,7.0,0.91,Polpa congelada_Novembro_265
798.59,247.45,POLPA-202511-3032,10.0,2.09,Polpa congelada_Novembro_266
224.39,1.3,POLPA-202511-9244,8.0,2.13,Polpa congelada_Novembro_267
276.71,17.53,POLPA-202511-7201,9.0,1.2,Polpa congelada_Novembro_268
542.6,272.21,POLPA-202511-6093,7.0,1.52,Polpa congelada_Novembro_269
290.24,99.92,POLPA-202511-2156,7.0,1.88,Polpa congelada_Novembro_270
791.33,196.52,POLPA-202511-8048,9.0,2.8,Polpa congelada_Novembro_271
271.44,96.98,POLPA-202511-3398,8.0,3.06,Polpa congelada_Novembro_272
556.17,327.6,POLPA-202511-2570,9.0,1.2,Polpa congelada_Novembro_273
111.93,108.63,POLPA-202511-9822,8.0,1.1,Polpa congelada_Novembro_274
106.98,35.7,POLPA-202511-3347,9.0,1.42,Polpa congelada_Novembro_275
408.39,29.35,POLPA-202511-4969,9.0,0.98,Polpa congelada_Novembro_276
539.04,396.47,POLPA-202511-9224,8.0,2.29,Polpa congelada_Novembro_277
524.25,89.38,POLPA-202511-7382,9.0,2.52,Polpa congelada_Novembro_278
222.51,53.12,POLPA-202511-2359,7.0,1.79,Polpa congelada_Novembro_279
358.83,257.25,POLPA-202511-1398,7.0,1.09,Polpa congelada_Novembro_280
1616.06,365.13,POLPA-202511-8082,9.0,0.75,Polpa congelada_Novembro_281
578.7460611353711,670.12,POLPA-202511-6152,10.0,2.04,Polpa congelada_Novembro_282
753.81,550.67,POLPA-202511-4049,10.0,1.18,Polpa congelada_Novembro_283
714.73,27.19,POLPA-202511-9926,9.0,2.95,Polpa congelada_Novembro_284
578.7460611353711,41.95,POLPA-202511-2332,10.0,2.43,Polpa congelada_Novembro_285
541.68,88.99,POLPA-202511-6905,9.0,1.85,Polpa congelada_Novembro_286
659.69,393.76,POLPA-202511-5389,9.0,3.71,Polpa congelada_Novembro_287
291.94,120.16,POLPA-202511-7012,9.0,3.0,Polpa congelada_Novembro_288
268.77,276.31,POLPA-202511-2215,8.0,2.54,Polpa congelada_Novembro_289
1523.38,1078.18,POLPA-202511-3114,6.0,0.73,Polpa congelada_Novembro_290
673.47,160.42,POLPA-202511-6352,9.0,1.91,Polpa congelada_Novembro_291
1844.05,228.56,POLPA-202511-7298,8.0,2.04,Polpa congelada_Novembro_292
602.23,422.82,POLPA-202511-1750,8.0,1.13,Polpa congelada_Novembro_293
1791.62,218.12,POLPA-202511-6205,8.387342513917375,2.51,Polpa congelada_Novembro_294
225.55,35.89,POLPA-202511-2387,8.0,2.17,Polpa congelada_Novembro_295
565.64,201.9,POLPA-202511-1969,8.0,2.4,Polpa congelada_Novembro_296
119.14,60.69,POLPA-202511-3221,10.0,3.01,Polpa congelada_Novembro_297
201.19,120.09,POLPA-202511-4205,8.0,1.42,Polpa congelada_Novembro_298
746.5,185.43,POLPA-202511-3075,10.0,2.02,Polpa congelada_Novembro_299
285.48,116.66,POLPA-202511-4861,9.0,1.39,Polpa congelada_Novembro_300
663.94,340.73,POLPA-202511-5808,8.0,1.59,Polpa congelada_Novembro_301
356.77,150.92,POLPA-202511-8962,8.0,0.3,Polpa congelada_Novembro_302
594.9,408.99,POLPA-202511-4515,9.0,0.86,Polpa congelada_Novembro_303
536.66,23.48,POLPA-202511-3425,8.0,1.04,Polpa congelada_Novembro_304
195.48,62.37,POLPA-202511-3841,7.0,2.9,Polpa congelada_Novembro_305
223.98,71.92,POLPA-202511-9385,8.0,1.09,Polpa congelada_Novembro_306
86.82,36.65,POLPA-202511-9490,8.0,1.1,Polpa congelada_Novembro_307
920.36,470.6,POLPA-202511-3841,9.0,1.21,Polpa congelada_Novembro_308
583.66,150.7,POLPA-202511-3510,8.0,3.09,Polpa congelada_Novembro_309
238.45,40.68,POLPA-202511-2271,9.0,1.46,Polpa congelada_Novembro_310
200.04,155.56,POLPA-202511-8910,7.0,1.97,Polpa congelada_Novembro_311
266.71,111.49,POLPA-202511-3118,9.0,1.23,Polpa congelada_Novembro_312
585.63,545.5,POLPA-202511-7056,7.0,2.38,Polpa congelada_Novembro_313
351.48,276.73,POLPA-202511-4457,9.0,0.62,Polpa congelada_Novembro_314
554.62,203.99,POLPA-202511-6707,9.0,1.93,Polpa congelada_Novembro_315
578.7460611353711,440.78,POLPA-202511-4105,7.0,1.11,Polpa congelada_Novembro_316
1524.82,338.12,POLPA-202511-2687,8.0,2.16,Polpa congelada_Novembro_317
355.46,124.22,POLPA-202511-2996,10.0,1.09,Polpa congelada_Novembro_318
82.46,0.0,POLPA-202511-8986,9.0,1.08,Polpa congelada_Novembro_319
98.81,28.21,POLPA-202511-3656,10.0,2.0,Polpa congelada_Novembro_320
589.98,101.09,POLPA-202511-4512,8.0,0.59,Polpa congelada_Novembro_321
562.05,234.8,POLPA-202511-2205,10.0,2.19,Polpa congelada_Novembro_322
587.83,275.0,POLPA-202511-2856,10.0,0.88,Polpa congelada_Novembro_323
635.59,2.29,POLPA-202511-3748,9.0,0.72,Polpa congelada_Novembro_324
674.05,120.05,POLPA-202511-9444,7.0,3.28,Polpa congelada_Novembro_325
57.88,44.18,POLPA-202511-9219,7.0,1.83,Polpa congelada_Novembro_326
655.18,389.35,POLPA-202511-1875,8.0,2.16,Polpa congelada_Novembro_327
436.59,156.93,POLPA-202511-4919,8.0,1.44,Polpa congelada_Novembro_328
267.96,98.14,POLPA-202511-5800,9.0,2.15,Polpa congelada_Novembro_329
297.0,186.18,POLPA-202511-7777,7.0,3.22,Polpa congelada_Novembro_330
461.66,52.55,POLPA-202511-9963,9.0,1.4,Polpa congelada_Novembro_331
314.58,120.91,POLPA-202511-2356,8.0,2.63,Polpa congelada_Novembro_332
632.34,196.34738686131388,POLPA-202511-9152,10.0,0.56,Polpa congelada_Novembro_333
538.96,71.98,POLPA-202511-1954,9.0,0.32,Polpa congelada_Novembro_334
690.58,375.74,POLPA-202511-9219,9.0,1.73,Polpa congelada_Novembro_335
375.42,60.24,POLPA-202511-5170,9.0,1.97,Polpa congelada_Novembro_336
186.47,34.81,POLPA-202511-8269,9.0,3.0,Polpa congelada_Novembro_337
195.7,52.73,POLPA-202511-3965,10.0,1.55,Polpa congelada_Novembro_338
119.36,108.75,POLPA-202511-2086,8.0,0.58,Polpa congelada_Novembro_339
318.18,291.86,POLPA-202511-1634,7.0,2.64,Polpa congelada_Novembro_340
282.18,187.07,POLPA-202511-1919,9.0,2.22,Polpa congelada_Novembro_341
441.56,36.21,POLPA-202511-5453,9.0,2.81,Polpa congelada_Novembro_342
283.79,50.46,POLPA-202511-2323,10.0,0.88,Polpa congelada_Novembro_343
508.44,177.34,POLPA-202511-7610,8.0,1.73,Polpa congelada_Novembro_344
766.44,279.22,POLPA-202511-3982,8.0,1.26,Polpa congelada_Novembro_345
299.63,31.81,POLPA-202511-5954,8.0,1.65,Polpa congelada_Novembro_346
652.37,196.34738686131388,POLPA-202511-6501,10.0,1.59,Polpa congelada_Novembro_347
929.57,771.77,POLPA-202511-2864,9.0,2.21,Polpa congelada_Novembro_348
820.31,355.62,POLPA-202511-4488,8.0,2.12,Polpa congelada_Novembro_349
998.87,1127.09,POLPA-202511-7894,9.0,0.78,Polpa congelada_Novembro_350
540.14,133.88,POLPA-202511-4305,9.0,2.56,Polpa congelada_Novembro_351
431.09,213.37,POLPA-202511-1585,9.0,1.7,Polpa congelada_Novembro_352
866.48,283.82,POLPA-202511-5453,9.0,0.3,Polpa congelada_Novembro_353
153.87,89.45,POLPA-202511-3273,9.0,2.96,Polpa congelada_Novembro_354
1307.57,365.26,POLPA-202511-8572,8.0,3.07,Polpa congelada_Novembro_355
75.77,29.63,POLPA-202511-5958,10.0,2.18,Polpa congelada_Novembro_356
632.75,104.15,POLPA-202511-8428,8.0,1.95,Polpa congelada_Novembro_357
881.17,162.41,POLPA-202511-2573,8.0,0.7,Polpa congelada_Novembro_358
158.05,23.44,POLPA-202511-5352,8.0,1.74,Polpa congelada_Novembro_359
532.02,88.93,POLPA-202511-7864,7.0,2.16,Polpa congelada_Novembro_360
380.45,139.5,POLPA-202511-2131,9.0,3.35,Polpa congelada_Novembro_361
235.64,125.89,POLPA-202511-8064,10.0,3.48,Polpa congelada_Novembro_362
182.28,109.63,POLPA-202511-3539,8.0,2.59,Polpa congelada_Novembro_363
861.15,334.41,POLPA-202511-1562,8.387342513917375,2.83,Polpa congelada_Novembro_364
1003.23,89.25,POLPA-202511-5746,10.0,2.26,Polpa congelada_Novembro_365
182.31,146.88,POLPA-202511-4653,8.0,0.56,Polpa congelada_Novembro_366
690.65,298.32,POLPA-202511-6780,8.0,3.26,Polpa congelada_Novembro_367
763.91,178.17,POLPA-202511-4817,8.0,0.3,Polpa congelada_Novembro_368
681.37,73.87,POLPA-202511-4985,8.0,2.04,Polpa congelada_Novembro_369
789.97,356.11,POLPA-202511-7063,9.0,0.4,Polpa congelada_Novembro_370
644.9,326.74,POLPA-202511-6612,9.0,2.25,Polpa congelada_Novembro_371
252.88,154.95,POLPA-202511-1982,7.0,1.06,Polpa congelada_Novembro_372
1137.83,694.76,POLPA-202511-6738,9.0,2.65,Polpa congelada_Novembro_373
927.28,26.34,POLPA-202511-4842,8.0,2.08,Polpa congelada_Novembro_374
518.67,138.39,POLPA-202511-9900,8.0,0.84,Polpa congelada_Novembro_375
319.77,65.57,POLPA-202511-9069,10.0,0.73,Polpa congelada_Novembro_376
358.33,62.67,POLPA-202511-3733,9.0,0.86,Polpa congelada_Novembro_377
491.09,257.32,POLPA-202511-6838,9.0,0.81,Polpa congelada_Novembro_378
780.68,251.21,POLPA-202511-8750,9.0,1.19,Polpa congelada_Novembro_379
525.59,108.11,POLPA-202511-3926,10.0,1.62,Polpa congelada_Novembro_380
1191.69,585.77,POLPA-202511-6912,9.0,2.96,Polpa congelada_Novembro_381
1011.69,544.54,POLPA-202511-4181,8.0,1.25,Polpa congelada_Novembro_382
578.7460611353711,369.34,POLPA-202511-4804,9.0,1.59,Polpa congelada_Novembro_383
389.47,115.81,POLPA-202511-3900,9.0,0.9,Polpa congelada_Novembro_384
234.13,315.24,POLPA-202511-8424,8.0,2.19,Polpa congelada_Novembro_385
318.56,210.13,POLPA-202511-8269,8.0,0.92,Polpa congelada_Novembro_386
133.0,99.87,POLPA-202511-1531,8.0,0.3,Polpa congelada_Novembro_387
238.66,120.79,POLPA-202511-4302,8.0,0.3,Polpa congelada_Novembro_388
150.04,6.05,POLPA-202511-9818,9.0,3.36,Polpa congelada_Novembro_389
128.43,97.31,POLPA-202511-1860,8.387342513917375,1.17,Polpa congelada_Novembro_390
500.75,158.3,POLPA-202511-3664,10.0,2.03,Polpa congelada_Novembro_391
90.67,196.34738686131388,POLPA-202511-1329,8.0,1.98,Polpa congelada_Novembro_392
870.71,223.52,POLPA-202511-2219,9.0,1.09,Polpa congelada_Novembro_393
1044.23,97.69,POLPA-202511-4151,8.0,2.05,Polpa congelada_Novembro_394
350.03,250.84,POLPA-202511-6953,8.0,2.3,Polpa congelada_Novembro_395
741.3,709.45,POLPA-202511-7371,6.0,1.07,Polpa congelada_Novembro_396
1357.33,9.57,POLPA-202511-8633,9.0,1.64,Polpa congelada_Novembro_397
636.58,123.31,POLPA-202511-9963,9.0,1.13,Polpa congelada_Novembro_398
134.7,51.34,POLPA-202511-6948,9.0,2.27,Polpa congelada_Novembro_399
788.89,584.83,POLPA-202511-6024,9.0,1.99,Polpa congelada_Novembro_400
451.83,218.68,POLPA-202511-9756,10.0,3.77,Polpa congelada_Novembro_401
1407.12,316.67,POLPA-202511-8821,8.0,3.3,Polpa congelada_Novembro_402
356.13,187.03,POLPA-202511-6614,10.0,0.37,Polpa congelada_Novembro_403
626.26,357.77,POLPA-202511-5966,9.0,1.51,Polpa congelada_Novembro_404
917.26,162.65,POLPA-202511-3434,9.0,2.13,Polpa congelada_Novembro_405
656.29,130.4,POLPA-202511-6092,8.0,2.89,Polpa congelada_Novembro_406
112.79,69.17,POLPA-202511-6670,8.0,2.0,Polpa congelada_Novembro_407
440.07,34.91,POLPA-202511-5046,9.0,2.16,Polpa congelada_Novembro_408
947.54,1.01,POLPA-202511-5206,7.0,2.88,Polpa congelada_Novembro_409
730.07,54.8,POLPA-202511-2248,9.0,3.0,Polpa congelada_Novembro_410
487.02,281.99,POLPA-202511-8813,8.0,1.77,Polpa congelada_Novembro_411
646.41,440.4,POLPA-202511-2663,9.0,2.14,Polpa congelada_Novembro_412
666.0,338.7,POLPA-202511-9336,10.0,1.88,Polpa congelada_Novembro_413
1176.81,243.02,POLPA-202511-5596,9.0,2.31,Polpa congelada_Novembro_414
460.02,115.75,POLPA-202511-2398,7.0,1.75,Polpa congelada_Novembro_415
1120.73,302.82,POLPA-202511-2456,8.0,2.42,Polpa congelada_Novembro_416
902.14,643.63,POLPA-202511-9720,8.0,1.0,Polpa congelada_Novembro_417
227.52,130.33,POLPA-202511-8220,10.0,1.14,Polpa congelada_Novembro_418
414.25,34.39,POLPA-202511-6301,10.0,1.49,Polpa congelada_Novembro_419
621.67,391.19,POLPA-202511-6702,8.0,2.13,Polpa congelada_Novembro_420
1386.12,26.49,POLPA-202511-3037,8.0,2.44,Polpa congelada_Novembro_421
1021.99,237.01,POLPA-202511-8298,9.0,1.28,Polpa congelada_Novembro_422
381.87,234.88,POLPA-202511-5993,9.0,2.36,Polpa congelada_Novembro_423
1077.91,65.16,POLPA-202511-3497,9.0,1.55,Polpa congelada_Novembro_424
414.39,143.29,POLPA-202511-9166,8.0,1.91,Polpa congelada_Novembro_425
425.28,135.51,POLPA-202511-3035,9.0,2.46,Polpa congelada_Novembro_426
571.92,131.48,POLPA-202511-4699,9.0,1.81,Polpa congelada_Novembro_427
254.41,46.84,POLPA-202511-6982,8.0,2.41,Polpa congelada_Novembro_428
710.27,516.9,POLPA-202511-1039,9.0,1.78,Polpa congelada_Novembro_429
1182.47,276.45,POLPA-202511-5020,9.0,1.4,Polpa congelada_Novembro_430
849.06,54.79,POLPA-202511-5116,8.0,1.97,Polpa congelada_Novembro_431
1479.94,327.07,POLPA-202511-3722,9.0,3.47,Polpa congelada_Novembro_432
343.91,95.32,POLPA-202511-6047,8.0,0.37,Polpa congelada_Novembro_433
578.7460611353711,502.71,POLPA-202511-2673,8.0,1.95,Polpa congelada_Novembro_434
165.85,75.67,POLPA-202511-8208,8.0,1.76,Polpa congelada_Novembro_435
1122.97,399.36,POLPA-202511-2003,10.0,3.11,Polpa congelada_Novembro_436
541.4,317.39,POLPA-202511-9428,8.0,2.19,Polpa congelada_Novembro_437
255.5,76.6,POLPA-202511-7978,9.0,1.7,Polpa congelada_Novembro_438
313.61,3.7,POLPA-202511-3261,7.0,0.63,Polpa congelada_Novembro_439
336.25,37.1,POLPA-202511-6247,10.0,2.83,Polpa congelada_Novembro_440
323.86,165.73,POLPA-202511-1050,9.0,0.85,Polpa congelada_Novembro_441
294.43,34.66,POLPA-202511-3688,9.0,2.7,Polpa congelada_Novembro_442
483.89,256.54,POLPA-202511-7266,8.0,0.55,Polpa congelada_Novembro_443
411.41,208.88,POLPA-202511-3665,9.0,2.15,Polpa congelada_Novembro_444
1657.75,8.31,POLPA-202511-8037,9.0,3.88,Polpa congelada_Novembro_445
1029.11,25.73,POLPA-202511-4172,8.0,0.64,Polpa congelada_Novembro_446
979.38,238.61,POLPA-202511-4889,6.0,1.15,Polpa congelada_Novembro_447
530.58,13.87,POLPA-202511-4303,9.0,2.66,Polpa congelada_Novembro_448
558.59,86.84,POLPA-202511-8709,8.0,0.3,Polpa congelada_Novembro_449
573.0,301.97,POLPA-202511-8435,9.0,1.27,Polpa congelada_Novembro_450
70.34,5.52,POLPA-202511-8571,7.0,2.01,Polpa congelada_Novembro_451
999.96,461.8,POLPA-202511-1793,8.0,2.95,Polpa congelada_Novembro_452
729.11,112.84,POLPA-202511-8889,9.0,4.5,Polpa congelada_Novembro_453
633.73,356.24,POLPA-202511-3090,8.0,0.95,Polpa congelada_Novembro_454
689.12,274.02,POLPA-202511-8773,9.0,2.68,Polpa congelada_Novembro_455
484.25,50.83,POLPA-202511-8001,8.0,1.18,Polpa congelada_Novembro_456
283.23,48.7,POLPA-202511-4121,9.0,1.55,Polpa congelada_Novembro_457
1187.19,133.18,POLPA-202511-3335,10.0,3.55,Polpa congelada_Novembro_458
125.64,196.34738686131388,POLPA-202511-4782,8.0,1.9,Polpa congelada_Novembro_459
150.62,89.05,POLPA-202511-5648,9.0,2.26,Polpa congelada_Novembro_460
746.64,106.52,POLPA-202511-6245,8.0,2.38,Polpa congelada_Novembro_461
496.11,517.51,POLPA-202511-1581,8.0,1.91,Polpa congelada_Novembro_462
754.83,105.95,POLPA-202511-7849,7.0,0.3,Polpa congelada_Novembro_463
179.77,12.1,POLPA-202511-2371,9.0,0.73,Polpa congelada_Novembro_464
204.22,31.97,POLPA-202511-5413,7.0,0.89,Polpa congelada_Novembro_465
1430.52,472.91,POLPA-202511-7711,9.0,0.97,Polpa congelada_Novembro_466
686.08,605.58,POLPA-202511-4746,9.0,1.91,Polpa congelada_Novembro_467
880.06,289.2,POLPA-202511-1992,10.0,1.04,Polpa congelada_Novembro_468
315.75,292.95,POLPA-202511-6218,8.0,0.61,Polpa congelada_Novembro_469
394.55,30.68,POLPA-202511-5453,8.0,2.51,Polpa congelada_Novembro_470
611.69,208.03,POLPA-202511-7842,9.0,2.04,Polpa congelada_Novembro_471
543.42,92.37,POLPA-202511-5544,8.0,3.13,Polpa congelada_Novembro_472
624.27,211.59,POLPA-202511-2024,9.0,1.64,Polpa congelada_Novembro_473
791.77,377.18,POLPA-202511-3610,8.0,2.5,Polpa congelada_Novembro_474
426.09,307.89,POLPA-202511-6928,9.0,1.71,Polpa congelada_Novembro_475
778.77,241.84,POLPA-202511-3916,7.0,4.06,Polpa congelada_Novembro_476
143.14,116.19,POLPA-202511-1439,9.0,1.91,Polpa congelada_Novembro_477
508.94,145.01,POLPA-202511-5855,9.0,0.86,Polpa congelada_Novembro_478
270.9,215.79,POLPA-202511-1212,8.0,1.68,Polpa congelada_Novembro_479
141.88,181.99,POLPA-202511-7941,10.0,0.45,Polpa congelada_Novembro_480
317.53,17.62,POLPA-202511-9477,7.0,1.97,Polpa congelada_Novembro_481
726.99,36.7,POLPA-202511-2223,9.0,1.39,Polpa congelada_Novembro_482
251.25,196.34738686131388,POLPA-202511-7276,9.0,2.13,Polpa congelada_Novembro_483
965.85,378.74,POLPA-202511-7415,9.0,2.07,Polpa congelada_Novembro_484
624.68,176.39,POLPA-202511-5528,8.0,2.14,Polpa congelada_Novembro_485
504.37,208.43,POLPA-202511-2364,8.0,1.18,Polpa congelada_Novembro_486
749.88,332.16,POLPA-202511-7903,8.0,1.63,Polpa congelada_Novembro_487
127.27,37.22,POLPA-202511-6033,9.0,1.16,Polpa congelada_Novembro_488
273.51,100.63,POLPA-202511-6046,8.0,3.18,Polpa congelada_Novembro_489
530.23,167.15,POLPA-202511-2547,8.0,0.3,Polpa congelada_Novembro_490
619.81,135.21,POLPA-202511-9689,8.0,1.15,Polpa congelada_Novembro_491
819.12,276.39,POLPA-202511-3924,8.0,2.49,Polpa congelada_Novembro_492
440.32,156.63,POLPA-202511-3223,8.0,2.51,Polpa congelada_Novembro_493
570.25,114.36,POLPA-202511-4780,9.0,1.83,Polpa congelada_Novembro_494
771.34,270.59,POLPA-202511-8268,8.0,1.64,Polpa congelada_Novembro_495
786.64,188.87,POLPA-202511-4685,7.0,3.08,Polpa congelada_Novembro_496
339.95,66.67,POLPA-202511-7846,9.0,2.17,Polpa congelada_Novembro_497
1057.03,214.05,POLPA-202511-5217,9.0,2.93,Polpa congelada_Novembro_498
1033.77,444.14,POLPA-202511-7447,8.0,1.61,Polpa congelada_Novembro_499
542.96,242.15,POLPA-202511-5329,9.0,0.55,Polpa congelada_Novembro_500
156.38,25.01,POLPA-202511-1037,8.0,1.81,Polpa congelada_Novembro_501
249.44,104.98,POLPA-202511-8135,8.0,2.56,Polpa congelada_Novembro_502
443.65,39.93,POLPA-202511-1230,8.0,1.71,Polpa congelada_Novembro_503
577.72,24.14,POLPA-202511-3873,10.0,0.48,Polpa congelada_Novembro_504
818.61,267.26,POLPA-202511-5799,8.0,1.61,Polpa congelada_Novembro_505
592.69,122.86,POLPA-202511-2678,8.0,1.1,Polpa congelada_Novembro_506
104.31,2.84,POLPA-202511-4602,8.387342513917375,1.74,Polpa congelada_Novembro_507
578.7460611353711,120.7,POLPA-202511-2325,8.0,1.23,Polpa congelada_Novembro_508
995.87,526.01,POLPA-202511-4879,9.0,0.67,Polpa congelada_Novembro_509
1033.33,118.97,POLPA-202511-5700,8.0,2.08,Polpa congelada_Novembro_510
835.33,45.72,POLPA-202511-7588,8.0,3.12,Polpa congelada_Novembro_511
421.01,236.05,POLPA-202511-7311,6.0,1.29,Polpa congelada_Novembro_512
546.93,268.51,POLPA-202511-3020,9.0,0.3,Polpa congelada_Novembro_513
108.07,52.47,POLPA-202511-2014,7.0,0.3,Polpa congelada_Novembro_514
646.32,78.77,POLPA-202511-4140,9.0,1.92,Polpa congelada_Novembro_515
834.91,111.03,POLPA-202511-1702,8.0,1.11,Polpa congelada_Novembro_516
110.99,22.01,POLPA-202511-2442,9.0,2.59,Polpa congelada_Novembro_517
84.7,196.34738686131388,POLPA-202511-3208,8.0,1.01,Polpa congelada_Novembro_518
918.33,99.08,POLPA-202511-6247,8.0,2.53,Polpa congelada_Novembro_519
425.82,86.86,POLPA-202511-2366,10.0,1.82,Polpa congelada_Novembro_520
366.03,68.1,POLPA-202511-4983,8.0,0.74,Polpa congelada_Novembro_521
736.05,400.63,POLPA-202511-3518,10.0,1.55,Polpa congelada_Novembro_522
92.66,32.39,POLPA-202511-9065,9.0,1.67,Polpa congelada_Novembro_523
1041.95,389.46,POLPA-202511-6111,8.0,3.24,Polpa congelada_Novembro_524
2184.84,462.93,POLPA-202512-7602,8.0,1.74,Polpa congelada_Dezembro_0
129.02,26.49,POLPA-202512-2973,8.0,2.63,Polpa congelada_Dezembro_1
536.84,26.88,POLPA-202512-2284,7.0,1.98,Polpa congelada_Dezembro_2
391.16,14.23,POLPA-202512-4125,8.0,0.92,Polpa congelada_Dezembro_3
340.76,32.14,POLPA-202512-1414,8.0,2.72,Polpa congelada_Dezembro_4
103.5,103.53,POLPA-202512-4683,8.0,1.63,Polpa congelada_Dezembro_5
171.91,2.92,POLPA-202512-4204,9.0,2.92,Polpa congelada_Dezembro_6
863.6,144.51,POLPA-202512-6149,8.0,1.55,Polpa congelada_Dezembro_7
205.22,148.11,POLPA-202512-7653,7.0,2.29,Polpa congelada_Dezembro_8
382.91,65.62,POLPA-202512-5278,9.0,1.84,Polpa congelada_Dezembro_9
844.17,215.58,POLPA-202512-6154,8.0,1.11,Polpa congelada_Dezembro_10
893.28,545.95,POLPA-202512-8009,9.0,3.65,Polpa congelada_Dezembro_11
207.74,78.33,POLPA-202512-6578,8.0,3.5,Polpa congelada_Dezembro_12
335.08,153.59,POLPA-202512-8075,8.387342513917375,1.62,Polpa congelada_Dezembro_13
448.84,177.71,POLPA-202512-4438,9.0,1.26,Polpa congelada_Dezembro_14
186.3,55.01,POLPA-202512-6777,9.0,2.97,Polpa congelada_Dezembro_15
883.1,224.2,POLPA-202512-2435,9.0,1.53,Polpa congelada_Dezembro_16
236.28,28.16,POLPA-202512-7313,8.0,3.0,Polpa congelada_Dezembro_17
179.81,21.89,POLPA-202512-1900,8.0,0.53,Polpa congelada_Dezembro_18
1124.96,714.83,POLPA-202512-6721,8.387342513917375,1.81,Polpa congelada_Dezembro_19
109.89,25.98,POLPA-202512-3291,8.0,2.39,Polpa congelada_Dezembro_20
262.42,135.49,POLPA-202512-8171,9.0,3.35,Polpa congelada_Dezembro_21
705.57,273.12,POLPA-202512-7932,8.0,1.89,Polpa congelada_Dezembro_22
578.7460611353711,96.2,POLPA-202512-5292,8.0,1.89,Polpa congelada_Dezembro_23
313.65,68.69,POLPA-202512-6373,8.0,2.52,Polpa congelada_Dezembro_24
438.23,262.25,POLPA-202512-8015,9.0,1.53,Polpa congelada_Dezembro_25
965.96,652.79,POLPA-202512-8910,9.0,3.99,Polpa congelada_Dezembro_26
212.45,47.12,POLPA-202512-6888,9.0,1.38,Polpa congelada_Dezembro_27
130.12,104.32,POLPA-202512-4778,7.0,0.74,Polpa congelada_Dezembro_28
337.81,3.85,POLPA-202512-3998,10.0,1.25,Polpa congelada_Dezembro_29
44.2,14.39,POLPA-202512-3013,9.0,2.21,Polpa congelada_Dezembro_30
435.69,525.77,POLPA-202512-4866,9.0,3.65,Polpa congelada_Dezembro_31
321.5,206.49,POLPA-202512-7305,8.0,2.5,Polpa congelada_Dezembro_32
1462.71,166.05,POLPA-202512-5930,8.0,0.58,Polpa congelada_Dezembro_33
143.42,135.61,POLPA-202512-5036,8.0,1.12,Polpa congelada_Dezembro_34
295.46,36.02,POLPA-202512-2655,9.0,2.29,Polpa congelada_Dezembro_35
424.52,262.71,POLPA-202512-4700,9.0,0.3,Polpa congelada_Dezembro_36
1095.44,202.06,POLPA-202512-2225,8.0,2.45,Polpa congelada_Dezembro_37
574.24,280.05,POLPA-202512-7912,8.0,3.38,Polpa congelada_Dezembro_38
235.13,188.32,POLPA-202512-9398,8.0,3.45,Polpa congelada_Dezembro_39
483.11,172.54,POLPA-202512-2586,8.0,2.62,Polpa congelada_Dezembro_40
236.59,42.69,POLPA-202512-9756,8.0,2.05,Polpa congelada_Dezembro_41
953.01,343.9,POLPA-202512-1051,10.0,0.55,Polpa congelada_Dezembro_42
308.74,63.92,POLPA-202512-6829,8.0,1.07,Polpa congelada_Dezembro_43
585.23,229.47,POLPA-202512-7578,9.0,1.18,Polpa congelada_Dezembro_44
91.09,12.92,POLPA-202512-4856,8.0,1.44,Polpa congelada_Dezembro_45
274.06,3.44,POLPA-202512-1695,9.0,0.3,Polpa congelada_Dezembro_46
484.42,182.17,POLPA-202512-1067,9.0,0.3,Polpa congelada_Dezembro_47
385.37,184.69,POLPA-202512-6685,8.0,0.94,Polpa congelada_Dezembro_48
414.31,68.24,POLPA-202512-4754,9.0,1.48,Polpa congelada_Dezembro_49
112.03,21.41,POLPA-202512-2888,10.0,0.96,Polpa congelada_Dezembro_50
618.48,339.27,POLPA-202512-3197,9.0,0.93,Polpa congelada_Dezembro_51
235.63,82.78,POLPA-202512-1243,7.0,1.71,Polpa congelada_Dezembro_52
132.85,76.54,POLPA-202512-4122,9.0,2.75,Polpa congelada_Dezembro_53
84.74,41.58,POLPA-202512-6300,9.0,2.26,Polpa congelada_Dezembro_54
461.03,277.44,POLPA-202512-3032,9.0,2.09,Polpa congelada_Dezembro_55
595.46,237.23,POLPA-202512-3545,9.0,1.75,Polpa congelada_Dezembro_56
224.02,56.29,POLPA-202512-1066,7.0,1.1,Polpa congelada_Dezembro_57
1215.78,138.63,POLPA-202512-5015,8.0,2.38,Polpa congelada_Dezembro_58
484.0,316.59,POLPA-202512-9096,8.0,1.13,Polpa congelada_Dezembro_59
646.01,73.09,POLPA-202512-8726,9.0,2.49,Polpa congelada_Dezembro_60
494.1,155.14,POLPA-202512-8653,10.0,1.08,Polpa congelada_Dezembro_61
78.48,27.4,POLPA-202512-7147,9.0,1.45,Polpa congelada_Dezembro_62
157.86,114.6,POLPA-202512-1420,9.0,2.15,Polpa congelada_Dezembro_63
143.42,39.4,POLPA-202512-4363,8.0,1.94,Polpa congelada_Dezembro_64
291.49,115.71,POLPA-202512-8615,8.0,2.09,Polpa congelada_Dezembro_65
1358.68,11.16,POLPA-202512-4724,8.0,0.87,Polpa congelada_Dezembro_66
508.96,115.07,POLPA-202512-8733,7.0,0.37,Polpa congelada_Dezembro_67
644.8,403.55,POLPA-202512-1426,7.0,0.3,Polpa congelada_Dezembro_68
197.04,55.28,POLPA-202512-1556,7.0,1.58,Polpa congelada_Dezembro_69
273.82,30.38,POLPA-202512-4921,9.0,3.89,Polpa congelada_Dezembro_70
428.49,75.76,POLPA-202512-1118,8.0,1.76,Polpa congelada_Dezembro_71
101.25,43.33,POLPA-202512-2943,9.0,2.51,Polpa congelada_Dezembro_72
432.94,21.06,POLPA-202512-6505,9.0,1.88,Polpa congelada_Dezembro_73
126.35,196.34738686131388,POLPA-202512-4623,10.0,2.77,Polpa congelada_Dezembro_74
375.11,127.29,POLPA-202512-7940,10.0,0.3,Polpa congelada_Dezembro_75
156.16,185.99,POLPA-202512-2613,10.0,2.45,Polpa congelada_Dezembro_76
536.09,12.77,POLPA-202512-1362,9.0,1.46,Polpa congelada_Dezembro_77
194.91,196.34738686131388,POLPA-202512-9292,8.387342513917375,2.03,Polpa congelada_Dezembro_78
285.92,209.07,POLPA-202512-6865,9.0,1.87,Polpa congelada_Dezembro_79
180.68,61.36,POLPA-202512-8920,9.0,2.6,Polpa congelada_Dezembro_80
62.97,35.48,POLPA-202512-2256,9.0,2.22,Polpa congelada_Dezembro_81
355.34,120.94,POLPA-202512-5955,9.0,2.15,Polpa congelada_Dezembro_82
199.7,196.34738686131388,POLPA-202512-5613,8.0,1.68,Polpa congelada_Dezembro_83
148.6,5.9,POLPA-202512-8766,9.0,0.99,Polpa congelada_Dezembro_84
159.52,96.94,POLPA-202512-3635,6.0,0.3,Polpa congelada_Dezembro_85
289.37,88.52,POLPA-202512-4017,10.0,1.54,Polpa congelada_Dezembro_86
673.59,583.45,POLPA-202512-1418,7.0,2.45,Polpa congelada_Dezembro_87
546.32,250.57,POLPA-202512-8012,8.0,1.32,Polpa congelada_Dezembro_88
628.55,338.32,POLPA-202512-4169,8.0,1.16,Polpa congelada_Dezembro_89
433.06,203.35,POLPA-202512-3890,9.0,0.3,Polpa congelada_Dezembro_90
412.14,88.23,POLPA-202512-6460,9.0,2.22,Polpa congelada_Dezembro_91
99.91,43.12,POLPA-202512-4117,9.0,1.64,Polpa congelada_Dezembro_92
229.69,78.57,POLPA-202512-2505,8.0,0.35,Polpa congelada_Dezembro_93
45.65,1.92,POLPA-202512-4776,9.0,0.91,Polpa congelada_Dezembro_94
1683.96,437.27,POLPA-202512-7519,8.0,1.37,Polpa congelada_Dezembro_95
595.96,328.41,POLPA-202512-4181,9.0,1.77,Polpa congelada_Dezembro_96
138.37,196.34738686131388,POLPA-202512-1958,8.0,2.54,Polpa congelada_Dezembro_97
180.41,210.87,POLPA-202512-2586,8.0,1.18,Polpa congelada_Dezembro_98
325.37,3.9,POLPA-202512-5957,10.0,1.04,Polpa congelada_Dezembro_99
148.64,6.13,POLPA-202512-1051,8.0,1.87,Polpa congelada_Dezembro_100
767.74,100.3,POLPA-202512-5057,7.0,1.88,Polpa congelada_Dezembro_101
133.98,57.39,POLPA-202512-2664,9.0,2.47,Polpa congelada_Dezembro_102
107.19,196.34738686131388,POLPA-202512-6878,10.0,1.72,Polpa congelada_Dezembro_103
188.85,120.42,POLPA-202512-4983,8.0,1.37,Polpa congelada_Dezembro_104
193.28,208.63,POLPA-202512-4208,7.0,1.39,Polpa congelada_Dezembro_105
172.8,42.82,POLPA-202512-1970,7.0,2.13,Polpa congelada_Dezembro_106
240.57,17.72,POLPA-202512-5072,9.0,1.37,Polpa congelada_Dezembro_107
179.66,62.45,POLPA-202512-2295,8.0,1.51,Polpa congelada_Dezembro_108
545.14,418.71,POLPA-202512-3304,8.0,0.46,Polpa congelada_Dezembro_109
792.52,245.99,POLPA-202512-6224,10.0,0.69,Polpa congelada_Dezembro_110
360.31,84.29,POLPA-202512-8403,9.0,2.11,Polpa congelada_Dezembro_111
803.78,388.68,POLPA-202512-6596,8.0,0.3,Polpa congelada_Dezembro_112
176.04,76.57,POLPA-202512-1827,9.0,0.3,Polpa congelada_Dezembro_113
506.97,80.14,POLPA-202512-7864,7.0,2.19,Polpa congelada_Dezembro_114
266.29,70.66,POLPA-202512-8868,7.0,0.36,Polpa congelada_Dezembro_115
961.14,353.22,POLPA-202512-6776,7.0,1.62,Polpa congelada_Dezembro_116
101.56,0.28,POLPA-202512-6200,8.0,1.35,Polpa congelada_Dezembro_117
261.5,176.89,POLPA-202512-6381,8.0,0.44,Polpa congelada_Dezembro_118
266.29,64.14,POLPA-202512-4730,10.0,3.24,Polpa congelada_Dezembro_119
397.24,176.98,POLPA-202512-4562,10.0,1.47,Polpa congelada_Dezembro_120
216.38,30.43,POLPA-202512-4670,6.0,2.99,Polpa congelada_Dezembro_121
387.18,298.88,POLPA-202512-4102,9.0,3.04,Polpa congelada_Dezembro_122
505.95,123.32,POLPA-202512-3958,10.0,1.58,Polpa congelada_Dezembro_123
537.61,189.22,POLPA-202512-9701,8.0,2.48,Polpa congelada_Dezembro_124
668.18,130.18,POLPA-202512-3609,10.0,0.35,Polpa congelada_Dezembro_125
748.8,137.15,POLPA-202512-9563,10.0,2.41,Polpa congelada_Dezembro_126
789.71,325.42,POLPA-202512-3683,8.0,2.44,Polpa congelada_Dezembro_127
152.89,64.58,POLPA-202512-5929,9.0,0.98,Polpa congelada_Dezembro_128
331.69,73.07,POLPA-202512-6027,8.0,1.25,Polpa congelada_Dezembro_129
256.35,1.86,POLPA-202512-9698,10.0,1.65,Polpa congelada_Dezembro_130
676.8,327.93,POLPA-202512-9073,7.0,1.4,Polpa congelada_Dezembro_131
134.43,116.83,POLPA-202512-3956,9.0,3.78,Polpa congelada_Dezembro_132
749.41,40.72,POLPA-202512-5792,8.0,2.81,Polpa congelada_Dezembro_133
578.7460611353711,35.58,POLPA-202512-5004,7.0,1.72,Polpa congelada_Dezembro_134
496.16,247.07,POLPA-202512-2490,8.0,1.46,Polpa congelada_Dezembro_135
949.4,196.34738686131388,POLPA-202512-4021,8.0,1.79,Polpa congelada_Dezembro_136
700.5,100.32,POLPA-202512-7090,7.0,0.3,Polpa congelada_Dezembro_137
992.79,278.57,POLPA-202512-4496,9.0,2.06,Polpa congelada_Dezembro_138
1330.3,353.07,POLPA-202512-6228,9.0,1.98,Polpa congelada_Dezembro_139
488.75,374.37,POLPA-202512-5853,10.0,0.3,Polpa congelada_Dezembro_140
62.23,5.84,POLPA-202512-8692,7.0,0.65,Polpa congelada_Dezembro_141
39.72,42.11,POLPA-202512-9898,8.0,2.43,Polpa congelada_Dezembro_142
41.62,4.04,POLPA-202512-4343,9.0,2.19,Polpa congelada_Dezembro_143
89.64,18.27,POLPA-202512-6955,8.0,1.91,Polpa congelada_Dezembro_144
600.41,138.05,POLPA-202512-8807,10.0,2.35,Polpa congelada_Dezembro_145
183.57,99.12,POLPA-202512-8561,8.0,2.49,Polpa congelada_Dezembro_146
285.84,354.59,POLPA-202512-5253,8.0,3.14,Polpa congelada_Dezembro_147
516.3,41.07,POLPA-202512-1994,8.0,1.17,Polpa congelada_Dezembro_148
657.77,13.35,POLPA-202512-8915,9.0,0.3,Polpa congelada_Dezembro_149
362.51,80.05,POLPA-202512-9355,7.0,0.3,Polpa congelada_Dezembro_150
139.84,6.42,POLPA-202512-1239,8.0,2.41,Polpa congelada_Dezembro_151
131.61,51.51,POLPA-202512-5418,8.0,2.27,Polpa congelada_Dezembro_152
972.8,182.94,POLPA-202512-7481,8.0,1.53,Polpa congelada_Dezembro_153
578.7460611353711,8.44,POLPA-202512-5936,9.0,0.61,Polpa congelada_Dezembro_154
276.84,27.49,POLPA-202512-1464,8.0,1.33,Polpa congelada_Dezembro_155
694.13,96.41,POLPA-202512-2856,9.0,2.4,Polpa congelada_Dezembro_156
95.17,111.9,POLPA-202512-2059,6.0,1.44,Polpa congelada_Dezembro_157
949.88,319.26,POLPA-202512-6937,8.0,1.49,Polpa congelada_Dezembro_158
206.35,43.72,POLPA-202512-7936,10.0,2.2,Polpa congelada_Dezembro_159
747.2,85.96,POLPA-202512-2017,9.0,1.31,Polpa congelada_Dezembro_160
647.09,61.7,POLPA-202512-2085,7.0,2.16,Polpa congelada_Dezembro_161
284.17,33.24,POLPA-202512-2634,7.0,3.71,Polpa congelada_Dezembro_162
755.02,289.86,POLPA-202512-4037,10.0,1.31,Polpa congelada_Dezembro_163
586.34,474.05,POLPA-202512-1542,7.0,1.52,Polpa congelada_Dezembro_164
629.14,221.78,POLPA-202512-3916,8.0,1.44,Polpa congelada_Dezembro_165
203.69,48.72,POLPA-202512-6440,9.0,1.19,Polpa congelada_Dezembro_166
102.97,23.65,POLPA-202512-4023,9.0,2.35,Polpa congelada_Dezembro_167
391.77,285.88,POLPA-202512-4126,8.0,2.47,Polpa congelada_Dezembro_168
608.13,226.56,POLPA-202512-1331,8.0,2.64,Polpa congelada_Dezembro_169
584.41,149.75,POLPA-202512-4967,10.0,2.16,Polpa congelada_Dezembro_170
445.84,530.2,POLPA-202512-1237,9.0,1.76,Polpa congelada_Dezembro_171
1186.48,361.11,POLPA-202512-4463,10.0,2.6,Polpa congelada_Dezembro_172
277.19,113.35,POLPA-202512-7252,8.0,2.07,Polpa congelada_Dezembro_173
433.74,196.34738686131388,POLPA-202512-7572,8.387342513917375,1.41,Polpa congelada_Dezembro_174
567.28,163.57,POLPA-202512-2599,9.0,2.69,Polpa congelada_Dezembro_175
79.15,11.33,POLPA-202512-7275,9.0,1.41,Polpa congelada_Dezembro_176
353.75,46.77,POLPA-202512-4483,8.0,2.03,Polpa congelada_Dezembro_177
121.18,26.12,POLPA-202512-3086,9.0,1.24,Polpa congelada_Dezembro_178
164.55,5.63,POLPA-202512-3892,8.0,1.02,Polpa congelada_Dezembro_179
61.26,16.39,POLPA-202512-6370,8.387342513917375,3.61,Polpa congelada_Dezembro_180
257.84,139.44,POLPA-202512-2511,7.0,2.29,Polpa congelada_Dezembro_181
293.2,54.18,POLPA-202512-1117,8.0,2.72,Polpa congelada_Dezembro_182
1054.85,50.36,POLPA-202512-2555,7.0,1.57,Polpa congelada_Dezembro_183
341.57,97.85,POLPA-202512-7726,8.0,1.4,Polpa congelada_Dezembro_184
471.97,320.97,POLPA-202512-7040,8.0,2.69,Polpa congelada_Dezembro_185
336.65,39.84,POLPA-202512-9103,7.0,1.53,Polpa congelada_Dezembro_186
419.55,131.28,POLPA-202512-7449,8.0,2.89,Polpa congelada_Dezembro_187
305.54,357.68,POLPA-202512-8876,7.0,2.56,Polpa congelada_Dezembro_188
590.49,67.87,POLPA-202512-3883,9.0,0.73,Polpa congelada_Dezembro_189
745.95,199.77,POLPA-202512-7534,10.0,0.3,Polpa congelada_Dezembro_190
204.5,196.34738686131388,POLPA-202512-4934,7.0,3.47,Polpa congelada_Dezembro_191
318.5,235.12,POLPA-202512-1822,7.0,1.25,Polpa congelada_Dezembro_192
84.83,56.55,POLPA-202512-9201,7.0,2.99,Polpa congelada_Dezembro_193
887.22,711.61,POLPA-202512-6900,9.0,1.57,Polpa congelada_Dezembro_194
554.72,13.69,POLPA-202512-8612,10.0,0.9,Polpa congelada_Dezembro_195
299.91,62.47,POLPA-202512-5699,9.0,1.02,Polpa congelada_Dezembro_196
691.81,351.39,POLPA-202512-3518,7.0,1.06,Polpa congelada_Dezembro_197
367.41,43.36,POLPA-202512-1864,8.0,1.23,Polpa congelada_Dezembro_198
310.89,192.35,POLPA-202512-1365,10.0,0.63,Polpa congelada_Dezembro_199
511.62,0.17,POLPA-202512-3028,8.0,1.14,Polpa congelada_Dezembro_200
627.58,76.26,POLPA-202512-4914,9.0,1.23,Polpa congelada_Dezembro_201
93.25,29.35,POLPA-202512-5021,10.0,2.68,Polpa congelada_Dezembro_202
339.52,52.57,POLPA-202512-3133,7.0,0.3,Polpa congelada_Dezembro_203
253.68,122.37,POLPA-202512-9031,8.0,1.92,Polpa congelada_Dezembro_204
737.46,373.41,POLPA-202512-5570,8.387342513917375,0.45,Polpa congelada_Dezembro_205
404.2,144.64,POLPA-202512-2665,10.0,3.7,Polpa congelada_Dezembro_206
124.29,74.87,POLPA-202512-7941,10.0,2.55,Polpa congelada_Dezembro_207
2027.83,209.46,POLPA-202512-9714,9.0,2.7,Polpa congelada_Dezembro_208
353.57,242.04,POLPA-202512-4789,8.0,2.12,Polpa congelada_Dezembro_209
341.98,33.62,POLPA-202512-9880,7.0,1.18,Polpa congelada_Dezembro_210
344.41,58.44,POLPA-202512-3122,9.0,0.3,Polpa congelada_Dezembro_211
112.91,38.56,POLPA-202512-3967,8.0,0.3,Polpa congelada_Dezembro_212
96.1,25.52,POLPA-202512-3431,8.0,0.96,Polpa congelada_Dezembro_213
485.92,347.85,POLPA-202512-7276,8.0,1.35,Polpa congelada_Dezembro_214
795.76,338.92,POLPA-202512-2736,10.0,1.47,Polpa congelada_Dezembro_215
698.44,254.06,POLPA-202512-8387,8.0,2.39,Polpa congelada_Dezembro_216
763.19,442.56,POLPA-202512-7963,9.0,2.22,Polpa congelada_Dezembro_217
88.53,28.8,POLPA-202512-7095,10.0,2.38,Polpa congelada_Dezembro_218
501.93,144.34,POLPA-202512-8300,9.0,0.62,Polpa congelada_Dezembro_219
598.35,40.98,POLPA-202512-7571,9.0,2.45,Polpa congelada_Dezembro_220
178.92,4.88,POLPA-202512-5380,9.0,2.24,Polpa congelada_Dezembro_221
363.57,46.37,POLPA-202512-1682,9.0,0.67,Polpa congelada_Dezembro_222
406.59,34.51,POLPA-202512-8906,8.0,0.3,Polpa congelada_Dezembro_223
303.62,185.76,POLPA-202512-8847,10.0,1.99,Polpa congelada_Dezembro_224
208.55,12.64,POLPA-202512-4425,8.387342513917375,2.28,Polpa congelada_Dezembro_225
421.8,233.78,POLPA-202512-8567,7.0,2.81,Polpa congelada_Dezembro_226
71.02,6.24,POLPA-202512-9038,8.0,1.92,Polpa congelada_Dezembro_227
573.26,164.79,POLPA-202512-1689,8.0,1.16,Polpa congelada_Dezembro_228
87.11,4.02,POLPA-202512-6238,9.0,1.75,Polpa congelada_Dezembro_229
116.5,12.06,POLPA-202512-2705,8.0,1.92,Polpa congelada_Dezembro_230
885.66,130.98,POLPA-202512-3839,8.0,3.24,Polpa congelada_Dezembro_231
272.06,97.78,POLPA-202512-5537,9.0,2.15,Polpa congelada_Dezembro_232
504.36,96.38,POLPA-202512-7049,9.0,0.3,Polpa congelada_Dezembro_233
270.96,103.2,POLPA-202512-8185,8.0,2.44,Polpa congelada_Dezembro_234
190.35,50.62,POLPA-202512-5065,9.0,1.91,Polpa congelada_Dezembro_235
241.67,78.9,POLPA-202512-9066,8.0,0.3,Polpa congelada_Dezembro_236
634.86,164.98,POLPA-202512-1142,8.0,1.51,Polpa congelada_Dezembro_237
1402.58,783.08,POLPA-202512-4257,8.0,1.74,Polpa congelada_Dezembro_238
182.83,113.59,POLPA-202512-3642,8.0,3.43,Polpa congelada_Dezembro_239
150.66,16.79,POLPA-202512-5120,8.0,1.84,Polpa congelada_Dezembro_240
233.55,12.84,POLPA-202512-1963,8.0,2.26,Polpa congelada_Dezembro_241
266.26,68.31,POLPA-202512-9545,8.0,2.7,Polpa congelada_Dezembro_242
388.94,60.39,POLPA-202512-2572,7.0,1.15,Polpa congelada_Dezembro_243
349.32,229.46,POLPA-202512-8558,9.0,1.14,Polpa congelada_Dezembro_244
377.53,68.7,POLPA-202512-7734,8.0,2.23,Polpa congelada_Dezembro_245
380.8,196.34738686131388,POLPA-202512-3501,8.0,2.52,Polpa congelada_Dezembro_246
674.08,41.26,POLPA-202512-9839,8.0,1.58,Polpa congelada_Dezembro_247
421.79,19.85,POLPA-202512-2373,9.0,2.66,Polpa congelada_Dezembro_248
306.63,114.88,POLPA-202512-8666,8.0,3.43,Polpa congelada_Dezembro_249
785.04,52.22,POLPA-202512-6607,10.0,2.03,Polpa congelada_Dezembro_250
93.63,10.29,POLPA-202512-3982,8.0,0.77,Polpa congelada_Dezembro_251
365.88,249.3,POLPA-202512-6465,10.0,1.45,Polpa congelada_Dezembro_252
772.55,159.05,POLPA-202512-7622,10.0,1.89,Polpa congelada_Dezembro_253
460.38,2.04,POLPA-202512-5003,8.387342513917375,1.46,Polpa congelada_Dezembro_254
175.85,40.53,POLPA-202512-1331,9.0,2.41,Polpa congelada_Dezembro_255
636.27,467.43,POLPA-202512-7399,10.0,1.26,Polpa congelada_Dezembro_256
1265.03,112.87,POLPA-202512-8174,8.0,0.98,Polpa congelada_Dezembro_257
238.99,99.73,POLPA-202512-2518,7.0,1.52,Polpa congelada_Dezembro_258
333.2,102.58,POLPA-202512-6727,8.0,2.17,Polpa congelada_Dezembro_259
52.65,50.24,POLPA-202512-3529,7.0,2.06,Polpa congelada_Dezembro_260
292.68,124.34,POLPA-202512-8200,9.0,2.61,Polpa congelada_Dezembro_261
303.6,197.93,POLPA-202512-9683,8.0,2.7,Polpa congelada_Dezembro_262
47.91,9.0,POLPA-202512-3462,8.0,1.72,Polpa congelada_Dezembro_263
361.04,244.09,POLPA-202512-7660,10.0,2.9,Polpa congelada_Dezembro_264
517.16,196.34738686131388,POLPA-202512-1598,8.0,2.83,Polpa congelada_Dezembro_265
815.88,584.28,POLPA-202512-4238,9.0,1.21,Polpa congelada_Dezembro_266
173.54,13.72,POLPA-202512-9895,10.0,1.09,Polpa congelada_Dezembro_267
1181.07,577.57,POLPA-202512-5747,8.0,0.3,Polpa congelada_Dezembro_268
297.89,238.14,POLPA-202512-4801,9.0,1.7,Polpa congelada_Dezembro_269
496.56,175.4,POLPA-202512-8369,8.0,2.45,Polpa congelada_Dezembro_270
516.89,108.76,POLPA-202512-1583,9.0,2.09,Polpa congelada_Dezembro_271
644.09,164.26,POLPA-202512-9688,8.0,1.36,Polpa congelada_Dezembro_272
495.3,92.57,POLPA-202512-1754,8.0,0.81,Polpa congelada_Dezembro_273
98.92,16.92,POLPA-202512-3050,7.0,2.37,Polpa congelada_Dezembro_274
86.67,42.26,POLPA-202512-4074,8.0,2.11,Polpa congelada_Dezembro_275
588.22,409.69,POLPA-202512-2009,8.0,1.77,Polpa congelada_Dezembro_276
647.73,184.9,POLPA-202512-1259,8.0,1.87,Polpa congelada_Dezembro_277
274.23,294.16,POLPA-202512-2610,8.0,1.86,Polpa congelada_Dezembro_278
65.66,5.15,POLPA-202512-8401,9.0,1.8,Polpa congelada_Dezembro_279
882.29,729.13,POLPA-202512-7914,7.0,2.41,Polpa congelada_Dezembro_280
764.03,92.6,POLPA-202512-3352,7.0,3.24,Polpa congelada_Dezembro_281
169.09,82.61,POLPA-202512-1548,8.0,1.28,Polpa congelada_Dezembro_282
543.71,298.17,POLPA-202512-9282,8.0,1.23,Polpa congelada_Dezembro_283
578.7460611353711,24.15,POLPA-202512-6944,10.0,2.58,Polpa congelada_Dezembro_284
155.05,13.9,POLPA-202512-9822,8.0,2.42,Polpa congelada_Dezembro_285
578.7460611353711,31.02,POLPA-202512-8820,10.0,3.17,Polpa congelada_Dezembro_286
387.15,196.34738686131388,POLPA-202512-2738,8.0,2.64,Polpa congelada_Dezembro_287
94.43,56.31,POLPA-202512-3519,10.0,1.61,Polpa congelada_Dezembro_288
292.8,227.0,POLPA-202512-2135,8.0,2.76,Polpa congelada_Dezembro_289
1256.45,628.25,POLPA-202512-5821,9.0,0.42,Polpa congelada_Dezembro_290
266.42,93.63,POLPA-202512-8191,8.0,0.77,Polpa congelada_Dezembro_291
401.9,135.24,POLPA-202512-7220,7.0,1.41,Polpa congelada_Dezembro_292
397.2,87.55,POLPA-202512-3805,8.0,2.82,Polpa congelada_Dezembro_293
221.26,133.65,POLPA-202512-7461,7.0,1.43,Polpa congelada_Dezembro_294
637.74,188.22,POLPA-202512-9260,8.0,2.86,Polpa congelada_Dezembro_295
902.7,207.35,POLPA-202512-5669,9.0,2.06,Polpa congelada_Dezembro_296
542.81,9.04,POLPA-202512-8008,10.0,3.34,Polpa congelada_Dezembro_297
351.83,64.26,POLPA-202512-5281,8.0,2.79,Polpa congelada_Dezembro_298
555.13,140.09,POLPA-202512-4097,9.0,3.04,Polpa congelada_Dezembro_299
217.99,93.79,POLPA-202512-2886,10.0,2.55,Polpa congelada_Dezembro_300
196.62,250.38,POLPA-202512-1517,9.0,1.04,Polpa congelada_Dezembro_301
358.97,319.81,POLPA-202512-9466,9.0,2.25,Polpa congelada_Dezembro_302
450.34,416.89,POLPA-202512-1167,8.387342513917375,1.66,Polpa congelada_Dezembro_303
955.05,549.12,POLPA-202512-8232,8.0,1.31,Polpa congelada_Dezembro_304
1184.43,387.96,POLPA-202512-3403,10.0,1.77,Polpa congelada_Dezembro_305
501.33,168.71,POLPA-202512-9344,9.0,2.11,Polpa congelada_Dezembro_306
473.96,50.95,POLPA-202512-7409,10.0,1.41,Polpa congelada_Dezembro_307
446.37,30.31,POLPA-202512-7123,8.0,2.96,Polpa congelada_Dezembro_308
463.09,134.2,POLPA-202512-8237,8.0,4.1,Polpa congelada_Dezembro_309
697.47,721.09,POLPA-202512-9320,8.0,1.52,Polpa congelada_Dezembro_310
367.21,131.79,POLPA-202512-5635,10.0,1.26,Polpa congelada_Dezembro_311
289.24,169.65,POLPA-202512-2250,8.0,2.32,Polpa congelada_Dezembro_312
415.32,132.91,POLPA-202512-9671,9.0,1.34,Polpa congelada_Dezembro_313
262.8,9.6,POLPA-202512-8616,9.0,2.4,Polpa congelada_Dezembro_314
186.96,145.74,POLPA-202512-4009,8.0,0.64,Polpa congelada_Dezembro_315
295.48,152.89,POLPA-202512-5553,10.0,3.17,Polpa congelada_Dezembro_316
332.57,92.0,POLPA-202512-8354,9.0,1.93,Polpa congelada_Dezembro_317
271.38,40.6,POLPA-202512-8492,6.0,3.24,Polpa congelada_Dezembro_318
486.76,196.34738686131388,POLPA-202512-3980,9.0,2.33,Polpa congelada_Dezembro_319
367.11,136.54,POLPA-202512-5872,10.0,4.15,Polpa congelada_Dezembro_320
940.1,187.02,POLPA-202512-1322,7.0,1.36,Polpa congelada_Dezembro_321
270.18,78.6,POLPA-202512-3570,10.0,1.47,Polpa congelada_Dezembro_322
450.19,119.04,POLPA-202512-7495,7.0,1.15,Polpa congelada_Dezembro_323
168.9,2.34,POLPA-202512-2412,7.0,1.02,Polpa congelada_Dezembro_324
663.66,434.42,POLPA-202512-2063,10.0,1.51,Polpa congelada_Dezembro_325
205.67,102.95,POLPA-202512-6832,9.0,2.91,Polpa congelada_Dezembro_326
91.81,32.08,POLPA-202512-1489,6.0,0.79,Polpa congelada_Dezembro_327
546.57,234.82,POLPA-202512-6679,8.0,1.82,Polpa congelada_Dezembro_328
359.9,237.74,POLPA-202512-2562,9.0,1.45,Polpa congelada_Dezembro_329
388.57,279.63,POLPA-202512-3873,8.0,1.83,Polpa congelada_Dezembro_330
733.96,538.44,POLPA-202512-2564,6.0,1.11,Polpa congelada_Dezembro_331
137.81,58.46,POLPA-202512-7760,7.0,1.91,Polpa congelada_Dezembro_332
1225.38,889.79,POLPA-202512-4179,7.0,0.88,Polpa congelada_Dezembro_333
633.85,266.23,POLPA-202512-4683,7.0,2.31,Polpa congelada_Dezembro_334
560.75,151.69,POLPA-202512-2586,9.0,1.29,Polpa congelada_Dezembro_335
438.16,218.35,POLPA-202512-3666,9.0,2.02,Polpa congelada_Dezembro_336
217.02,51.91,POLPA-202512-9746,9.0,2.82,Polpa congelada_Dezembro_337
727.03,276.85,POLPA-202512-4643,9.0,1.77,Polpa congelada_Dezembro_338
453.4,69.41,POLPA-202512-7469,8.0,1.58,Polpa congelada_Dezembro_339
1076.99,573.98,POLPA-202512-8423,6.0,2.93,Polpa congelada_Dezembro_340
922.48,485.56,POLPA-202512-2225,9.0,1.52,Polpa congelada_Dezembro_341
483.96,18.15,POLPA-202512-7992,9.0,1.55,Polpa congelada_Dezembro_342
598.09,410.85,POLPA-202512-9235,7.0,0.67,Polpa congelada_Dezembro_343
212.14,4.26,POLPA-202512-6847,9.0,2.51,Polpa congelada_Dezembro_344
101.18,77.27,POLPA-202512-5800,9.0,2.33,Polpa congelada_Dezembro_345
608.27,20.42,POLPA-202512-7930,9.0,1.68,Polpa congelada_Dezembro_346
61.14,61.39,POLPA-202512-6496,8.387342513917375,2.84,Polpa congelada_Dezembro_347
641.55,442.08,POLPA-202512-5167,9.0,1.03,Polpa congelada_Dezembro_348
